Job_ID,Job_Title,Job_Family,Job_Subfamily,Career_Track,Band,Band_Number,Grade,FLSA_Classification,EEO_Category,Pay_Range_Min_USD,Pay_Range_Mid_USD,Pay_Range_Max_USD,Bonus_Target_Pct,Equity_Eligible,Remote_Eligible,Span_Of_Control_Min,Span_Of_Control_Max,Typical_Years_In_Role,Succession_Critical,External_Benchmark_Source,Market_Positioning,Headcount_Current,Headcount_Target,Open_Requisitions,Last_Reviewed_Date,Job_Architecture_Version
JOB-2000,Software Engineer,Engineering,Engineering - Specialist,Individual Contributor,Band 1 - Entry,1,G1A,Non-Exempt,Administrative Support,45000,55000,65000,10,Yes,Yes,0,0,2,Yes,Willis Towers Watson,75th Percentile,197,544,21,2025-12-25,JA-2026.1
JOB-2001,Senior Software Engineer,Engineering,Engineering - Operations,Individual Contributor,Band 2 - Junior,2,G2B,Exempt,Technicians,60000,72500,85000,30,Yes,Hybrid,0,0,4,Yes,Mercer,65th Percentile,339,184,27,2025-10-18,JA-2026.1
JOB-2002,Staff Engineer,Engineering,Engineering - Specialist,Technical Specialist,Band 3 - Mid,3,G3A,Exempt,Administrative Support,80000,97500,115000,5,No,Hybrid,0,0,4,Yes,Willis Towers Watson,75th Percentile,4,436,6,2025-07-05,JA-2026.1
JOB-2003,Principal Engineer,Engineering,Engineering - Operations,Technical Specialist,Band 4 - Senior,4,G4A,Exempt,Officials & Managers,110000,132500,155000,15,No,Yes,0,0,3,Yes,Mercer,75th Percentile,83,453,19,2025-04-01,JA-2026.1
JOB-2004,Distinguished Engineer,Engineering,Engineering - Operations,Technical Specialist,Band 5 - Lead,5,G5C,Exempt,Technicians,145000,172500,200000,0,Yes,Yes,0,0,1,Yes,Aon Hewitt,75th Percentile,420,430,2,2025-08-06,JA-2026.1
JOB-2005,Engineering Manager,Engineering,Engineering - Operations,Management,Band 6 - Principal,6,G6A,Exempt,Technicians,190000,230000,270000,20,Yes,Yes,6,13,2,No,Mercer,50th Percentile,328,217,14,2025-05-12,JA-2026.1
JOB-2006,Senior Engineering Manager,Engineering,Engineering - Operations,Management,Band 7 - Director,7,G7B,Exempt,Technicians,250000,315000,380000,25,Yes,No,3,10,6,Yes,Culpepper,75th Percentile,78,419,3,2025-02-19,JA-2026.1
JOB-2007,Director of Engineering,Engineering,Engineering - Core,Executive,Band 8 - VP,8,G8A,Exempt,Managers,350000,450000,550000,10,Yes,Yes,6,10,2,Yes,Culpepper,65th Percentile,395,512,25,2025-04-30,JA-2026.1
JOB-2008,VP Engineering,Engineering,Engineering - Specialist,Executive,Band 9 - SVP/C-Suite,9,G9A,Exempt,Managers,500000,850000,1200000,10,Yes,Yes,5,8,5,Yes,Radford,65th Percentile,111,387,12,2025-06-22,JA-2026.1
JOB-2009,SVP Engineering,Engineering,Engineering - Specialist,Executive,Band 9 - SVP/C-Suite,9,G9B,Exempt,Officials & Managers,500000,850000,1200000,25,Yes,Yes,4,8,3,Yes,Aon Hewitt,65th Percentile,118,319,27,2025-12-02,JA-2026.1
JOB-2010,Data Analyst,Data Science,Data Science - Operations,Individual Contributor,Band 1 - Entry,1,G1C,Exempt,Managers,45000,55000,65000,5,No,Yes,0,0,6,Yes,Aon Hewitt,65th Percentile,225,83,28,2025-08-13,JA-2026.1
JOB-2011,Senior Data Analyst,Data Science,Data Science - Specialist,Individual Contributor,Band 2 - Junior,2,G2A,Non-Exempt,Administrative Support,60000,72500,85000,20,No,No,0,0,5,Yes,Willis Towers Watson,65th Percentile,452,298,13,2025-12-04,JA-2026.1
JOB-2012,Data Scientist,Data Science,Data Science - Operations,Individual Contributor,Band 3 - Mid,3,G3A,Exempt,Managers,80000,97500,115000,30,No,Yes,0,0,4,No,Mercer,65th Percentile,3,364,22,2025-06-01,JA-2026.1
JOB-2013,Senior Data Scientist,Data Science,Data Science - Core,Individual Contributor,Band 4 - Senior,4,G4C,Exempt,Technicians,110000,132500,155000,20,No,Yes,0,0,4,No,Aon Hewitt,50th Percentile,58,514,17,2025-04-14,JA-2026.1
JOB-2014,Lead Data Scientist,Data Science,Data Science - Core,Technical Specialist,Band 5 - Lead,5,G5C,Exempt,Managers,145000,172500,200000,10,Yes,No,0,0,2,No,Aon Hewitt,65th Percentile,287,544,20,2025-11-14,JA-2026.1
JOB-2015,Principal Data Scientist,Data Science,Data Science - Operations,Technical Specialist,Band 6 - Principal,6,G6C,Exempt,Managers,190000,230000,270000,15,Yes,Yes,0,0,1,No,Radford,75th Percentile,17,60,13,2025-06-03,JA-2026.1
JOB-2016,Analytics Manager,Data Science,Data Science - Specialist,Management,Band 7 - Director,7,G7C,Exempt,Administrative Support,250000,315000,380000,20,Yes,Yes,3,20,4,Yes,Aon Hewitt,50th Percentile,136,472,10,2025-03-07,JA-2026.1
JOB-2017,Director of Analytics,Data Science,Data Science - Core,Executive,Band 8 - VP,8,G8B,Exempt,Officials & Managers,350000,450000,550000,30,Yes,Yes,5,12,2,Yes,Willis Towers Watson,65th Percentile,294,392,5,2025-09-03,JA-2026.1
JOB-2018,VP Data & Analytics,Data Science,Data Science - Operations,Executive,Band 9 - SVP/C-Suite,9,G9C,Exempt,Officials & Managers,500000,850000,1200000,10,Yes,Yes,4,15,5,Yes,Radford,50th Percentile,169,506,2,2025-06-21,JA-2026.1
JOB-2019,Chief Data Officer,Data Science,Data Science - Operations,Executive,Band 9 - SVP/C-Suite,9,G9C,Exempt,Professionals,500000,850000,1200000,20,Yes,Yes,5,14,3,Yes,Mercer,50th Percentile,302,49,12,2025-01-19,JA-2026.1
JOB-2020,HR Coordinator,People & HR,People & HR - Specialist,Individual Contributor,Band 1 - Entry,1,G1C,Exempt,Technicians,45000,55000,65000,20,Yes,No,0,0,1,No,Mercer,50th Percentile,60,497,5,2025-05-20,JA-2026.1
JOB-2021,HR Business Partner,People & HR,People & HR - Operations,Individual Contributor,Band 2 - Junior,2,G2B,Non-Exempt,Professionals,60000,72500,85000,15,Yes,Hybrid,0,0,6,Yes,Radford,75th Percentile,65,141,4,2025-10-07,JA-2026.1
JOB-2022,Senior HRBP,People & HR,People & HR - Core,Individual Contributor,Band 3 - Mid,3,G3A,Exempt,Administrative Support,80000,97500,115000,30,Yes,Hybrid,0,0,6,Yes,Culpepper,75th Percentile,390,165,10,2025-01-28,JA-2026.1
JOB-2023,Principal HRBP,People & HR,People & HR - Specialist,Technical Specialist,Band 4 - Senior,4,G4C,Exempt,Officials & Managers,110000,132500,155000,15,No,Yes,0,0,6,Yes,Mercer,65th Percentile,330,534,23,2025-01-07,JA-2026.1
JOB-2024,HR Manager,People & HR,People & HR - Core,Management,Band 5 - Lead,5,G5B,Exempt,Professionals,145000,172500,200000,15,Yes,No,3,10,2,No,Willis Towers Watson,65th Percentile,161,47,18,2025-07-23,JA-2026.1
JOB-2025,Senior HR Manager,People & HR,People & HR - Core,Management,Band 6 - Principal,6,G6B,Exempt,Technicians,190000,230000,270000,10,Yes,Yes,5,20,5,No,Willis Towers Watson,50th Percentile,253,438,25,2025-02-07,JA-2026.1
JOB-2026,Director HR,People & HR,People & HR - Core,Management,Band 7 - Director,7,G7B,Exempt,Technicians,250000,315000,380000,25,Yes,Hybrid,5,20,1,Yes,Aon Hewitt,65th Percentile,313,233,17,2025-03-19,JA-2026.1
JOB-2027,VP People,People & HR,People & HR - Operations,Executive,Band 8 - VP,8,G8C,Exempt,Professionals,350000,450000,550000,20,Yes,No,6,16,6,Yes,Mercer,50th Percentile,269,417,1,2025-04-19,JA-2026.1
JOB-2028,Chief People Officer,People & HR,People & HR - Core,Executive,Band 9 - SVP/C-Suite,9,G9C,Exempt,Managers,500000,850000,1200000,10,Yes,Yes,6,8,5,Yes,Radford,50th Percentile,68,185,20,2025-06-03,JA-2026.1
JOB-2029,Talent Acquisition Specialist,People & HR,People & HR - Core,Executive,Band 9 - SVP/C-Suite,9,G9B,Exempt,Technicians,500000,850000,1200000,30,Yes,Yes,3,18,1,Yes,Culpepper,65th Percentile,480,457,2,2025-03-26,JA-2026.1
JOB-2030,Financial Analyst,Finance,Finance - Specialist,Individual Contributor,Band 1 - Entry,1,G1B,Exempt,Technicians,45000,55000,65000,40,Yes,Hybrid,0,0,5,Yes,Mercer,75th Percentile,294,497,6,2025-02-21,JA-2026.1
JOB-2031,Senior Financial Analyst,Finance,Finance - Operations,Individual Contributor,Band 2 - Junior,2,G2A,Non-Exempt,Technicians,60000,72500,85000,10,No,Yes,0,0,2,No,Mercer,75th Percentile,265,517,29,2025-10-06,JA-2026.1
JOB-2032,Finance Manager,Finance,Finance - Core,Management,Band 3 - Mid,3,G3A,Exempt,Technicians,80000,97500,115000,15,No,No,3,11,3,No,Culpepper,65th Percentile,254,194,3,2025-11-18,JA-2026.1
JOB-2033,Senior Finance Manager,Finance,Finance - Core,Management,Band 4 - Senior,4,G4A,Exempt,Officials & Managers,110000,132500,155000,0,No,Yes,3,18,3,Yes,Willis Towers Watson,75th Percentile,131,11,18,2025-09-29,JA-2026.1
JOB-2034,Director Finance,Finance,Finance - Specialist,Management,Band 5 - Lead,5,G5A,Exempt,Managers,145000,172500,200000,5,Yes,Yes,5,14,2,No,Culpepper,65th Percentile,102,464,1,2025-01-14,JA-2026.1
JOB-2035,VP Finance,Finance,Finance - Specialist,Management,Band 6 - Principal,6,G6A,Exempt,Technicians,190000,230000,270000,5,Yes,No,3,13,3,No,Mercer,75th Percentile,79,76,0,2025-01-15,JA-2026.1
JOB-2036,SVP Finance,Finance,Finance - Core,Management,Band 7 - Director,7,G7A,Exempt,Technicians,250000,315000,380000,25,Yes,Hybrid,3,18,1,Yes,Aon Hewitt,50th Percentile,337,447,2,2025-12-21,JA-2026.1
JOB-2037,CFO,Finance,Finance - Operations,Executive,Band 8 - VP,8,G8B,Exempt,Officials & Managers,350000,450000,550000,30,Yes,No,5,13,6,Yes,Willis Towers Watson,50th Percentile,140,544,7,2025-02-02,JA-2026.1
JOB-2038,Controller,Finance,Finance - Core,Executive,Band 9 - SVP/C-Suite,9,G9A,Exempt,Managers,500000,850000,1200000,25,Yes,Yes,5,12,5,Yes,Culpepper,50th Percentile,109,453,21,2025-08-16,JA-2026.1
JOB-2039,FP&A Analyst,Finance,Finance - Operations,Executive,Band 9 - SVP/C-Suite,9,G9A,Exempt,Administrative Support,500000,850000,1200000,20,Yes,Yes,6,9,6,Yes,Radford,65th Percentile,254,453,13,2025-06-14,JA-2026.1
JOB-2040,Marketing Coordinator,Marketing,Marketing - Operations,Individual Contributor,Band 1 - Entry,1,G1C,Exempt,Administrative Support,45000,55000,65000,5,No,No,0,0,2,Yes,Culpepper,65th Percentile,233,502,10,2025-11-01,JA-2026.1
JOB-2041,Marketing Specialist,Marketing,Marketing - Operations,Individual Contributor,Band 2 - Junior,2,G2A,Exempt,Professionals,60000,72500,85000,5,Yes,No,0,0,2,No,Culpepper,75th Percentile,10,21,3,2025-06-14,JA-2026.1
JOB-2042,Senior Marketing Specialist,Marketing,Marketing - Core,Individual Contributor,Band 3 - Mid,3,G3A,Exempt,Professionals,80000,97500,115000,0,No,Hybrid,0,0,2,Yes,Willis Towers Watson,50th Percentile,362,426,3,2025-06-08,JA-2026.1
JOB-2043,Marketing Manager,Marketing,Marketing - Core,Management,Band 4 - Senior,4,G4B,Exempt,Officials & Managers,110000,132500,155000,5,Yes,Hybrid,5,12,6,Yes,Willis Towers Watson,75th Percentile,64,36,23,2025-11-06,JA-2026.1
JOB-2044,Senior Marketing Manager,Marketing,Marketing - Core,Management,Band 5 - Lead,5,G5B,Exempt,Officials & Managers,145000,172500,200000,30,Yes,Yes,5,17,4,Yes,Culpepper,65th Percentile,425,459,8,2025-09-14,JA-2026.1
JOB-2045,Director Marketing,Marketing,Marketing - Specialist,Management,Band 6 - Principal,6,G6C,Exempt,Technicians,190000,230000,270000,40,Yes,Hybrid,4,11,3,Yes,Culpepper,50th Percentile,315,364,19,2025-09-22,JA-2026.1
JOB-2046,VP Marketing,Marketing,Marketing - Core,Management,Band 7 - Director,7,G7A,Exempt,Administrative Support,250000,315000,380000,30,Yes,Yes,3,13,6,Yes,Aon Hewitt,75th Percentile,407,85,0,2025-08-05,JA-2026.1
JOB-2047,CMO,Marketing,Marketing - Core,Executive,Band 8 - VP,8,G8B,Exempt,Officials & Managers,350000,450000,550000,5,Yes,Yes,3,11,1,Yes,Mercer,65th Percentile,99,118,4,2025-05-13,JA-2026.1
JOB-2048,Brand Strategist,Marketing,Marketing - Operations,Executive,Band 9 - SVP/C-Suite,9,G9B,Exempt,Technicians,500000,850000,1200000,15,Yes,Yes,3,13,1,Yes,Mercer,65th Percentile,208,343,16,2025-01-22,JA-2026.1
JOB-2049,Growth Analyst,Marketing,Marketing - Specialist,Executive,Band 9 - SVP/C-Suite,9,G9C,Exempt,Managers,500000,850000,1200000,40,Yes,Hybrid,4,13,2,Yes,Radford,75th Percentile,167,567,30,2025-12-11,JA-2026.1
JOB-2050,Operations Analyst,Operations,Operations - Core,Individual Contributor,Band 1 - Entry,1,G1C,Exempt,Administrative Support,45000,55000,65000,30,No,Yes,0,0,5,No,Culpepper,50th Percentile,373,531,27,2025-10-01,JA-2026.1
JOB-2051,Operations Specialist,Operations,Operations - Core,Individual Contributor,Band 2 - Junior,2,G2A,Non-Exempt,Administrative Support,60000,72500,85000,25,Yes,Yes,0,0,4,Yes,Radford,75th Percentile,164,572,9,2025-07-05,JA-2026.1
JOB-2052,Operations Manager,Operations,Operations - Core,Management,Band 3 - Mid,3,G3C,Exempt,Managers,80000,97500,115000,5,No,Yes,5,14,2,Yes,Radford,50th Percentile,322,95,15,2025-07-20,JA-2026.1
JOB-2053,Senior Operations Manager,Operations,Operations - Specialist,Management,Band 4 - Senior,4,G4C,Exempt,Administrative Support,110000,132500,155000,30,No,No,5,9,2,No,Mercer,50th Percentile,135,101,29,2025-01-03,JA-2026.1
JOB-2054,Director Operations,Operations,Operations - Specialist,Management,Band 5 - Lead,5,G5B,Exempt,Managers,145000,172500,200000,15,Yes,Yes,5,12,4,Yes,Mercer,75th Percentile,455,133,9,2025-12-26,JA-2026.1
JOB-2055,VP Operations,Operations,Operations - Operations,Management,Band 6 - Principal,6,G6A,Exempt,Administrative Support,190000,230000,270000,20,Yes,Yes,4,14,5,Yes,Willis Towers Watson,65th Percentile,223,394,2,2025-06-26,JA-2026.1
JOB-2056,COO,Operations,Operations - Core,Individual Contributor,Band 7 - Director,7,G7B,Exempt,Technicians,250000,315000,380000,40,Yes,Yes,0,0,4,Yes,Willis Towers Watson,50th Percentile,400,520,1,2025-03-06,JA-2026.1
JOB-2057,Supply Chain Analyst,Operations,Operations - Specialist,Executive,Band 8 - VP,8,G8A,Exempt,Managers,350000,450000,550000,10,Yes,Hybrid,3,9,1,Yes,Mercer,75th Percentile,377,16,14,2025-04-14,JA-2026.1
JOB-2058,Logistics Manager,Operations,Operations - Operations,Executive,Band 9 - SVP/C-Suite,9,G9C,Exempt,Officials & Managers,500000,850000,1200000,40,Yes,Yes,4,19,1,Yes,Culpepper,50th Percentile,80,442,5,2025-03-06,JA-2026.1
JOB-2059,Process Improvement Specialist,Operations,Operations - Operations,Executive,Band 9 - SVP/C-Suite,9,G9B,Exempt,Managers,500000,850000,1200000,0,Yes,Yes,5,8,6,Yes,Radford,75th Percentile,128,584,12,2025-07-10,JA-2026.1
JOB-2060,Product Analyst,Product,Product - Core,Individual Contributor,Band 1 - Entry,1,G1B,Non-Exempt,Administrative Support,45000,55000,65000,25,Yes,Yes,0,0,3,No,Culpepper,50th Percentile,342,425,30,2025-12-13,JA-2026.1
JOB-2061,Associate Product Manager,Product,Product - Core,Management,Band 2 - Junior,2,G2C,Non-Exempt,Managers,60000,72500,85000,40,Yes,No,6,19,3,No,Aon Hewitt,50th Percentile,286,177,24,2025-01-16,JA-2026.1
JOB-2062,Product Manager,Product,Product - Operations,Management,Band 3 - Mid,3,G3B,Exempt,Technicians,80000,97500,115000,10,Yes,Yes,4,12,3,No,Aon Hewitt,65th Percentile,206,166,28,2025-05-16,JA-2026.1
JOB-2063,Senior Product Manager,Product,Product - Specialist,Management,Band 4 - Senior,4,G4A,Exempt,Professionals,110000,132500,155000,10,No,No,5,19,4,No,Mercer,65th Percentile,291,145,22,2025-11-12,JA-2026.1
JOB-2064,Principal PM,Product,Product - Core,Technical Specialist,Band 5 - Lead,5,G5C,Exempt,Officials & Managers,145000,172500,200000,10,Yes,No,0,0,2,Yes,Aon Hewitt,65th Percentile,396,434,17,2025-06-11,JA-2026.1
JOB-2065,Group PM,Product,Product - Specialist,Individual Contributor,Band 6 - Principal,6,G6A,Exempt,Professionals,190000,230000,270000,5,Yes,Yes,0,0,6,Yes,Aon Hewitt,50th Percentile,498,251,22,2025-07-28,JA-2026.1
JOB-2066,Director Product,Product,Product - Core,Management,Band 7 - Director,7,G7B,Exempt,Professionals,250000,315000,380000,10,Yes,Yes,3,9,6,Yes,Aon Hewitt,65th Percentile,111,269,14,2025-06-23,JA-2026.1
JOB-2067,VP Product,Product,Product - Operations,Executive,Band 8 - VP,8,G8A,Exempt,Technicians,350000,450000,550000,30,Yes,No,5,12,6,Yes,Mercer,75th Percentile,474,147,15,2025-10-19,JA-2026.1
JOB-2068,Chief Product Officer,Product,Product - Specialist,Executive,Band 9 - SVP/C-Suite,9,G9C,Exempt,Technicians,500000,850000,1200000,40,Yes,No,6,10,4,Yes,Culpepper,65th Percentile,306,308,17,2025-08-17,JA-2026.1
JOB-2069,Product Operations Manager,Product,Product - Operations,Executive,Band 9 - SVP/C-Suite,9,G9B,Exempt,Professionals,500000,850000,1200000,40,Yes,Yes,6,11,1,Yes,Willis Towers Watson,65th Percentile,6,391,13,2025-06-10,JA-2026.1
JOB-2070,Sales Development Rep,Sales,Sales - Operations,Individual Contributor,Band 1 - Entry,1,G1A,Exempt,Technicians,45000,55000,65000,5,No,Yes,0,0,1,Yes,Culpepper,75th Percentile,97,138,30,2025-04-23,JA-2026.1
JOB-2071,Account Executive,Sales,Sales - Core,Individual Contributor,Band 2 - Junior,2,G2B,Non-Exempt,Professionals,60000,72500,85000,0,Yes,Yes,0,0,2,Yes,Culpepper,50th Percentile,110,530,24,2025-01-04,JA-2026.1
JOB-2072,Senior Account Executive,Sales,Sales - Core,Individual Contributor,Band 3 - Mid,3,G3B,Exempt,Managers,80000,97500,115000,40,No,Hybrid,0,0,3,No,Mercer,65th Percentile,9,463,3,2025-03-27,JA-2026.1
JOB-2073,Sales Manager,Sales,Sales - Operations,Management,Band 4 - Senior,4,G4A,Exempt,Technicians,110000,132500,155000,30,No,Hybrid,5,10,6,No,Willis Towers Watson,75th Percentile,155,492,20,2025-09-11,JA-2026.1
JOB-2074,Senior Sales Manager,Sales,Sales - Core,Management,Band 5 - Lead,5,G5B,Exempt,Professionals,145000,172500,200000,20,Yes,Yes,5,9,1,No,Willis Towers Watson,75th Percentile,468,4,5,2025-07-10,JA-2026.1
JOB-2075,Director Sales,Sales,Sales - Specialist,Management,Band 6 - Principal,6,G6B,Exempt,Administrative Support,190000,230000,270000,25,Yes,Hybrid,5,19,3,No,Mercer,75th Percentile,424,237,21,2025-06-08,JA-2026.1
JOB-2076,VP Sales,Sales,Sales - Operations,Management,Band 7 - Director,7,G7A,Exempt,Professionals,250000,315000,380000,40,Yes,Yes,3,18,2,Yes,Radford,65th Percentile,200,329,7,2025-05-06,JA-2026.1
JOB-2077,Chief Revenue Officer,Sales,Sales - Core,Executive,Band 8 - VP,8,G8A,Exempt,Administrative Support,350000,450000,550000,20,Yes,No,4,18,1,Yes,Willis Towers Watson,65th Percentile,98,387,8,2025-09-12,JA-2026.1
JOB-2078,Sales Engineer,Sales,Sales - Operations,Executive,Band 9 - SVP/C-Suite,9,G9A,Exempt,Technicians,500000,850000,1200000,0,Yes,Yes,4,8,3,Yes,Willis Towers Watson,65th Percentile,75,62,4,2025-05-28,JA-2026.1
JOB-2079,Regional Sales Director,Sales,Sales - Operations,Executive,Band 9 - SVP/C-Suite,9,G9B,Exempt,Administrative Support,500000,850000,1200000,20,Yes,Yes,5,11,1,Yes,Mercer,65th Percentile,221,116,26,2025-11-03,JA-2026.1
JOB-2080,CX Specialist,Customer Experience,Customer Experience - Operations,Individual Contributor,Band 1 - Entry,1,G1A,Exempt,Professionals,45000,55000,65000,15,No,No,0,0,4,No,Mercer,75th Percentile,430,239,6,2025-08-08,JA-2026.1
JOB-2081,CX Analyst,Customer Experience,Customer Experience - Specialist,Individual Contributor,Band 2 - Junior,2,G2B,Non-Exempt,Technicians,60000,72500,85000,40,Yes,Hybrid,0,0,5,Yes,Mercer,65th Percentile,498,479,25,2025-04-16,JA-2026.1
JOB-2082,CX Manager,Customer Experience,Customer Experience - Core,Management,Band 3 - Mid,3,G3C,Exempt,Professionals,80000,97500,115000,10,Yes,Yes,5,14,1,Yes,Radford,50th Percentile,9,255,2,2025-03-05,JA-2026.1
JOB-2083,Senior CX Manager,Customer Experience,Customer Experience - Core,Management,Band 4 - Senior,4,G4A,Exempt,Professionals,110000,132500,155000,0,No,Hybrid,5,10,4,No,Culpepper,50th Percentile,220,185,15,2025-04-11,JA-2026.1
JOB-2084,Director CX,Customer Experience,Customer Experience - Operations,Management,Band 5 - Lead,5,G5B,Exempt,Managers,145000,172500,200000,5,Yes,Hybrid,4,19,3,No,Culpepper,50th Percentile,327,222,21,2025-04-13,JA-2026.1
JOB-2085,VP Customer Success,Customer Experience,Customer Experience - Core,Management,Band 6 - Principal,6,G6C,Exempt,Administrative Support,190000,230000,270000,25,Yes,Yes,6,9,3,No,Mercer,50th Percentile,18,168,15,2025-03-03,JA-2026.1
JOB-2086,Chief Customer Officer,Customer Experience,Customer Experience - Core,Individual Contributor,Band 7 - Director,7,G7A,Exempt,Technicians,250000,315000,380000,10,Yes,No,0,0,1,Yes,Culpepper,65th Percentile,42,248,6,2025-09-22,JA-2026.1
JOB-2087,Onboarding Specialist,Customer Experience,Customer Experience - Operations,Executive,Band 8 - VP,8,G8A,Exempt,Administrative Support,350000,450000,550000,40,Yes,No,5,19,5,Yes,Willis Towers Watson,75th Percentile,226,134,17,2025-08-26,JA-2026.1
JOB-2088,Support Lead,Customer Experience,Customer Experience - Operations,Executive,Band 9 - SVP/C-Suite,9,G9B,Exempt,Officials & Managers,500000,850000,1200000,15,Yes,Yes,4,9,6,Yes,Radford,50th Percentile,309,242,28,2025-09-28,JA-2026.1
JOB-2089,Voice of Customer Analyst,Customer Experience,Customer Experience - Core,Executive,Band 9 - SVP/C-Suite,9,G9C,Exempt,Administrative Support,500000,850000,1200000,30,Yes,Hybrid,3,12,4,Yes,Mercer,75th Percentile,185,54,2,2025-11-04,JA-2026.1
JOB-2090,Legal Coordinator,Legal & Compliance,Legal & Compliance - Operations,Individual Contributor,Band 1 - Entry,1,G1C,Exempt,Managers,45000,55000,65000,25,Yes,Yes,0,0,6,No,Willis Towers Watson,75th Percentile,437,475,30,2025-03-28,JA-2026.1
JOB-2091,Paralegal,Legal & Compliance,Legal & Compliance - Specialist,Individual Contributor,Band 2 - Junior,2,G2C,Non-Exempt,Technicians,60000,72500,85000,15,No,Hybrid,0,0,2,Yes,Aon Hewitt,75th Percentile,294,129,15,2025-05-23,JA-2026.1
JOB-2092,Compliance Analyst,Legal & Compliance,Legal & Compliance - Operations,Individual Contributor,Band 3 - Mid,3,G3B,Exempt,Officials & Managers,80000,97500,115000,10,Yes,Hybrid,0,0,1,No,Willis Towers Watson,50th Percentile,436,374,0,2025-07-13,JA-2026.1
JOB-2093,Compliance Manager,Legal & Compliance,Legal & Compliance - Core,Management,Band 4 - Senior,4,G4C,Exempt,Administrative Support,110000,132500,155000,20,Yes,Yes,6,20,5,Yes,Culpepper,65th Percentile,100,160,26,2025-01-13,JA-2026.1
JOB-2094,Legal Counsel,Legal & Compliance,Legal & Compliance - Operations,Individual Contributor,Band 5 - Lead,5,G5A,Exempt,Officials & Managers,145000,172500,200000,5,Yes,No,0,0,3,No,Culpepper,75th Percentile,380,499,0,2025-11-10,JA-2026.1
JOB-2095,Senior Counsel,Legal & Compliance,Legal & Compliance - Core,Individual Contributor,Band 6 - Principal,6,G6B,Exempt,Administrative Support,190000,230000,270000,25,Yes,Yes,0,0,3,No,Radford,75th Percentile,347,26,20,2025-03-03,JA-2026.1
JOB-2096,Director Legal,Legal & Compliance,Legal & Compliance - Core,Management,Band 7 - Director,7,G7C,Exempt,Technicians,250000,315000,380000,20,Yes,Yes,4,17,4,Yes,Radford,65th Percentile,112,392,26,2025-12-09,JA-2026.1
JOB-2097,VP Legal,Legal & Compliance,Legal & Compliance - Specialist,Executive,Band 8 - VP,8,G8B,Exempt,Professionals,350000,450000,550000,10,Yes,Yes,3,9,4,Yes,Mercer,75th Percentile,224,151,6,2025-10-19,JA-2026.1
JOB-2098,General Counsel,Legal & Compliance,Legal & Compliance - Specialist,Executive,Band 9 - SVP/C-Suite,9,G9B,Exempt,Professionals,500000,850000,1200000,5,Yes,Yes,5,20,4,Yes,Mercer,50th Percentile,424,517,29,2025-02-09,JA-2026.1
JOB-2099,Privacy Officer,Legal & Compliance,Legal & Compliance - Core,Executive,Band 9 - SVP/C-Suite,9,G9B,Exempt,Technicians,500000,850000,1200000,20,Yes,No,4,16,6,Yes,Willis Towers Watson,75th Percentile,222,334,23,2025-03-29,JA-2026.1
JOB-2100,Supply Chain Analyst,Operations,Operations - Specialist,Executive,Band 8 - VP,8,G8A,Exempt,Managers,324921,435489,546057,10,Yes,Hybrid,3,9,1,Yes,Mercer,75th Percentile,70,381,7,2025-04-14,JA-2026.1
JOB-2101,Finance Manager,Finance,Finance - Core,Management,Band 3 - Mid,3,G3A,Exempt,Technicians,77610,97694,117779,15,No,No,3,11,3,No,Culpepper,65th Percentile,192,356,12,2025-11-18,JA-2026.1
JOB-2102,Engineering Manager,Engineering,Engineering - Operations,Management,Band 6 - Principal,6,G6A,Exempt,Technicians,196763,220461,244159,20,Yes,Yes,6,13,2,No,Mercer,50th Percentile,110,252,16,2025-05-12,JA-2026.1
JOB-2103,Chief Customer Officer,Customer Experience,Customer Experience - Core,Individual Contributor,Band 7 - Director,7,G7A,Exempt,Technicians,258724,335931,413138,10,Yes,No,0,0,1,Yes,Culpepper,65th Percentile,219,273,1,2025-09-22,JA-2026.1
JOB-2104,COO,Operations,Operations - Core,Individual Contributor,Band 7 - Director,7,G7B,Exempt,Technicians,245517,294460,343403,40,Yes,Yes,0,0,4,Yes,Willis Towers Watson,50th Percentile,303,443,20,2025-03-06,JA-2026.1
JOB-2105,Chief People Officer,People & HR,People & HR - Core,Executive,Band 9 - SVP/C-Suite,9,G9C,Exempt,Managers,514809,817972,1121136,10,Yes,Yes,6,8,5,Yes,Radford,50th Percentile,39,128,17,2025-06-03,JA-2026.1
JOB-2106,Senior CX Manager,Customer Experience,Customer Experience - Core,Management,Band 4 - Senior,4,G4A,Exempt,Professionals,113304,140460,167616,0,No,Hybrid,5,10,4,No,Culpepper,50th Percentile,115,161,12,2025-04-11,JA-2026.1
JOB-2107,Director CX,Customer Experience,Customer Experience - Operations,Management,Band 5 - Lead,5,G5B,Exempt,Managers,147461,175179,202898,5,Yes,Hybrid,4,19,3,No,Culpepper,50th Percentile,183,357,2,2025-04-13,JA-2026.1
JOB-2108,Associate Product Manager,Product,Product - Core,Management,Band 2 - Junior,2,G2C,Non-Exempt,Managers,58953,71159,83365,40,Yes,No,6,19,3,No,Aon Hewitt,50th Percentile,17,387,6,2025-01-16,JA-2026.1
JOB-2109,Senior Counsel,Legal & Compliance,Legal & Compliance - Core,Individual Contributor,Band 6 - Principal,6,G6B,Exempt,Administrative Support,191394,222460,253527,25,Yes,Yes,0,0,3,No,Radford,75th Percentile,69,6,10,2025-03-03,JA-2026.1
JOB-2110,VP Marketing,Marketing,Marketing - Core,Management,Band 7 - Director,7,G7A,Exempt,Administrative Support,239787,304928,370070,30,Yes,Yes,3,13,6,Yes,Aon Hewitt,75th Percentile,63,127,15,2025-08-05,JA-2026.1
JOB-2111,Operations Analyst,Operations,Operations - Core,Individual Contributor,Band 1 - Entry,1,G1C,Exempt,Administrative Support,48897,53879,58862,30,No,Yes,0,0,5,No,Culpepper,50th Percentile,347,380,5,2025-10-01,JA-2026.1
JOB-2112,Senior Sales Manager,Sales,Sales - Core,Management,Band 5 - Lead,5,G5B,Exempt,Professionals,156810,183272,209735,20,Yes,Yes,5,9,1,No,Willis Towers Watson,75th Percentile,263,23,16,2025-07-10,JA-2026.1
JOB-2113,Principal PM,Product,Product - Core,Technical Specialist,Band 5 - Lead,5,G5C,Exempt,Officials & Managers,155233,182380,209528,10,Yes,No,0,0,2,Yes,Aon Hewitt,65th Percentile,149,238,1,2025-06-11,JA-2026.1
JOB-2114,Product Analyst,Product,Product - Core,Individual Contributor,Band 1 - Entry,1,G1B,Non-Exempt,Administrative Support,48786,56091,63396,25,Yes,Yes,0,0,3,No,Culpepper,50th Percentile,96,81,9,2025-12-13,JA-2026.1
JOB-2115,Distinguished Engineer,Engineering,Engineering - Operations,Technical Specialist,Band 5 - Lead,5,G5C,Exempt,Technicians,147080,174925,202771,0,Yes,Yes,0,0,1,Yes,Aon Hewitt,75th Percentile,99,344,8,2025-08-06,JA-2026.1
JOB-2116,Director Sales,Sales,Sales - Specialist,Management,Band 6 - Principal,6,G6B,Exempt,Administrative Support,178664,234340,290016,25,Yes,Hybrid,5,19,3,No,Mercer,75th Percentile,374,203,1,2025-06-08,JA-2026.1
JOB-2117,Senior Product Manager,Product,Product - Specialist,Management,Band 4 - Senior,4,G4A,Exempt,Professionals,102599,133133,163668,10,No,No,5,19,4,No,Mercer,65th Percentile,272,79,6,2025-11-12,JA-2026.1
JOB-2118,Senior Marketing Specialist,Marketing,Marketing - Core,Individual Contributor,Band 3 - Mid,3,G3A,Exempt,Professionals,73759,100118,126478,0,No,Hybrid,0,0,2,Yes,Willis Towers Watson,50th Percentile,61,243,16,2025-06-08,JA-2026.1
JOB-2119,VP Sales,Sales,Sales - Operations,Management,Band 7 - Director,7,G7A,Exempt,Professionals,227923,305038,382154,40,Yes,Yes,3,18,2,Yes,Radford,65th Percentile,378,320,4,2025-05-06,JA-2026.1
JOB-2120,Operations Analyst,Operations,Operations - Core,Individual Contributor,Band 1 - Entry,1,G1C,Exempt,Administrative Support,42786,56604,70422,30,No,Yes,0,0,5,No,Culpepper,50th Percentile,118,418,7,2025-10-01,JA-2026.1
JOB-2121,Director of Analytics,Data Science,Data Science - Core,Executive,Band 8 - VP,8,G8B,Exempt,Officials & Managers,333019,433110,533201,30,Yes,Yes,5,12,2,Yes,Willis Towers Watson,65th Percentile,328,74,0,2025-09-03,JA-2026.1
JOB-2122,Senior HR Manager,People & HR,People & HR - Core,Management,Band 6 - Principal,6,G6B,Exempt,Technicians,203671,231719,259768,10,Yes,Yes,5,20,5,No,Willis Towers Watson,50th Percentile,196,227,18,2025-02-07,JA-2026.1
JOB-2123,Director Product,Product,Product - Core,Management,Band 7 - Director,7,G7B,Exempt,Professionals,271480,337531,403583,10,Yes,Yes,3,9,6,Yes,Aon Hewitt,65th Percentile,256,463,20,2025-06-23,JA-2026.1
JOB-2124,Chief Customer Officer,Customer Experience,Customer Experience - Core,Individual Contributor,Band 7 - Director,7,G7A,Exempt,Technicians,265585,315897,366210,10,Yes,No,0,0,1,Yes,Culpepper,65th Percentile,190,117,20,2025-09-22,JA-2026.1
JOB-2125,Software Engineer,Engineering,Engineering - Specialist,Individual Contributor,Band 1 - Entry,1,G1A,Non-Exempt,Administrative Support,45115,54029,62944,10,Yes,Yes,0,0,2,Yes,Willis Towers Watson,75th Percentile,353,68,13,2025-12-25,JA-2026.1
JOB-2126,VP Operations,Operations,Operations - Operations,Management,Band 6 - Principal,6,G6A,Exempt,Administrative Support,204844,233943,263043,20,Yes,Yes,4,14,5,Yes,Willis Towers Watson,65th Percentile,400,195,23,2025-06-26,JA-2026.1
JOB-2127,Talent Acquisition Specialist,People & HR,People & HR - Core,Executive,Band 9 - SVP/C-Suite,9,G9B,Exempt,Technicians,484498,867505,1250513,30,Yes,Yes,3,18,1,Yes,Culpepper,65th Percentile,394,370,2,2025-03-26,JA-2026.1
JOB-2128,Sales Engineer,Sales,Sales - Operations,Executive,Band 9 - SVP/C-Suite,9,G9A,Exempt,Technicians,530948,870941,1210935,0,Yes,Yes,4,8,3,Yes,Willis Towers Watson,65th Percentile,73,391,3,2025-05-28,JA-2026.1
JOB-2129,Operations Specialist,Operations,Operations - Core,Individual Contributor,Band 2 - Junior,2,G2A,Non-Exempt,Administrative Support,65242,78412,91583,25,Yes,Yes,0,0,4,Yes,Radford,75th Percentile,19,168,22,2025-07-05,JA-2026.1
JOB-2130,VP Data & Analytics,Data Science,Data Science - Operations,Executive,Band 9 - SVP/C-Suite,9,G9C,Exempt,Officials & Managers,515648,832196,1148744,10,Yes,Yes,4,15,5,Yes,Radford,50th Percentile,372,40,7,2025-06-21,JA-2026.1
JOB-2131,Chief Product Officer,Product,Product - Specialist,Executive,Band 9 - SVP/C-Suite,9,G9C,Exempt,Technicians,502152,827222,1152292,40,Yes,No,6,10,4,Yes,Culpepper,65th Percentile,44,315,13,2025-08-17,JA-2026.1
JOB-2132,Data Scientist,Data Science,Data Science - Operations,Individual Contributor,Band 3 - Mid,3,G3A,Exempt,Managers,83883,103101,122320,30,No,Yes,0,0,4,No,Mercer,65th Percentile,237,115,4,2025-06-01,JA-2026.1
JOB-2133,VP Marketing,Marketing,Marketing - Core,Management,Band 7 - Director,7,G7A,Exempt,Administrative Support,273575,317627,361680,30,Yes,Yes,3,13,6,Yes,Aon Hewitt,75th Percentile,352,53,10,2025-08-05,JA-2026.1
JOB-2134,VP Operations,Operations,Operations - Operations,Management,Band 6 - Principal,6,G6A,Exempt,Administrative Support,200005,240186,280367,20,Yes,Yes,4,14,5,Yes,Willis Towers Watson,65th Percentile,37,110,18,2025-06-26,JA-2026.1
JOB-2135,Senior Marketing Manager,Marketing,Marketing - Core,Management,Band 5 - Lead,5,G5B,Exempt,Officials & Managers,147484,181545,215606,30,Yes,Yes,5,17,4,Yes,Culpepper,65th Percentile,329,364,17,2025-09-14,JA-2026.1
JOB-2136,General Counsel,Legal & Compliance,Legal & Compliance - Specialist,Executive,Band 9 - SVP/C-Suite,9,G9B,Exempt,Professionals,462111,772775,1083440,5,Yes,Yes,5,20,4,Yes,Mercer,50th Percentile,249,442,20,2025-02-09,JA-2026.1
JOB-2137,Chief Revenue Officer,Sales,Sales - Core,Executive,Band 8 - VP,8,G8A,Exempt,Administrative Support,339106,441671,544236,20,Yes,No,4,18,1,Yes,Willis Towers Watson,65th Percentile,21,35,7,2025-09-12,JA-2026.1
JOB-2138,VP People,People & HR,People & HR - Operations,Executive,Band 8 - VP,8,G8C,Exempt,Professionals,372668,472525,572382,20,Yes,No,6,16,6,Yes,Mercer,50th Percentile,302,327,23,2025-04-19,JA-2026.1
JOB-2139,Senior HRBP,People & HR,People & HR - Core,Individual Contributor,Band 3 - Mid,3,G3A,Exempt,Administrative Support,77388,99829,122271,30,Yes,Hybrid,0,0,6,Yes,Culpepper,75th Percentile,102,256,19,2025-01-28,JA-2026.1
JOB-2140,Supply Chain Analyst,Operations,Operations - Specialist,Executive,Band 8 - VP,8,G8A,Exempt,Managers,318329,428334,538339,10,Yes,Hybrid,3,9,1,Yes,Mercer,75th Percentile,63,1,18,2025-04-14,JA-2026.1
JOB-2141,Financial Analyst,Finance,Finance - Specialist,Individual Contributor,Band 1 - Entry,1,G1B,Exempt,Technicians,41315,50745,60176,40,Yes,Hybrid,0,0,5,Yes,Mercer,75th Percentile,154,156,23,2025-02-21,JA-2026.1
JOB-2142,Senior Engineering Manager,Engineering,Engineering - Operations,Management,Band 7 - Director,7,G7B,Exempt,Technicians,271274,319530,367786,25,Yes,No,3,10,6,Yes,Culpepper,75th Percentile,37,168,25,2025-02-19,JA-2026.1
JOB-2143,HR Manager,People & HR,People & HR - Core,Management,Band 5 - Lead,5,G5B,Exempt,Professionals,142967,164924,186882,15,Yes,No,3,10,2,No,Willis Towers Watson,65th Percentile,93,117,22,2025-07-23,JA-2026.1
JOB-2144,Senior Engineering Manager,Engineering,Engineering - Operations,Management,Band 7 - Director,7,G7B,Exempt,Technicians,265223,315938,366653,25,Yes,No,3,10,6,Yes,Culpepper,75th Percentile,300,24,23,2025-02-19,JA-2026.1
JOB-2145,VP Operations,Operations,Operations - Operations,Management,Band 6 - Principal,6,G6A,Exempt,Administrative Support,185100,228532,271965,20,Yes,Yes,4,14,5,Yes,Willis Towers Watson,65th Percentile,230,133,22,2025-06-26,JA-2026.1
JOB-2146,Privacy Officer,Legal & Compliance,Legal & Compliance - Core,Executive,Band 9 - SVP/C-Suite,9,G9B,Exempt,Technicians,534086,839911,1145736,20,Yes,No,4,16,6,Yes,Willis Towers Watson,75th Percentile,216,127,23,2025-03-29,JA-2026.1
JOB-2147,VP Customer Success,Customer Experience,Customer Experience - Core,Management,Band 6 - Principal,6,G6C,Exempt,Administrative Support,183789,214850,245911,25,Yes,Yes,6,9,3,No,Mercer,50th Percentile,120,456,3,2025-03-03,JA-2026.1
JOB-2148,Legal Counsel,Legal & Compliance,Legal & Compliance - Operations,Individual Contributor,Band 5 - Lead,5,G5A,Exempt,Officials & Managers,150174,166048,181923,5,Yes,No,0,0,3,No,Culpepper,75th Percentile,43,39,19,2025-11-10,JA-2026.1
JOB-2149,Director CX,Customer Experience,Customer Experience - Operations,Management,Band 5 - Lead,5,G5B,Exempt,Managers,146173,182432,218692,5,Yes,Hybrid,4,19,3,No,Culpepper,50th Percentile,204,94,7,2025-04-13,JA-2026.1
JOB-2150,VP Sales,Sales,Sales - Operations,Management,Band 7 - Director,7,G7A,Exempt,Professionals,242460,325921,409382,40,Yes,Yes,3,18,2,Yes,Radford,65th Percentile,366,457,7,2025-05-06,JA-2026.1
JOB-2151,Operations Manager,Operations,Operations - Core,Management,Band 3 - Mid,3,G3C,Exempt,Managers,75249,92921,110593,5,No,Yes,5,14,2,Yes,Radford,50th Percentile,65,132,12,2025-07-20,JA-2026.1
JOB-2152,Logistics Manager,Operations,Operations - Operations,Executive,Band 9 - SVP/C-Suite,9,G9C,Exempt,Officials & Managers,484863,884769,1284675,40,Yes,Yes,4,19,1,Yes,Culpepper,50th Percentile,396,414,8,2025-03-06,JA-2026.1
JOB-2153,Chief Revenue Officer,Sales,Sales - Core,Executive,Band 8 - VP,8,G8A,Exempt,Administrative Support,366178,469004,571830,20,Yes,No,4,18,1,Yes,Willis Towers Watson,65th Percentile,312,267,7,2025-09-12,JA-2026.1
JOB-2154,Sales Development Rep,Sales,Sales - Operations,Individual Contributor,Band 1 - Entry,1,G1A,Exempt,Technicians,45710,58117,70525,5,No,Yes,0,0,1,Yes,Culpepper,75th Percentile,72,191,6,2025-04-23,JA-2026.1
JOB-2155,Senior Operations Manager,Operations,Operations - Specialist,Management,Band 4 - Senior,4,G4C,Exempt,Administrative Support,108670,128647,148625,30,No,No,5,9,2,No,Mercer,50th Percentile,340,490,8,2025-01-03,JA-2026.1
JOB-2156,FP&A Analyst,Finance,Finance - Operations,Executive,Band 9 - SVP/C-Suite,9,G9A,Exempt,Administrative Support,467423,785306,1103190,20,Yes,Yes,6,9,6,Yes,Radford,65th Percentile,184,104,8,2025-06-14,JA-2026.1
JOB-2157,Senior Engineering Manager,Engineering,Engineering - Operations,Management,Band 7 - Director,7,G7B,Exempt,Technicians,258656,307683,356710,25,Yes,No,3,10,6,Yes,Culpepper,75th Percentile,152,490,13,2025-02-19,JA-2026.1
JOB-2158,Supply Chain Analyst,Operations,Operations - Specialist,Executive,Band 8 - VP,8,G8A,Exempt,Managers,342354,472917,603481,10,Yes,Hybrid,3,9,1,Yes,Mercer,75th Percentile,63,206,5,2025-04-14,JA-2026.1
JOB-2159,VP Sales,Sales,Sales - Operations,Management,Band 7 - Director,7,G7A,Exempt,Professionals,226369,302943,379518,40,Yes,Yes,3,18,2,Yes,Radford,65th Percentile,236,119,1,2025-05-06,JA-2026.1
JOB-2160,Product Operations Manager,Product,Product - Operations,Executive,Band 9 - SVP/C-Suite,9,G9B,Exempt,Professionals,471753,788728,1105704,40,Yes,Yes,6,11,1,Yes,Willis Towers Watson,65th Percentile,351,430,19,2025-06-10,JA-2026.1
JOB-2161,Marketing Coordinator,Marketing,Marketing - Operations,Individual Contributor,Band 1 - Entry,1,G1C,Exempt,Administrative Support,45838,53738,61638,5,No,No,0,0,2,Yes,Culpepper,65th Percentile,252,268,7,2025-11-01,JA-2026.1
JOB-2162,Senior Finance Manager,Finance,Finance - Core,Management,Band 4 - Senior,4,G4A,Exempt,Officials & Managers,117133,130174,143216,0,No,Yes,3,18,3,Yes,Willis Towers Watson,75th Percentile,360,170,18,2025-09-29,JA-2026.1
JOB-2163,Principal Data Scientist,Data Science,Data Science - Operations,Technical Specialist,Band 6 - Principal,6,G6C,Exempt,Managers,192063,235276,278490,15,Yes,Yes,0,0,1,No,Radford,75th Percentile,236,89,6,2025-06-03,JA-2026.1
JOB-2164,Software Engineer,Engineering,Engineering - Specialist,Individual Contributor,Band 1 - Entry,1,G1A,Non-Exempt,Administrative Support,48250,56675,65101,10,Yes,Yes,0,0,2,Yes,Willis Towers Watson,75th Percentile,75,284,17,2025-12-25,JA-2026.1
JOB-2165,Paralegal,Legal & Compliance,Legal & Compliance - Specialist,Individual Contributor,Band 2 - Junior,2,G2C,Non-Exempt,Technicians,56226,72811,89396,15,No,Hybrid,0,0,2,Yes,Aon Hewitt,75th Percentile,177,77,9,2025-05-23,JA-2026.1
JOB-2166,Principal Engineer,Engineering,Engineering - Operations,Technical Specialist,Band 4 - Senior,4,G4A,Exempt,Officials & Managers,101527,123523,145519,15,No,Yes,0,0,3,Yes,Mercer,75th Percentile,188,174,8,2025-04-01,JA-2026.1
JOB-2167,VP Marketing,Marketing,Marketing - Core,Management,Band 7 - Director,7,G7A,Exempt,Administrative Support,270641,340115,409589,30,Yes,Yes,3,13,6,Yes,Aon Hewitt,75th Percentile,326,151,12,2025-08-05,JA-2026.1
JOB-2168,CX Specialist,Customer Experience,Customer Experience - Operations,Individual Contributor,Band 1 - Entry,1,G1A,Exempt,Professionals,43954,56979,70005,15,No,No,0,0,4,No,Mercer,75th Percentile,97,166,9,2025-08-08,JA-2026.1
JOB-2169,Senior Data Analyst,Data Science,Data Science - Specialist,Individual Contributor,Band 2 - Junior,2,G2A,Non-Exempt,Administrative Support,55132,71061,86990,20,No,No,0,0,5,Yes,Willis Towers Watson,65th Percentile,294,207,20,2025-12-04,JA-2026.1
JOB-2170,Senior Product Manager,Product,Product - Specialist,Management,Band 4 - Senior,4,G4A,Exempt,Professionals,117295,130547,143800,10,No,No,5,19,4,No,Mercer,65th Percentile,286,450,3,2025-11-12,JA-2026.1
JOB-2171,VP Operations,Operations,Operations - Operations,Management,Band 6 - Principal,6,G6A,Exempt,Administrative Support,186167,227560,268953,20,Yes,Yes,4,14,5,Yes,Willis Towers Watson,65th Percentile,239,179,2,2025-06-26,JA-2026.1
JOB-2172,Growth Analyst,Marketing,Marketing - Specialist,Executive,Band 9 - SVP/C-Suite,9,G9C,Exempt,Managers,525863,910771,1295679,40,Yes,Hybrid,4,13,2,Yes,Radford,75th Percentile,165,231,19,2025-12-11,JA-2026.1
JOB-2173,HR Manager,People & HR,People & HR - Core,Management,Band 5 - Lead,5,G5B,Exempt,Professionals,133917,159368,184819,15,Yes,No,3,10,2,No,Willis Towers Watson,65th Percentile,301,248,8,2025-07-23,JA-2026.1
JOB-2174,Director CX,Customer Experience,Customer Experience - Operations,Management,Band 5 - Lead,5,G5B,Exempt,Managers,135409,175674,215940,5,Yes,Hybrid,4,19,3,No,Culpepper,50th Percentile,80,253,9,2025-04-13,JA-2026.1
JOB-2175,Chief Product Officer,Product,Product - Specialist,Executive,Band 9 - SVP/C-Suite,9,G9C,Exempt,Technicians,509661,831933,1154205,40,Yes,No,6,10,4,Yes,Culpepper,65th Percentile,199,61,0,2025-08-17,JA-2026.1
JOB-2176,Software Engineer,Engineering,Engineering - Specialist,Individual Contributor,Band 1 - Entry,1,G1A,Non-Exempt,Administrative Support,40969,52184,63399,10,Yes,Yes,0,0,2,Yes,Willis Towers Watson,75th Percentile,35,297,0,2025-12-25,JA-2026.1
JOB-2177,FP&A Analyst,Finance,Finance - Operations,Executive,Band 9 - SVP/C-Suite,9,G9A,Exempt,Administrative Support,488398,848713,1209028,20,Yes,Yes,6,9,6,Yes,Radford,65th Percentile,306,168,21,2025-06-14,JA-2026.1
JOB-2178,VP Data & Analytics,Data Science,Data Science - Operations,Executive,Band 9 - SVP/C-Suite,9,G9C,Exempt,Officials & Managers,492912,812007,1131103,10,Yes,Yes,4,15,5,Yes,Radford,50th Percentile,226,404,3,2025-06-21,JA-2026.1
JOB-2179,Analytics Manager,Data Science,Data Science - Specialist,Management,Band 7 - Director,7,G7C,Exempt,Administrative Support,249215,328936,408657,20,Yes,Yes,3,20,4,Yes,Aon Hewitt,50th Percentile,344,31,25,2025-03-07,JA-2026.1
JOB-2180,Distinguished Engineer,Engineering,Engineering - Operations,Technical Specialist,Band 5 - Lead,5,G5C,Exempt,Technicians,135570,165760,195950,0,Yes,Yes,0,0,1,Yes,Aon Hewitt,75th Percentile,39,25,12,2025-08-06,JA-2026.1
JOB-2181,VP Engineering,Engineering,Engineering - Specialist,Executive,Band 9 - SVP/C-Suite,9,G9A,Exempt,Managers,539951,886944,1233937,10,Yes,Yes,5,8,5,Yes,Radford,65th Percentile,166,112,22,2025-06-22,JA-2026.1
JOB-2182,Director CX,Customer Experience,Customer Experience - Operations,Management,Band 5 - Lead,5,G5B,Exempt,Managers,155794,170312,184831,5,Yes,Hybrid,4,19,3,No,Culpepper,50th Percentile,262,383,8,2025-04-13,JA-2026.1
JOB-2183,Finance Manager,Finance,Finance - Core,Management,Band 3 - Mid,3,G3A,Exempt,Technicians,77373,98138,118903,15,No,No,3,11,3,No,Culpepper,65th Percentile,364,9,1,2025-11-18,JA-2026.1
JOB-2184,Director Marketing,Marketing,Marketing - Specialist,Management,Band 6 - Principal,6,G6C,Exempt,Technicians,208917,238022,267128,40,Yes,Hybrid,4,11,3,Yes,Culpepper,50th Percentile,326,310,22,2025-09-22,JA-2026.1
JOB-2185,Director Sales,Sales,Sales - Specialist,Management,Band 6 - Principal,6,G6B,Exempt,Administrative Support,188345,218688,249031,25,Yes,Hybrid,5,19,3,No,Mercer,75th Percentile,347,280,5,2025-06-08,JA-2026.1
JOB-2186,Operations Analyst,Operations,Operations - Core,Individual Contributor,Band 1 - Entry,1,G1C,Exempt,Administrative Support,47208,58556,69905,30,No,Yes,0,0,5,No,Culpepper,50th Percentile,138,413,5,2025-10-01,JA-2026.1
JOB-2187,Logistics Manager,Operations,Operations - Operations,Executive,Band 9 - SVP/C-Suite,9,G9C,Exempt,Officials & Managers,484959,821605,1158252,40,Yes,Yes,4,19,1,Yes,Culpepper,50th Percentile,201,98,23,2025-03-06,JA-2026.1
JOB-2188,HR Business Partner,People & HR,People & HR - Operations,Individual Contributor,Band 2 - Junior,2,G2B,Non-Exempt,Professionals,62345,76065,89785,15,Yes,Hybrid,0,0,6,Yes,Radford,75th Percentile,155,128,18,2025-10-07,JA-2026.1
JOB-2189,Director of Engineering,Engineering,Engineering - Core,Executive,Band 8 - VP,8,G8A,Exempt,Managers,363793,475782,587772,10,Yes,Yes,6,10,2,Yes,Culpepper,65th Percentile,311,476,17,2025-04-30,JA-2026.1
JOB-2190,Regional Sales Director,Sales,Sales - Operations,Executive,Band 9 - SVP/C-Suite,9,G9B,Exempt,Administrative Support,509161,905793,1302425,20,Yes,Yes,5,11,1,Yes,Mercer,65th Percentile,161,326,19,2025-11-03,JA-2026.1
JOB-2191,Chief Data Officer,Data Science,Data Science - Operations,Executive,Band 9 - SVP/C-Suite,9,G9C,Exempt,Professionals,467339,818559,1169780,20,Yes,Yes,5,14,3,Yes,Mercer,50th Percentile,192,155,9,2025-01-19,JA-2026.1
JOB-2192,Data Scientist,Data Science,Data Science - Operations,Individual Contributor,Band 3 - Mid,3,G3A,Exempt,Managers,78004,93899,109794,30,No,Yes,0,0,4,No,Mercer,65th Percentile,70,355,21,2025-06-01,JA-2026.1
JOB-2193,Senior HR Manager,People & HR,People & HR - Core,Management,Band 6 - Principal,6,G6B,Exempt,Technicians,205977,237574,269172,10,Yes,Yes,5,20,5,No,Willis Towers Watson,50th Percentile,350,282,6,2025-02-07,JA-2026.1
JOB-2194,Compliance Analyst,Legal & Compliance,Legal & Compliance - Operations,Individual Contributor,Band 3 - Mid,3,G3B,Exempt,Officials & Managers,74061,90556,107052,10,Yes,Hybrid,0,0,1,No,Willis Towers Watson,50th Percentile,259,483,0,2025-07-13,JA-2026.1
JOB-2195,Controller,Finance,Finance - Core,Executive,Band 9 - SVP/C-Suite,9,G9A,Exempt,Managers,489385,865945,1242506,25,Yes,Yes,5,12,5,Yes,Culpepper,50th Percentile,362,167,0,2025-08-16,JA-2026.1
JOB-2196,Senior HRBP,People & HR,People & HR - Core,Individual Contributor,Band 3 - Mid,3,G3A,Exempt,Administrative Support,78223,92180,106138,30,Yes,Hybrid,0,0,6,Yes,Culpepper,75th Percentile,275,193,12,2025-01-28,JA-2026.1
JOB-2197,CFO,Finance,Finance - Operations,Executive,Band 8 - VP,8,G8B,Exempt,Officials & Managers,351258,460901,570544,30,Yes,No,5,13,6,Yes,Willis Towers Watson,50th Percentile,223,271,13,2025-02-02,JA-2026.1
JOB-2198,Senior Financial Analyst,Finance,Finance - Operations,Individual Contributor,Band 2 - Junior,2,G2A,Non-Exempt,Technicians,55308,67840,80373,10,No,Yes,0,0,2,No,Mercer,75th Percentile,180,206,0,2025-10-06,JA-2026.1
JOB-2199,Chief Customer Officer,Customer Experience,Customer Experience - Core,Individual Contributor,Band 7 - Director,7,G7A,Exempt,Technicians,255242,316831,378420,10,Yes,No,0,0,1,Yes,Culpepper,65th Percentile,123,308,12,2025-09-22,JA-2026.1
JOB-2200,Principal PM,Product,Product - Core,Technical Specialist,Band 5 - Lead,5,G5C,Exempt,Officials & Managers,153652,182678,211704,10,Yes,No,0,0,2,Yes,Aon Hewitt,65th Percentile,215,10,16,2025-06-11,JA-2026.1
JOB-2201,Director HR,People & HR,People & HR - Core,Management,Band 7 - Director,7,G7B,Exempt,Technicians,230704,293284,355865,25,Yes,Hybrid,5,20,1,Yes,Aon Hewitt,65th Percentile,360,428,1,2025-03-19,JA-2026.1
JOB-2202,Principal PM,Product,Product - Core,Technical Specialist,Band 5 - Lead,5,G5C,Exempt,Officials & Managers,156822,182994,209167,10,Yes,No,0,0,2,Yes,Aon Hewitt,65th Percentile,163,5,10,2025-06-11,JA-2026.1
JOB-2203,Finance Manager,Finance,Finance - Core,Management,Band 3 - Mid,3,G3A,Exempt,Technicians,75460,98367,121274,15,No,No,3,11,3,No,Culpepper,65th Percentile,209,98,14,2025-11-18,JA-2026.1
JOB-2204,Legal Counsel,Legal & Compliance,Legal & Compliance - Operations,Individual Contributor,Band 5 - Lead,5,G5A,Exempt,Officials & Managers,157971,183195,208419,5,Yes,No,0,0,3,No,Culpepper,75th Percentile,94,220,3,2025-11-10,JA-2026.1
JOB-2205,HR Manager,People & HR,People & HR - Core,Management,Band 5 - Lead,5,G5B,Exempt,Professionals,149127,171865,194603,15,Yes,No,3,10,2,No,Willis Towers Watson,65th Percentile,249,178,7,2025-07-23,JA-2026.1
JOB-2206,Senior Operations Manager,Operations,Operations - Specialist,Management,Band 4 - Senior,4,G4C,Exempt,Administrative Support,119003,142231,165459,30,No,No,5,9,2,No,Mercer,50th Percentile,122,353,4,2025-01-03,JA-2026.1
JOB-2207,Director of Analytics,Data Science,Data Science - Core,Executive,Band 8 - VP,8,G8B,Exempt,Officials & Managers,349269,465109,580950,30,Yes,Yes,5,12,2,Yes,Willis Towers Watson,65th Percentile,12,353,9,2025-09-03,JA-2026.1
JOB-2208,Finance Manager,Finance,Finance - Core,Management,Band 3 - Mid,3,G3A,Exempt,Technicians,82654,103765,124877,15,No,No,3,11,3,No,Culpepper,65th Percentile,50,300,7,2025-11-18,JA-2026.1
JOB-2209,VP Legal,Legal & Compliance,Legal & Compliance - Specialist,Executive,Band 8 - VP,8,G8B,Exempt,Professionals,376207,448739,521272,10,Yes,Yes,3,9,4,Yes,Mercer,75th Percentile,12,282,23,2025-10-19,JA-2026.1
JOB-2210,Senior Financial Analyst,Finance,Finance - Operations,Individual Contributor,Band 2 - Junior,2,G2A,Non-Exempt,Technicians,59508,69702,79897,10,No,Yes,0,0,2,No,Mercer,75th Percentile,380,418,2,2025-10-06,JA-2026.1
JOB-2211,Process Improvement Specialist,Operations,Operations - Operations,Executive,Band 9 - SVP/C-Suite,9,G9B,Exempt,Managers,521399,865049,1208700,0,Yes,Yes,5,8,6,Yes,Radford,75th Percentile,74,57,7,2025-07-10,JA-2026.1
JOB-2212,COO,Operations,Operations - Core,Individual Contributor,Band 7 - Director,7,G7B,Exempt,Technicians,235296,302783,370271,40,Yes,Yes,0,0,4,Yes,Willis Towers Watson,50th Percentile,36,433,12,2025-03-06,JA-2026.1
JOB-2213,Logistics Manager,Operations,Operations - Operations,Executive,Band 9 - SVP/C-Suite,9,G9C,Exempt,Officials & Managers,482862,784162,1085462,40,Yes,Yes,4,19,1,Yes,Culpepper,50th Percentile,58,45,5,2025-03-06,JA-2026.1
JOB-2214,Supply Chain Analyst,Operations,Operations - Specialist,Executive,Band 8 - VP,8,G8A,Exempt,Managers,366061,453417,540774,10,Yes,Hybrid,3,9,1,Yes,Mercer,75th Percentile,229,176,7,2025-04-14,JA-2026.1
JOB-2215,Senior Financial Analyst,Finance,Finance - Operations,Individual Contributor,Band 2 - Junior,2,G2A,Non-Exempt,Technicians,55332,73073,90815,10,No,Yes,0,0,2,No,Mercer,75th Percentile,226,215,12,2025-10-06,JA-2026.1
JOB-2216,VP Engineering,Engineering,Engineering - Specialist,Executive,Band 9 - SVP/C-Suite,9,G9A,Exempt,Managers,523420,873574,1223729,10,Yes,Yes,5,8,5,Yes,Radford,65th Percentile,68,38,2,2025-06-22,JA-2026.1
JOB-2217,Marketing Specialist,Marketing,Marketing - Operations,Individual Contributor,Band 2 - Junior,2,G2A,Exempt,Professionals,65595,76522,87449,5,Yes,No,0,0,2,No,Culpepper,75th Percentile,360,164,19,2025-06-14,JA-2026.1
JOB-2218,Director of Engineering,Engineering,Engineering - Core,Executive,Band 8 - VP,8,G8A,Exempt,Managers,351229,436307,521385,10,Yes,Yes,6,10,2,Yes,Culpepper,65th Percentile,176,40,4,2025-04-30,JA-2026.1
JOB-2219,Engineering Manager,Engineering,Engineering - Operations,Management,Band 6 - Principal,6,G6A,Exempt,Technicians,204810,235014,265218,20,Yes,Yes,6,13,2,No,Mercer,50th Percentile,138,246,19,2025-05-12,JA-2026.1
JOB-2220,Director Operations,Operations,Operations - Specialist,Management,Band 5 - Lead,5,G5B,Exempt,Managers,155545,171589,187634,15,Yes,Yes,5,12,4,Yes,Mercer,75th Percentile,335,415,15,2025-12-26,JA-2026.1
JOB-2221,Voice of Customer Analyst,Customer Experience,Customer Experience - Core,Executive,Band 9 - SVP/C-Suite,9,G9C,Exempt,Administrative Support,478904,788313,1097723,30,Yes,Hybrid,3,12,4,Yes,Mercer,75th Percentile,331,339,20,2025-11-04,JA-2026.1
JOB-2222,Data Scientist,Data Science,Data Science - Operations,Individual Contributor,Band 3 - Mid,3,G3A,Exempt,Managers,84824,104159,123495,30,No,Yes,0,0,4,No,Mercer,65th Percentile,110,393,14,2025-06-01,JA-2026.1
JOB-2223,Sales Manager,Sales,Sales - Operations,Management,Band 4 - Senior,4,G4A,Exempt,Technicians,105951,132664,159377,30,No,Hybrid,5,10,6,No,Willis Towers Watson,75th Percentile,374,301,20,2025-09-11,JA-2026.1
JOB-2224,Compliance Analyst,Legal & Compliance,Legal & Compliance - Operations,Individual Contributor,Band 3 - Mid,3,G3B,Exempt,Officials & Managers,72402,97445,122489,10,Yes,Hybrid,0,0,1,No,Willis Towers Watson,50th Percentile,198,424,12,2025-07-13,JA-2026.1
JOB-2225,CMO,Marketing,Marketing - Core,Executive,Band 8 - VP,8,G8B,Exempt,Officials & Managers,345054,431566,518079,5,Yes,Yes,3,11,1,Yes,Mercer,65th Percentile,362,22,24,2025-05-13,JA-2026.1
JOB-2226,Senior Operations Manager,Operations,Operations - Specialist,Management,Band 4 - Senior,4,G4C,Exempt,Administrative Support,116657,142050,167444,30,No,No,5,9,2,No,Mercer,50th Percentile,170,8,5,2025-01-03,JA-2026.1
JOB-2227,Regional Sales Director,Sales,Sales - Operations,Executive,Band 9 - SVP/C-Suite,9,G9B,Exempt,Administrative Support,535289,857320,1179351,20,Yes,Yes,5,11,1,Yes,Mercer,65th Percentile,205,201,4,2025-11-03,JA-2026.1
JOB-2228,Associate Product Manager,Product,Product - Core,Management,Band 2 - Junior,2,G2C,Non-Exempt,Managers,62246,77146,92047,40,Yes,No,6,19,3,No,Aon Hewitt,50th Percentile,33,162,13,2025-01-16,JA-2026.1
JOB-2229,COO,Operations,Operations - Core,Individual Contributor,Band 7 - Director,7,G7B,Exempt,Technicians,243259,299700,356141,40,Yes,Yes,0,0,4,Yes,Willis Towers Watson,50th Percentile,88,276,11,2025-03-06,JA-2026.1
JOB-2230,Distinguished Engineer,Engineering,Engineering - Operations,Technical Specialist,Band 5 - Lead,5,G5C,Exempt,Technicians,152154,172561,192968,0,Yes,Yes,0,0,1,Yes,Aon Hewitt,75th Percentile,77,18,21,2025-08-06,JA-2026.1
JOB-2231,Financial Analyst,Finance,Finance - Specialist,Individual Contributor,Band 1 - Entry,1,G1B,Exempt,Technicians,43309,53190,63071,40,Yes,Hybrid,0,0,5,Yes,Mercer,75th Percentile,207,57,25,2025-02-21,JA-2026.1
JOB-2232,VP Engineering,Engineering,Engineering - Specialist,Executive,Band 9 - SVP/C-Suite,9,G9A,Exempt,Managers,539426,929603,1319781,10,Yes,Yes,5,8,5,Yes,Radford,65th Percentile,20,430,8,2025-06-22,JA-2026.1
JOB-2233,Director Finance,Finance,Finance - Specialist,Management,Band 5 - Lead,5,G5A,Exempt,Managers,133903,168574,203245,5,Yes,Yes,5,14,2,No,Culpepper,65th Percentile,320,134,14,2025-01-14,JA-2026.1
JOB-2234,General Counsel,Legal & Compliance,Legal & Compliance - Specialist,Executive,Band 9 - SVP/C-Suite,9,G9B,Exempt,Professionals,504253,896897,1289541,5,Yes,Yes,5,20,4,Yes,Mercer,50th Percentile,154,109,12,2025-02-09,JA-2026.1
JOB-2235,Voice of Customer Analyst,Customer Experience,Customer Experience - Core,Executive,Band 9 - SVP/C-Suite,9,G9C,Exempt,Administrative Support,454955,809053,1163151,30,Yes,Hybrid,3,12,4,Yes,Mercer,75th Percentile,380,487,21,2025-11-04,JA-2026.1
JOB-2236,HR Coordinator,People & HR,People & HR - Specialist,Individual Contributor,Band 1 - Entry,1,G1C,Exempt,Technicians,44828,55023,65219,20,Yes,No,0,0,1,No,Mercer,50th Percentile,57,128,1,2025-05-20,JA-2026.1
JOB-2237,Director Sales,Sales,Sales - Specialist,Management,Band 6 - Principal,6,G6B,Exempt,Administrative Support,195409,233983,272557,25,Yes,Hybrid,5,19,3,No,Mercer,75th Percentile,352,492,8,2025-06-08,JA-2026.1
JOB-2238,Senior Engineering Manager,Engineering,Engineering - Operations,Management,Band 7 - Director,7,G7B,Exempt,Technicians,240750,312518,384287,25,Yes,No,3,10,6,Yes,Culpepper,75th Percentile,50,452,10,2025-02-19,JA-2026.1
JOB-2239,HR Business Partner,People & HR,People & HR - Operations,Individual Contributor,Band 2 - Junior,2,G2B,Non-Exempt,Professionals,57549,68488,79428,15,Yes,Hybrid,0,0,6,Yes,Radford,75th Percentile,364,436,6,2025-10-07,JA-2026.1
JOB-2240,Compliance Manager,Legal & Compliance,Legal & Compliance - Core,Management,Band 4 - Senior,4,G4C,Exempt,Administrative Support,108912,133133,157354,20,Yes,Yes,6,20,5,Yes,Culpepper,65th Percentile,303,50,8,2025-01-13,JA-2026.1
JOB-2241,Compliance Manager,Legal & Compliance,Legal & Compliance - Core,Management,Band 4 - Senior,4,G4C,Exempt,Administrative Support,110042,125572,141103,20,Yes,Yes,6,20,5,Yes,Culpepper,65th Percentile,16,100,25,2025-01-13,JA-2026.1
JOB-2242,VP Product,Product,Product - Operations,Executive,Band 8 - VP,8,G8A,Exempt,Technicians,372967,436441,499916,30,Yes,No,5,12,6,Yes,Mercer,75th Percentile,76,43,11,2025-10-19,JA-2026.1
JOB-2243,Senior Financial Analyst,Finance,Finance - Operations,Individual Contributor,Band 2 - Junior,2,G2A,Non-Exempt,Technicians,60425,71372,82320,10,No,Yes,0,0,2,No,Mercer,75th Percentile,48,216,0,2025-10-06,JA-2026.1
JOB-2244,Growth Analyst,Marketing,Marketing - Specialist,Executive,Band 9 - SVP/C-Suite,9,G9C,Exempt,Managers,479945,878775,1277605,40,Yes,Hybrid,4,13,2,Yes,Radford,75th Percentile,13,246,2,2025-12-11,JA-2026.1
JOB-2245,Process Improvement Specialist,Operations,Operations - Operations,Executive,Band 9 - SVP/C-Suite,9,G9B,Exempt,Managers,498620,817768,1136917,0,Yes,Yes,5,8,6,Yes,Radford,75th Percentile,54,419,25,2025-07-10,JA-2026.1
JOB-2246,Chief Customer Officer,Customer Experience,Customer Experience - Core,Individual Contributor,Band 7 - Director,7,G7A,Exempt,Technicians,234397,308941,383485,10,Yes,No,0,0,1,Yes,Culpepper,65th Percentile,114,431,11,2025-09-22,JA-2026.1
JOB-2247,Senior Software Engineer,Engineering,Engineering - Operations,Individual Contributor,Band 2 - Junior,2,G2B,Exempt,Technicians,65872,79359,92847,30,Yes,Hybrid,0,0,4,Yes,Mercer,65th Percentile,152,267,7,2025-10-18,JA-2026.1
JOB-2248,CX Analyst,Customer Experience,Customer Experience - Specialist,Individual Contributor,Band 2 - Junior,2,G2B,Non-Exempt,Technicians,59656,73705,87755,40,Yes,Hybrid,0,0,5,Yes,Mercer,65th Percentile,248,496,19,2025-04-16,JA-2026.1
JOB-2249,Principal Engineer,Engineering,Engineering - Operations,Technical Specialist,Band 4 - Senior,4,G4A,Exempt,Officials & Managers,101651,133269,164887,15,No,Yes,0,0,3,Yes,Mercer,75th Percentile,332,418,20,2025-04-01,JA-2026.1
JOB-2250,Account Executive,Sales,Sales - Core,Individual Contributor,Band 2 - Junior,2,G2B,Non-Exempt,Professionals,63081,72725,82370,0,Yes,Yes,0,0,2,Yes,Culpepper,50th Percentile,105,457,24,2025-01-04,JA-2026.1
JOB-2251,VP Operations,Operations,Operations - Operations,Management,Band 6 - Principal,6,G6A,Exempt,Administrative Support,175278,223054,270830,20,Yes,Yes,4,14,5,Yes,Willis Towers Watson,65th Percentile,366,381,6,2025-06-26,JA-2026.1
JOB-2252,CMO,Marketing,Marketing - Core,Executive,Band 8 - VP,8,G8B,Exempt,Officials & Managers,366060,451133,536206,5,Yes,Yes,3,11,1,Yes,Mercer,65th Percentile,47,172,5,2025-05-13,JA-2026.1
JOB-2253,Chief Product Officer,Product,Product - Specialist,Executive,Band 9 - SVP/C-Suite,9,G9C,Exempt,Technicians,515498,869030,1222562,40,Yes,No,6,10,4,Yes,Culpepper,65th Percentile,188,386,9,2025-08-17,JA-2026.1
JOB-2254,Software Engineer,Engineering,Engineering - Specialist,Individual Contributor,Band 1 - Entry,1,G1A,Non-Exempt,Administrative Support,46364,56283,66203,10,Yes,Yes,0,0,2,Yes,Willis Towers Watson,75th Percentile,81,114,1,2025-12-25,JA-2026.1
JOB-2255,Chief Customer Officer,Customer Experience,Customer Experience - Core,Individual Contributor,Band 7 - Director,7,G7A,Exempt,Technicians,271637,329699,387761,10,Yes,No,0,0,1,Yes,Culpepper,65th Percentile,177,121,17,2025-09-22,JA-2026.1
JOB-2256,Data Scientist,Data Science,Data Science - Operations,Individual Contributor,Band 3 - Mid,3,G3A,Exempt,Managers,85817,100132,114448,30,No,Yes,0,0,4,No,Mercer,65th Percentile,331,100,12,2025-06-01,JA-2026.1
JOB-2257,Principal PM,Product,Product - Core,Technical Specialist,Band 5 - Lead,5,G5C,Exempt,Officials & Managers,155068,175873,196678,10,Yes,No,0,0,2,Yes,Aon Hewitt,65th Percentile,171,147,15,2025-06-11,JA-2026.1
JOB-2258,COO,Operations,Operations - Core,Individual Contributor,Band 7 - Director,7,G7B,Exempt,Technicians,267554,327328,387102,40,Yes,Yes,0,0,4,Yes,Willis Towers Watson,50th Percentile,280,174,21,2025-03-06,JA-2026.1
JOB-2259,Chief People Officer,People & HR,People & HR - Core,Executive,Band 9 - SVP/C-Suite,9,G9C,Exempt,Managers,523851,807728,1091606,10,Yes,Yes,6,8,5,Yes,Radford,50th Percentile,130,411,19,2025-06-03,JA-2026.1
JOB-2260,Director Finance,Finance,Finance - Specialist,Management,Band 5 - Lead,5,G5A,Exempt,Managers,130750,157902,185054,5,Yes,Yes,5,14,2,No,Culpepper,65th Percentile,206,433,14,2025-01-14,JA-2026.1
JOB-2261,Talent Acquisition Specialist,People & HR,People & HR - Core,Executive,Band 9 - SVP/C-Suite,9,G9B,Exempt,Technicians,518232,860343,1202455,30,Yes,Yes,3,18,1,Yes,Culpepper,65th Percentile,213,284,7,2025-03-26,JA-2026.1
JOB-2262,Finance Manager,Finance,Finance - Core,Management,Band 3 - Mid,3,G3A,Exempt,Technicians,86119,105804,125489,15,No,No,3,11,3,No,Culpepper,65th Percentile,188,456,12,2025-11-18,JA-2026.1
JOB-2263,Finance Manager,Finance,Finance - Core,Management,Band 3 - Mid,3,G3A,Exempt,Technicians,75109,90975,106842,15,No,No,3,11,3,No,Culpepper,65th Percentile,365,183,4,2025-11-18,JA-2026.1
JOB-2264,Chief Product Officer,Product,Product - Specialist,Executive,Band 9 - SVP/C-Suite,9,G9C,Exempt,Technicians,512246,878937,1245629,40,Yes,No,6,10,4,Yes,Culpepper,65th Percentile,195,281,14,2025-08-17,JA-2026.1
JOB-2265,Supply Chain Analyst,Operations,Operations - Specialist,Executive,Band 8 - VP,8,G8A,Exempt,Managers,354004,440830,527656,10,Yes,Hybrid,3,9,1,Yes,Mercer,75th Percentile,60,412,5,2025-04-14,JA-2026.1
JOB-2266,Chief Revenue Officer,Sales,Sales - Core,Executive,Band 8 - VP,8,G8A,Exempt,Administrative Support,382272,489150,596028,20,Yes,No,4,18,1,Yes,Willis Towers Watson,65th Percentile,32,211,19,2025-09-12,JA-2026.1
JOB-2267,CX Manager,Customer Experience,Customer Experience - Core,Management,Band 3 - Mid,3,G3C,Exempt,Professionals,79000,97852,116705,10,Yes,Yes,5,14,1,Yes,Radford,50th Percentile,382,283,22,2025-03-05,JA-2026.1
JOB-2268,Product Manager,Product,Product - Operations,Management,Band 3 - Mid,3,G3B,Exempt,Technicians,74799,89953,105107,10,Yes,Yes,4,12,3,No,Aon Hewitt,65th Percentile,61,482,18,2025-05-16,JA-2026.1
JOB-2269,Sales Development Rep,Sales,Sales - Operations,Individual Contributor,Band 1 - Entry,1,G1A,Exempt,Technicians,48817,59728,70639,5,No,Yes,0,0,1,Yes,Culpepper,75th Percentile,388,74,10,2025-04-23,JA-2026.1
JOB-2270,Financial Analyst,Finance,Finance - Specialist,Individual Contributor,Band 1 - Entry,1,G1B,Exempt,Technicians,49434,58629,67825,40,Yes,Hybrid,0,0,5,Yes,Mercer,75th Percentile,12,481,20,2025-02-21,JA-2026.1
JOB-2271,Operations Manager,Operations,Operations - Core,Management,Band 3 - Mid,3,G3C,Exempt,Managers,87593,100641,113689,5,No,Yes,5,14,2,Yes,Radford,50th Percentile,127,296,11,2025-07-20,JA-2026.1
JOB-2272,Sales Manager,Sales,Sales - Operations,Management,Band 4 - Senior,4,G4A,Exempt,Technicians,101740,126988,152237,30,No,Hybrid,5,10,6,No,Willis Towers Watson,75th Percentile,267,96,19,2025-09-11,JA-2026.1
JOB-2273,Operations Specialist,Operations,Operations - Core,Individual Contributor,Band 2 - Junior,2,G2A,Non-Exempt,Administrative Support,54020,68072,82124,25,Yes,Yes,0,0,4,Yes,Radford,75th Percentile,163,147,4,2025-07-05,JA-2026.1
JOB-2274,Director of Engineering,Engineering,Engineering - Core,Executive,Band 8 - VP,8,G8A,Exempt,Managers,316306,415413,514521,10,Yes,Yes,6,10,2,Yes,Culpepper,65th Percentile,139,162,6,2025-04-30,JA-2026.1
JOB-2275,Senior Product Manager,Product,Product - Specialist,Management,Band 4 - Senior,4,G4A,Exempt,Professionals,118818,136885,154953,10,No,No,5,19,4,No,Mercer,65th Percentile,304,190,5,2025-11-12,JA-2026.1
JOB-2276,Principal HRBP,People & HR,People & HR - Specialist,Technical Specialist,Band 4 - Senior,4,G4C,Exempt,Officials & Managers,107504,136155,164807,15,No,Yes,0,0,6,Yes,Mercer,65th Percentile,285,94,3,2025-01-07,JA-2026.1
JOB-2277,Principal HRBP,People & HR,People & HR - Specialist,Technical Specialist,Band 4 - Senior,4,G4C,Exempt,Officials & Managers,109879,126988,144097,15,No,Yes,0,0,6,Yes,Mercer,65th Percentile,350,479,2,2025-01-07,JA-2026.1
JOB-2278,Director Product,Product,Product - Core,Management,Band 7 - Director,7,G7B,Exempt,Professionals,273044,318263,363482,10,Yes,Yes,3,9,6,Yes,Aon Hewitt,65th Percentile,391,135,16,2025-06-23,JA-2026.1
JOB-2279,Director Product,Product,Product - Core,Management,Band 7 - Director,7,G7B,Exempt,Professionals,273184,324116,375049,10,Yes,Yes,3,9,6,Yes,Aon Hewitt,65th Percentile,273,404,18,2025-06-23,JA-2026.1
JOB-2280,Director Operations,Operations,Operations - Specialist,Management,Band 5 - Lead,5,G5B,Exempt,Managers,143875,172539,201203,15,Yes,Yes,5,12,4,Yes,Mercer,75th Percentile,103,53,4,2025-12-26,JA-2026.1
JOB-2281,Lead Data Scientist,Data Science,Data Science - Core,Technical Specialist,Band 5 - Lead,5,G5C,Exempt,Managers,137288,164603,191919,10,Yes,No,0,0,2,No,Aon Hewitt,65th Percentile,113,262,19,2025-11-14,JA-2026.1
JOB-2282,Product Analyst,Product,Product - Core,Individual Contributor,Band 1 - Entry,1,G1B,Non-Exempt,Administrative Support,42044,51786,61529,25,Yes,Yes,0,0,3,No,Culpepper,50th Percentile,336,369,22,2025-12-13,JA-2026.1
JOB-2283,Director Legal,Legal & Compliance,Legal & Compliance - Core,Management,Band 7 - Director,7,G7C,Exempt,Technicians,248366,307295,366225,20,Yes,Yes,4,17,4,Yes,Radford,65th Percentile,395,271,15,2025-12-09,JA-2026.1
JOB-2284,Director Finance,Finance,Finance - Specialist,Management,Band 5 - Lead,5,G5A,Exempt,Managers,152395,184491,216587,5,Yes,Yes,5,14,2,No,Culpepper,65th Percentile,128,58,12,2025-01-14,JA-2026.1
JOB-2285,CX Specialist,Customer Experience,Customer Experience - Operations,Individual Contributor,Band 1 - Entry,1,G1A,Exempt,Professionals,43981,51911,59842,15,No,No,0,0,4,No,Mercer,75th Percentile,345,367,5,2025-08-08,JA-2026.1
JOB-2286,Director HR,People & HR,People & HR - Core,Management,Band 7 - Director,7,G7B,Exempt,Technicians,268548,340235,411923,25,Yes,Hybrid,5,20,1,Yes,Aon Hewitt,65th Percentile,236,209,22,2025-03-19,JA-2026.1
JOB-2287,Senior Finance Manager,Finance,Finance - Core,Management,Band 4 - Senior,4,G4A,Exempt,Officials & Managers,103563,122959,142356,0,No,Yes,3,18,3,Yes,Willis Towers Watson,75th Percentile,325,19,17,2025-09-29,JA-2026.1
JOB-2288,VP Data & Analytics,Data Science,Data Science - Operations,Executive,Band 9 - SVP/C-Suite,9,G9C,Exempt,Officials & Managers,509446,810155,1110865,10,Yes,Yes,4,15,5,Yes,Radford,50th Percentile,81,60,16,2025-06-21,JA-2026.1
JOB-2289,CX Analyst,Customer Experience,Customer Experience - Specialist,Individual Contributor,Band 2 - Junior,2,G2B,Non-Exempt,Technicians,57921,71321,84722,40,Yes,Hybrid,0,0,5,Yes,Mercer,65th Percentile,156,369,19,2025-04-16,JA-2026.1
JOB-2290,Director Finance,Finance,Finance - Specialist,Management,Band 5 - Lead,5,G5A,Exempt,Managers,149424,177759,206095,5,Yes,Yes,5,14,2,No,Culpepper,65th Percentile,168,233,4,2025-01-14,JA-2026.1
JOB-2291,Chief Data Officer,Data Science,Data Science - Operations,Executive,Band 9 - SVP/C-Suite,9,G9C,Exempt,Professionals,477014,830542,1184071,20,Yes,Yes,5,14,3,Yes,Mercer,50th Percentile,293,92,25,2025-01-19,JA-2026.1
JOB-2292,Senior Data Analyst,Data Science,Data Science - Specialist,Individual Contributor,Band 2 - Junior,2,G2A,Non-Exempt,Administrative Support,60418,69371,78324,20,No,No,0,0,5,Yes,Willis Towers Watson,65th Percentile,342,250,20,2025-12-04,JA-2026.1
JOB-2293,Chief Data Officer,Data Science,Data Science - Operations,Executive,Band 9 - SVP/C-Suite,9,G9C,Exempt,Professionals,523054,867066,1211079,20,Yes,Yes,5,14,3,Yes,Mercer,50th Percentile,122,252,9,2025-01-19,JA-2026.1
JOB-2294,CFO,Finance,Finance - Operations,Executive,Band 8 - VP,8,G8B,Exempt,Officials & Managers,358361,449402,540444,30,Yes,No,5,13,6,Yes,Willis Towers Watson,50th Percentile,283,500,7,2025-02-02,JA-2026.1
JOB-2295,Senior Product Manager,Product,Product - Specialist,Management,Band 4 - Senior,4,G4A,Exempt,Professionals,115186,136033,156881,10,No,No,5,19,4,No,Mercer,65th Percentile,355,102,24,2025-11-12,JA-2026.1
JOB-2296,Senior Engineering Manager,Engineering,Engineering - Operations,Management,Band 7 - Director,7,G7B,Exempt,Technicians,266387,321394,376402,25,Yes,No,3,10,6,Yes,Culpepper,75th Percentile,5,428,0,2025-02-19,JA-2026.1
JOB-2297,Senior HR Manager,People & HR,People & HR - Core,Management,Band 6 - Principal,6,G6B,Exempt,Technicians,187965,241999,296033,10,Yes,Yes,5,20,5,No,Willis Towers Watson,50th Percentile,211,446,19,2025-02-07,JA-2026.1
JOB-2298,VP Engineering,Engineering,Engineering - Specialist,Executive,Band 9 - SVP/C-Suite,9,G9A,Exempt,Managers,494499,887650,1280801,10,Yes,Yes,5,8,5,Yes,Radford,65th Percentile,45,54,2,2025-06-22,JA-2026.1
JOB-2299,Product Operations Manager,Product,Product - Operations,Executive,Band 9 - SVP/C-Suite,9,G9B,Exempt,Professionals,527437,904352,1281267,40,Yes,Yes,6,11,1,Yes,Willis Towers Watson,65th Percentile,144,140,15,2025-06-10,JA-2026.1
JOB-2300,Senior Marketing Specialist,Marketing,Marketing - Core,Individual Contributor,Band 3 - Mid,3,G3A,Exempt,Professionals,82795,97945,113095,0,No,Hybrid,0,0,2,Yes,Willis Towers Watson,50th Percentile,200,281,8,2025-06-08,JA-2026.1
JOB-2301,FP&A Analyst,Finance,Finance - Operations,Executive,Band 9 - SVP/C-Suite,9,G9A,Exempt,Administrative Support,540019,844129,1148240,20,Yes,Yes,6,9,6,Yes,Radford,65th Percentile,21,32,1,2025-06-14,JA-2026.1
JOB-2302,Operations Manager,Operations,Operations - Core,Management,Band 3 - Mid,3,G3C,Exempt,Managers,83290,100593,117897,5,No,Yes,5,14,2,Yes,Radford,50th Percentile,294,430,2,2025-07-20,JA-2026.1
JOB-2303,Product Operations Manager,Product,Product - Operations,Executive,Band 9 - SVP/C-Suite,9,G9B,Exempt,Professionals,521310,865887,1210464,40,Yes,Yes,6,11,1,Yes,Willis Towers Watson,65th Percentile,308,69,6,2025-06-10,JA-2026.1
JOB-2304,Support Lead,Customer Experience,Customer Experience - Operations,Executive,Band 9 - SVP/C-Suite,9,G9B,Exempt,Officials & Managers,519631,863616,1207602,15,Yes,Yes,4,9,6,Yes,Radford,50th Percentile,315,37,7,2025-09-28,JA-2026.1
JOB-2305,Senior Account Executive,Sales,Sales - Core,Individual Contributor,Band 3 - Mid,3,G3B,Exempt,Managers,77541,91860,106180,40,No,Hybrid,0,0,3,No,Mercer,65th Percentile,294,169,11,2025-03-27,JA-2026.1
JOB-2306,Director CX,Customer Experience,Customer Experience - Operations,Management,Band 5 - Lead,5,G5B,Exempt,Managers,134707,159158,183609,5,Yes,Hybrid,4,19,3,No,Culpepper,50th Percentile,70,389,0,2025-04-13,JA-2026.1
JOB-2307,VP Marketing,Marketing,Marketing - Core,Management,Band 7 - Director,7,G7A,Exempt,Administrative Support,254156,322163,390171,30,Yes,Yes,3,13,6,Yes,Aon Hewitt,75th Percentile,39,412,19,2025-08-05,JA-2026.1
JOB-2308,Voice of Customer Analyst,Customer Experience,Customer Experience - Core,Executive,Band 9 - SVP/C-Suite,9,G9C,Exempt,Administrative Support,535878,850839,1165800,30,Yes,Hybrid,3,12,4,Yes,Mercer,75th Percentile,362,386,17,2025-11-04,JA-2026.1
JOB-2309,VP Product,Product,Product - Operations,Executive,Band 8 - VP,8,G8A,Exempt,Technicians,346531,463649,580767,30,Yes,No,5,12,6,Yes,Mercer,75th Percentile,342,309,6,2025-10-19,JA-2026.1
JOB-2310,Operations Specialist,Operations,Operations - Core,Individual Contributor,Band 2 - Junior,2,G2A,Non-Exempt,Administrative Support,62253,70572,78891,25,Yes,Yes,0,0,4,Yes,Radford,75th Percentile,153,96,2,2025-07-05,JA-2026.1
JOB-2311,Onboarding Specialist,Customer Experience,Customer Experience - Operations,Executive,Band 8 - VP,8,G8A,Exempt,Administrative Support,316414,408753,501092,40,Yes,No,5,19,5,Yes,Willis Towers Watson,75th Percentile,93,441,24,2025-08-26,JA-2026.1
JOB-2312,Product Operations Manager,Product,Product - Operations,Executive,Band 9 - SVP/C-Suite,9,G9B,Exempt,Professionals,499867,884573,1269280,40,Yes,Yes,6,11,1,Yes,Willis Towers Watson,65th Percentile,41,150,12,2025-06-10,JA-2026.1
JOB-2313,VP Customer Success,Customer Experience,Customer Experience - Core,Management,Band 6 - Principal,6,G6C,Exempt,Administrative Support,204256,226212,248168,25,Yes,Yes,6,9,3,No,Mercer,50th Percentile,120,335,23,2025-03-03,JA-2026.1
JOB-2314,VP Engineering,Engineering,Engineering - Specialist,Executive,Band 9 - SVP/C-Suite,9,G9A,Exempt,Managers,510453,909610,1308768,10,Yes,Yes,5,8,5,Yes,Radford,65th Percentile,359,272,12,2025-06-22,JA-2026.1
JOB-2315,HR Manager,People & HR,People & HR - Core,Management,Band 5 - Lead,5,G5B,Exempt,Professionals,133922,175994,218067,15,Yes,No,3,10,2,No,Willis Towers Watson,65th Percentile,182,426,6,2025-07-23,JA-2026.1
JOB-2316,Chief Customer Officer,Customer Experience,Customer Experience - Core,Individual Contributor,Band 7 - Director,7,G7A,Exempt,Technicians,265959,335098,404237,10,Yes,No,0,0,1,Yes,Culpepper,65th Percentile,186,441,22,2025-09-22,JA-2026.1
JOB-2317,Paralegal,Legal & Compliance,Legal & Compliance - Specialist,Individual Contributor,Band 2 - Junior,2,G2C,Non-Exempt,Technicians,55924,71515,87107,15,No,Hybrid,0,0,2,Yes,Aon Hewitt,75th Percentile,89,405,13,2025-05-23,JA-2026.1
JOB-2318,Director of Analytics,Data Science,Data Science - Core,Executive,Band 8 - VP,8,G8B,Exempt,Officials & Managers,384545,476196,567848,30,Yes,Yes,5,12,2,Yes,Willis Towers Watson,65th Percentile,366,223,17,2025-09-03,JA-2026.1
JOB-2319,Director Legal,Legal & Compliance,Legal & Compliance - Core,Management,Band 7 - Director,7,G7C,Exempt,Technicians,260914,325913,390912,20,Yes,Yes,4,17,4,Yes,Radford,65th Percentile,26,373,22,2025-12-09,JA-2026.1
JOB-2320,Senior Operations Manager,Operations,Operations - Specialist,Management,Band 4 - Senior,4,G4C,Exempt,Administrative Support,106314,126371,146428,30,No,No,5,9,2,No,Mercer,50th Percentile,50,21,25,2025-01-03,JA-2026.1
JOB-2321,Finance Manager,Finance,Finance - Core,Management,Band 3 - Mid,3,G3A,Exempt,Technicians,82444,96119,109795,15,No,No,3,11,3,No,Culpepper,65th Percentile,26,113,3,2025-11-18,JA-2026.1
JOB-2322,Senior Data Analyst,Data Science,Data Science - Specialist,Individual Contributor,Band 2 - Junior,2,G2A,Non-Exempt,Administrative Support,55144,67386,79628,20,No,No,0,0,5,Yes,Willis Towers Watson,65th Percentile,224,88,1,2025-12-04,JA-2026.1
JOB-2323,Senior Sales Manager,Sales,Sales - Core,Management,Band 5 - Lead,5,G5B,Exempt,Professionals,157351,170120,182889,20,Yes,Yes,5,9,1,No,Willis Towers Watson,75th Percentile,287,9,14,2025-07-10,JA-2026.1
JOB-2324,VP Marketing,Marketing,Marketing - Core,Management,Band 7 - Director,7,G7A,Exempt,Administrative Support,257844,323191,388538,30,Yes,Yes,3,13,6,Yes,Aon Hewitt,75th Percentile,294,6,12,2025-08-05,JA-2026.1
JOB-2325,Operations Specialist,Operations,Operations - Core,Individual Contributor,Band 2 - Junior,2,G2A,Non-Exempt,Administrative Support,54247,72012,89777,25,Yes,Yes,0,0,4,Yes,Radford,75th Percentile,90,134,7,2025-07-05,JA-2026.1
JOB-2326,VP Marketing,Marketing,Marketing - Core,Management,Band 7 - Director,7,G7A,Exempt,Administrative Support,231765,323604,415444,30,Yes,Yes,3,13,6,Yes,Aon Hewitt,75th Percentile,325,327,19,2025-08-05,JA-2026.1
JOB-2327,Product Analyst,Product,Product - Core,Individual Contributor,Band 1 - Entry,1,G1B,Non-Exempt,Administrative Support,47793,58538,69283,25,Yes,Yes,0,0,3,No,Culpepper,50th Percentile,213,121,10,2025-12-13,JA-2026.1
JOB-2328,Onboarding Specialist,Customer Experience,Customer Experience - Operations,Executive,Band 8 - VP,8,G8A,Exempt,Administrative Support,348240,459945,571651,40,Yes,No,5,19,5,Yes,Willis Towers Watson,75th Percentile,233,92,2,2025-08-26,JA-2026.1
JOB-2329,VP Customer Success,Customer Experience,Customer Experience - Core,Management,Band 6 - Principal,6,G6C,Exempt,Administrative Support,172547,215812,259077,25,Yes,Yes,6,9,3,No,Mercer,50th Percentile,352,29,21,2025-03-03,JA-2026.1
JOB-2330,Senior HRBP,People & HR,People & HR - Core,Individual Contributor,Band 3 - Mid,3,G3A,Exempt,Administrative Support,81125,103640,126156,30,Yes,Hybrid,0,0,6,Yes,Culpepper,75th Percentile,318,496,11,2025-01-28,JA-2026.1
JOB-2331,Senior Finance Manager,Finance,Finance - Core,Management,Band 4 - Senior,4,G4A,Exempt,Officials & Managers,117858,138523,159189,0,No,Yes,3,18,3,Yes,Willis Towers Watson,75th Percentile,269,203,19,2025-09-29,JA-2026.1
JOB-2332,Account Executive,Sales,Sales - Core,Individual Contributor,Band 2 - Junior,2,G2B,Non-Exempt,Professionals,61867,69602,77338,0,Yes,Yes,0,0,2,Yes,Culpepper,50th Percentile,109,150,3,2025-01-04,JA-2026.1
JOB-2333,Process Improvement Specialist,Operations,Operations - Operations,Executive,Band 9 - SVP/C-Suite,9,G9B,Exempt,Managers,531435,900127,1268819,0,Yes,Yes,5,8,6,Yes,Radford,75th Percentile,356,287,21,2025-07-10,JA-2026.1
JOB-2334,Software Engineer,Engineering,Engineering - Specialist,Individual Contributor,Band 1 - Entry,1,G1A,Non-Exempt,Administrative Support,47393,53984,60576,10,Yes,Yes,0,0,2,Yes,Willis Towers Watson,75th Percentile,13,39,23,2025-12-25,JA-2026.1
JOB-2335,VP Customer Success,Customer Experience,Customer Experience - Core,Management,Band 6 - Principal,6,G6C,Exempt,Administrative Support,192931,243739,294548,25,Yes,Yes,6,9,3,No,Mercer,50th Percentile,232,405,24,2025-03-03,JA-2026.1
JOB-2336,VP Engineering,Engineering,Engineering - Specialist,Executive,Band 9 - SVP/C-Suite,9,G9A,Exempt,Managers,464374,793182,1121990,10,Yes,Yes,5,8,5,Yes,Radford,65th Percentile,146,320,8,2025-06-22,JA-2026.1
JOB-2337,Paralegal,Legal & Compliance,Legal & Compliance - Specialist,Individual Contributor,Band 2 - Junior,2,G2C,Non-Exempt,Technicians,59319,72836,86354,15,No,Hybrid,0,0,2,Yes,Aon Hewitt,75th Percentile,268,303,24,2025-05-23,JA-2026.1
JOB-2338,VP Legal,Legal & Compliance,Legal & Compliance - Specialist,Executive,Band 8 - VP,8,G8B,Exempt,Professionals,331523,415590,499657,10,Yes,Yes,3,9,4,Yes,Mercer,75th Percentile,232,103,14,2025-10-19,JA-2026.1
JOB-2339,Senior Finance Manager,Finance,Finance - Core,Management,Band 4 - Senior,4,G4A,Exempt,Officials & Managers,113511,139886,166262,0,No,Yes,3,18,3,Yes,Willis Towers Watson,75th Percentile,94,418,24,2025-09-29,JA-2026.1
JOB-2340,Senior Finance Manager,Finance,Finance - Core,Management,Band 4 - Senior,4,G4A,Exempt,Officials & Managers,117585,140730,163875,0,No,Yes,3,18,3,Yes,Willis Towers Watson,75th Percentile,337,348,22,2025-09-29,JA-2026.1
JOB-2341,Director Legal,Legal & Compliance,Legal & Compliance - Core,Management,Band 7 - Director,7,G7C,Exempt,Technicians,232967,301995,371024,20,Yes,Yes,4,17,4,Yes,Radford,65th Percentile,259,167,22,2025-12-09,JA-2026.1
JOB-2342,VP Engineering,Engineering,Engineering - Specialist,Executive,Band 9 - SVP/C-Suite,9,G9A,Exempt,Managers,507255,803713,1100172,10,Yes,Yes,5,8,5,Yes,Radford,65th Percentile,232,68,15,2025-06-22,JA-2026.1
JOB-2343,Marketing Specialist,Marketing,Marketing - Operations,Individual Contributor,Band 2 - Junior,2,G2A,Exempt,Professionals,59693,68454,77216,5,Yes,No,0,0,2,No,Culpepper,75th Percentile,226,416,12,2025-06-14,JA-2026.1
JOB-2344,Process Improvement Specialist,Operations,Operations - Operations,Executive,Band 9 - SVP/C-Suite,9,G9B,Exempt,Managers,474290,820925,1167560,0,Yes,Yes,5,8,6,Yes,Radford,75th Percentile,389,66,7,2025-07-10,JA-2026.1
JOB-2345,Director Sales,Sales,Sales - Specialist,Management,Band 6 - Principal,6,G6B,Exempt,Administrative Support,188934,221217,253501,25,Yes,Hybrid,5,19,3,No,Mercer,75th Percentile,92,128,13,2025-06-08,JA-2026.1
JOB-2346,Director of Engineering,Engineering,Engineering - Core,Executive,Band 8 - VP,8,G8A,Exempt,Managers,333798,444529,555260,10,Yes,Yes,6,10,2,Yes,Culpepper,65th Percentile,315,498,6,2025-04-30,JA-2026.1
JOB-2347,CX Analyst,Customer Experience,Customer Experience - Specialist,Individual Contributor,Band 2 - Junior,2,G2B,Non-Exempt,Technicians,65180,75124,85069,40,Yes,Hybrid,0,0,5,Yes,Mercer,65th Percentile,33,88,20,2025-04-16,JA-2026.1
JOB-2348,Senior Software Engineer,Engineering,Engineering - Operations,Individual Contributor,Band 2 - Junior,2,G2B,Exempt,Technicians,64342,76492,88643,30,Yes,Hybrid,0,0,4,Yes,Mercer,65th Percentile,356,275,3,2025-10-18,JA-2026.1
JOB-2349,Data Scientist,Data Science,Data Science - Operations,Individual Contributor,Band 3 - Mid,3,G3A,Exempt,Managers,76769,99799,122829,30,No,Yes,0,0,4,No,Mercer,65th Percentile,272,43,16,2025-06-01,JA-2026.1
JOB-2350,Senior Data Analyst,Data Science,Data Science - Specialist,Individual Contributor,Band 2 - Junior,2,G2A,Non-Exempt,Administrative Support,57765,72912,88060,20,No,No,0,0,5,Yes,Willis Towers Watson,65th Percentile,304,454,21,2025-12-04,JA-2026.1
JOB-2351,Compliance Analyst,Legal & Compliance,Legal & Compliance - Operations,Individual Contributor,Band 3 - Mid,3,G3B,Exempt,Officials & Managers,84419,99931,115444,10,Yes,Hybrid,0,0,1,No,Willis Towers Watson,50th Percentile,12,177,20,2025-07-13,JA-2026.1
JOB-2352,Supply Chain Analyst,Operations,Operations - Specialist,Executive,Band 8 - VP,8,G8A,Exempt,Managers,365901,476196,586491,10,Yes,Hybrid,3,9,1,Yes,Mercer,75th Percentile,162,433,22,2025-04-14,JA-2026.1
JOB-2353,CFO,Finance,Finance - Operations,Executive,Band 8 - VP,8,G8B,Exempt,Officials & Managers,316313,457325,598338,30,Yes,No,5,13,6,Yes,Willis Towers Watson,50th Percentile,146,35,12,2025-02-02,JA-2026.1
JOB-2354,VP People,People & HR,People & HR - Operations,Executive,Band 8 - VP,8,G8C,Exempt,Professionals,371251,484256,597261,20,Yes,No,6,16,6,Yes,Mercer,50th Percentile,65,454,23,2025-04-19,JA-2026.1
JOB-2355,Senior Account Executive,Sales,Sales - Core,Individual Contributor,Band 3 - Mid,3,G3B,Exempt,Managers,72495,94211,115927,40,No,Hybrid,0,0,3,No,Mercer,65th Percentile,192,33,1,2025-03-27,JA-2026.1
JOB-2356,Growth Analyst,Marketing,Marketing - Specialist,Executive,Band 9 - SVP/C-Suite,9,G9C,Exempt,Managers,456247,841112,1225978,40,Yes,Hybrid,4,13,2,Yes,Radford,75th Percentile,4,462,25,2025-12-11,JA-2026.1
JOB-2357,VP Operations,Operations,Operations - Operations,Management,Band 6 - Principal,6,G6A,Exempt,Administrative Support,195581,227704,259828,20,Yes,Yes,4,14,5,Yes,Willis Towers Watson,65th Percentile,82,483,0,2025-06-26,JA-2026.1
JOB-2358,Senior CX Manager,Customer Experience,Customer Experience - Core,Management,Band 4 - Senior,4,G4A,Exempt,Professionals,118203,129126,140049,0,No,Hybrid,5,10,4,No,Culpepper,50th Percentile,255,482,13,2025-04-11,JA-2026.1
JOB-2359,Operations Specialist,Operations,Operations - Core,Individual Contributor,Band 2 - Junior,2,G2A,Non-Exempt,Administrative Support,56846,67351,77856,25,Yes,Yes,0,0,4,Yes,Radford,75th Percentile,160,373,6,2025-07-05,JA-2026.1
JOB-2360,Marketing Specialist,Marketing,Marketing - Operations,Individual Contributor,Band 2 - Junior,2,G2A,Exempt,Professionals,54245,72481,90718,5,Yes,No,0,0,2,No,Culpepper,75th Percentile,165,78,3,2025-06-14,JA-2026.1
JOB-2361,Principal PM,Product,Product - Core,Technical Specialist,Band 5 - Lead,5,G5C,Exempt,Officials & Managers,155403,185444,215486,10,Yes,No,0,0,2,Yes,Aon Hewitt,65th Percentile,367,404,20,2025-06-11,JA-2026.1
JOB-2362,Director Finance,Finance,Finance - Specialist,Management,Band 5 - Lead,5,G5A,Exempt,Managers,153770,177954,202139,5,Yes,Yes,5,14,2,No,Culpepper,65th Percentile,104,474,6,2025-01-14,JA-2026.1
JOB-2363,HR Business Partner,People & HR,People & HR - Operations,Individual Contributor,Band 2 - Junior,2,G2B,Non-Exempt,Professionals,63567,78141,92716,15,Yes,Hybrid,0,0,6,Yes,Radford,75th Percentile,245,429,16,2025-10-07,JA-2026.1
JOB-2364,Onboarding Specialist,Customer Experience,Customer Experience - Operations,Executive,Band 8 - VP,8,G8A,Exempt,Administrative Support,337340,447167,556995,40,Yes,No,5,19,5,Yes,Willis Towers Watson,75th Percentile,295,262,19,2025-08-26,JA-2026.1
JOB-2365,COO,Operations,Operations - Core,Individual Contributor,Band 7 - Director,7,G7B,Exempt,Technicians,241427,311739,382051,40,Yes,Yes,0,0,4,Yes,Willis Towers Watson,50th Percentile,246,462,25,2025-03-06,JA-2026.1
JOB-2366,Compliance Manager,Legal & Compliance,Legal & Compliance - Core,Management,Band 4 - Senior,4,G4C,Exempt,Administrative Support,109055,126014,142974,20,Yes,Yes,6,20,5,Yes,Culpepper,65th Percentile,246,480,6,2025-01-13,JA-2026.1
JOB-2367,Support Lead,Customer Experience,Customer Experience - Operations,Executive,Band 9 - SVP/C-Suite,9,G9B,Exempt,Officials & Managers,521304,886511,1251718,15,Yes,Yes,4,9,6,Yes,Radford,50th Percentile,274,31,1,2025-09-28,JA-2026.1
JOB-2368,Talent Acquisition Specialist,People & HR,People & HR - Core,Executive,Band 9 - SVP/C-Suite,9,G9B,Exempt,Technicians,480070,842069,1204068,30,Yes,Yes,3,18,1,Yes,Culpepper,65th Percentile,352,381,12,2025-03-26,JA-2026.1
JOB-2369,Principal Data Scientist,Data Science,Data Science - Operations,Technical Specialist,Band 6 - Principal,6,G6C,Exempt,Managers,203546,246983,290421,15,Yes,Yes,0,0,1,No,Radford,75th Percentile,130,117,25,2025-06-03,JA-2026.1
JOB-2370,Director Marketing,Marketing,Marketing - Specialist,Management,Band 6 - Principal,6,G6C,Exempt,Technicians,185661,228740,271820,40,Yes,Hybrid,4,11,3,Yes,Culpepper,50th Percentile,111,433,10,2025-09-22,JA-2026.1
JOB-2371,CX Specialist,Customer Experience,Customer Experience - Operations,Individual Contributor,Band 1 - Entry,1,G1A,Exempt,Professionals,44827,58092,71358,15,No,No,0,0,4,No,Mercer,75th Percentile,159,186,7,2025-08-08,JA-2026.1
JOB-2372,Director Product,Product,Product - Core,Management,Band 7 - Director,7,G7B,Exempt,Professionals,226046,321003,415960,10,Yes,Yes,3,9,6,Yes,Aon Hewitt,65th Percentile,163,456,9,2025-06-23,JA-2026.1
JOB-2373,Senior Product Manager,Product,Product - Specialist,Management,Band 4 - Senior,4,G4A,Exempt,Professionals,106328,125575,144822,10,No,No,5,19,4,No,Mercer,65th Percentile,205,193,22,2025-11-12,JA-2026.1
JOB-2374,VP Engineering,Engineering,Engineering - Specialist,Executive,Band 9 - SVP/C-Suite,9,G9A,Exempt,Managers,477872,821023,1164175,10,Yes,Yes,5,8,5,Yes,Radford,65th Percentile,396,378,12,2025-06-22,JA-2026.1
JOB-2375,Senior Counsel,Legal & Compliance,Legal & Compliance - Core,Individual Contributor,Band 6 - Principal,6,G6B,Exempt,Administrative Support,183028,224671,266315,25,Yes,Yes,0,0,3,No,Radford,75th Percentile,199,306,13,2025-03-03,JA-2026.1
JOB-2376,CFO,Finance,Finance - Operations,Executive,Band 8 - VP,8,G8B,Exempt,Officials & Managers,346702,433491,520281,30,Yes,No,5,13,6,Yes,Willis Towers Watson,50th Percentile,377,156,18,2025-02-02,JA-2026.1
JOB-2377,CMO,Marketing,Marketing - Core,Executive,Band 8 - VP,8,G8B,Exempt,Officials & Managers,375511,447487,519463,5,Yes,Yes,3,11,1,Yes,Mercer,65th Percentile,63,10,3,2025-05-13,JA-2026.1
JOB-2378,Director of Engineering,Engineering,Engineering - Core,Executive,Band 8 - VP,8,G8A,Exempt,Managers,378537,463600,548664,10,Yes,Yes,6,10,2,Yes,Culpepper,65th Percentile,301,204,13,2025-04-30,JA-2026.1
JOB-2379,Brand Strategist,Marketing,Marketing - Operations,Executive,Band 9 - SVP/C-Suite,9,G9B,Exempt,Technicians,462670,879953,1297236,15,Yes,Yes,3,13,1,Yes,Mercer,65th Percentile,236,143,11,2025-01-22,JA-2026.1
JOB-2380,Associate Product Manager,Product,Product - Core,Management,Band 2 - Junior,2,G2C,Non-Exempt,Managers,65622,79433,93244,40,Yes,No,6,19,3,No,Aon Hewitt,50th Percentile,121,80,22,2025-01-16,JA-2026.1
JOB-2381,Sales Engineer,Sales,Sales - Operations,Executive,Band 9 - SVP/C-Suite,9,G9A,Exempt,Technicians,462599,843370,1224142,0,Yes,Yes,4,8,3,Yes,Willis Towers Watson,65th Percentile,399,428,13,2025-05-28,JA-2026.1
JOB-2382,Lead Data Scientist,Data Science,Data Science - Core,Technical Specialist,Band 5 - Lead,5,G5C,Exempt,Managers,154747,182750,210753,10,Yes,No,0,0,2,No,Aon Hewitt,65th Percentile,312,104,20,2025-11-14,JA-2026.1
JOB-2383,Sales Manager,Sales,Sales - Operations,Management,Band 4 - Senior,4,G4A,Exempt,Technicians,120263,138802,157342,30,No,Hybrid,5,10,6,No,Willis Towers Watson,75th Percentile,154,341,9,2025-09-11,JA-2026.1
JOB-2384,Senior Software Engineer,Engineering,Engineering - Operations,Individual Contributor,Band 2 - Junior,2,G2B,Exempt,Technicians,60813,76460,92107,30,Yes,Hybrid,0,0,4,Yes,Mercer,65th Percentile,4,343,10,2025-10-18,JA-2026.1
JOB-2385,Senior HR Manager,People & HR,People & HR - Core,Management,Band 6 - Principal,6,G6B,Exempt,Technicians,204143,234969,265795,10,Yes,Yes,5,20,5,No,Willis Towers Watson,50th Percentile,355,356,14,2025-02-07,JA-2026.1
JOB-2386,VP Sales,Sales,Sales - Operations,Management,Band 7 - Director,7,G7A,Exempt,Professionals,242157,325199,408241,40,Yes,Yes,3,18,2,Yes,Radford,65th Percentile,124,170,13,2025-05-06,JA-2026.1
JOB-2387,VP Product,Product,Product - Operations,Executive,Band 8 - VP,8,G8A,Exempt,Technicians,322667,463218,603769,30,Yes,No,5,12,6,Yes,Mercer,75th Percentile,38,422,21,2025-10-19,JA-2026.1
JOB-2388,Chief Data Officer,Data Science,Data Science - Operations,Executive,Band 9 - SVP/C-Suite,9,G9C,Exempt,Professionals,522536,915222,1307909,20,Yes,Yes,5,14,3,Yes,Mercer,50th Percentile,307,385,12,2025-01-19,JA-2026.1
JOB-2389,Senior Data Scientist,Data Science,Data Science - Core,Individual Contributor,Band 4 - Senior,4,G4C,Exempt,Technicians,116148,140072,163996,20,No,Yes,0,0,4,No,Aon Hewitt,50th Percentile,366,53,10,2025-04-14,JA-2026.1
JOB-2390,Senior Data Analyst,Data Science,Data Science - Specialist,Individual Contributor,Band 2 - Junior,2,G2A,Non-Exempt,Administrative Support,55945,74085,92226,20,No,No,0,0,5,Yes,Willis Towers Watson,65th Percentile,96,356,8,2025-12-04,JA-2026.1
JOB-2391,Support Lead,Customer Experience,Customer Experience - Operations,Executive,Band 9 - SVP/C-Suite,9,G9B,Exempt,Officials & Managers,531715,865431,1199147,15,Yes,Yes,4,9,6,Yes,Radford,50th Percentile,384,206,19,2025-09-28,JA-2026.1
JOB-2392,Chief Data Officer,Data Science,Data Science - Operations,Executive,Band 9 - SVP/C-Suite,9,G9C,Exempt,Professionals,527314,817624,1107935,20,Yes,Yes,5,14,3,Yes,Mercer,50th Percentile,281,210,19,2025-01-19,JA-2026.1
JOB-2393,Director Product,Product,Product - Core,Management,Band 7 - Director,7,G7B,Exempt,Professionals,251010,305511,360013,10,Yes,Yes,3,9,6,Yes,Aon Hewitt,65th Percentile,266,307,19,2025-06-23,JA-2026.1
JOB-2394,CFO,Finance,Finance - Operations,Executive,Band 8 - VP,8,G8B,Exempt,Officials & Managers,316304,431392,546481,30,Yes,No,5,13,6,Yes,Willis Towers Watson,50th Percentile,297,342,25,2025-02-02,JA-2026.1
JOB-2395,COO,Operations,Operations - Core,Individual Contributor,Band 7 - Director,7,G7B,Exempt,Technicians,262306,303885,345465,40,Yes,Yes,0,0,4,Yes,Willis Towers Watson,50th Percentile,27,107,11,2025-03-06,JA-2026.1
JOB-2396,Account Executive,Sales,Sales - Core,Individual Contributor,Band 2 - Junior,2,G2B,Non-Exempt,Professionals,61552,73725,85899,0,Yes,Yes,0,0,2,Yes,Culpepper,50th Percentile,90,227,18,2025-01-04,JA-2026.1
JOB-2397,Privacy Officer,Legal & Compliance,Legal & Compliance - Core,Executive,Band 9 - SVP/C-Suite,9,G9B,Exempt,Technicians,540083,871223,1202364,20,Yes,No,4,16,6,Yes,Willis Towers Watson,75th Percentile,343,254,22,2025-03-29,JA-2026.1
JOB-2398,Director HR,People & HR,People & HR - Core,Management,Band 7 - Director,7,G7B,Exempt,Technicians,230225,295052,359879,25,Yes,Hybrid,5,20,1,Yes,Aon Hewitt,65th Percentile,89,62,5,2025-03-19,JA-2026.1
JOB-2399,Software Engineer,Engineering,Engineering - Specialist,Individual Contributor,Band 1 - Entry,1,G1A,Non-Exempt,Administrative Support,45693,54137,62582,10,Yes,Yes,0,0,2,Yes,Willis Towers Watson,75th Percentile,176,310,12,2025-12-25,JA-2026.1
JOB-2400,Compliance Manager,Legal & Compliance,Legal & Compliance - Core,Management,Band 4 - Senior,4,G4C,Exempt,Administrative Support,110263,133247,156231,20,Yes,Yes,6,20,5,Yes,Culpepper,65th Percentile,63,37,19,2025-01-13,JA-2026.1
JOB-2401,CFO,Finance,Finance - Operations,Executive,Band 8 - VP,8,G8B,Exempt,Officials & Managers,324510,425499,526488,30,Yes,No,5,13,6,Yes,Willis Towers Watson,50th Percentile,171,326,4,2025-02-02,JA-2026.1
JOB-2402,Sales Manager,Sales,Sales - Operations,Management,Band 4 - Senior,4,G4A,Exempt,Technicians,107422,136097,164772,30,No,Hybrid,5,10,6,No,Willis Towers Watson,75th Percentile,140,251,3,2025-09-11,JA-2026.1
JOB-2403,Senior Software Engineer,Engineering,Engineering - Operations,Individual Contributor,Band 2 - Junior,2,G2B,Exempt,Technicians,59374,76087,92801,30,Yes,Hybrid,0,0,4,Yes,Mercer,65th Percentile,261,344,5,2025-10-18,JA-2026.1
JOB-2404,Controller,Finance,Finance - Core,Executive,Band 9 - SVP/C-Suite,9,G9A,Exempt,Managers,501006,901507,1302009,25,Yes,Yes,5,12,5,Yes,Culpepper,50th Percentile,10,146,0,2025-08-16,JA-2026.1
JOB-2405,Senior Data Scientist,Data Science,Data Science - Core,Individual Contributor,Band 4 - Senior,4,G4C,Exempt,Technicians,102218,126162,150106,20,No,Yes,0,0,4,No,Aon Hewitt,50th Percentile,144,368,9,2025-04-14,JA-2026.1
JOB-2406,Chief Product Officer,Product,Product - Specialist,Executive,Band 9 - SVP/C-Suite,9,G9C,Exempt,Technicians,527254,896344,1265434,40,Yes,No,6,10,4,Yes,Culpepper,65th Percentile,9,197,5,2025-08-17,JA-2026.1
JOB-2407,Director CX,Customer Experience,Customer Experience - Operations,Management,Band 5 - Lead,5,G5B,Exempt,Managers,154541,173088,191635,5,Yes,Hybrid,4,19,3,No,Culpepper,50th Percentile,291,18,6,2025-04-13,JA-2026.1
JOB-2408,Senior Marketing Specialist,Marketing,Marketing - Core,Individual Contributor,Band 3 - Mid,3,G3A,Exempt,Professionals,85810,96088,106366,0,No,Hybrid,0,0,2,Yes,Willis Towers Watson,50th Percentile,97,44,9,2025-06-08,JA-2026.1
JOB-2409,Analytics Manager,Data Science,Data Science - Specialist,Management,Band 7 - Director,7,G7C,Exempt,Administrative Support,257069,318793,380517,20,Yes,Yes,3,20,4,Yes,Aon Hewitt,50th Percentile,38,319,22,2025-03-07,JA-2026.1
JOB-2410,Marketing Manager,Marketing,Marketing - Core,Management,Band 4 - Senior,4,G4B,Exempt,Officials & Managers,114127,140972,167818,5,Yes,Hybrid,5,12,6,Yes,Willis Towers Watson,75th Percentile,89,437,5,2025-11-06,JA-2026.1
JOB-2411,Associate Product Manager,Product,Product - Core,Management,Band 2 - Junior,2,G2C,Non-Exempt,Managers,60738,70399,80060,40,Yes,No,6,19,3,No,Aon Hewitt,50th Percentile,218,134,3,2025-01-16,JA-2026.1
JOB-2412,Director Marketing,Marketing,Marketing - Specialist,Management,Band 6 - Principal,6,G6C,Exempt,Technicians,193061,228192,263324,40,Yes,Hybrid,4,11,3,Yes,Culpepper,50th Percentile,301,494,5,2025-09-22,JA-2026.1
JOB-2413,Senior Account Executive,Sales,Sales - Core,Individual Contributor,Band 3 - Mid,3,G3B,Exempt,Managers,78258,100395,122532,40,No,Hybrid,0,0,3,No,Mercer,65th Percentile,149,367,10,2025-03-27,JA-2026.1
JOB-2414,Compliance Analyst,Legal & Compliance,Legal & Compliance - Operations,Individual Contributor,Band 3 - Mid,3,G3B,Exempt,Officials & Managers,73013,95648,118284,10,Yes,Hybrid,0,0,1,No,Willis Towers Watson,50th Percentile,112,399,21,2025-07-13,JA-2026.1
JOB-2415,VP Marketing,Marketing,Marketing - Core,Management,Band 7 - Director,7,G7A,Exempt,Administrative Support,227267,300523,373780,30,Yes,Yes,3,13,6,Yes,Aon Hewitt,75th Percentile,182,302,2,2025-08-05,JA-2026.1
JOB-2416,Group PM,Product,Product - Specialist,Individual Contributor,Band 6 - Principal,6,G6A,Exempt,Professionals,182919,213784,244649,5,Yes,Yes,0,0,6,Yes,Aon Hewitt,50th Percentile,81,302,1,2025-07-28,JA-2026.1
JOB-2417,Distinguished Engineer,Engineering,Engineering - Operations,Technical Specialist,Band 5 - Lead,5,G5C,Exempt,Technicians,154463,183478,212494,0,Yes,Yes,0,0,1,Yes,Aon Hewitt,75th Percentile,357,377,13,2025-08-06,JA-2026.1
JOB-2418,COO,Operations,Operations - Core,Individual Contributor,Band 7 - Director,7,G7B,Exempt,Technicians,268067,320719,373372,40,Yes,Yes,0,0,4,Yes,Willis Towers Watson,50th Percentile,6,183,16,2025-03-06,JA-2026.1
JOB-2419,VP Customer Success,Customer Experience,Customer Experience - Core,Management,Band 6 - Principal,6,G6C,Exempt,Administrative Support,204883,246436,287990,25,Yes,Yes,6,9,3,No,Mercer,50th Percentile,326,376,23,2025-03-03,JA-2026.1
JOB-2420,VP Product,Product,Product - Operations,Executive,Band 8 - VP,8,G8A,Exempt,Technicians,377026,471570,566115,30,Yes,No,5,12,6,Yes,Mercer,75th Percentile,189,162,13,2025-10-19,JA-2026.1
JOB-2421,COO,Operations,Operations - Core,Individual Contributor,Band 7 - Director,7,G7B,Exempt,Technicians,227541,315170,402799,40,Yes,Yes,0,0,4,Yes,Willis Towers Watson,50th Percentile,58,48,19,2025-03-06,JA-2026.1
JOB-2422,COO,Operations,Operations - Core,Individual Contributor,Band 7 - Director,7,G7B,Exempt,Technicians,260498,322857,385217,40,Yes,Yes,0,0,4,Yes,Willis Towers Watson,50th Percentile,231,73,9,2025-03-06,JA-2026.1
JOB-2423,Onboarding Specialist,Customer Experience,Customer Experience - Operations,Executive,Band 8 - VP,8,G8A,Exempt,Administrative Support,364298,442062,519826,40,Yes,No,5,19,5,Yes,Willis Towers Watson,75th Percentile,25,37,7,2025-08-26,JA-2026.1
JOB-2424,Senior Account Executive,Sales,Sales - Core,Individual Contributor,Band 3 - Mid,3,G3B,Exempt,Managers,79037,96351,113665,40,No,Hybrid,0,0,3,No,Mercer,65th Percentile,257,410,11,2025-03-27,JA-2026.1
JOB-2425,VP People,People & HR,People & HR - Operations,Executive,Band 8 - VP,8,G8C,Exempt,Professionals,343745,433728,523711,20,Yes,No,6,16,6,Yes,Mercer,50th Percentile,160,426,18,2025-04-19,JA-2026.1
JOB-2426,Product Analyst,Product,Product - Core,Individual Contributor,Band 1 - Entry,1,G1B,Non-Exempt,Administrative Support,44134,54713,65292,25,Yes,Yes,0,0,3,No,Culpepper,50th Percentile,113,273,20,2025-12-13,JA-2026.1
JOB-2427,Data Scientist,Data Science,Data Science - Operations,Individual Contributor,Band 3 - Mid,3,G3A,Exempt,Managers,78920,95211,111503,30,No,Yes,0,0,4,No,Mercer,65th Percentile,83,337,14,2025-06-01,JA-2026.1
JOB-2428,Senior Finance Manager,Finance,Finance - Core,Management,Band 4 - Senior,4,G4A,Exempt,Officials & Managers,105546,129967,154389,0,No,Yes,3,18,3,Yes,Willis Towers Watson,75th Percentile,107,403,20,2025-09-29,JA-2026.1
JOB-2429,Legal Coordinator,Legal & Compliance,Legal & Compliance - Operations,Individual Contributor,Band 1 - Entry,1,G1C,Exempt,Managers,40771,52302,63833,25,Yes,Yes,0,0,6,No,Willis Towers Watson,75th Percentile,274,210,22,2025-03-28,JA-2026.1
JOB-2430,Distinguished Engineer,Engineering,Engineering - Operations,Technical Specialist,Band 5 - Lead,5,G5C,Exempt,Technicians,137042,166155,195268,0,Yes,Yes,0,0,1,Yes,Aon Hewitt,75th Percentile,63,103,20,2025-08-06,JA-2026.1
JOB-2431,Director Legal,Legal & Compliance,Legal & Compliance - Core,Management,Band 7 - Director,7,G7C,Exempt,Technicians,265794,338114,410434,20,Yes,Yes,4,17,4,Yes,Radford,65th Percentile,359,221,14,2025-12-09,JA-2026.1
JOB-2432,General Counsel,Legal & Compliance,Legal & Compliance - Specialist,Executive,Band 9 - SVP/C-Suite,9,G9B,Exempt,Professionals,489616,880233,1270851,5,Yes,Yes,5,20,4,Yes,Mercer,50th Percentile,132,250,0,2025-02-09,JA-2026.1
JOB-2433,Senior Engineering Manager,Engineering,Engineering - Operations,Management,Band 7 - Director,7,G7B,Exempt,Technicians,226490,289369,352249,25,Yes,No,3,10,6,Yes,Culpepper,75th Percentile,229,382,15,2025-02-19,JA-2026.1
JOB-2434,Senior Marketing Specialist,Marketing,Marketing - Core,Individual Contributor,Band 3 - Mid,3,G3A,Exempt,Professionals,84325,100452,116579,0,No,Hybrid,0,0,2,Yes,Willis Towers Watson,50th Percentile,293,26,25,2025-06-08,JA-2026.1
JOB-2435,Senior Financial Analyst,Finance,Finance - Operations,Individual Contributor,Band 2 - Junior,2,G2A,Non-Exempt,Technicians,58734,69436,80139,10,No,Yes,0,0,2,No,Mercer,75th Percentile,29,111,12,2025-10-06,JA-2026.1
JOB-2436,Senior Account Executive,Sales,Sales - Core,Individual Contributor,Band 3 - Mid,3,G3B,Exempt,Managers,72940,91655,110370,40,No,Hybrid,0,0,3,No,Mercer,65th Percentile,133,433,4,2025-03-27,JA-2026.1
JOB-2437,Senior Financial Analyst,Finance,Finance - Operations,Individual Contributor,Band 2 - Junior,2,G2A,Non-Exempt,Technicians,59451,74168,88885,10,No,Yes,0,0,2,No,Mercer,75th Percentile,53,60,4,2025-10-06,JA-2026.1
JOB-2438,Director Sales,Sales,Sales - Specialist,Management,Band 6 - Principal,6,G6B,Exempt,Administrative Support,195745,230789,265833,25,Yes,Hybrid,5,19,3,No,Mercer,75th Percentile,257,63,8,2025-06-08,JA-2026.1
JOB-2439,Group PM,Product,Product - Specialist,Individual Contributor,Band 6 - Principal,6,G6A,Exempt,Professionals,173429,214863,256297,5,Yes,Yes,0,0,6,Yes,Aon Hewitt,50th Percentile,321,61,3,2025-07-28,JA-2026.1
JOB-2440,VP Customer Success,Customer Experience,Customer Experience - Core,Management,Band 6 - Principal,6,G6C,Exempt,Administrative Support,190332,223125,255919,25,Yes,Yes,6,9,3,No,Mercer,50th Percentile,357,160,12,2025-03-03,JA-2026.1
JOB-2441,FP&A Analyst,Finance,Finance - Operations,Executive,Band 9 - SVP/C-Suite,9,G9A,Exempt,Administrative Support,495582,875852,1256122,20,Yes,Yes,6,9,6,Yes,Radford,65th Percentile,39,244,16,2025-06-14,JA-2026.1
JOB-2442,Senior Data Scientist,Data Science,Data Science - Core,Individual Contributor,Band 4 - Senior,4,G4C,Exempt,Technicians,117119,131632,146145,20,No,Yes,0,0,4,No,Aon Hewitt,50th Percentile,293,30,8,2025-04-14,JA-2026.1
JOB-2443,Senior Marketing Specialist,Marketing,Marketing - Core,Individual Contributor,Band 3 - Mid,3,G3A,Exempt,Professionals,82299,103938,125577,0,No,Hybrid,0,0,2,Yes,Willis Towers Watson,50th Percentile,301,41,16,2025-06-08,JA-2026.1
JOB-2444,VP Sales,Sales,Sales - Operations,Management,Band 7 - Director,7,G7A,Exempt,Professionals,245490,307546,369603,40,Yes,Yes,3,18,2,Yes,Radford,65th Percentile,5,168,10,2025-05-06,JA-2026.1
JOB-2445,Product Analyst,Product,Product - Core,Individual Contributor,Band 1 - Entry,1,G1B,Non-Exempt,Administrative Support,43614,56109,68604,25,Yes,Yes,0,0,3,No,Culpepper,50th Percentile,241,326,12,2025-12-13,JA-2026.1
JOB-2446,Senior Finance Manager,Finance,Finance - Core,Management,Band 4 - Senior,4,G4A,Exempt,Officials & Managers,113510,130715,147921,0,No,Yes,3,18,3,Yes,Willis Towers Watson,75th Percentile,58,80,19,2025-09-29,JA-2026.1
JOB-2447,Operations Specialist,Operations,Operations - Core,Individual Contributor,Band 2 - Junior,2,G2A,Non-Exempt,Administrative Support,63369,70835,78302,25,Yes,Yes,0,0,4,Yes,Radford,75th Percentile,144,180,15,2025-07-05,JA-2026.1
JOB-2448,Chief Revenue Officer,Sales,Sales - Core,Executive,Band 8 - VP,8,G8A,Exempt,Administrative Support,346382,429844,513307,20,Yes,No,4,18,1,Yes,Willis Towers Watson,65th Percentile,94,360,5,2025-09-12,JA-2026.1
JOB-2449,Director Legal,Legal & Compliance,Legal & Compliance - Core,Management,Band 7 - Director,7,G7C,Exempt,Technicians,266210,308830,351451,20,Yes,Yes,4,17,4,Yes,Radford,65th Percentile,280,368,11,2025-12-09,JA-2026.1
JOB-2450,Group PM,Product,Product - Specialist,Individual Contributor,Band 6 - Principal,6,G6A,Exempt,Professionals,181020,231235,281450,5,Yes,Yes,0,0,6,Yes,Aon Hewitt,50th Percentile,124,344,3,2025-07-28,JA-2026.1
JOB-2451,Senior CX Manager,Customer Experience,Customer Experience - Core,Management,Band 4 - Senior,4,G4A,Exempt,Professionals,109649,134201,158754,0,No,Hybrid,5,10,4,No,Culpepper,50th Percentile,296,386,21,2025-04-11,JA-2026.1
JOB-2452,Group PM,Product,Product - Specialist,Individual Contributor,Band 6 - Principal,6,G6A,Exempt,Professionals,177497,229942,282388,5,Yes,Yes,0,0,6,Yes,Aon Hewitt,50th Percentile,364,252,23,2025-07-28,JA-2026.1
JOB-2453,Operations Manager,Operations,Operations - Core,Management,Band 3 - Mid,3,G3C,Exempt,Managers,86569,97345,108121,5,No,Yes,5,14,2,Yes,Radford,50th Percentile,96,253,23,2025-07-20,JA-2026.1
JOB-2454,Director of Analytics,Data Science,Data Science - Core,Executive,Band 8 - VP,8,G8B,Exempt,Officials & Managers,356704,440268,523833,30,Yes,Yes,5,12,2,Yes,Willis Towers Watson,65th Percentile,75,253,1,2025-09-03,JA-2026.1
JOB-2455,HR Manager,People & HR,People & HR - Core,Management,Band 5 - Lead,5,G5B,Exempt,Professionals,156493,185246,214000,15,Yes,No,3,10,2,No,Willis Towers Watson,65th Percentile,255,138,21,2025-07-23,JA-2026.1
JOB-2456,SVP Engineering,Engineering,Engineering - Specialist,Executive,Band 9 - SVP/C-Suite,9,G9B,Exempt,Officials & Managers,530643,879265,1227887,25,Yes,Yes,4,8,3,Yes,Aon Hewitt,65th Percentile,111,204,20,2025-12-02,JA-2026.1
JOB-2457,Lead Data Scientist,Data Science,Data Science - Core,Technical Specialist,Band 5 - Lead,5,G5C,Exempt,Managers,140481,163172,185863,10,Yes,No,0,0,2,No,Aon Hewitt,65th Percentile,298,288,7,2025-11-14,JA-2026.1
JOB-2458,Paralegal,Legal & Compliance,Legal & Compliance - Specialist,Individual Contributor,Band 2 - Junior,2,G2C,Non-Exempt,Technicians,62684,70753,78823,15,No,Hybrid,0,0,2,Yes,Aon Hewitt,75th Percentile,117,86,1,2025-05-23,JA-2026.1
JOB-2459,Legal Counsel,Legal & Compliance,Legal & Compliance - Operations,Individual Contributor,Band 5 - Lead,5,G5A,Exempt,Officials & Managers,148405,184139,219873,5,Yes,No,0,0,3,No,Culpepper,75th Percentile,139,146,5,2025-11-10,JA-2026.1
JOB-2460,Director Finance,Finance,Finance - Specialist,Management,Band 5 - Lead,5,G5A,Exempt,Managers,151422,169949,188477,5,Yes,Yes,5,14,2,No,Culpepper,65th Percentile,194,439,10,2025-01-14,JA-2026.1
JOB-2461,COO,Operations,Operations - Core,Individual Contributor,Band 7 - Director,7,G7B,Exempt,Technicians,273777,315036,356296,40,Yes,Yes,0,0,4,Yes,Willis Towers Watson,50th Percentile,136,48,19,2025-03-06,JA-2026.1
JOB-2462,Senior Counsel,Legal & Compliance,Legal & Compliance - Core,Individual Contributor,Band 6 - Principal,6,G6B,Exempt,Administrative Support,191804,231392,270980,25,Yes,Yes,0,0,3,No,Radford,75th Percentile,199,28,10,2025-03-03,JA-2026.1
JOB-2463,Compliance Manager,Legal & Compliance,Legal & Compliance - Core,Management,Band 4 - Senior,4,G4C,Exempt,Administrative Support,104565,136440,168316,20,Yes,Yes,6,20,5,Yes,Culpepper,65th Percentile,192,457,9,2025-01-13,JA-2026.1
JOB-2464,Senior Marketing Manager,Marketing,Marketing - Core,Management,Band 5 - Lead,5,G5B,Exempt,Officials & Managers,153243,171746,190249,30,Yes,Yes,5,17,4,Yes,Culpepper,65th Percentile,53,111,3,2025-09-14,JA-2026.1
JOB-2465,Regional Sales Director,Sales,Sales - Operations,Executive,Band 9 - SVP/C-Suite,9,G9B,Exempt,Administrative Support,497140,880949,1264758,20,Yes,Yes,5,11,1,Yes,Mercer,65th Percentile,297,189,18,2025-11-03,JA-2026.1
JOB-2466,General Counsel,Legal & Compliance,Legal & Compliance - Specialist,Executive,Band 9 - SVP/C-Suite,9,G9B,Exempt,Professionals,540298,851490,1162683,5,Yes,Yes,5,20,4,Yes,Mercer,50th Percentile,159,266,22,2025-02-09,JA-2026.1
JOB-2467,CMO,Marketing,Marketing - Core,Executive,Band 8 - VP,8,G8B,Exempt,Officials & Managers,358777,459038,559299,5,Yes,Yes,3,11,1,Yes,Mercer,65th Percentile,250,366,7,2025-05-13,JA-2026.1
JOB-2468,SVP Finance,Finance,Finance - Core,Management,Band 7 - Director,7,G7A,Exempt,Technicians,238247,299991,361736,25,Yes,Hybrid,3,18,1,Yes,Aon Hewitt,50th Percentile,336,425,9,2025-12-21,JA-2026.1
JOB-2469,Chief People Officer,People & HR,People & HR - Core,Executive,Band 9 - SVP/C-Suite,9,G9C,Exempt,Managers,537795,876481,1215168,10,Yes,Yes,6,8,5,Yes,Radford,50th Percentile,220,18,15,2025-06-03,JA-2026.1
JOB-2470,VP People,People & HR,People & HR - Operations,Executive,Band 8 - VP,8,G8C,Exempt,Professionals,327614,413193,498772,20,Yes,No,6,16,6,Yes,Mercer,50th Percentile,218,129,9,2025-04-19,JA-2026.1
JOB-2471,Senior HR Manager,People & HR,People & HR - Core,Management,Band 6 - Principal,6,G6B,Exempt,Technicians,207922,225706,243491,10,Yes,Yes,5,20,5,No,Willis Towers Watson,50th Percentile,99,441,15,2025-02-07,JA-2026.1
JOB-2472,VP Operations,Operations,Operations - Operations,Management,Band 6 - Principal,6,G6A,Exempt,Administrative Support,190843,242436,294029,20,Yes,Yes,4,14,5,Yes,Willis Towers Watson,65th Percentile,177,491,1,2025-06-26,JA-2026.1
JOB-2473,Director of Analytics,Data Science,Data Science - Core,Executive,Band 8 - VP,8,G8B,Exempt,Officials & Managers,378302,444442,510582,30,Yes,Yes,5,12,2,Yes,Willis Towers Watson,65th Percentile,189,36,8,2025-09-03,JA-2026.1
JOB-2474,Onboarding Specialist,Customer Experience,Customer Experience - Operations,Executive,Band 8 - VP,8,G8A,Exempt,Administrative Support,316414,457371,598329,40,Yes,No,5,19,5,Yes,Willis Towers Watson,75th Percentile,245,86,23,2025-08-26,JA-2026.1
JOB-2475,Associate Product Manager,Product,Product - Core,Management,Band 2 - Junior,2,G2C,Non-Exempt,Managers,54499,68466,82433,40,Yes,No,6,19,3,No,Aon Hewitt,50th Percentile,352,59,3,2025-01-16,JA-2026.1
JOB-2476,Director Product,Product,Product - Core,Management,Band 7 - Director,7,G7B,Exempt,Professionals,247355,305406,363458,10,Yes,Yes,3,9,6,Yes,Aon Hewitt,65th Percentile,348,265,25,2025-06-23,JA-2026.1
JOB-2477,Legal Counsel,Legal & Compliance,Legal & Compliance - Operations,Individual Contributor,Band 5 - Lead,5,G5A,Exempt,Officials & Managers,148186,166441,184696,5,Yes,No,0,0,3,No,Culpepper,75th Percentile,111,325,14,2025-11-10,JA-2026.1
JOB-2478,Voice of Customer Analyst,Customer Experience,Customer Experience - Core,Executive,Band 9 - SVP/C-Suite,9,G9C,Exempt,Administrative Support,488640,815647,1142654,30,Yes,Hybrid,3,12,4,Yes,Mercer,75th Percentile,7,353,3,2025-11-04,JA-2026.1
JOB-2479,VP Product,Product,Product - Operations,Executive,Band 8 - VP,8,G8A,Exempt,Technicians,343351,444321,545292,30,Yes,No,5,12,6,Yes,Mercer,75th Percentile,303,226,19,2025-10-19,JA-2026.1
JOB-2480,Brand Strategist,Marketing,Marketing - Operations,Executive,Band 9 - SVP/C-Suite,9,G9B,Exempt,Technicians,450626,809085,1167545,15,Yes,Yes,3,13,1,Yes,Mercer,65th Percentile,135,15,6,2025-01-22,JA-2026.1
JOB-2481,Senior HRBP,People & HR,People & HR - Core,Individual Contributor,Band 3 - Mid,3,G3A,Exempt,Administrative Support,78823,101408,123993,30,Yes,Hybrid,0,0,6,Yes,Culpepper,75th Percentile,380,406,24,2025-01-28,JA-2026.1
JOB-2482,Senior Account Executive,Sales,Sales - Core,Individual Contributor,Band 3 - Mid,3,G3B,Exempt,Managers,79667,101508,123349,40,No,Hybrid,0,0,3,No,Mercer,65th Percentile,306,486,0,2025-03-27,JA-2026.1
JOB-2483,Principal Data Scientist,Data Science,Data Science - Operations,Technical Specialist,Band 6 - Principal,6,G6C,Exempt,Managers,179326,224815,270305,15,Yes,Yes,0,0,1,No,Radford,75th Percentile,271,395,6,2025-06-03,JA-2026.1
JOB-2484,Paralegal,Legal & Compliance,Legal & Compliance - Specialist,Individual Contributor,Band 2 - Junior,2,G2C,Non-Exempt,Technicians,63112,76246,89381,15,No,Hybrid,0,0,2,Yes,Aon Hewitt,75th Percentile,150,475,21,2025-05-23,JA-2026.1
JOB-2485,HR Business Partner,People & HR,People & HR - Operations,Individual Contributor,Band 2 - Junior,2,G2B,Non-Exempt,Professionals,63873,71458,79044,15,Yes,Hybrid,0,0,6,Yes,Radford,75th Percentile,143,92,10,2025-10-07,JA-2026.1
JOB-2486,VP Customer Success,Customer Experience,Customer Experience - Core,Management,Band 6 - Principal,6,G6C,Exempt,Administrative Support,194110,233279,272449,25,Yes,Yes,6,9,3,No,Mercer,50th Percentile,338,8,5,2025-03-03,JA-2026.1
JOB-2487,Senior Marketing Specialist,Marketing,Marketing - Core,Individual Contributor,Band 3 - Mid,3,G3A,Exempt,Professionals,83665,97070,110475,0,No,Hybrid,0,0,2,Yes,Willis Towers Watson,50th Percentile,215,405,22,2025-06-08,JA-2026.1
JOB-2488,Director Finance,Finance,Finance - Specialist,Management,Band 5 - Lead,5,G5A,Exempt,Managers,147467,171547,195627,5,Yes,Yes,5,14,2,No,Culpepper,65th Percentile,27,267,2,2025-01-14,JA-2026.1
JOB-2489,VP Product,Product,Product - Operations,Executive,Band 8 - VP,8,G8A,Exempt,Technicians,318079,446812,575545,30,Yes,No,5,12,6,Yes,Mercer,75th Percentile,383,491,2,2025-10-19,JA-2026.1
JOB-2490,Director CX,Customer Experience,Customer Experience - Operations,Management,Band 5 - Lead,5,G5B,Exempt,Managers,158757,180120,201483,5,Yes,Hybrid,4,19,3,No,Culpepper,50th Percentile,387,315,19,2025-04-13,JA-2026.1
JOB-2491,VP Customer Success,Customer Experience,Customer Experience - Core,Management,Band 6 - Principal,6,G6C,Exempt,Administrative Support,179529,218689,257849,25,Yes,Yes,6,9,3,No,Mercer,50th Percentile,343,435,4,2025-03-03,JA-2026.1
JOB-2492,Software Engineer,Engineering,Engineering - Specialist,Individual Contributor,Band 1 - Entry,1,G1A,Non-Exempt,Administrative Support,43382,52045,60709,10,Yes,Yes,0,0,2,Yes,Willis Towers Watson,75th Percentile,264,185,11,2025-12-25,JA-2026.1
JOB-2493,Senior Operations Manager,Operations,Operations - Specialist,Management,Band 4 - Senior,4,G4C,Exempt,Administrative Support,106032,126540,147049,30,No,No,5,9,2,No,Mercer,50th Percentile,363,195,7,2025-01-03,JA-2026.1
JOB-2494,Director HR,People & HR,People & HR - Core,Management,Band 7 - Director,7,G7B,Exempt,Technicians,261865,314496,367128,25,Yes,Hybrid,5,20,1,Yes,Aon Hewitt,65th Percentile,31,342,9,2025-03-19,JA-2026.1
JOB-2495,Principal PM,Product,Product - Core,Technical Specialist,Band 5 - Lead,5,G5C,Exempt,Officials & Managers,145222,167508,189794,10,Yes,No,0,0,2,Yes,Aon Hewitt,65th Percentile,171,417,25,2025-06-11,JA-2026.1
JOB-2496,Product Manager,Product,Product - Operations,Management,Band 3 - Mid,3,G3B,Exempt,Technicians,76995,93524,110054,10,Yes,Yes,4,12,3,No,Aon Hewitt,65th Percentile,373,239,11,2025-05-16,JA-2026.1
JOB-2497,VP Sales,Sales,Sales - Operations,Management,Band 7 - Director,7,G7A,Exempt,Professionals,253399,326453,399507,40,Yes,Yes,3,18,2,Yes,Radford,65th Percentile,191,52,20,2025-05-06,JA-2026.1
JOB-2498,Process Improvement Specialist,Operations,Operations - Operations,Executive,Band 9 - SVP/C-Suite,9,G9B,Exempt,Managers,529591,915218,1300845,0,Yes,Yes,5,8,6,Yes,Radford,75th Percentile,232,254,15,2025-07-10,JA-2026.1
JOB-2499,Chief Customer Officer,Customer Experience,Customer Experience - Core,Individual Contributor,Band 7 - Director,7,G7A,Exempt,Technicians,251689,324478,397267,10,Yes,No,0,0,1,Yes,Culpepper,65th Percentile,229,339,24,2025-09-22,JA-2026.1
JOB-2500,Sales Development Rep,Sales,Sales - Operations,Individual Contributor,Band 1 - Entry,1,G1A,Exempt,Technicians,41987,54084,66182,5,No,Yes,0,0,1,Yes,Culpepper,75th Percentile,167,360,13,2025-04-23,JA-2026.1
JOB-2501,Chief People Officer,People & HR,People & HR - Core,Executive,Band 9 - SVP/C-Suite,9,G9C,Exempt,Managers,488068,818322,1148576,10,Yes,Yes,6,8,5,Yes,Radford,50th Percentile,301,320,17,2025-06-03,JA-2026.1
JOB-2502,VP Sales,Sales,Sales - Operations,Management,Band 7 - Director,7,G7A,Exempt,Professionals,249195,326219,403243,40,Yes,Yes,3,18,2,Yes,Radford,65th Percentile,35,239,18,2025-05-06,JA-2026.1
JOB-2503,VP Customer Success,Customer Experience,Customer Experience - Core,Management,Band 6 - Principal,6,G6C,Exempt,Administrative Support,207783,225931,244079,25,Yes,Yes,6,9,3,No,Mercer,50th Percentile,331,369,5,2025-03-03,JA-2026.1
JOB-2504,Chief Product Officer,Product,Product - Specialist,Executive,Band 9 - SVP/C-Suite,9,G9C,Exempt,Technicians,465396,851589,1237782,40,Yes,No,6,10,4,Yes,Culpepper,65th Percentile,206,248,23,2025-08-17,JA-2026.1
JOB-2505,Senior Sales Manager,Sales,Sales - Core,Management,Band 5 - Lead,5,G5B,Exempt,Professionals,155904,181479,207055,20,Yes,Yes,5,9,1,No,Willis Towers Watson,75th Percentile,88,171,8,2025-07-10,JA-2026.1
JOB-2506,Senior Software Engineer,Engineering,Engineering - Operations,Individual Contributor,Band 2 - Junior,2,G2B,Exempt,Technicians,61533,73143,84754,30,Yes,Hybrid,0,0,4,Yes,Mercer,65th Percentile,314,401,4,2025-10-18,JA-2026.1
JOB-2507,Account Executive,Sales,Sales - Core,Individual Contributor,Band 2 - Junior,2,G2B,Non-Exempt,Professionals,57682,74837,91992,0,Yes,Yes,0,0,2,Yes,Culpepper,50th Percentile,179,413,22,2025-01-04,JA-2026.1
JOB-2508,Analytics Manager,Data Science,Data Science - Specialist,Management,Band 7 - Director,7,G7C,Exempt,Administrative Support,243970,322168,400366,20,Yes,Yes,3,20,4,Yes,Aon Hewitt,50th Percentile,284,463,22,2025-03-07,JA-2026.1
JOB-2509,Principal Engineer,Engineering,Engineering - Operations,Technical Specialist,Band 4 - Senior,4,G4A,Exempt,Officials & Managers,108051,134760,161469,15,No,Yes,0,0,3,Yes,Mercer,75th Percentile,49,449,21,2025-04-01,JA-2026.1
JOB-2510,Principal Engineer,Engineering,Engineering - Operations,Technical Specialist,Band 4 - Senior,4,G4A,Exempt,Officials & Managers,103819,132867,161915,15,No,Yes,0,0,3,Yes,Mercer,75th Percentile,164,321,23,2025-04-01,JA-2026.1
JOB-2511,Senior HRBP,People & HR,People & HR - Core,Individual Contributor,Band 3 - Mid,3,G3A,Exempt,Administrative Support,84553,100897,117242,30,Yes,Hybrid,0,0,6,Yes,Culpepper,75th Percentile,103,329,18,2025-01-28,JA-2026.1
JOB-2512,HR Business Partner,People & HR,People & HR - Operations,Individual Contributor,Band 2 - Junior,2,G2B,Non-Exempt,Professionals,58884,69874,80865,15,Yes,Hybrid,0,0,6,Yes,Radford,75th Percentile,252,53,9,2025-10-07,JA-2026.1
JOB-2513,Operations Analyst,Operations,Operations - Core,Individual Contributor,Band 1 - Entry,1,G1C,Exempt,Administrative Support,42230,52697,63164,30,No,Yes,0,0,5,No,Culpepper,50th Percentile,256,372,2,2025-10-01,JA-2026.1
JOB-2514,Product Operations Manager,Product,Product - Operations,Executive,Band 9 - SVP/C-Suite,9,G9B,Exempt,Professionals,523750,814227,1104704,40,Yes,Yes,6,11,1,Yes,Willis Towers Watson,65th Percentile,4,8,19,2025-06-10,JA-2026.1
JOB-2515,Controller,Finance,Finance - Core,Executive,Band 9 - SVP/C-Suite,9,G9A,Exempt,Managers,472226,782527,1092829,25,Yes,Yes,5,12,5,Yes,Culpepper,50th Percentile,208,29,7,2025-08-16,JA-2026.1
JOB-2516,Data Analyst,Data Science,Data Science - Operations,Individual Contributor,Band 1 - Entry,1,G1C,Exempt,Managers,41386,50324,59262,5,No,Yes,0,0,6,Yes,Aon Hewitt,65th Percentile,243,62,24,2025-08-13,JA-2026.1
JOB-2517,Compliance Analyst,Legal & Compliance,Legal & Compliance - Operations,Individual Contributor,Band 3 - Mid,3,G3B,Exempt,Officials & Managers,85048,98462,111877,10,Yes,Hybrid,0,0,1,No,Willis Towers Watson,50th Percentile,38,100,13,2025-07-13,JA-2026.1
JOB-2518,VP Customer Success,Customer Experience,Customer Experience - Core,Management,Band 6 - Principal,6,G6C,Exempt,Administrative Support,184758,221831,258905,25,Yes,Yes,6,9,3,No,Mercer,50th Percentile,353,180,2,2025-03-03,JA-2026.1
JOB-2519,Sales Development Rep,Sales,Sales - Operations,Individual Contributor,Band 1 - Entry,1,G1A,Exempt,Technicians,49446,59012,68578,5,No,Yes,0,0,1,Yes,Culpepper,75th Percentile,292,126,10,2025-04-23,JA-2026.1
JOB-2520,Distinguished Engineer,Engineering,Engineering - Operations,Technical Specialist,Band 5 - Lead,5,G5C,Exempt,Technicians,136357,161919,187482,0,Yes,Yes,0,0,1,Yes,Aon Hewitt,75th Percentile,7,453,22,2025-08-06,JA-2026.1
JOB-2521,Data Analyst,Data Science,Data Science - Operations,Individual Contributor,Band 1 - Entry,1,G1C,Exempt,Managers,45236,54470,63705,5,No,Yes,0,0,6,Yes,Aon Hewitt,65th Percentile,188,297,11,2025-08-13,JA-2026.1
JOB-2522,Chief People Officer,People & HR,People & HR - Core,Executive,Band 9 - SVP/C-Suite,9,G9C,Exempt,Managers,469269,861448,1253627,10,Yes,Yes,6,8,5,Yes,Radford,50th Percentile,358,242,8,2025-06-03,JA-2026.1
JOB-2523,Operations Analyst,Operations,Operations - Core,Individual Contributor,Band 1 - Entry,1,G1C,Exempt,Administrative Support,48168,59487,70807,30,No,Yes,0,0,5,No,Culpepper,50th Percentile,348,156,4,2025-10-01,JA-2026.1
JOB-2524,Product Analyst,Product,Product - Core,Individual Contributor,Band 1 - Entry,1,G1B,Non-Exempt,Administrative Support,47588,57150,66713,25,Yes,Yes,0,0,3,No,Culpepper,50th Percentile,361,490,20,2025-12-13,JA-2026.1
JOB-2525,Principal HRBP,People & HR,People & HR - Specialist,Technical Specialist,Band 4 - Senior,4,G4C,Exempt,Officials & Managers,117391,138600,159809,15,No,Yes,0,0,6,Yes,Mercer,65th Percentile,159,132,12,2025-01-07,JA-2026.1
JOB-2526,Senior Data Scientist,Data Science,Data Science - Core,Individual Contributor,Band 4 - Senior,4,G4C,Exempt,Technicians,117474,143955,170437,20,No,Yes,0,0,4,No,Aon Hewitt,50th Percentile,386,277,0,2025-04-14,JA-2026.1
JOB-2527,Director Sales,Sales,Sales - Specialist,Management,Band 6 - Principal,6,G6B,Exempt,Administrative Support,171712,209543,247375,25,Yes,Hybrid,5,19,3,No,Mercer,75th Percentile,131,188,15,2025-06-08,JA-2026.1
JOB-2528,Voice of Customer Analyst,Customer Experience,Customer Experience - Core,Executive,Band 9 - SVP/C-Suite,9,G9C,Exempt,Administrative Support,481119,884760,1288401,30,Yes,Hybrid,3,12,4,Yes,Mercer,75th Percentile,256,338,14,2025-11-04,JA-2026.1
JOB-2529,Operations Analyst,Operations,Operations - Core,Individual Contributor,Band 1 - Entry,1,G1C,Exempt,Administrative Support,44550,52373,60197,30,No,Yes,0,0,5,No,Culpepper,50th Percentile,333,43,5,2025-10-01,JA-2026.1
JOB-2530,Sales Engineer,Sales,Sales - Operations,Executive,Band 9 - SVP/C-Suite,9,G9A,Exempt,Technicians,462249,847099,1231950,0,Yes,Yes,4,8,3,Yes,Willis Towers Watson,65th Percentile,387,154,22,2025-05-28,JA-2026.1
JOB-2531,VP Legal,Legal & Compliance,Legal & Compliance - Specialist,Executive,Band 8 - VP,8,G8B,Exempt,Professionals,376480,457272,538065,10,Yes,Yes,3,9,4,Yes,Mercer,75th Percentile,297,71,7,2025-10-19,JA-2026.1
JOB-2532,Chief Product Officer,Product,Product - Specialist,Executive,Band 9 - SVP/C-Suite,9,G9C,Exempt,Technicians,474045,777915,1081785,40,Yes,No,6,10,4,Yes,Culpepper,65th Percentile,226,393,24,2025-08-17,JA-2026.1
JOB-2533,Senior Finance Manager,Finance,Finance - Core,Management,Band 4 - Senior,4,G4A,Exempt,Officials & Managers,115316,131060,146804,0,No,Yes,3,18,3,Yes,Willis Towers Watson,75th Percentile,333,439,0,2025-09-29,JA-2026.1
JOB-2534,VP Data & Analytics,Data Science,Data Science - Operations,Executive,Band 9 - SVP/C-Suite,9,G9C,Exempt,Officials & Managers,533635,917160,1300685,10,Yes,Yes,4,15,5,Yes,Radford,50th Percentile,149,197,23,2025-06-21,JA-2026.1
JOB-2535,CMO,Marketing,Marketing - Core,Executive,Band 8 - VP,8,G8B,Exempt,Officials & Managers,347156,450492,553828,5,Yes,Yes,3,11,1,Yes,Mercer,65th Percentile,297,416,9,2025-05-13,JA-2026.1
JOB-2536,Data Scientist,Data Science,Data Science - Operations,Individual Contributor,Band 3 - Mid,3,G3A,Exempt,Managers,74478,89194,103911,30,No,Yes,0,0,4,No,Mercer,65th Percentile,203,139,5,2025-06-01,JA-2026.1
JOB-2537,VP Operations,Operations,Operations - Operations,Management,Band 6 - Principal,6,G6A,Exempt,Administrative Support,191993,227465,262937,20,Yes,Yes,4,14,5,Yes,Willis Towers Watson,65th Percentile,167,11,12,2025-06-26,JA-2026.1
JOB-2538,Senior Financial Analyst,Finance,Finance - Operations,Individual Contributor,Band 2 - Junior,2,G2A,Non-Exempt,Technicians,59257,69428,79600,10,No,Yes,0,0,2,No,Mercer,75th Percentile,203,114,8,2025-10-06,JA-2026.1
JOB-2539,Director of Engineering,Engineering,Engineering - Core,Executive,Band 8 - VP,8,G8A,Exempt,Managers,380689,470731,560773,10,Yes,Yes,6,10,2,Yes,Culpepper,65th Percentile,65,77,14,2025-04-30,JA-2026.1
JOB-2540,Brand Strategist,Marketing,Marketing - Operations,Executive,Band 9 - SVP/C-Suite,9,G9B,Exempt,Technicians,539621,810847,1082074,15,Yes,Yes,3,13,1,Yes,Mercer,65th Percentile,43,85,6,2025-01-22,JA-2026.1
JOB-2541,Director of Analytics,Data Science,Data Science - Core,Executive,Band 8 - VP,8,G8B,Exempt,Officials & Managers,329363,439805,550247,30,Yes,Yes,5,12,2,Yes,Willis Towers Watson,65th Percentile,349,181,4,2025-09-03,JA-2026.1
JOB-2542,Process Improvement Specialist,Operations,Operations - Operations,Executive,Band 9 - SVP/C-Suite,9,G9B,Exempt,Managers,519214,902801,1286389,0,Yes,Yes,5,8,6,Yes,Radford,75th Percentile,71,182,16,2025-07-10,JA-2026.1
JOB-2543,Supply Chain Analyst,Operations,Operations - Specialist,Executive,Band 8 - VP,8,G8A,Exempt,Managers,351399,439192,526986,10,Yes,Hybrid,3,9,1,Yes,Mercer,75th Percentile,53,303,16,2025-04-14,JA-2026.1
JOB-2544,VP Marketing,Marketing,Marketing - Core,Management,Band 7 - Director,7,G7A,Exempt,Administrative Support,274324,318950,363577,30,Yes,Yes,3,13,6,Yes,Aon Hewitt,75th Percentile,280,479,6,2025-08-05,JA-2026.1
JOB-2545,Senior HRBP,People & HR,People & HR - Core,Individual Contributor,Band 3 - Mid,3,G3A,Exempt,Administrative Support,80814,95573,110333,30,Yes,Hybrid,0,0,6,Yes,Culpepper,75th Percentile,343,38,7,2025-01-28,JA-2026.1
JOB-2546,Director CX,Customer Experience,Customer Experience - Operations,Management,Band 5 - Lead,5,G5B,Exempt,Managers,135143,164263,193383,5,Yes,Hybrid,4,19,3,No,Culpepper,50th Percentile,153,200,15,2025-04-13,JA-2026.1
JOB-2547,Operations Specialist,Operations,Operations - Core,Individual Contributor,Band 2 - Junior,2,G2A,Non-Exempt,Administrative Support,65203,72406,79610,25,Yes,Yes,0,0,4,Yes,Radford,75th Percentile,330,409,14,2025-07-05,JA-2026.1
JOB-2548,Paralegal,Legal & Compliance,Legal & Compliance - Specialist,Individual Contributor,Band 2 - Junior,2,G2C,Non-Exempt,Technicians,56775,66909,77044,15,No,Hybrid,0,0,2,Yes,Aon Hewitt,75th Percentile,244,365,21,2025-05-23,JA-2026.1
JOB-2549,Director of Analytics,Data Science,Data Science - Core,Executive,Band 8 - VP,8,G8B,Exempt,Officials & Managers,344160,421838,499517,30,Yes,Yes,5,12,2,Yes,Willis Towers Watson,65th Percentile,105,144,5,2025-09-03,JA-2026.1
JOB-2550,Chief People Officer,People & HR,People & HR - Core,Executive,Band 9 - SVP/C-Suite,9,G9C,Exempt,Managers,461513,844809,1228106,10,Yes,Yes,6,8,5,Yes,Radford,50th Percentile,57,142,9,2025-06-03,JA-2026.1
JOB-2551,CX Manager,Customer Experience,Customer Experience - Core,Management,Band 3 - Mid,3,G3C,Exempt,Professionals,82436,98051,113667,10,Yes,Yes,5,14,1,Yes,Radford,50th Percentile,314,65,15,2025-03-05,JA-2026.1
JOB-2552,VP Data & Analytics,Data Science,Data Science - Operations,Executive,Band 9 - SVP/C-Suite,9,G9C,Exempt,Officials & Managers,526313,838661,1151009,10,Yes,Yes,4,15,5,Yes,Radford,50th Percentile,57,420,16,2025-06-21,JA-2026.1
JOB-2553,Principal PM,Product,Product - Core,Technical Specialist,Band 5 - Lead,5,G5C,Exempt,Officials & Managers,144418,180481,216544,10,Yes,No,0,0,2,Yes,Aon Hewitt,65th Percentile,223,115,19,2025-06-11,JA-2026.1
JOB-2554,CX Analyst,Customer Experience,Customer Experience - Specialist,Individual Contributor,Band 2 - Junior,2,G2B,Non-Exempt,Technicians,64719,72771,80823,40,Yes,Hybrid,0,0,5,Yes,Mercer,65th Percentile,254,273,20,2025-04-16,JA-2026.1
JOB-2555,Senior Counsel,Legal & Compliance,Legal & Compliance - Core,Individual Contributor,Band 6 - Principal,6,G6B,Exempt,Administrative Support,186693,218511,250330,25,Yes,Yes,0,0,3,No,Radford,75th Percentile,186,167,8,2025-03-03,JA-2026.1
JOB-2556,Director Product,Product,Product - Core,Management,Band 7 - Director,7,G7B,Exempt,Professionals,233801,300988,368176,10,Yes,Yes,3,9,6,Yes,Aon Hewitt,65th Percentile,211,472,23,2025-06-23,JA-2026.1
JOB-2557,Principal Data Scientist,Data Science,Data Science - Operations,Technical Specialist,Band 6 - Principal,6,G6C,Exempt,Managers,188323,240774,293226,15,Yes,Yes,0,0,1,No,Radford,75th Percentile,46,150,13,2025-06-03,JA-2026.1
JOB-2558,Operations Manager,Operations,Operations - Core,Management,Band 3 - Mid,3,G3C,Exempt,Managers,87400,97708,108016,5,No,Yes,5,14,2,Yes,Radford,50th Percentile,107,17,5,2025-07-20,JA-2026.1
JOB-2559,Associate Product Manager,Product,Product - Core,Management,Band 2 - Junior,2,G2C,Non-Exempt,Managers,65496,72328,79161,40,Yes,No,6,19,3,No,Aon Hewitt,50th Percentile,310,499,11,2025-01-16,JA-2026.1
JOB-2560,Senior Counsel,Legal & Compliance,Legal & Compliance - Core,Individual Contributor,Band 6 - Principal,6,G6B,Exempt,Administrative Support,196727,220422,244117,25,Yes,Yes,0,0,3,No,Radford,75th Percentile,125,481,1,2025-03-03,JA-2026.1
JOB-2561,Associate Product Manager,Product,Product - Core,Management,Band 2 - Junior,2,G2C,Non-Exempt,Managers,62752,70034,77317,40,Yes,No,6,19,3,No,Aon Hewitt,50th Percentile,164,383,2,2025-01-16,JA-2026.1
JOB-2562,CX Specialist,Customer Experience,Customer Experience - Operations,Individual Contributor,Band 1 - Entry,1,G1A,Exempt,Professionals,43370,57405,71441,15,No,No,0,0,4,No,Mercer,75th Percentile,89,447,9,2025-08-08,JA-2026.1
JOB-2563,CMO,Marketing,Marketing - Core,Executive,Band 8 - VP,8,G8B,Exempt,Officials & Managers,320313,430876,541439,5,Yes,Yes,3,11,1,Yes,Mercer,65th Percentile,283,448,9,2025-05-13,JA-2026.1
JOB-2564,Director CX,Customer Experience,Customer Experience - Operations,Management,Band 5 - Lead,5,G5B,Exempt,Managers,155578,180926,206274,5,Yes,Hybrid,4,19,3,No,Culpepper,50th Percentile,267,395,23,2025-04-13,JA-2026.1
JOB-2565,Support Lead,Customer Experience,Customer Experience - Operations,Executive,Band 9 - SVP/C-Suite,9,G9B,Exempt,Officials & Managers,494829,841255,1187681,15,Yes,Yes,4,9,6,Yes,Radford,50th Percentile,303,168,12,2025-09-28,JA-2026.1
JOB-2566,Director of Engineering,Engineering,Engineering - Core,Executive,Band 8 - VP,8,G8A,Exempt,Managers,350837,439569,528301,10,Yes,Yes,6,10,2,Yes,Culpepper,65th Percentile,230,463,15,2025-04-30,JA-2026.1
JOB-2567,Product Operations Manager,Product,Product - Operations,Executive,Band 9 - SVP/C-Suite,9,G9B,Exempt,Professionals,483918,825553,1167188,40,Yes,Yes,6,11,1,Yes,Willis Towers Watson,65th Percentile,229,138,15,2025-06-10,JA-2026.1
JOB-2568,Director CX,Customer Experience,Customer Experience - Operations,Management,Band 5 - Lead,5,G5B,Exempt,Managers,151653,182659,213666,5,Yes,Hybrid,4,19,3,No,Culpepper,50th Percentile,164,337,7,2025-04-13,JA-2026.1
JOB-2569,Financial Analyst,Finance,Finance - Specialist,Individual Contributor,Band 1 - Entry,1,G1B,Exempt,Technicians,43946,52044,60143,40,Yes,Hybrid,0,0,5,Yes,Mercer,75th Percentile,106,489,14,2025-02-21,JA-2026.1
JOB-2570,Sales Engineer,Sales,Sales - Operations,Executive,Band 9 - SVP/C-Suite,9,G9A,Exempt,Technicians,490463,804631,1118800,0,Yes,Yes,4,8,3,Yes,Willis Towers Watson,65th Percentile,297,426,9,2025-05-28,JA-2026.1
JOB-2571,Senior Data Scientist,Data Science,Data Science - Core,Individual Contributor,Band 4 - Senior,4,G4C,Exempt,Technicians,113887,128124,142361,20,No,Yes,0,0,4,No,Aon Hewitt,50th Percentile,192,350,3,2025-04-14,JA-2026.1
JOB-2572,Privacy Officer,Legal & Compliance,Legal & Compliance - Core,Executive,Band 9 - SVP/C-Suite,9,G9B,Exempt,Technicians,529234,815437,1101640,20,Yes,No,4,16,6,Yes,Willis Towers Watson,75th Percentile,302,402,14,2025-03-29,JA-2026.1
JOB-2573,Director of Analytics,Data Science,Data Science - Core,Executive,Band 8 - VP,8,G8B,Exempt,Officials & Managers,318768,414937,511106,30,Yes,Yes,5,12,2,Yes,Willis Towers Watson,65th Percentile,118,1,24,2025-09-03,JA-2026.1
JOB-2574,Operations Analyst,Operations,Operations - Core,Individual Contributor,Band 1 - Entry,1,G1C,Exempt,Administrative Support,49146,54242,59339,30,No,Yes,0,0,5,No,Culpepper,50th Percentile,38,64,12,2025-10-01,JA-2026.1
JOB-2575,Chief Revenue Officer,Sales,Sales - Core,Executive,Band 8 - VP,8,G8A,Exempt,Administrative Support,367862,482062,596263,20,Yes,No,4,18,1,Yes,Willis Towers Watson,65th Percentile,250,273,11,2025-09-12,JA-2026.1
JOB-2576,HR Manager,People & HR,People & HR - Core,Management,Band 5 - Lead,5,G5B,Exempt,Professionals,131281,156574,181867,15,Yes,No,3,10,2,No,Willis Towers Watson,65th Percentile,101,199,11,2025-07-23,JA-2026.1
JOB-2577,HR Manager,People & HR,People & HR - Core,Management,Band 5 - Lead,5,G5B,Exempt,Professionals,144607,173483,202360,15,Yes,No,3,10,2,No,Willis Towers Watson,65th Percentile,133,242,13,2025-07-23,JA-2026.1
JOB-2578,VP Engineering,Engineering,Engineering - Specialist,Executive,Band 9 - SVP/C-Suite,9,G9A,Exempt,Managers,508864,853843,1198823,10,Yes,Yes,5,8,5,Yes,Radford,65th Percentile,254,381,13,2025-06-22,JA-2026.1
JOB-2579,Senior CX Manager,Customer Experience,Customer Experience - Core,Management,Band 4 - Senior,4,G4A,Exempt,Professionals,108669,137056,165443,0,No,Hybrid,5,10,4,No,Culpepper,50th Percentile,381,341,23,2025-04-11,JA-2026.1
JOB-2580,VP People,People & HR,People & HR - Operations,Executive,Band 8 - VP,8,G8C,Exempt,Professionals,357184,442746,528308,20,Yes,No,6,16,6,Yes,Mercer,50th Percentile,182,94,8,2025-04-19,JA-2026.1
JOB-2581,Senior Marketing Specialist,Marketing,Marketing - Core,Individual Contributor,Band 3 - Mid,3,G3A,Exempt,Professionals,84987,98628,112269,0,No,Hybrid,0,0,2,Yes,Willis Towers Watson,50th Percentile,120,265,18,2025-06-08,JA-2026.1
JOB-2582,Operations Analyst,Operations,Operations - Core,Individual Contributor,Band 1 - Entry,1,G1C,Exempt,Administrative Support,49178,57677,66177,30,No,Yes,0,0,5,No,Culpepper,50th Percentile,340,87,2,2025-10-01,JA-2026.1
JOB-2583,Staff Engineer,Engineering,Engineering - Specialist,Technical Specialist,Band 3 - Mid,3,G3A,Exempt,Administrative Support,77545,93393,109241,5,No,Hybrid,0,0,4,Yes,Willis Towers Watson,75th Percentile,145,138,7,2025-07-05,JA-2026.1
JOB-2584,Legal Counsel,Legal & Compliance,Legal & Compliance - Operations,Individual Contributor,Band 5 - Lead,5,G5A,Exempt,Officials & Managers,158354,173096,187838,5,Yes,No,0,0,3,No,Culpepper,75th Percentile,272,336,22,2025-11-10,JA-2026.1
JOB-2585,Marketing Coordinator,Marketing,Marketing - Operations,Individual Contributor,Band 1 - Entry,1,G1C,Exempt,Administrative Support,49042,54273,59505,5,No,No,0,0,2,Yes,Culpepper,65th Percentile,66,365,23,2025-11-01,JA-2026.1
JOB-2586,Director Marketing,Marketing,Marketing - Specialist,Management,Band 6 - Principal,6,G6C,Exempt,Technicians,171426,212586,253747,40,Yes,Hybrid,4,11,3,Yes,Culpepper,50th Percentile,280,116,9,2025-09-22,JA-2026.1
JOB-2587,Operations Manager,Operations,Operations - Core,Management,Band 3 - Mid,3,G3C,Exempt,Managers,82864,100233,117602,5,No,Yes,5,14,2,Yes,Radford,50th Percentile,329,88,20,2025-07-20,JA-2026.1
JOB-2588,Senior HR Manager,People & HR,People & HR - Core,Management,Band 6 - Principal,6,G6B,Exempt,Technicians,181681,235395,289109,10,Yes,Yes,5,20,5,No,Willis Towers Watson,50th Percentile,66,146,4,2025-02-07,JA-2026.1
JOB-2589,Sales Development Rep,Sales,Sales - Operations,Individual Contributor,Band 1 - Entry,1,G1A,Exempt,Technicians,46433,58590,70747,5,No,Yes,0,0,1,Yes,Culpepper,75th Percentile,121,187,9,2025-04-23,JA-2026.1
JOB-2590,Paralegal,Legal & Compliance,Legal & Compliance - Specialist,Individual Contributor,Band 2 - Junior,2,G2C,Non-Exempt,Technicians,59475,72621,85767,15,No,Hybrid,0,0,2,Yes,Aon Hewitt,75th Percentile,104,176,10,2025-05-23,JA-2026.1
JOB-2591,Data Scientist,Data Science,Data Science - Operations,Individual Contributor,Band 3 - Mid,3,G3A,Exempt,Managers,78115,102130,126146,30,No,Yes,0,0,4,No,Mercer,65th Percentile,377,142,2,2025-06-01,JA-2026.1
JOB-2592,VP People,People & HR,People & HR - Operations,Executive,Band 8 - VP,8,G8C,Exempt,Professionals,363325,464618,565912,20,Yes,No,6,16,6,Yes,Mercer,50th Percentile,329,447,22,2025-04-19,JA-2026.1
JOB-2593,HR Business Partner,People & HR,People & HR - Operations,Individual Contributor,Band 2 - Junior,2,G2B,Non-Exempt,Professionals,60837,74385,87934,15,Yes,Hybrid,0,0,6,Yes,Radford,75th Percentile,55,427,12,2025-10-07,JA-2026.1
JOB-2594,Marketing Manager,Marketing,Marketing - Core,Management,Band 4 - Senior,4,G4B,Exempt,Officials & Managers,107075,127295,147516,5,Yes,Hybrid,5,12,6,Yes,Willis Towers Watson,75th Percentile,125,46,22,2025-11-06,JA-2026.1
JOB-2595,VP People,People & HR,People & HR - Operations,Executive,Band 8 - VP,8,G8C,Exempt,Professionals,340912,467383,593855,20,Yes,No,6,16,6,Yes,Mercer,50th Percentile,252,494,5,2025-04-19,JA-2026.1
JOB-2596,Senior Account Executive,Sales,Sales - Core,Individual Contributor,Band 3 - Mid,3,G3B,Exempt,Managers,74309,99926,125543,40,No,Hybrid,0,0,3,No,Mercer,65th Percentile,72,476,14,2025-03-27,JA-2026.1
JOB-2597,Talent Acquisition Specialist,People & HR,People & HR - Core,Executive,Band 9 - SVP/C-Suite,9,G9B,Exempt,Technicians,531168,839525,1147882,30,Yes,Yes,3,18,1,Yes,Culpepper,65th Percentile,307,488,21,2025-03-26,JA-2026.1
JOB-2598,CX Specialist,Customer Experience,Customer Experience - Operations,Individual Contributor,Band 1 - Entry,1,G1A,Exempt,Professionals,40530,55197,69865,15,No,No,0,0,4,No,Mercer,75th Percentile,66,104,19,2025-08-08,JA-2026.1
JOB-2599,Financial Analyst,Finance,Finance - Specialist,Individual Contributor,Band 1 - Entry,1,G1B,Exempt,Technicians,41139,53456,65774,40,Yes,Hybrid,0,0,5,Yes,Mercer,75th Percentile,132,414,25,2025-02-21,JA-2026.1
JOB-2600,VP Operations,Operations,Operations - Operations,Management,Band 6 - Principal,6,G6A,Exempt,Administrative Support,187402,216301,245200,20,Yes,Yes,4,14,5,Yes,Willis Towers Watson,65th Percentile,141,402,22,2025-06-26,JA-2026.1
JOB-2601,Logistics Manager,Operations,Operations - Operations,Executive,Band 9 - SVP/C-Suite,9,G9C,Exempt,Officials & Managers,522239,884051,1245863,40,Yes,Yes,4,19,1,Yes,Culpepper,50th Percentile,327,304,12,2025-03-06,JA-2026.1
JOB-2602,Compliance Analyst,Legal & Compliance,Legal & Compliance - Operations,Individual Contributor,Band 3 - Mid,3,G3B,Exempt,Officials & Managers,73548,99521,125495,10,Yes,Hybrid,0,0,1,No,Willis Towers Watson,50th Percentile,135,445,14,2025-07-13,JA-2026.1
JOB-2603,Analytics Manager,Data Science,Data Science - Specialist,Management,Band 7 - Director,7,G7C,Exempt,Administrative Support,266300,323046,379793,20,Yes,Yes,3,20,4,Yes,Aon Hewitt,50th Percentile,99,52,10,2025-03-07,JA-2026.1
JOB-2604,CMO,Marketing,Marketing - Core,Executive,Band 8 - VP,8,G8B,Exempt,Officials & Managers,374182,451649,529117,5,Yes,Yes,3,11,1,Yes,Mercer,65th Percentile,97,71,25,2025-05-13,JA-2026.1
JOB-2605,Voice of Customer Analyst,Customer Experience,Customer Experience - Core,Executive,Band 9 - SVP/C-Suite,9,G9C,Exempt,Administrative Support,521420,919051,1316683,30,Yes,Hybrid,3,12,4,Yes,Mercer,75th Percentile,73,90,2,2025-11-04,JA-2026.1
JOB-2606,Support Lead,Customer Experience,Customer Experience - Operations,Executive,Band 9 - SVP/C-Suite,9,G9B,Exempt,Officials & Managers,481798,845424,1209051,15,Yes,Yes,4,9,6,Yes,Radford,50th Percentile,61,462,8,2025-09-28,JA-2026.1
JOB-2607,Marketing Specialist,Marketing,Marketing - Operations,Individual Contributor,Band 2 - Junior,2,G2A,Exempt,Professionals,57736,73651,89566,5,Yes,No,0,0,2,No,Culpepper,75th Percentile,120,428,3,2025-06-14,JA-2026.1
JOB-2608,Senior HRBP,People & HR,People & HR - Core,Individual Contributor,Band 3 - Mid,3,G3A,Exempt,Administrative Support,84579,101499,118420,30,Yes,Hybrid,0,0,6,Yes,Culpepper,75th Percentile,10,57,4,2025-01-28,JA-2026.1
JOB-2609,Senior HR Manager,People & HR,People & HR - Core,Management,Band 6 - Principal,6,G6B,Exempt,Technicians,200764,230908,261053,10,Yes,Yes,5,20,5,No,Willis Towers Watson,50th Percentile,137,53,11,2025-02-07,JA-2026.1
JOB-2610,VP Marketing,Marketing,Marketing - Core,Management,Band 7 - Director,7,G7A,Exempt,Administrative Support,234442,315681,396921,30,Yes,Yes,3,13,6,Yes,Aon Hewitt,75th Percentile,161,186,1,2025-08-05,JA-2026.1
JOB-2611,CX Specialist,Customer Experience,Customer Experience - Operations,Individual Contributor,Band 1 - Entry,1,G1A,Exempt,Professionals,41535,51293,61051,15,No,No,0,0,4,No,Mercer,75th Percentile,207,133,1,2025-08-08,JA-2026.1
JOB-2612,Senior Finance Manager,Finance,Finance - Core,Management,Band 4 - Senior,4,G4A,Exempt,Officials & Managers,102003,128590,155177,0,No,Yes,3,18,3,Yes,Willis Towers Watson,75th Percentile,254,8,7,2025-09-29,JA-2026.1
JOB-2613,Talent Acquisition Specialist,People & HR,People & HR - Core,Executive,Band 9 - SVP/C-Suite,9,G9B,Exempt,Technicians,502276,828953,1155630,30,Yes,Yes,3,18,1,Yes,Culpepper,65th Percentile,286,173,6,2025-03-26,JA-2026.1
JOB-2614,Senior CX Manager,Customer Experience,Customer Experience - Core,Management,Band 4 - Senior,4,G4A,Exempt,Professionals,118021,142113,166206,0,No,Hybrid,5,10,4,No,Culpepper,50th Percentile,85,470,17,2025-04-11,JA-2026.1
JOB-2615,Group PM,Product,Product - Specialist,Individual Contributor,Band 6 - Principal,6,G6A,Exempt,Professionals,192185,223450,254716,5,Yes,Yes,0,0,6,Yes,Aon Hewitt,50th Percentile,290,252,9,2025-07-28,JA-2026.1
JOB-2616,HR Coordinator,People & HR,People & HR - Specialist,Individual Contributor,Band 1 - Entry,1,G1C,Exempt,Technicians,43230,52985,62741,20,Yes,No,0,0,1,No,Mercer,50th Percentile,188,167,16,2025-05-20,JA-2026.1
JOB-2617,Software Engineer,Engineering,Engineering - Specialist,Individual Contributor,Band 1 - Entry,1,G1A,Non-Exempt,Administrative Support,45480,54545,63611,10,Yes,Yes,0,0,2,Yes,Willis Towers Watson,75th Percentile,213,446,25,2025-12-25,JA-2026.1
JOB-2618,Process Improvement Specialist,Operations,Operations - Operations,Executive,Band 9 - SVP/C-Suite,9,G9B,Exempt,Managers,456209,769242,1082275,0,Yes,Yes,5,8,6,Yes,Radford,75th Percentile,275,469,22,2025-07-10,JA-2026.1
JOB-2619,HR Coordinator,People & HR,People & HR - Specialist,Individual Contributor,Band 1 - Entry,1,G1C,Exempt,Technicians,46996,53492,59989,20,Yes,No,0,0,1,No,Mercer,50th Percentile,371,251,9,2025-05-20,JA-2026.1
JOB-2620,Analytics Manager,Data Science,Data Science - Specialist,Management,Band 7 - Director,7,G7C,Exempt,Administrative Support,243440,309682,375925,20,Yes,Yes,3,20,4,Yes,Aon Hewitt,50th Percentile,171,18,6,2025-03-07,JA-2026.1
JOB-2621,Legal Counsel,Legal & Compliance,Legal & Compliance - Operations,Individual Contributor,Band 5 - Lead,5,G5A,Exempt,Officials & Managers,153368,177505,201643,5,Yes,No,0,0,3,No,Culpepper,75th Percentile,116,269,10,2025-11-10,JA-2026.1
JOB-2622,Senior Financial Analyst,Finance,Finance - Operations,Individual Contributor,Band 2 - Junior,2,G2A,Non-Exempt,Technicians,60828,70181,79534,10,No,Yes,0,0,2,No,Mercer,75th Percentile,48,144,21,2025-10-06,JA-2026.1
JOB-2623,CX Specialist,Customer Experience,Customer Experience - Operations,Individual Contributor,Band 1 - Entry,1,G1A,Exempt,Professionals,47182,55721,64260,15,No,No,0,0,4,No,Mercer,75th Percentile,92,283,21,2025-08-08,JA-2026.1
JOB-2624,Regional Sales Director,Sales,Sales - Operations,Executive,Band 9 - SVP/C-Suite,9,G9B,Exempt,Administrative Support,466966,890511,1314057,20,Yes,Yes,5,11,1,Yes,Mercer,65th Percentile,235,361,21,2025-11-03,JA-2026.1
JOB-2625,Director Sales,Sales,Sales - Specialist,Management,Band 6 - Principal,6,G6B,Exempt,Administrative Support,181414,233838,286262,25,Yes,Hybrid,5,19,3,No,Mercer,75th Percentile,87,69,19,2025-06-08,JA-2026.1
JOB-2626,HR Manager,People & HR,People & HR - Core,Management,Band 5 - Lead,5,G5B,Exempt,Professionals,149948,175532,201116,15,Yes,No,3,10,2,No,Willis Towers Watson,65th Percentile,28,105,8,2025-07-23,JA-2026.1
JOB-2627,Group PM,Product,Product - Specialist,Individual Contributor,Band 6 - Principal,6,G6A,Exempt,Professionals,200482,245055,289628,5,Yes,Yes,0,0,6,Yes,Aon Hewitt,50th Percentile,156,398,24,2025-07-28,JA-2026.1
JOB-2628,FP&A Analyst,Finance,Finance - Operations,Executive,Band 9 - SVP/C-Suite,9,G9A,Exempt,Administrative Support,543920,865397,1186874,20,Yes,Yes,6,9,6,Yes,Radford,65th Percentile,58,225,22,2025-06-14,JA-2026.1
JOB-2629,Senior Sales Manager,Sales,Sales - Core,Management,Band 5 - Lead,5,G5B,Exempt,Professionals,153252,182464,211676,20,Yes,Yes,5,9,1,No,Willis Towers Watson,75th Percentile,300,418,22,2025-07-10,JA-2026.1
JOB-2630,Sales Engineer,Sales,Sales - Operations,Executive,Band 9 - SVP/C-Suite,9,G9A,Exempt,Technicians,524261,917391,1310521,0,Yes,Yes,4,8,3,Yes,Willis Towers Watson,65th Percentile,363,486,7,2025-05-28,JA-2026.1
JOB-2631,COO,Operations,Operations - Core,Individual Contributor,Band 7 - Director,7,G7B,Exempt,Technicians,235362,309372,383382,40,Yes,Yes,0,0,4,Yes,Willis Towers Watson,50th Percentile,239,283,6,2025-03-06,JA-2026.1
JOB-2632,Senior Data Analyst,Data Science,Data Science - Specialist,Individual Contributor,Band 2 - Junior,2,G2A,Non-Exempt,Administrative Support,60435,74159,87883,20,No,No,0,0,5,Yes,Willis Towers Watson,65th Percentile,166,198,21,2025-12-04,JA-2026.1
JOB-2633,Senior Operations Manager,Operations,Operations - Specialist,Management,Band 4 - Senior,4,G4C,Exempt,Administrative Support,100651,132459,164267,30,No,No,5,9,2,No,Mercer,50th Percentile,76,480,5,2025-01-03,JA-2026.1
JOB-2634,SVP Finance,Finance,Finance - Core,Management,Band 7 - Director,7,G7A,Exempt,Technicians,245640,300487,355334,25,Yes,Hybrid,3,18,1,Yes,Aon Hewitt,50th Percentile,55,141,19,2025-12-21,JA-2026.1
JOB-2635,Analytics Manager,Data Science,Data Science - Specialist,Management,Band 7 - Director,7,G7C,Exempt,Administrative Support,250494,297198,343902,20,Yes,Yes,3,20,4,Yes,Aon Hewitt,50th Percentile,198,61,13,2025-03-07,JA-2026.1
JOB-2636,Lead Data Scientist,Data Science,Data Science - Core,Technical Specialist,Band 5 - Lead,5,G5C,Exempt,Managers,152317,169583,186850,10,Yes,No,0,0,2,No,Aon Hewitt,65th Percentile,384,327,14,2025-11-14,JA-2026.1
JOB-2637,Director CX,Customer Experience,Customer Experience - Operations,Management,Band 5 - Lead,5,G5B,Exempt,Managers,151637,168393,185149,5,Yes,Hybrid,4,19,3,No,Culpepper,50th Percentile,397,191,19,2025-04-13,JA-2026.1
JOB-2638,Chief Data Officer,Data Science,Data Science - Operations,Executive,Band 9 - SVP/C-Suite,9,G9C,Exempt,Professionals,486606,885253,1283900,20,Yes,Yes,5,14,3,Yes,Mercer,50th Percentile,292,222,22,2025-01-19,JA-2026.1
JOB-2639,Senior Finance Manager,Finance,Finance - Core,Management,Band 4 - Senior,4,G4A,Exempt,Officials & Managers,120940,134184,147428,0,No,Yes,3,18,3,Yes,Willis Towers Watson,75th Percentile,364,272,13,2025-09-29,JA-2026.1
JOB-2640,VP Engineering,Engineering,Engineering - Specialist,Executive,Band 9 - SVP/C-Suite,9,G9A,Exempt,Managers,538131,878500,1218870,10,Yes,Yes,5,8,5,Yes,Radford,65th Percentile,391,148,0,2025-06-22,JA-2026.1
JOB-2641,Director Marketing,Marketing,Marketing - Specialist,Management,Band 6 - Principal,6,G6C,Exempt,Technicians,178785,225531,272277,40,Yes,Hybrid,4,11,3,Yes,Culpepper,50th Percentile,358,139,17,2025-09-22,JA-2026.1
JOB-2642,HR Manager,People & HR,People & HR - Core,Management,Band 5 - Lead,5,G5B,Exempt,Professionals,154848,183358,211869,15,Yes,No,3,10,2,No,Willis Towers Watson,65th Percentile,130,460,11,2025-07-23,JA-2026.1
JOB-2643,Operations Manager,Operations,Operations - Core,Management,Band 3 - Mid,3,G3C,Exempt,Managers,86963,98973,110984,5,No,Yes,5,14,2,Yes,Radford,50th Percentile,331,179,0,2025-07-20,JA-2026.1
JOB-2644,Sales Development Rep,Sales,Sales - Operations,Individual Contributor,Band 1 - Entry,1,G1A,Exempt,Technicians,45292,58091,70891,5,No,Yes,0,0,1,Yes,Culpepper,75th Percentile,198,482,3,2025-04-23,JA-2026.1
JOB-2645,Director HR,People & HR,People & HR - Core,Management,Band 7 - Director,7,G7B,Exempt,Technicians,239470,327796,416122,25,Yes,Hybrid,5,20,1,Yes,Aon Hewitt,65th Percentile,16,161,18,2025-03-19,JA-2026.1
JOB-2646,Senior CX Manager,Customer Experience,Customer Experience - Core,Management,Band 4 - Senior,4,G4A,Exempt,Professionals,109250,131353,153457,0,No,Hybrid,5,10,4,No,Culpepper,50th Percentile,102,370,0,2025-04-11,JA-2026.1
JOB-2647,Senior Marketing Specialist,Marketing,Marketing - Core,Individual Contributor,Band 3 - Mid,3,G3A,Exempt,Professionals,78490,97855,117221,0,No,Hybrid,0,0,2,Yes,Willis Towers Watson,50th Percentile,223,272,25,2025-06-08,JA-2026.1
JOB-2648,Senior Data Scientist,Data Science,Data Science - Core,Individual Contributor,Band 4 - Senior,4,G4C,Exempt,Technicians,115373,129426,143479,20,No,Yes,0,0,4,No,Aon Hewitt,50th Percentile,375,131,0,2025-04-14,JA-2026.1
JOB-2649,Sales Engineer,Sales,Sales - Operations,Executive,Band 9 - SVP/C-Suite,9,G9A,Exempt,Technicians,469866,809513,1149161,0,Yes,Yes,4,8,3,Yes,Willis Towers Watson,65th Percentile,131,72,25,2025-05-28,JA-2026.1
JOB-2650,Brand Strategist,Marketing,Marketing - Operations,Executive,Band 9 - SVP/C-Suite,9,G9B,Exempt,Technicians,526250,817033,1107817,15,Yes,Yes,3,13,1,Yes,Mercer,65th Percentile,199,494,6,2025-01-22,JA-2026.1
JOB-2651,Senior Marketing Manager,Marketing,Marketing - Core,Management,Band 5 - Lead,5,G5B,Exempt,Officials & Managers,148204,166629,185055,30,Yes,Yes,5,17,4,Yes,Culpepper,65th Percentile,278,248,23,2025-09-14,JA-2026.1
JOB-2652,VP People,People & HR,People & HR - Operations,Executive,Band 8 - VP,8,G8C,Exempt,Professionals,353447,449637,545828,20,Yes,No,6,16,6,Yes,Mercer,50th Percentile,145,182,16,2025-04-19,JA-2026.1
JOB-2653,Chief People Officer,People & HR,People & HR - Core,Executive,Band 9 - SVP/C-Suite,9,G9C,Exempt,Managers,532234,849812,1167390,10,Yes,Yes,6,8,5,Yes,Radford,50th Percentile,28,479,15,2025-06-03,JA-2026.1
JOB-2654,Distinguished Engineer,Engineering,Engineering - Operations,Technical Specialist,Band 5 - Lead,5,G5C,Exempt,Technicians,149968,171586,193205,0,Yes,Yes,0,0,1,Yes,Aon Hewitt,75th Percentile,309,428,7,2025-08-06,JA-2026.1
JOB-2655,HR Coordinator,People & HR,People & HR - Specialist,Individual Contributor,Band 1 - Entry,1,G1C,Exempt,Technicians,42988,54453,65918,20,Yes,No,0,0,1,No,Mercer,50th Percentile,12,25,3,2025-05-20,JA-2026.1
JOB-2656,Growth Analyst,Marketing,Marketing - Specialist,Executive,Band 9 - SVP/C-Suite,9,G9C,Exempt,Managers,470460,876516,1282572,40,Yes,Hybrid,4,13,2,Yes,Radford,75th Percentile,192,409,10,2025-12-11,JA-2026.1
JOB-2657,Compliance Analyst,Legal & Compliance,Legal & Compliance - Operations,Individual Contributor,Band 3 - Mid,3,G3B,Exempt,Officials & Managers,79823,101923,124024,10,Yes,Hybrid,0,0,1,No,Willis Towers Watson,50th Percentile,328,386,23,2025-07-13,JA-2026.1
JOB-2658,Engineering Manager,Engineering,Engineering - Operations,Management,Band 6 - Principal,6,G6A,Exempt,Technicians,176958,213150,249343,20,Yes,Yes,6,13,2,No,Mercer,50th Percentile,269,174,22,2025-05-12,JA-2026.1
JOB-2659,Senior Finance Manager,Finance,Finance - Core,Management,Band 4 - Senior,4,G4A,Exempt,Officials & Managers,103951,123115,142280,0,No,Yes,3,18,3,Yes,Willis Towers Watson,75th Percentile,205,180,18,2025-09-29,JA-2026.1
JOB-2660,HR Business Partner,People & HR,People & HR - Operations,Individual Contributor,Band 2 - Junior,2,G2B,Non-Exempt,Professionals,59255,70250,81246,15,Yes,Hybrid,0,0,6,Yes,Radford,75th Percentile,48,161,5,2025-10-07,JA-2026.1
JOB-2661,Marketing Specialist,Marketing,Marketing - Operations,Individual Contributor,Band 2 - Junior,2,G2A,Exempt,Professionals,54918,70585,86253,5,Yes,No,0,0,2,No,Culpepper,75th Percentile,93,74,14,2025-06-14,JA-2026.1
JOB-2662,Sales Development Rep,Sales,Sales - Operations,Individual Contributor,Band 1 - Entry,1,G1A,Exempt,Technicians,49374,56864,64355,5,No,Yes,0,0,1,Yes,Culpepper,75th Percentile,366,106,10,2025-04-23,JA-2026.1
JOB-2663,VP Legal,Legal & Compliance,Legal & Compliance - Specialist,Executive,Band 8 - VP,8,G8B,Exempt,Professionals,366694,475206,583718,10,Yes,Yes,3,9,4,Yes,Mercer,75th Percentile,300,485,8,2025-10-19,JA-2026.1
JOB-2664,Senior CX Manager,Customer Experience,Customer Experience - Core,Management,Band 4 - Senior,4,G4A,Exempt,Professionals,114595,127598,140602,0,No,Hybrid,5,10,4,No,Culpepper,50th Percentile,160,105,18,2025-04-11,JA-2026.1
JOB-2665,VP Customer Success,Customer Experience,Customer Experience - Core,Management,Band 6 - Principal,6,G6C,Exempt,Administrative Support,171486,217326,263167,25,Yes,Yes,6,9,3,No,Mercer,50th Percentile,212,223,5,2025-03-03,JA-2026.1
JOB-2666,Financial Analyst,Finance,Finance - Specialist,Individual Contributor,Band 1 - Entry,1,G1B,Exempt,Technicians,47248,56591,65935,40,Yes,Hybrid,0,0,5,Yes,Mercer,75th Percentile,378,318,4,2025-02-21,JA-2026.1
JOB-2667,Onboarding Specialist,Customer Experience,Customer Experience - Operations,Executive,Band 8 - VP,8,G8A,Exempt,Administrative Support,335060,454656,574253,40,Yes,No,5,19,5,Yes,Willis Towers Watson,75th Percentile,160,445,7,2025-08-26,JA-2026.1
JOB-2668,HR Manager,People & HR,People & HR - Core,Management,Band 5 - Lead,5,G5B,Exempt,Professionals,133077,168348,203620,15,Yes,No,3,10,2,No,Willis Towers Watson,65th Percentile,220,311,8,2025-07-23,JA-2026.1
JOB-2669,Logistics Manager,Operations,Operations - Operations,Executive,Band 9 - SVP/C-Suite,9,G9C,Exempt,Officials & Managers,472497,885932,1299367,40,Yes,Yes,4,19,1,Yes,Culpepper,50th Percentile,72,365,9,2025-03-06,JA-2026.1
JOB-2670,CX Manager,Customer Experience,Customer Experience - Core,Management,Band 3 - Mid,3,G3C,Exempt,Professionals,73834,99226,124619,10,Yes,Yes,5,14,1,Yes,Radford,50th Percentile,346,366,16,2025-03-05,JA-2026.1
JOB-2671,Senior Data Analyst,Data Science,Data Science - Specialist,Individual Contributor,Band 2 - Junior,2,G2A,Non-Exempt,Administrative Support,57138,67553,77969,20,No,No,0,0,5,Yes,Willis Towers Watson,65th Percentile,174,442,14,2025-12-04,JA-2026.1
JOB-2672,VP Product,Product,Product - Operations,Executive,Band 8 - VP,8,G8A,Exempt,Technicians,326717,416634,506552,30,Yes,No,5,12,6,Yes,Mercer,75th Percentile,204,207,0,2025-10-19,JA-2026.1
JOB-2673,Sales Engineer,Sales,Sales - Operations,Executive,Band 9 - SVP/C-Suite,9,G9A,Exempt,Technicians,464510,787866,1111222,0,Yes,Yes,4,8,3,Yes,Willis Towers Watson,65th Percentile,18,176,10,2025-05-28,JA-2026.1
JOB-2674,Chief Data Officer,Data Science,Data Science - Operations,Executive,Band 9 - SVP/C-Suite,9,G9C,Exempt,Professionals,548392,927144,1305897,20,Yes,Yes,5,14,3,Yes,Mercer,50th Percentile,144,46,19,2025-01-19,JA-2026.1
JOB-2675,Chief Product Officer,Product,Product - Specialist,Executive,Band 9 - SVP/C-Suite,9,G9C,Exempt,Technicians,501521,902510,1303499,40,Yes,No,6,10,4,Yes,Culpepper,65th Percentile,52,309,0,2025-08-17,JA-2026.1
JOB-2676,Talent Acquisition Specialist,People & HR,People & HR - Core,Executive,Band 9 - SVP/C-Suite,9,G9B,Exempt,Technicians,461015,790038,1119062,30,Yes,Yes,3,18,1,Yes,Culpepper,65th Percentile,166,107,10,2025-03-26,JA-2026.1
JOB-2677,Director Operations,Operations,Operations - Specialist,Management,Band 5 - Lead,5,G5B,Exempt,Managers,151865,168171,184477,15,Yes,Yes,5,12,4,Yes,Mercer,75th Percentile,94,249,20,2025-12-26,JA-2026.1
JOB-2678,Data Analyst,Data Science,Data Science - Operations,Individual Contributor,Band 1 - Entry,1,G1C,Exempt,Managers,42660,52437,62214,5,No,Yes,0,0,6,Yes,Aon Hewitt,65th Percentile,232,277,23,2025-08-13,JA-2026.1
JOB-2679,Operations Manager,Operations,Operations - Core,Management,Band 3 - Mid,3,G3C,Exempt,Managers,85453,104495,123537,5,No,Yes,5,14,2,Yes,Radford,50th Percentile,103,142,10,2025-07-20,JA-2026.1
JOB-2680,General Counsel,Legal & Compliance,Legal & Compliance - Specialist,Executive,Band 9 - SVP/C-Suite,9,G9B,Exempt,Professionals,452494,879289,1306084,5,Yes,Yes,5,20,4,Yes,Mercer,50th Percentile,112,92,0,2025-02-09,JA-2026.1
JOB-2681,VP Sales,Sales,Sales - Operations,Management,Band 7 - Director,7,G7A,Exempt,Professionals,270337,309770,349204,40,Yes,Yes,3,18,2,Yes,Radford,65th Percentile,2,348,8,2025-05-06,JA-2026.1
JOB-2682,Sales Engineer,Sales,Sales - Operations,Executive,Band 9 - SVP/C-Suite,9,G9A,Exempt,Technicians,531096,871258,1211421,0,Yes,Yes,4,8,3,Yes,Willis Towers Watson,65th Percentile,3,160,1,2025-05-28,JA-2026.1
JOB-2683,FP&A Analyst,Finance,Finance - Operations,Executive,Band 9 - SVP/C-Suite,9,G9A,Exempt,Administrative Support,519472,891675,1263878,20,Yes,Yes,6,9,6,Yes,Radford,65th Percentile,68,260,16,2025-06-14,JA-2026.1
JOB-2684,Senior Counsel,Legal & Compliance,Legal & Compliance - Core,Individual Contributor,Band 6 - Principal,6,G6B,Exempt,Administrative Support,184121,220366,256612,25,Yes,Yes,0,0,3,No,Radford,75th Percentile,286,290,6,2025-03-03,JA-2026.1
JOB-2685,Operations Analyst,Operations,Operations - Core,Individual Contributor,Band 1 - Entry,1,G1C,Exempt,Administrative Support,45801,56150,66499,30,No,Yes,0,0,5,No,Culpepper,50th Percentile,344,457,18,2025-10-01,JA-2026.1
JOB-2686,VP Product,Product,Product - Operations,Executive,Band 8 - VP,8,G8A,Exempt,Technicians,364361,462666,560972,30,Yes,No,5,12,6,Yes,Mercer,75th Percentile,323,419,20,2025-10-19,JA-2026.1
JOB-2687,VP Marketing,Marketing,Marketing - Core,Management,Band 7 - Director,7,G7A,Exempt,Administrative Support,252027,314146,376266,30,Yes,Yes,3,13,6,Yes,Aon Hewitt,75th Percentile,316,247,8,2025-08-05,JA-2026.1
JOB-2688,Senior Marketing Specialist,Marketing,Marketing - Core,Individual Contributor,Band 3 - Mid,3,G3A,Exempt,Professionals,85009,98428,111847,0,No,Hybrid,0,0,2,Yes,Willis Towers Watson,50th Percentile,324,70,23,2025-06-08,JA-2026.1
JOB-2689,Compliance Analyst,Legal & Compliance,Legal & Compliance - Operations,Individual Contributor,Band 3 - Mid,3,G3B,Exempt,Officials & Managers,86677,98844,111011,10,Yes,Hybrid,0,0,1,No,Willis Towers Watson,50th Percentile,38,253,22,2025-07-13,JA-2026.1
JOB-2690,Product Operations Manager,Product,Product - Operations,Executive,Band 9 - SVP/C-Suite,9,G9B,Exempt,Professionals,515809,860400,1204992,40,Yes,Yes,6,11,1,Yes,Willis Towers Watson,65th Percentile,331,109,11,2025-06-10,JA-2026.1
JOB-2691,Director HR,People & HR,People & HR - Core,Management,Band 7 - Director,7,G7B,Exempt,Technicians,225820,315921,406022,25,Yes,Hybrid,5,20,1,Yes,Aon Hewitt,65th Percentile,74,337,7,2025-03-19,JA-2026.1
JOB-2692,VP Finance,Finance,Finance - Specialist,Management,Band 6 - Principal,6,G6A,Exempt,Technicians,179721,231724,283728,5,Yes,No,3,13,3,No,Mercer,75th Percentile,375,185,21,2025-01-15,JA-2026.1
JOB-2693,Chief Product Officer,Product,Product - Specialist,Executive,Band 9 - SVP/C-Suite,9,G9C,Exempt,Technicians,470220,831145,1192071,40,Yes,No,6,10,4,Yes,Culpepper,65th Percentile,56,121,16,2025-08-17,JA-2026.1
JOB-2694,Financial Analyst,Finance,Finance - Specialist,Individual Contributor,Band 1 - Entry,1,G1B,Exempt,Technicians,45593,53772,61951,40,Yes,Hybrid,0,0,5,Yes,Mercer,75th Percentile,85,464,24,2025-02-21,JA-2026.1
JOB-2695,COO,Operations,Operations - Core,Individual Contributor,Band 7 - Director,7,G7B,Exempt,Technicians,251479,307127,362776,40,Yes,Yes,0,0,4,Yes,Willis Towers Watson,50th Percentile,211,290,6,2025-03-06,JA-2026.1
JOB-2696,Marketing Manager,Marketing,Marketing - Core,Management,Band 4 - Senior,4,G4B,Exempt,Officials & Managers,113382,135810,158239,5,Yes,Hybrid,5,12,6,Yes,Willis Towers Watson,75th Percentile,92,94,22,2025-11-06,JA-2026.1
JOB-2697,Director Product,Product,Product - Core,Management,Band 7 - Director,7,G7B,Exempt,Professionals,266648,322165,377683,10,Yes,Yes,3,9,6,Yes,Aon Hewitt,65th Percentile,90,72,15,2025-06-23,JA-2026.1
JOB-2698,Principal HRBP,People & HR,People & HR - Specialist,Technical Specialist,Band 4 - Senior,4,G4C,Exempt,Officials & Managers,104258,132220,160183,15,No,Yes,0,0,6,Yes,Mercer,65th Percentile,53,106,12,2025-01-07,JA-2026.1
JOB-2699,VP Customer Success,Customer Experience,Customer Experience - Core,Management,Band 6 - Principal,6,G6C,Exempt,Administrative Support,177465,219776,262087,25,Yes,Yes,6,9,3,No,Mercer,50th Percentile,221,180,14,2025-03-03,JA-2026.1
JOB-2700,General Counsel,Legal & Compliance,Legal & Compliance - Specialist,Executive,Band 9 - SVP/C-Suite,9,G9B,Exempt,Professionals,473268,787344,1101421,5,Yes,Yes,5,20,4,Yes,Mercer,50th Percentile,30,114,7,2025-02-09,JA-2026.1
JOB-2701,Distinguished Engineer,Engineering,Engineering - Operations,Technical Specialist,Band 5 - Lead,5,G5C,Exempt,Technicians,136968,161480,185993,0,Yes,Yes,0,0,1,Yes,Aon Hewitt,75th Percentile,157,96,9,2025-08-06,JA-2026.1
JOB-2702,VP Marketing,Marketing,Marketing - Core,Management,Band 7 - Director,7,G7A,Exempt,Administrative Support,254850,309904,364958,30,Yes,Yes,3,13,6,Yes,Aon Hewitt,75th Percentile,117,356,3,2025-08-05,JA-2026.1
JOB-2703,Account Executive,Sales,Sales - Core,Individual Contributor,Band 2 - Junior,2,G2B,Non-Exempt,Professionals,57775,72868,87962,0,Yes,Yes,0,0,2,Yes,Culpepper,50th Percentile,339,268,3,2025-01-04,JA-2026.1
JOB-2704,Product Operations Manager,Product,Product - Operations,Executive,Band 9 - SVP/C-Suite,9,G9B,Exempt,Professionals,477624,897317,1317011,40,Yes,Yes,6,11,1,Yes,Willis Towers Watson,65th Percentile,259,224,5,2025-06-10,JA-2026.1
JOB-2705,Chief People Officer,People & HR,People & HR - Core,Executive,Band 9 - SVP/C-Suite,9,G9C,Exempt,Managers,459962,856643,1253325,10,Yes,Yes,6,8,5,Yes,Radford,50th Percentile,321,179,18,2025-06-03,JA-2026.1
JOB-2706,VP Product,Product,Product - Operations,Executive,Band 8 - VP,8,G8A,Exempt,Technicians,349416,444115,538815,30,Yes,No,5,12,6,Yes,Mercer,75th Percentile,98,371,18,2025-10-19,JA-2026.1
JOB-2707,Logistics Manager,Operations,Operations - Operations,Executive,Band 9 - SVP/C-Suite,9,G9C,Exempt,Officials & Managers,520263,872142,1224021,40,Yes,Yes,4,19,1,Yes,Culpepper,50th Percentile,182,426,7,2025-03-06,JA-2026.1
JOB-2708,Operations Analyst,Operations,Operations - Core,Individual Contributor,Band 1 - Entry,1,G1C,Exempt,Administrative Support,44596,55722,66849,30,No,Yes,0,0,5,No,Culpepper,50th Percentile,1,466,6,2025-10-01,JA-2026.1
JOB-2709,COO,Operations,Operations - Core,Individual Contributor,Band 7 - Director,7,G7B,Exempt,Technicians,270031,326205,382380,40,Yes,Yes,0,0,4,Yes,Willis Towers Watson,50th Percentile,161,67,10,2025-03-06,JA-2026.1
JOB-2710,Senior Financial Analyst,Finance,Finance - Operations,Individual Contributor,Band 2 - Junior,2,G2A,Non-Exempt,Technicians,58079,70083,82087,10,No,Yes,0,0,2,No,Mercer,75th Percentile,188,217,2,2025-10-06,JA-2026.1
JOB-2711,Compliance Analyst,Legal & Compliance,Legal & Compliance - Operations,Individual Contributor,Band 3 - Mid,3,G3B,Exempt,Officials & Managers,76646,99967,123288,10,Yes,Hybrid,0,0,1,No,Willis Towers Watson,50th Percentile,283,480,6,2025-07-13,JA-2026.1
JOB-2712,Director Operations,Operations,Operations - Specialist,Management,Band 5 - Lead,5,G5B,Exempt,Managers,139577,166738,193900,15,Yes,Yes,5,12,4,Yes,Mercer,75th Percentile,105,450,13,2025-12-26,JA-2026.1
JOB-2713,VP Data & Analytics,Data Science,Data Science - Operations,Executive,Band 9 - SVP/C-Suite,9,G9C,Exempt,Officials & Managers,477015,858135,1239255,10,Yes,Yes,4,15,5,Yes,Radford,50th Percentile,165,236,11,2025-06-21,JA-2026.1
JOB-2714,Legal Coordinator,Legal & Compliance,Legal & Compliance - Operations,Individual Contributor,Band 1 - Entry,1,G1C,Exempt,Managers,43854,57510,71166,25,Yes,Yes,0,0,6,No,Willis Towers Watson,75th Percentile,83,460,15,2025-03-28,JA-2026.1
JOB-2715,VP Product,Product,Product - Operations,Executive,Band 8 - VP,8,G8A,Exempt,Technicians,316449,411954,507459,30,Yes,No,5,12,6,Yes,Mercer,75th Percentile,235,83,11,2025-10-19,JA-2026.1
JOB-2716,Director Legal,Legal & Compliance,Legal & Compliance - Core,Management,Band 7 - Director,7,G7C,Exempt,Technicians,254837,309372,363907,20,Yes,Yes,4,17,4,Yes,Radford,65th Percentile,124,335,10,2025-12-09,JA-2026.1
JOB-2717,Senior Account Executive,Sales,Sales - Core,Individual Contributor,Band 3 - Mid,3,G3B,Exempt,Managers,75291,94200,113109,40,No,Hybrid,0,0,3,No,Mercer,65th Percentile,317,290,25,2025-03-27,JA-2026.1
JOB-2718,Data Scientist,Data Science,Data Science - Operations,Individual Contributor,Band 3 - Mid,3,G3A,Exempt,Managers,83210,100394,117578,30,No,Yes,0,0,4,No,Mercer,65th Percentile,328,232,9,2025-06-01,JA-2026.1
JOB-2719,Logistics Manager,Operations,Operations - Operations,Executive,Band 9 - SVP/C-Suite,9,G9C,Exempt,Officials & Managers,542724,819032,1095340,40,Yes,Yes,4,19,1,Yes,Culpepper,50th Percentile,390,49,16,2025-03-06,JA-2026.1
JOB-2720,VP Marketing,Marketing,Marketing - Core,Management,Band 7 - Director,7,G7A,Exempt,Administrative Support,246679,331383,416087,30,Yes,Yes,3,13,6,Yes,Aon Hewitt,75th Percentile,205,263,2,2025-08-05,JA-2026.1
JOB-2721,Senior Data Scientist,Data Science,Data Science - Core,Individual Contributor,Band 4 - Senior,4,G4C,Exempt,Technicians,106151,127685,149219,20,No,Yes,0,0,4,No,Aon Hewitt,50th Percentile,192,143,5,2025-04-14,JA-2026.1
JOB-2722,Group PM,Product,Product - Specialist,Individual Contributor,Band 6 - Principal,6,G6A,Exempt,Professionals,172806,222988,273170,5,Yes,Yes,0,0,6,Yes,Aon Hewitt,50th Percentile,172,128,19,2025-07-28,JA-2026.1
JOB-2723,CX Manager,Customer Experience,Customer Experience - Core,Management,Band 3 - Mid,3,G3C,Exempt,Professionals,84727,103303,121879,10,Yes,Yes,5,14,1,Yes,Radford,50th Percentile,91,142,11,2025-03-05,JA-2026.1
JOB-2724,HR Manager,People & HR,People & HR - Core,Management,Band 5 - Lead,5,G5B,Exempt,Professionals,150966,178756,206547,15,Yes,No,3,10,2,No,Willis Towers Watson,65th Percentile,41,411,22,2025-07-23,JA-2026.1
JOB-2725,Compliance Manager,Legal & Compliance,Legal & Compliance - Core,Management,Band 4 - Senior,4,G4C,Exempt,Administrative Support,112161,134553,156945,20,Yes,Yes,6,20,5,Yes,Culpepper,65th Percentile,256,79,4,2025-01-13,JA-2026.1
JOB-2726,Logistics Manager,Operations,Operations - Operations,Executive,Band 9 - SVP/C-Suite,9,G9C,Exempt,Officials & Managers,539029,919680,1300332,40,Yes,Yes,4,19,1,Yes,Culpepper,50th Percentile,141,122,16,2025-03-06,JA-2026.1
JOB-2727,Marketing Manager,Marketing,Marketing - Core,Management,Band 4 - Senior,4,G4B,Exempt,Officials & Managers,104611,134295,163979,5,Yes,Hybrid,5,12,6,Yes,Willis Towers Watson,75th Percentile,25,74,10,2025-11-06,JA-2026.1
JOB-2728,Senior Marketing Manager,Marketing,Marketing - Core,Management,Band 5 - Lead,5,G5B,Exempt,Officials & Managers,140509,176931,213354,30,Yes,Yes,5,17,4,Yes,Culpepper,65th Percentile,183,428,16,2025-09-14,JA-2026.1
JOB-2729,CX Analyst,Customer Experience,Customer Experience - Specialist,Individual Contributor,Band 2 - Junior,2,G2B,Non-Exempt,Technicians,57665,68182,78700,40,Yes,Hybrid,0,0,5,Yes,Mercer,65th Percentile,336,478,3,2025-04-16,JA-2026.1
JOB-2730,Chief Data Officer,Data Science,Data Science - Operations,Executive,Band 9 - SVP/C-Suite,9,G9C,Exempt,Professionals,482398,857651,1232904,20,Yes,Yes,5,14,3,Yes,Mercer,50th Percentile,175,25,20,2025-01-19,JA-2026.1
JOB-2731,CX Manager,Customer Experience,Customer Experience - Core,Management,Band 3 - Mid,3,G3C,Exempt,Professionals,73519,97842,122165,10,Yes,Yes,5,14,1,Yes,Radford,50th Percentile,15,38,9,2025-03-05,JA-2026.1
JOB-2732,Senior HRBP,People & HR,People & HR - Core,Individual Contributor,Band 3 - Mid,3,G3A,Exempt,Administrative Support,77770,95917,114064,30,Yes,Hybrid,0,0,6,Yes,Culpepper,75th Percentile,283,330,22,2025-01-28,JA-2026.1
JOB-2733,Marketing Coordinator,Marketing,Marketing - Operations,Individual Contributor,Band 1 - Entry,1,G1C,Exempt,Administrative Support,49021,56822,64624,5,No,No,0,0,2,Yes,Culpepper,65th Percentile,173,133,6,2025-11-01,JA-2026.1
JOB-2734,Product Operations Manager,Product,Product - Operations,Executive,Band 9 - SVP/C-Suite,9,G9B,Exempt,Professionals,549406,866651,1183897,40,Yes,Yes,6,11,1,Yes,Willis Towers Watson,65th Percentile,339,322,25,2025-06-10,JA-2026.1
JOB-2735,Data Analyst,Data Science,Data Science - Operations,Individual Contributor,Band 1 - Entry,1,G1C,Exempt,Managers,47543,55453,63364,5,No,Yes,0,0,6,Yes,Aon Hewitt,65th Percentile,194,389,18,2025-08-13,JA-2026.1
JOB-2736,Engineering Manager,Engineering,Engineering - Operations,Management,Band 6 - Principal,6,G6A,Exempt,Technicians,206375,245145,283915,20,Yes,Yes,6,13,2,No,Mercer,50th Percentile,49,304,13,2025-05-12,JA-2026.1
JOB-2737,HR Coordinator,People & HR,People & HR - Specialist,Individual Contributor,Band 1 - Entry,1,G1C,Exempt,Technicians,46911,53275,59640,20,Yes,No,0,0,1,No,Mercer,50th Percentile,146,155,2,2025-05-20,JA-2026.1
JOB-2738,Senior Counsel,Legal & Compliance,Legal & Compliance - Core,Individual Contributor,Band 6 - Principal,6,G6B,Exempt,Administrative Support,187270,224603,261937,25,Yes,Yes,0,0,3,No,Radford,75th Percentile,346,96,15,2025-03-03,JA-2026.1
JOB-2739,Brand Strategist,Marketing,Marketing - Operations,Executive,Band 9 - SVP/C-Suite,9,G9B,Exempt,Technicians,535705,838139,1140573,15,Yes,Yes,3,13,1,Yes,Mercer,65th Percentile,352,434,8,2025-01-22,JA-2026.1
JOB-2740,Legal Coordinator,Legal & Compliance,Legal & Compliance - Operations,Individual Contributor,Band 1 - Entry,1,G1C,Exempt,Managers,44570,55678,66786,25,Yes,Yes,0,0,6,No,Willis Towers Watson,75th Percentile,173,34,21,2025-03-28,JA-2026.1
JOB-2741,Brand Strategist,Marketing,Marketing - Operations,Executive,Band 9 - SVP/C-Suite,9,G9B,Exempt,Technicians,522272,893903,1265535,15,Yes,Yes,3,13,1,Yes,Mercer,65th Percentile,267,281,2,2025-01-22,JA-2026.1
JOB-2742,Talent Acquisition Specialist,People & HR,People & HR - Core,Executive,Band 9 - SVP/C-Suite,9,G9B,Exempt,Technicians,475624,790325,1105026,30,Yes,Yes,3,18,1,Yes,Culpepper,65th Percentile,160,135,21,2025-03-26,JA-2026.1
JOB-2743,SVP Engineering,Engineering,Engineering - Specialist,Executive,Band 9 - SVP/C-Suite,9,G9B,Exempt,Officials & Managers,456005,880332,1304660,25,Yes,Yes,4,8,3,Yes,Aon Hewitt,65th Percentile,371,150,23,2025-12-02,JA-2026.1
JOB-2744,Onboarding Specialist,Customer Experience,Customer Experience - Operations,Executive,Band 8 - VP,8,G8A,Exempt,Administrative Support,341477,460326,579176,40,Yes,No,5,19,5,Yes,Willis Towers Watson,75th Percentile,258,166,15,2025-08-26,JA-2026.1
JOB-2745,CFO,Finance,Finance - Operations,Executive,Band 8 - VP,8,G8B,Exempt,Officials & Managers,328456,451573,574690,30,Yes,No,5,13,6,Yes,Willis Towers Watson,50th Percentile,119,443,11,2025-02-02,JA-2026.1
JOB-2746,Senior Software Engineer,Engineering,Engineering - Operations,Individual Contributor,Band 2 - Junior,2,G2B,Exempt,Technicians,55520,69693,83867,30,Yes,Hybrid,0,0,4,Yes,Mercer,65th Percentile,196,324,15,2025-10-18,JA-2026.1
JOB-2747,Director Operations,Operations,Operations - Specialist,Management,Band 5 - Lead,5,G5B,Exempt,Managers,134926,174994,215063,15,Yes,Yes,5,12,4,Yes,Mercer,75th Percentile,213,128,6,2025-12-26,JA-2026.1
JOB-2748,VP Data & Analytics,Data Science,Data Science - Operations,Executive,Band 9 - SVP/C-Suite,9,G9C,Exempt,Officials & Managers,462116,864165,1266215,10,Yes,Yes,4,15,5,Yes,Radford,50th Percentile,161,432,19,2025-06-21,JA-2026.1
JOB-2749,Talent Acquisition Specialist,People & HR,People & HR - Core,Executive,Band 9 - SVP/C-Suite,9,G9B,Exempt,Technicians,532550,901055,1269561,30,Yes,Yes,3,18,1,Yes,Culpepper,65th Percentile,154,75,16,2025-03-26,JA-2026.1
JOB-2750,VP Customer Success,Customer Experience,Customer Experience - Core,Management,Band 6 - Principal,6,G6C,Exempt,Administrative Support,202676,241965,281255,25,Yes,Yes,6,9,3,No,Mercer,50th Percentile,224,144,1,2025-03-03,JA-2026.1
JOB-2751,FP&A Analyst,Finance,Finance - Operations,Executive,Band 9 - SVP/C-Suite,9,G9A,Exempt,Administrative Support,499614,894882,1290150,20,Yes,Yes,6,9,6,Yes,Radford,65th Percentile,215,15,5,2025-06-14,JA-2026.1
JOB-2752,Compliance Manager,Legal & Compliance,Legal & Compliance - Core,Management,Band 4 - Senior,4,G4C,Exempt,Administrative Support,118621,139568,160515,20,Yes,Yes,6,20,5,Yes,Culpepper,65th Percentile,272,21,10,2025-01-13,JA-2026.1
JOB-2753,Process Improvement Specialist,Operations,Operations - Operations,Executive,Band 9 - SVP/C-Suite,9,G9B,Exempt,Managers,451281,842810,1234339,0,Yes,Yes,5,8,6,Yes,Radford,75th Percentile,309,498,19,2025-07-10,JA-2026.1
JOB-2754,Chief Customer Officer,Customer Experience,Customer Experience - Core,Individual Contributor,Band 7 - Director,7,G7A,Exempt,Technicians,247329,332163,416997,10,Yes,No,0,0,1,Yes,Culpepper,65th Percentile,39,153,25,2025-09-22,JA-2026.1
JOB-2755,VP Marketing,Marketing,Marketing - Core,Management,Band 7 - Director,7,G7A,Exempt,Administrative Support,272185,309166,346148,30,Yes,Yes,3,13,6,Yes,Aon Hewitt,75th Percentile,2,268,19,2025-08-05,JA-2026.1
JOB-2756,CX Specialist,Customer Experience,Customer Experience - Operations,Individual Contributor,Band 1 - Entry,1,G1A,Exempt,Professionals,42540,51987,61434,15,No,No,0,0,4,No,Mercer,75th Percentile,392,188,16,2025-08-08,JA-2026.1
JOB-2757,Chief Revenue Officer,Sales,Sales - Core,Executive,Band 8 - VP,8,G8A,Exempt,Administrative Support,374923,442665,510407,20,Yes,No,4,18,1,Yes,Willis Towers Watson,65th Percentile,74,332,6,2025-09-12,JA-2026.1
JOB-2758,Director Product,Product,Product - Core,Management,Band 7 - Director,7,G7B,Exempt,Professionals,257217,304193,351169,10,Yes,Yes,3,9,6,Yes,Aon Hewitt,65th Percentile,362,110,19,2025-06-23,JA-2026.1
JOB-2759,VP Marketing,Marketing,Marketing - Core,Management,Band 7 - Director,7,G7A,Exempt,Administrative Support,231509,292443,353377,30,Yes,Yes,3,13,6,Yes,Aon Hewitt,75th Percentile,228,364,15,2025-08-05,JA-2026.1
JOB-2760,CX Manager,Customer Experience,Customer Experience - Core,Management,Band 3 - Mid,3,G3C,Exempt,Professionals,74975,92298,109621,10,Yes,Yes,5,14,1,Yes,Radford,50th Percentile,197,79,22,2025-03-05,JA-2026.1
JOB-2761,VP Sales,Sales,Sales - Operations,Management,Band 7 - Director,7,G7A,Exempt,Professionals,265253,321692,378132,40,Yes,Yes,3,18,2,Yes,Radford,65th Percentile,108,107,10,2025-05-06,JA-2026.1
JOB-2762,Growth Analyst,Marketing,Marketing - Specialist,Executive,Band 9 - SVP/C-Suite,9,G9C,Exempt,Managers,523107,805839,1088571,40,Yes,Hybrid,4,13,2,Yes,Radford,75th Percentile,49,403,2,2025-12-11,JA-2026.1
JOB-2763,Senior Account Executive,Sales,Sales - Core,Individual Contributor,Band 3 - Mid,3,G3B,Exempt,Managers,78495,93653,108811,40,No,Hybrid,0,0,3,No,Mercer,65th Percentile,74,131,22,2025-03-27,JA-2026.1
JOB-2764,Senior Data Scientist,Data Science,Data Science - Core,Individual Contributor,Band 4 - Senior,4,G4C,Exempt,Technicians,106705,123546,140388,20,No,Yes,0,0,4,No,Aon Hewitt,50th Percentile,166,261,4,2025-04-14,JA-2026.1
JOB-2765,Senior Operations Manager,Operations,Operations - Specialist,Management,Band 4 - Senior,4,G4C,Exempt,Administrative Support,106501,124901,143301,30,No,No,5,9,2,No,Mercer,50th Percentile,132,47,1,2025-01-03,JA-2026.1
JOB-2766,VP Legal,Legal & Compliance,Legal & Compliance - Specialist,Executive,Band 8 - VP,8,G8B,Exempt,Professionals,318204,420107,522010,10,Yes,Yes,3,9,4,Yes,Mercer,75th Percentile,97,113,19,2025-10-19,JA-2026.1
JOB-2767,Data Scientist,Data Science,Data Science - Operations,Individual Contributor,Band 3 - Mid,3,G3A,Exempt,Managers,74364,100105,125847,30,No,Yes,0,0,4,No,Mercer,65th Percentile,83,461,1,2025-06-01,JA-2026.1
JOB-2768,Chief Product Officer,Product,Product - Specialist,Executive,Band 9 - SVP/C-Suite,9,G9C,Exempt,Technicians,486389,854347,1222306,40,Yes,No,6,10,4,Yes,Culpepper,65th Percentile,241,325,22,2025-08-17,JA-2026.1
JOB-2769,Senior Finance Manager,Finance,Finance - Core,Management,Band 4 - Senior,4,G4A,Exempt,Officials & Managers,115784,132238,148692,0,No,Yes,3,18,3,Yes,Willis Towers Watson,75th Percentile,274,239,14,2025-09-29,JA-2026.1
JOB-2770,COO,Operations,Operations - Core,Individual Contributor,Band 7 - Director,7,G7B,Exempt,Technicians,239226,299778,360330,40,Yes,Yes,0,0,4,Yes,Willis Towers Watson,50th Percentile,330,268,9,2025-03-06,JA-2026.1
JOB-2771,Product Manager,Product,Product - Operations,Management,Band 3 - Mid,3,G3B,Exempt,Technicians,76318,93415,110513,10,Yes,Yes,4,12,3,No,Aon Hewitt,65th Percentile,55,187,16,2025-05-16,JA-2026.1
JOB-2772,Senior Financial Analyst,Finance,Finance - Operations,Individual Contributor,Band 2 - Junior,2,G2A,Non-Exempt,Technicians,55938,67496,79055,10,No,Yes,0,0,2,No,Mercer,75th Percentile,165,52,0,2025-10-06,JA-2026.1
JOB-2773,Support Lead,Customer Experience,Customer Experience - Operations,Executive,Band 9 - SVP/C-Suite,9,G9B,Exempt,Officials & Managers,471142,844415,1217688,15,Yes,Yes,4,9,6,Yes,Radford,50th Percentile,143,268,4,2025-09-28,JA-2026.1
JOB-2774,Director Marketing,Marketing,Marketing - Specialist,Management,Band 6 - Principal,6,G6C,Exempt,Technicians,203293,233696,264099,40,Yes,Hybrid,4,11,3,Yes,Culpepper,50th Percentile,323,93,23,2025-09-22,JA-2026.1
JOB-2775,Principal Engineer,Engineering,Engineering - Operations,Technical Specialist,Band 4 - Senior,4,G4A,Exempt,Officials & Managers,118142,143209,168276,15,No,Yes,0,0,3,Yes,Mercer,75th Percentile,197,137,0,2025-04-01,JA-2026.1
JOB-2776,Sales Engineer,Sales,Sales - Operations,Executive,Band 9 - SVP/C-Suite,9,G9A,Exempt,Technicians,455206,805503,1155801,0,Yes,Yes,4,8,3,Yes,Willis Towers Watson,65th Percentile,195,327,10,2025-05-28,JA-2026.1
JOB-2777,Voice of Customer Analyst,Customer Experience,Customer Experience - Core,Executive,Band 9 - SVP/C-Suite,9,G9C,Exempt,Administrative Support,452635,835092,1217549,30,Yes,Hybrid,3,12,4,Yes,Mercer,75th Percentile,318,46,13,2025-11-04,JA-2026.1
JOB-2778,Senior Data Analyst,Data Science,Data Science - Specialist,Individual Contributor,Band 2 - Junior,2,G2A,Non-Exempt,Administrative Support,65586,71112,76638,20,No,No,0,0,5,Yes,Willis Towers Watson,65th Percentile,263,339,10,2025-12-04,JA-2026.1
JOB-2779,Operations Analyst,Operations,Operations - Core,Individual Contributor,Band 1 - Entry,1,G1C,Exempt,Administrative Support,42574,51957,61340,30,No,Yes,0,0,5,No,Culpepper,50th Percentile,126,152,13,2025-10-01,JA-2026.1
JOB-2780,Senior HRBP,People & HR,People & HR - Core,Individual Contributor,Band 3 - Mid,3,G3A,Exempt,Administrative Support,80905,93266,105628,30,Yes,Hybrid,0,0,6,Yes,Culpepper,75th Percentile,389,456,16,2025-01-28,JA-2026.1
JOB-2781,Data Scientist,Data Science,Data Science - Operations,Individual Contributor,Band 3 - Mid,3,G3A,Exempt,Managers,81681,98053,114426,30,No,Yes,0,0,4,No,Mercer,65th Percentile,5,17,23,2025-06-01,JA-2026.1
JOB-2782,Director Product,Product,Product - Core,Management,Band 7 - Director,7,G7B,Exempt,Professionals,246255,305663,365072,10,Yes,Yes,3,9,6,Yes,Aon Hewitt,65th Percentile,188,47,8,2025-06-23,JA-2026.1
JOB-2783,Voice of Customer Analyst,Customer Experience,Customer Experience - Core,Executive,Band 9 - SVP/C-Suite,9,G9C,Exempt,Administrative Support,526870,916456,1306042,30,Yes,Hybrid,3,12,4,Yes,Mercer,75th Percentile,333,238,10,2025-11-04,JA-2026.1
JOB-2784,HR Manager,People & HR,People & HR - Core,Management,Band 5 - Lead,5,G5B,Exempt,Professionals,152787,167808,182829,15,Yes,No,3,10,2,No,Willis Towers Watson,65th Percentile,67,398,0,2025-07-23,JA-2026.1
JOB-2785,Senior Data Analyst,Data Science,Data Science - Specialist,Individual Contributor,Band 2 - Junior,2,G2A,Non-Exempt,Administrative Support,55900,72289,88679,20,No,No,0,0,5,Yes,Willis Towers Watson,65th Percentile,329,198,8,2025-12-04,JA-2026.1
JOB-2786,Talent Acquisition Specialist,People & HR,People & HR - Core,Executive,Band 9 - SVP/C-Suite,9,G9B,Exempt,Technicians,456328,812729,1169130,30,Yes,Yes,3,18,1,Yes,Culpepper,65th Percentile,360,339,18,2025-03-26,JA-2026.1
JOB-2787,Marketing Coordinator,Marketing,Marketing - Operations,Individual Contributor,Band 1 - Entry,1,G1C,Exempt,Administrative Support,41925,52899,63873,5,No,No,0,0,2,Yes,Culpepper,65th Percentile,200,325,2,2025-11-01,JA-2026.1
JOB-2788,CFO,Finance,Finance - Operations,Executive,Band 8 - VP,8,G8B,Exempt,Officials & Managers,349216,463761,578307,30,Yes,No,5,13,6,Yes,Willis Towers Watson,50th Percentile,173,305,14,2025-02-02,JA-2026.1
JOB-2789,Onboarding Specialist,Customer Experience,Customer Experience - Operations,Executive,Band 8 - VP,8,G8A,Exempt,Administrative Support,327006,461455,595905,40,Yes,No,5,19,5,Yes,Willis Towers Watson,75th Percentile,388,207,25,2025-08-26,JA-2026.1
JOB-2790,Supply Chain Analyst,Operations,Operations - Specialist,Executive,Band 8 - VP,8,G8A,Exempt,Managers,378732,464753,550774,10,Yes,Hybrid,3,9,1,Yes,Mercer,75th Percentile,62,272,25,2025-04-14,JA-2026.1
JOB-2791,Chief Data Officer,Data Science,Data Science - Operations,Executive,Band 9 - SVP/C-Suite,9,G9C,Exempt,Professionals,503833,895855,1287877,20,Yes,Yes,5,14,3,Yes,Mercer,50th Percentile,114,454,24,2025-01-19,JA-2026.1
JOB-2792,Talent Acquisition Specialist,People & HR,People & HR - Core,Executive,Band 9 - SVP/C-Suite,9,G9B,Exempt,Technicians,488769,864613,1240457,30,Yes,Yes,3,18,1,Yes,Culpepper,65th Percentile,215,72,16,2025-03-26,JA-2026.1
JOB-2793,Product Operations Manager,Product,Product - Operations,Executive,Band 9 - SVP/C-Suite,9,G9B,Exempt,Professionals,490433,798645,1106858,40,Yes,Yes,6,11,1,Yes,Willis Towers Watson,65th Percentile,137,339,20,2025-06-10,JA-2026.1
JOB-2794,COO,Operations,Operations - Core,Individual Contributor,Band 7 - Director,7,G7B,Exempt,Technicians,254026,308007,361989,40,Yes,Yes,0,0,4,Yes,Willis Towers Watson,50th Percentile,353,122,18,2025-03-06,JA-2026.1
JOB-2795,Director Sales,Sales,Sales - Specialist,Management,Band 6 - Principal,6,G6B,Exempt,Administrative Support,198553,224169,249786,25,Yes,Hybrid,5,19,3,No,Mercer,75th Percentile,103,435,20,2025-06-08,JA-2026.1
JOB-2796,Product Manager,Product,Product - Operations,Management,Band 3 - Mid,3,G3B,Exempt,Technicians,81758,94989,108221,10,Yes,Yes,4,12,3,No,Aon Hewitt,65th Percentile,366,471,16,2025-05-16,JA-2026.1
JOB-2797,FP&A Analyst,Finance,Finance - Operations,Executive,Band 9 - SVP/C-Suite,9,G9A,Exempt,Administrative Support,473260,839124,1204988,20,Yes,Yes,6,9,6,Yes,Radford,65th Percentile,116,445,8,2025-06-14,JA-2026.1
JOB-2798,CFO,Finance,Finance - Operations,Executive,Band 8 - VP,8,G8B,Exempt,Officials & Managers,384141,476793,569446,30,Yes,No,5,13,6,Yes,Willis Towers Watson,50th Percentile,57,13,14,2025-02-02,JA-2026.1
JOB-2799,Legal Counsel,Legal & Compliance,Legal & Compliance - Operations,Individual Contributor,Band 5 - Lead,5,G5A,Exempt,Officials & Managers,149453,184419,219386,5,Yes,No,0,0,3,No,Culpepper,75th Percentile,146,65,14,2025-11-10,JA-2026.1
JOB-2800,SVP Finance,Finance,Finance - Core,Management,Band 7 - Director,7,G7A,Exempt,Technicians,238833,305356,371879,25,Yes,Hybrid,3,18,1,Yes,Aon Hewitt,50th Percentile,267,357,3,2025-12-21,JA-2026.1
JOB-2801,Chief Product Officer,Product,Product - Specialist,Executive,Band 9 - SVP/C-Suite,9,G9C,Exempt,Technicians,515995,805470,1094945,40,Yes,No,6,10,4,Yes,Culpepper,65th Percentile,327,46,18,2025-08-17,JA-2026.1
JOB-2802,Senior Software Engineer,Engineering,Engineering - Operations,Individual Contributor,Band 2 - Junior,2,G2B,Exempt,Technicians,58668,74144,89621,30,Yes,Hybrid,0,0,4,Yes,Mercer,65th Percentile,382,352,18,2025-10-18,JA-2026.1
JOB-2803,Operations Analyst,Operations,Operations - Core,Individual Contributor,Band 1 - Entry,1,G1C,Exempt,Administrative Support,45616,54511,63406,30,No,Yes,0,0,5,No,Culpepper,50th Percentile,384,299,22,2025-10-01,JA-2026.1
JOB-2804,VP Finance,Finance,Finance - Specialist,Management,Band 6 - Principal,6,G6A,Exempt,Technicians,175387,229977,284568,5,Yes,No,3,13,3,No,Mercer,75th Percentile,107,68,21,2025-01-15,JA-2026.1
JOB-2805,Staff Engineer,Engineering,Engineering - Specialist,Technical Specialist,Band 3 - Mid,3,G3A,Exempt,Administrative Support,80532,99815,119098,5,No,Hybrid,0,0,4,Yes,Willis Towers Watson,75th Percentile,168,163,19,2025-07-05,JA-2026.1
JOB-2806,VP Marketing,Marketing,Marketing - Core,Management,Band 7 - Director,7,G7A,Exempt,Administrative Support,270916,340507,410098,30,Yes,Yes,3,13,6,Yes,Aon Hewitt,75th Percentile,31,244,11,2025-08-05,JA-2026.1
JOB-2807,Sales Engineer,Sales,Sales - Operations,Executive,Band 9 - SVP/C-Suite,9,G9A,Exempt,Technicians,526941,898724,1270507,0,Yes,Yes,4,8,3,Yes,Willis Towers Watson,65th Percentile,13,375,3,2025-05-28,JA-2026.1
JOB-2808,Chief Product Officer,Product,Product - Specialist,Executive,Band 9 - SVP/C-Suite,9,G9C,Exempt,Technicians,483002,888560,1294119,40,Yes,No,6,10,4,Yes,Culpepper,65th Percentile,379,324,1,2025-08-17,JA-2026.1
JOB-2809,Compliance Analyst,Legal & Compliance,Legal & Compliance - Operations,Individual Contributor,Band 3 - Mid,3,G3B,Exempt,Officials & Managers,82554,95222,107891,10,Yes,Hybrid,0,0,1,No,Willis Towers Watson,50th Percentile,275,381,18,2025-07-13,JA-2026.1
JOB-2810,VP Legal,Legal & Compliance,Legal & Compliance - Specialist,Executive,Band 8 - VP,8,G8B,Exempt,Professionals,362500,437675,512850,10,Yes,Yes,3,9,4,Yes,Mercer,75th Percentile,243,24,18,2025-10-19,JA-2026.1
JOB-2811,Director HR,People & HR,People & HR - Core,Management,Band 7 - Director,7,G7B,Exempt,Technicians,267808,332945,398082,25,Yes,Hybrid,5,20,1,Yes,Aon Hewitt,65th Percentile,148,291,24,2025-03-19,JA-2026.1
JOB-2812,VP Customer Success,Customer Experience,Customer Experience - Core,Management,Band 6 - Principal,6,G6C,Exempt,Administrative Support,183103,216028,248953,25,Yes,Yes,6,9,3,No,Mercer,50th Percentile,299,166,1,2025-03-03,JA-2026.1
JOB-2813,VP Legal,Legal & Compliance,Legal & Compliance - Specialist,Executive,Band 8 - VP,8,G8B,Exempt,Professionals,378751,471155,563560,10,Yes,Yes,3,9,4,Yes,Mercer,75th Percentile,309,281,21,2025-10-19,JA-2026.1
JOB-2814,Finance Manager,Finance,Finance - Core,Management,Band 3 - Mid,3,G3A,Exempt,Technicians,76301,99119,121938,15,No,No,3,11,3,No,Culpepper,65th Percentile,121,190,18,2025-11-18,JA-2026.1
JOB-2815,Director of Analytics,Data Science,Data Science - Core,Executive,Band 8 - VP,8,G8B,Exempt,Officials & Managers,361638,465084,568531,30,Yes,Yes,5,12,2,Yes,Willis Towers Watson,65th Percentile,300,475,14,2025-09-03,JA-2026.1
JOB-2816,VP Sales,Sales,Sales - Operations,Management,Band 7 - Director,7,G7A,Exempt,Professionals,225770,287379,348989,40,Yes,Yes,3,18,2,Yes,Radford,65th Percentile,72,188,1,2025-05-06,JA-2026.1
JOB-2817,Chief Data Officer,Data Science,Data Science - Operations,Executive,Band 9 - SVP/C-Suite,9,G9C,Exempt,Professionals,538128,814336,1090545,20,Yes,Yes,5,14,3,Yes,Mercer,50th Percentile,213,413,9,2025-01-19,JA-2026.1
JOB-2818,Sales Engineer,Sales,Sales - Operations,Executive,Band 9 - SVP/C-Suite,9,G9A,Exempt,Technicians,466681,874420,1282160,0,Yes,Yes,4,8,3,Yes,Willis Towers Watson,65th Percentile,197,423,5,2025-05-28,JA-2026.1
JOB-2819,Supply Chain Analyst,Operations,Operations - Specialist,Executive,Band 8 - VP,8,G8A,Exempt,Managers,342828,434038,525248,10,Yes,Hybrid,3,9,1,Yes,Mercer,75th Percentile,400,412,1,2025-04-14,JA-2026.1
JOB-2820,Principal PM,Product,Product - Core,Technical Specialist,Band 5 - Lead,5,G5C,Exempt,Officials & Managers,136883,167119,197355,10,Yes,No,0,0,2,Yes,Aon Hewitt,65th Percentile,147,191,1,2025-06-11,JA-2026.1
JOB-2821,Director HR,People & HR,People & HR - Core,Management,Band 7 - Director,7,G7B,Exempt,Technicians,274347,336698,399049,25,Yes,Hybrid,5,20,1,Yes,Aon Hewitt,65th Percentile,167,404,7,2025-03-19,JA-2026.1
JOB-2822,Data Analyst,Data Science,Data Science - Operations,Individual Contributor,Band 1 - Entry,1,G1C,Exempt,Managers,41336,52339,63342,5,No,Yes,0,0,6,Yes,Aon Hewitt,65th Percentile,188,179,6,2025-08-13,JA-2026.1
JOB-2823,Growth Analyst,Marketing,Marketing - Specialist,Executive,Band 9 - SVP/C-Suite,9,G9C,Exempt,Managers,517298,910009,1302720,40,Yes,Hybrid,4,13,2,Yes,Radford,75th Percentile,19,406,24,2025-12-11,JA-2026.1
JOB-2824,COO,Operations,Operations - Core,Individual Contributor,Band 7 - Director,7,G7B,Exempt,Technicians,231046,305077,379109,40,Yes,Yes,0,0,4,Yes,Willis Towers Watson,50th Percentile,122,91,14,2025-03-06,JA-2026.1
JOB-2825,Senior Product Manager,Product,Product - Specialist,Management,Band 4 - Senior,4,G4A,Exempt,Professionals,105044,137306,169568,10,No,No,5,19,4,No,Mercer,65th Percentile,373,362,9,2025-11-12,JA-2026.1
JOB-2826,Paralegal,Legal & Compliance,Legal & Compliance - Specialist,Individual Contributor,Band 2 - Junior,2,G2C,Non-Exempt,Technicians,56815,75064,93313,15,No,Hybrid,0,0,2,Yes,Aon Hewitt,75th Percentile,156,372,21,2025-05-23,JA-2026.1
JOB-2827,VP People,People & HR,People & HR - Operations,Executive,Band 8 - VP,8,G8C,Exempt,Professionals,379787,487053,594319,20,Yes,No,6,16,6,Yes,Mercer,50th Percentile,72,395,4,2025-04-19,JA-2026.1
JOB-2828,Senior Finance Manager,Finance,Finance - Core,Management,Band 4 - Senior,4,G4A,Exempt,Officials & Managers,104012,127515,151019,0,No,Yes,3,18,3,Yes,Willis Towers Watson,75th Percentile,215,228,3,2025-09-29,JA-2026.1
JOB-2829,Director Sales,Sales,Sales - Specialist,Management,Band 6 - Principal,6,G6B,Exempt,Administrative Support,180406,219405,258405,25,Yes,Hybrid,5,19,3,No,Mercer,75th Percentile,261,159,18,2025-06-08,JA-2026.1
JOB-2830,VP Marketing,Marketing,Marketing - Core,Management,Band 7 - Director,7,G7A,Exempt,Administrative Support,237008,323152,409297,30,Yes,Yes,3,13,6,Yes,Aon Hewitt,75th Percentile,255,185,21,2025-08-05,JA-2026.1
JOB-2831,Director of Engineering,Engineering,Engineering - Core,Executive,Band 8 - VP,8,G8A,Exempt,Managers,333429,444404,555380,10,Yes,Yes,6,10,2,Yes,Culpepper,65th Percentile,395,84,10,2025-04-30,JA-2026.1
JOB-2832,Senior Marketing Manager,Marketing,Marketing - Core,Management,Band 5 - Lead,5,G5B,Exempt,Officials & Managers,135029,168142,201256,30,Yes,Yes,5,17,4,Yes,Culpepper,65th Percentile,117,444,1,2025-09-14,JA-2026.1
JOB-2833,Operations Analyst,Operations,Operations - Core,Individual Contributor,Band 1 - Entry,1,G1C,Exempt,Administrative Support,43480,54964,66448,30,No,Yes,0,0,5,No,Culpepper,50th Percentile,102,314,16,2025-10-01,JA-2026.1
JOB-2834,Legal Counsel,Legal & Compliance,Legal & Compliance - Operations,Individual Contributor,Band 5 - Lead,5,G5A,Exempt,Officials & Managers,156543,175134,193726,5,Yes,No,0,0,3,No,Culpepper,75th Percentile,256,210,11,2025-11-10,JA-2026.1
JOB-2835,Senior Operations Manager,Operations,Operations - Specialist,Management,Band 4 - Senior,4,G4C,Exempt,Administrative Support,107024,128336,149648,30,No,No,5,9,2,No,Mercer,50th Percentile,4,171,14,2025-01-03,JA-2026.1
JOB-2836,CX Specialist,Customer Experience,Customer Experience - Operations,Individual Contributor,Band 1 - Entry,1,G1A,Exempt,Professionals,46165,58008,69852,15,No,No,0,0,4,No,Mercer,75th Percentile,170,355,5,2025-08-08,JA-2026.1
JOB-2837,Product Operations Manager,Product,Product - Operations,Executive,Band 9 - SVP/C-Suite,9,G9B,Exempt,Professionals,468979,885290,1301602,40,Yes,Yes,6,11,1,Yes,Willis Towers Watson,65th Percentile,204,380,24,2025-06-10,JA-2026.1
JOB-2838,Chief People Officer,People & HR,People & HR - Core,Executive,Band 9 - SVP/C-Suite,9,G9C,Exempt,Managers,452055,856852,1261649,10,Yes,Yes,6,8,5,Yes,Radford,50th Percentile,127,209,24,2025-06-03,JA-2026.1
JOB-2839,Operations Analyst,Operations,Operations - Core,Individual Contributor,Band 1 - Entry,1,G1C,Exempt,Administrative Support,49152,57451,65750,30,No,Yes,0,0,5,No,Culpepper,50th Percentile,271,346,18,2025-10-01,JA-2026.1
JOB-2840,Director HR,People & HR,People & HR - Core,Management,Band 7 - Director,7,G7B,Exempt,Technicians,274818,335957,397097,25,Yes,Hybrid,5,20,1,Yes,Aon Hewitt,65th Percentile,364,312,8,2025-03-19,JA-2026.1
JOB-2841,Senior Marketing Manager,Marketing,Marketing - Core,Management,Band 5 - Lead,5,G5B,Exempt,Officials & Managers,143141,164625,186109,30,Yes,Yes,5,17,4,Yes,Culpepper,65th Percentile,330,68,0,2025-09-14,JA-2026.1
JOB-2842,Logistics Manager,Operations,Operations - Operations,Executive,Band 9 - SVP/C-Suite,9,G9C,Exempt,Officials & Managers,474352,879226,1284101,40,Yes,Yes,4,19,1,Yes,Culpepper,50th Percentile,308,261,14,2025-03-06,JA-2026.1
JOB-2843,Senior Operations Manager,Operations,Operations - Specialist,Management,Band 4 - Senior,4,G4C,Exempt,Administrative Support,120665,134064,147464,30,No,No,5,9,2,No,Mercer,50th Percentile,359,11,18,2025-01-03,JA-2026.1
JOB-2844,Director of Analytics,Data Science,Data Science - Core,Executive,Band 8 - VP,8,G8B,Exempt,Officials & Managers,375223,440742,506261,30,Yes,Yes,5,12,2,Yes,Willis Towers Watson,65th Percentile,372,198,13,2025-09-03,JA-2026.1
JOB-2845,Principal Engineer,Engineering,Engineering - Operations,Technical Specialist,Band 4 - Senior,4,G4A,Exempt,Officials & Managers,111105,134843,158582,15,No,Yes,0,0,3,Yes,Mercer,75th Percentile,18,461,0,2025-04-01,JA-2026.1
JOB-2846,Chief Customer Officer,Customer Experience,Customer Experience - Core,Individual Contributor,Band 7 - Director,7,G7A,Exempt,Technicians,237857,308303,378749,10,Yes,No,0,0,1,Yes,Culpepper,65th Percentile,208,119,5,2025-09-22,JA-2026.1
JOB-2847,Distinguished Engineer,Engineering,Engineering - Operations,Technical Specialist,Band 5 - Lead,5,G5C,Exempt,Technicians,139782,159933,180084,0,Yes,Yes,0,0,1,Yes,Aon Hewitt,75th Percentile,32,389,0,2025-08-06,JA-2026.1
JOB-2848,Logistics Manager,Operations,Operations - Operations,Executive,Band 9 - SVP/C-Suite,9,G9C,Exempt,Officials & Managers,499074,815910,1132746,40,Yes,Yes,4,19,1,Yes,Culpepper,50th Percentile,176,221,23,2025-03-06,JA-2026.1
JOB-2849,Senior Marketing Manager,Marketing,Marketing - Core,Management,Band 5 - Lead,5,G5B,Exempt,Officials & Managers,132948,171808,210669,30,Yes,Yes,5,17,4,Yes,Culpepper,65th Percentile,299,448,16,2025-09-14,JA-2026.1
JOB-2850,CX Analyst,Customer Experience,Customer Experience - Specialist,Individual Contributor,Band 2 - Junior,2,G2B,Non-Exempt,Technicians,55724,67886,80049,40,Yes,Hybrid,0,0,5,Yes,Mercer,65th Percentile,239,114,14,2025-04-16,JA-2026.1
JOB-2851,Growth Analyst,Marketing,Marketing - Specialist,Executive,Band 9 - SVP/C-Suite,9,G9C,Exempt,Managers,519169,834180,1149192,40,Yes,Hybrid,4,13,2,Yes,Radford,75th Percentile,7,444,22,2025-12-11,JA-2026.1
JOB-2852,VP Operations,Operations,Operations - Operations,Management,Band 6 - Principal,6,G6A,Exempt,Administrative Support,193825,219480,245136,20,Yes,Yes,4,14,5,Yes,Willis Towers Watson,65th Percentile,184,56,0,2025-06-26,JA-2026.1
JOB-2853,CX Analyst,Customer Experience,Customer Experience - Specialist,Individual Contributor,Band 2 - Junior,2,G2B,Non-Exempt,Technicians,54361,69479,84597,40,Yes,Hybrid,0,0,5,Yes,Mercer,65th Percentile,79,72,0,2025-04-16,JA-2026.1
JOB-2854,Analytics Manager,Data Science,Data Science - Specialist,Management,Band 7 - Director,7,G7C,Exempt,Administrative Support,244930,307010,369090,20,Yes,Yes,3,20,4,Yes,Aon Hewitt,50th Percentile,98,283,13,2025-03-07,JA-2026.1
JOB-2855,Senior Data Scientist,Data Science,Data Science - Core,Individual Contributor,Band 4 - Senior,4,G4C,Exempt,Technicians,120815,145514,170214,20,No,Yes,0,0,4,No,Aon Hewitt,50th Percentile,246,380,19,2025-04-14,JA-2026.1
JOB-2856,Process Improvement Specialist,Operations,Operations - Operations,Executive,Band 9 - SVP/C-Suite,9,G9B,Exempt,Managers,532222,884288,1236355,0,Yes,Yes,5,8,6,Yes,Radford,75th Percentile,261,136,13,2025-07-10,JA-2026.1
JOB-2857,Growth Analyst,Marketing,Marketing - Specialist,Executive,Band 9 - SVP/C-Suite,9,G9C,Exempt,Managers,460001,884019,1308037,40,Yes,Hybrid,4,13,2,Yes,Radford,75th Percentile,258,339,20,2025-12-11,JA-2026.1
JOB-2858,Paralegal,Legal & Compliance,Legal & Compliance - Specialist,Individual Contributor,Band 2 - Junior,2,G2C,Non-Exempt,Technicians,62200,70081,77962,15,No,Hybrid,0,0,2,Yes,Aon Hewitt,75th Percentile,347,255,7,2025-05-23,JA-2026.1
JOB-2859,Senior Account Executive,Sales,Sales - Core,Individual Contributor,Band 3 - Mid,3,G3B,Exempt,Managers,78068,92808,107548,40,No,Hybrid,0,0,3,No,Mercer,65th Percentile,318,55,4,2025-03-27,JA-2026.1
JOB-2860,VP Finance,Finance,Finance - Specialist,Management,Band 6 - Principal,6,G6A,Exempt,Technicians,207067,244357,281647,5,Yes,No,3,13,3,No,Mercer,75th Percentile,54,468,16,2025-01-15,JA-2026.1
JOB-2861,VP Sales,Sales,Sales - Operations,Management,Band 7 - Director,7,G7A,Exempt,Professionals,232661,293203,353745,40,Yes,Yes,3,18,2,Yes,Radford,65th Percentile,50,153,21,2025-05-06,JA-2026.1
JOB-2862,VP Finance,Finance,Finance - Specialist,Management,Band 6 - Principal,6,G6A,Exempt,Technicians,185261,227237,269213,5,Yes,No,3,13,3,No,Mercer,75th Percentile,178,303,18,2025-01-15,JA-2026.1
JOB-2863,Chief Customer Officer,Customer Experience,Customer Experience - Core,Individual Contributor,Band 7 - Director,7,G7A,Exempt,Technicians,229479,313564,397650,10,Yes,No,0,0,1,Yes,Culpepper,65th Percentile,376,235,21,2025-09-22,JA-2026.1
JOB-2864,SVP Engineering,Engineering,Engineering - Specialist,Executive,Band 9 - SVP/C-Suite,9,G9B,Exempt,Officials & Managers,522050,801394,1080738,25,Yes,Yes,4,8,3,Yes,Aon Hewitt,65th Percentile,283,374,13,2025-12-02,JA-2026.1
JOB-2865,Director Finance,Finance,Finance - Specialist,Management,Band 5 - Lead,5,G5A,Exempt,Managers,137965,165737,193509,5,Yes,Yes,5,14,2,No,Culpepper,65th Percentile,12,43,8,2025-01-14,JA-2026.1
JOB-2866,Senior Product Manager,Product,Product - Specialist,Management,Band 4 - Senior,4,G4A,Exempt,Professionals,120493,133443,146393,10,No,No,5,19,4,No,Mercer,65th Percentile,231,291,12,2025-11-12,JA-2026.1
JOB-2867,Senior CX Manager,Customer Experience,Customer Experience - Core,Management,Band 4 - Senior,4,G4A,Exempt,Professionals,109604,136561,163519,0,No,Hybrid,5,10,4,No,Culpepper,50th Percentile,355,387,1,2025-04-11,JA-2026.1
JOB-2868,VP Engineering,Engineering,Engineering - Specialist,Executive,Band 9 - SVP/C-Suite,9,G9A,Exempt,Managers,538197,825032,1111868,10,Yes,Yes,5,8,5,Yes,Radford,65th Percentile,14,139,16,2025-06-22,JA-2026.1
JOB-2869,Chief Customer Officer,Customer Experience,Customer Experience - Core,Individual Contributor,Band 7 - Director,7,G7A,Exempt,Technicians,240713,311006,381300,10,Yes,No,0,0,1,Yes,Culpepper,65th Percentile,39,119,22,2025-09-22,JA-2026.1
JOB-2870,HR Manager,People & HR,People & HR - Core,Management,Band 5 - Lead,5,G5B,Exempt,Professionals,143700,173875,204051,15,Yes,No,3,10,2,No,Willis Towers Watson,65th Percentile,216,233,19,2025-07-23,JA-2026.1
JOB-2871,Operations Manager,Operations,Operations - Core,Management,Band 3 - Mid,3,G3C,Exempt,Managers,80815,97598,114382,5,No,Yes,5,14,2,Yes,Radford,50th Percentile,123,422,24,2025-07-20,JA-2026.1
JOB-2872,VP Customer Success,Customer Experience,Customer Experience - Core,Management,Band 6 - Principal,6,G6C,Exempt,Administrative Support,181277,213445,245613,25,Yes,Yes,6,9,3,No,Mercer,50th Percentile,140,439,20,2025-03-03,JA-2026.1
JOB-2873,Director Product,Product,Product - Core,Management,Band 7 - Director,7,G7B,Exempt,Professionals,255548,313335,371122,10,Yes,Yes,3,9,6,Yes,Aon Hewitt,65th Percentile,369,292,8,2025-06-23,JA-2026.1
JOB-2874,Senior HRBP,People & HR,People & HR - Core,Individual Contributor,Band 3 - Mid,3,G3A,Exempt,Administrative Support,82923,100572,118221,30,Yes,Hybrid,0,0,6,Yes,Culpepper,75th Percentile,345,224,1,2025-01-28,JA-2026.1
JOB-2875,Operations Specialist,Operations,Operations - Core,Individual Contributor,Band 2 - Junior,2,G2A,Non-Exempt,Administrative Support,59168,72489,85810,25,Yes,Yes,0,0,4,Yes,Radford,75th Percentile,70,115,17,2025-07-05,JA-2026.1
JOB-2876,Sales Development Rep,Sales,Sales - Operations,Individual Contributor,Band 1 - Entry,1,G1A,Exempt,Technicians,46320,56274,66229,5,No,Yes,0,0,1,Yes,Culpepper,75th Percentile,78,291,15,2025-04-23,JA-2026.1
JOB-2877,Onboarding Specialist,Customer Experience,Customer Experience - Operations,Executive,Band 8 - VP,8,G8A,Exempt,Administrative Support,380221,442506,504792,40,Yes,No,5,19,5,Yes,Willis Towers Watson,75th Percentile,303,363,8,2025-08-26,JA-2026.1
JOB-2878,Director of Analytics,Data Science,Data Science - Core,Executive,Band 8 - VP,8,G8B,Exempt,Officials & Managers,342261,437937,533613,30,Yes,Yes,5,12,2,Yes,Willis Towers Watson,65th Percentile,35,318,8,2025-09-03,JA-2026.1
JOB-2879,Finance Manager,Finance,Finance - Core,Management,Band 3 - Mid,3,G3A,Exempt,Technicians,73524,96770,120016,15,No,No,3,11,3,No,Culpepper,65th Percentile,33,144,18,2025-11-18,JA-2026.1
JOB-2880,Finance Manager,Finance,Finance - Core,Management,Band 3 - Mid,3,G3A,Exempt,Technicians,83473,97559,111645,15,No,No,3,11,3,No,Culpepper,65th Percentile,131,315,15,2025-11-18,JA-2026.1
JOB-2881,VP Finance,Finance,Finance - Specialist,Management,Band 6 - Principal,6,G6A,Exempt,Technicians,173762,226598,279435,5,Yes,No,3,13,3,No,Mercer,75th Percentile,192,171,21,2025-01-15,JA-2026.1
JOB-2882,VP Sales,Sales,Sales - Operations,Management,Band 7 - Director,7,G7A,Exempt,Professionals,259157,331653,404150,40,Yes,Yes,3,18,2,Yes,Radford,65th Percentile,225,120,13,2025-05-06,JA-2026.1
JOB-2883,Director HR,People & HR,People & HR - Core,Management,Band 7 - Director,7,G7B,Exempt,Technicians,234649,324554,414460,25,Yes,Hybrid,5,20,1,Yes,Aon Hewitt,65th Percentile,225,50,10,2025-03-19,JA-2026.1
JOB-2884,Chief People Officer,People & HR,People & HR - Core,Executive,Band 9 - SVP/C-Suite,9,G9C,Exempt,Managers,513929,822328,1130728,10,Yes,Yes,6,8,5,Yes,Radford,50th Percentile,133,329,23,2025-06-03,JA-2026.1
JOB-2885,HR Business Partner,People & HR,People & HR - Operations,Individual Contributor,Band 2 - Junior,2,G2B,Non-Exempt,Professionals,64044,72255,80467,15,Yes,Hybrid,0,0,6,Yes,Radford,75th Percentile,93,351,17,2025-10-07,JA-2026.1
JOB-2886,Financial Analyst,Finance,Finance - Specialist,Individual Contributor,Band 1 - Entry,1,G1B,Exempt,Technicians,46057,57014,67971,40,Yes,Hybrid,0,0,5,Yes,Mercer,75th Percentile,242,375,25,2025-02-21,JA-2026.1
JOB-2887,Data Scientist,Data Science,Data Science - Operations,Individual Contributor,Band 3 - Mid,3,G3A,Exempt,Managers,83714,100923,118132,30,No,Yes,0,0,4,No,Mercer,65th Percentile,370,316,22,2025-06-01,JA-2026.1
JOB-2888,Senior Data Analyst,Data Science,Data Science - Specialist,Individual Contributor,Band 2 - Junior,2,G2A,Non-Exempt,Administrative Support,60175,76343,92512,20,No,No,0,0,5,Yes,Willis Towers Watson,65th Percentile,338,443,3,2025-12-04,JA-2026.1
JOB-2889,Paralegal,Legal & Compliance,Legal & Compliance - Specialist,Individual Contributor,Band 2 - Junior,2,G2C,Non-Exempt,Technicians,57412,68607,79803,15,No,Hybrid,0,0,2,Yes,Aon Hewitt,75th Percentile,44,58,15,2025-05-23,JA-2026.1
JOB-2890,Director CX,Customer Experience,Customer Experience - Operations,Management,Band 5 - Lead,5,G5B,Exempt,Managers,152183,177166,202149,5,Yes,Hybrid,4,19,3,No,Culpepper,50th Percentile,9,397,6,2025-04-13,JA-2026.1
JOB-2891,Senior Financial Analyst,Finance,Finance - Operations,Individual Contributor,Band 2 - Junior,2,G2A,Non-Exempt,Technicians,64791,71917,79044,10,No,Yes,0,0,2,No,Mercer,75th Percentile,208,395,9,2025-10-06,JA-2026.1
JOB-2892,Staff Engineer,Engineering,Engineering - Specialist,Technical Specialist,Band 3 - Mid,3,G3A,Exempt,Administrative Support,84562,100044,115526,5,No,Hybrid,0,0,4,Yes,Willis Towers Watson,75th Percentile,114,397,3,2025-07-05,JA-2026.1
JOB-2893,Marketing Specialist,Marketing,Marketing - Operations,Individual Contributor,Band 2 - Junior,2,G2A,Exempt,Professionals,60145,69916,79688,5,Yes,No,0,0,2,No,Culpepper,75th Percentile,380,446,9,2025-06-14,JA-2026.1
JOB-2894,Logistics Manager,Operations,Operations - Operations,Executive,Band 9 - SVP/C-Suite,9,G9C,Exempt,Officials & Managers,484364,885460,1286556,40,Yes,Yes,4,19,1,Yes,Culpepper,50th Percentile,66,459,16,2025-03-06,JA-2026.1
JOB-2895,Lead Data Scientist,Data Science,Data Science - Core,Technical Specialist,Band 5 - Lead,5,G5C,Exempt,Managers,149277,175834,202391,10,Yes,No,0,0,2,No,Aon Hewitt,65th Percentile,75,477,5,2025-11-14,JA-2026.1
JOB-2896,Senior Engineering Manager,Engineering,Engineering - Operations,Management,Band 7 - Director,7,G7B,Exempt,Technicians,232492,308527,384563,25,Yes,No,3,10,6,Yes,Culpepper,75th Percentile,323,130,14,2025-02-19,JA-2026.1
JOB-2897,Software Engineer,Engineering,Engineering - Specialist,Individual Contributor,Band 1 - Entry,1,G1A,Non-Exempt,Administrative Support,43647,54255,64864,10,Yes,Yes,0,0,2,Yes,Willis Towers Watson,75th Percentile,38,276,19,2025-12-25,JA-2026.1
JOB-2898,VP Sales,Sales,Sales - Operations,Management,Band 7 - Director,7,G7A,Exempt,Professionals,266530,311333,356137,40,Yes,Yes,3,18,2,Yes,Radford,65th Percentile,247,340,17,2025-05-06,JA-2026.1
JOB-2899,Voice of Customer Analyst,Customer Experience,Customer Experience - Core,Executive,Band 9 - SVP/C-Suite,9,G9C,Exempt,Administrative Support,474916,858121,1241327,30,Yes,Hybrid,3,12,4,Yes,Mercer,75th Percentile,28,368,10,2025-11-04,JA-2026.1
JOB-2900,Distinguished Engineer,Engineering,Engineering - Operations,Technical Specialist,Band 5 - Lead,5,G5C,Exempt,Technicians,137107,162712,188317,0,Yes,Yes,0,0,1,Yes,Aon Hewitt,75th Percentile,33,340,15,2025-08-06,JA-2026.1
JOB-2901,Data Analyst,Data Science,Data Science - Operations,Individual Contributor,Band 1 - Entry,1,G1C,Exempt,Managers,47877,56193,64510,5,No,Yes,0,0,6,Yes,Aon Hewitt,65th Percentile,310,75,10,2025-08-13,JA-2026.1
JOB-2902,Talent Acquisition Specialist,People & HR,People & HR - Core,Executive,Band 9 - SVP/C-Suite,9,G9B,Exempt,Technicians,501967,816973,1131979,30,Yes,Yes,3,18,1,Yes,Culpepper,65th Percentile,150,173,16,2025-03-26,JA-2026.1
JOB-2903,Senior Sales Manager,Sales,Sales - Core,Management,Band 5 - Lead,5,G5B,Exempt,Professionals,132429,175093,217758,20,Yes,Yes,5,9,1,No,Willis Towers Watson,75th Percentile,357,30,18,2025-07-10,JA-2026.1
JOB-2904,Talent Acquisition Specialist,People & HR,People & HR - Core,Executive,Band 9 - SVP/C-Suite,9,G9B,Exempt,Technicians,488770,854469,1220169,30,Yes,Yes,3,18,1,Yes,Culpepper,65th Percentile,275,210,19,2025-03-26,JA-2026.1
JOB-2905,Operations Analyst,Operations,Operations - Core,Individual Contributor,Band 1 - Entry,1,G1C,Exempt,Administrative Support,44358,53232,62106,30,No,Yes,0,0,5,No,Culpepper,50th Percentile,180,251,14,2025-10-01,JA-2026.1
JOB-2906,Operations Specialist,Operations,Operations - Core,Individual Contributor,Band 2 - Junior,2,G2A,Non-Exempt,Administrative Support,64155,75022,85889,25,Yes,Yes,0,0,4,Yes,Radford,75th Percentile,296,463,17,2025-07-05,JA-2026.1
JOB-2907,Senior Operations Manager,Operations,Operations - Specialist,Management,Band 4 - Senior,4,G4C,Exempt,Administrative Support,110954,131272,151591,30,No,No,5,9,2,No,Mercer,50th Percentile,168,139,16,2025-01-03,JA-2026.1
JOB-2908,VP Customer Success,Customer Experience,Customer Experience - Core,Management,Band 6 - Principal,6,G6C,Exempt,Administrative Support,193058,220481,247905,25,Yes,Yes,6,9,3,No,Mercer,50th Percentile,156,110,20,2025-03-03,JA-2026.1
JOB-2909,Software Engineer,Engineering,Engineering - Specialist,Individual Contributor,Band 1 - Entry,1,G1A,Non-Exempt,Administrative Support,46389,56163,65937,10,Yes,Yes,0,0,2,Yes,Willis Towers Watson,75th Percentile,290,222,12,2025-12-25,JA-2026.1
JOB-2910,Software Engineer,Engineering,Engineering - Specialist,Individual Contributor,Band 1 - Entry,1,G1A,Non-Exempt,Administrative Support,45361,54387,63414,10,Yes,Yes,0,0,2,Yes,Willis Towers Watson,75th Percentile,127,72,2,2025-12-25,JA-2026.1
JOB-2911,Senior Product Manager,Product,Product - Specialist,Management,Band 4 - Senior,4,G4A,Exempt,Professionals,112724,131101,149479,10,No,No,5,19,4,No,Mercer,65th Percentile,148,397,21,2025-11-12,JA-2026.1
JOB-2912,SVP Finance,Finance,Finance - Core,Management,Band 7 - Director,7,G7A,Exempt,Technicians,274924,343733,412543,25,Yes,Hybrid,3,18,1,Yes,Aon Hewitt,50th Percentile,58,221,17,2025-12-21,JA-2026.1
JOB-2913,Director Marketing,Marketing,Marketing - Specialist,Management,Band 6 - Principal,6,G6C,Exempt,Technicians,192182,239639,287096,40,Yes,Hybrid,4,11,3,Yes,Culpepper,50th Percentile,95,401,2,2025-09-22,JA-2026.1
JOB-2914,Supply Chain Analyst,Operations,Operations - Specialist,Executive,Band 8 - VP,8,G8A,Exempt,Managers,353061,442154,531248,10,Yes,Hybrid,3,9,1,Yes,Mercer,75th Percentile,164,483,6,2025-04-14,JA-2026.1
JOB-2915,Senior Financial Analyst,Finance,Finance - Operations,Individual Contributor,Band 2 - Junior,2,G2A,Non-Exempt,Technicians,54860,73050,91240,10,No,Yes,0,0,2,No,Mercer,75th Percentile,351,498,13,2025-10-06,JA-2026.1
JOB-2916,Associate Product Manager,Product,Product - Core,Management,Band 2 - Junior,2,G2C,Non-Exempt,Managers,58378,71549,84720,40,Yes,No,6,19,3,No,Aon Hewitt,50th Percentile,193,485,12,2025-01-16,JA-2026.1
JOB-2917,Compliance Manager,Legal & Compliance,Legal & Compliance - Core,Management,Band 4 - Senior,4,G4C,Exempt,Administrative Support,114341,135593,156846,20,Yes,Yes,6,20,5,Yes,Culpepper,65th Percentile,4,23,25,2025-01-13,JA-2026.1
JOB-2918,Senior Account Executive,Sales,Sales - Core,Individual Contributor,Band 3 - Mid,3,G3B,Exempt,Managers,76430,101281,126133,40,No,Hybrid,0,0,3,No,Mercer,65th Percentile,42,197,16,2025-03-27,JA-2026.1
JOB-2919,Senior Sales Manager,Sales,Sales - Core,Management,Band 5 - Lead,5,G5B,Exempt,Professionals,141031,174492,207953,20,Yes,Yes,5,9,1,No,Willis Towers Watson,75th Percentile,37,139,5,2025-07-10,JA-2026.1
JOB-2920,Director Sales,Sales,Sales - Specialist,Management,Band 6 - Principal,6,G6B,Exempt,Administrative Support,203549,231176,258804,25,Yes,Hybrid,5,19,3,No,Mercer,75th Percentile,193,9,3,2025-06-08,JA-2026.1
JOB-2921,Analytics Manager,Data Science,Data Science - Specialist,Management,Band 7 - Director,7,G7C,Exempt,Administrative Support,249273,330486,411699,20,Yes,Yes,3,20,4,Yes,Aon Hewitt,50th Percentile,313,3,10,2025-03-07,JA-2026.1
JOB-2922,Senior Account Executive,Sales,Sales - Core,Individual Contributor,Band 3 - Mid,3,G3B,Exempt,Managers,76567,94658,112750,40,No,Hybrid,0,0,3,No,Mercer,65th Percentile,332,331,16,2025-03-27,JA-2026.1
JOB-2923,Chief Product Officer,Product,Product - Specialist,Executive,Band 9 - SVP/C-Suite,9,G9C,Exempt,Technicians,489307,830553,1171800,40,Yes,No,6,10,4,Yes,Culpepper,65th Percentile,292,492,25,2025-08-17,JA-2026.1
JOB-2924,Operations Manager,Operations,Operations - Core,Management,Band 3 - Mid,3,G3C,Exempt,Managers,87295,106436,125578,5,No,Yes,5,14,2,Yes,Radford,50th Percentile,313,329,13,2025-07-20,JA-2026.1
JOB-2925,Associate Product Manager,Product,Product - Core,Management,Band 2 - Junior,2,G2C,Non-Exempt,Managers,61374,70331,79288,40,Yes,No,6,19,3,No,Aon Hewitt,50th Percentile,223,426,4,2025-01-16,JA-2026.1
JOB-2926,HR Coordinator,People & HR,People & HR - Specialist,Individual Contributor,Band 1 - Entry,1,G1C,Exempt,Technicians,45704,54957,64210,20,Yes,No,0,0,1,No,Mercer,50th Percentile,308,117,14,2025-05-20,JA-2026.1
JOB-2927,VP Operations,Operations,Operations - Operations,Management,Band 6 - Principal,6,G6A,Exempt,Administrative Support,199554,229467,259381,20,Yes,Yes,4,14,5,Yes,Willis Towers Watson,65th Percentile,5,150,13,2025-06-26,JA-2026.1
JOB-2928,Lead Data Scientist,Data Science,Data Science - Core,Technical Specialist,Band 5 - Lead,5,G5C,Exempt,Managers,142302,180718,219135,10,Yes,No,0,0,2,No,Aon Hewitt,65th Percentile,233,244,9,2025-11-14,JA-2026.1
JOB-2929,VP Data & Analytics,Data Science,Data Science - Operations,Executive,Band 9 - SVP/C-Suite,9,G9C,Exempt,Officials & Managers,520003,902096,1284190,10,Yes,Yes,4,15,5,Yes,Radford,50th Percentile,234,348,12,2025-06-21,JA-2026.1
JOB-2930,CMO,Marketing,Marketing - Core,Executive,Band 8 - VP,8,G8B,Exempt,Officials & Managers,338394,432951,527508,5,Yes,Yes,3,11,1,Yes,Mercer,65th Percentile,92,167,4,2025-05-13,JA-2026.1
JOB-2931,Senior Engineering Manager,Engineering,Engineering - Operations,Management,Band 7 - Director,7,G7B,Exempt,Technicians,240594,325772,410951,25,Yes,No,3,10,6,Yes,Culpepper,75th Percentile,162,142,10,2025-02-19,JA-2026.1
JOB-2932,Senior Marketing Specialist,Marketing,Marketing - Core,Individual Contributor,Band 3 - Mid,3,G3A,Exempt,Professionals,74541,95867,117194,0,No,Hybrid,0,0,2,Yes,Willis Towers Watson,50th Percentile,386,351,7,2025-06-08,JA-2026.1
JOB-2933,Principal Data Scientist,Data Science,Data Science - Operations,Technical Specialist,Band 6 - Principal,6,G6C,Exempt,Managers,193994,235581,277169,15,Yes,Yes,0,0,1,No,Radford,75th Percentile,350,237,10,2025-06-03,JA-2026.1
JOB-2934,Senior Marketing Manager,Marketing,Marketing - Core,Management,Band 5 - Lead,5,G5B,Exempt,Officials & Managers,144461,171832,199203,30,Yes,Yes,5,17,4,Yes,Culpepper,65th Percentile,8,97,5,2025-09-14,JA-2026.1
JOB-2935,Senior CX Manager,Customer Experience,Customer Experience - Core,Management,Band 4 - Senior,4,G4A,Exempt,Professionals,120753,140612,160472,0,No,Hybrid,5,10,4,No,Culpepper,50th Percentile,361,6,17,2025-04-11,JA-2026.1
JOB-2936,Marketing Specialist,Marketing,Marketing - Operations,Individual Contributor,Band 2 - Junior,2,G2A,Exempt,Professionals,55075,68930,82786,5,Yes,No,0,0,2,No,Culpepper,75th Percentile,213,317,8,2025-06-14,JA-2026.1
JOB-2937,Distinguished Engineer,Engineering,Engineering - Operations,Technical Specialist,Band 5 - Lead,5,G5C,Exempt,Technicians,151688,171480,191273,0,Yes,Yes,0,0,1,Yes,Aon Hewitt,75th Percentile,387,176,16,2025-08-06,JA-2026.1
JOB-2938,Director Operations,Operations,Operations - Specialist,Management,Band 5 - Lead,5,G5B,Exempt,Managers,134967,174802,214638,15,Yes,Yes,5,12,4,Yes,Mercer,75th Percentile,91,182,5,2025-12-26,JA-2026.1
JOB-2939,Lead Data Scientist,Data Science,Data Science - Core,Technical Specialist,Band 5 - Lead,5,G5C,Exempt,Managers,155418,172353,189288,10,Yes,No,0,0,2,No,Aon Hewitt,65th Percentile,200,107,20,2025-11-14,JA-2026.1
JOB-2940,VP Product,Product,Product - Operations,Executive,Band 8 - VP,8,G8A,Exempt,Technicians,376006,441360,506715,30,Yes,No,5,12,6,Yes,Mercer,75th Percentile,370,291,21,2025-10-19,JA-2026.1
JOB-2941,Product Operations Manager,Product,Product - Operations,Executive,Band 9 - SVP/C-Suite,9,G9B,Exempt,Professionals,506195,849864,1193533,40,Yes,Yes,6,11,1,Yes,Willis Towers Watson,65th Percentile,36,195,4,2025-06-10,JA-2026.1
JOB-2942,Software Engineer,Engineering,Engineering - Specialist,Individual Contributor,Band 1 - Entry,1,G1A,Non-Exempt,Administrative Support,45195,58266,71337,10,Yes,Yes,0,0,2,Yes,Willis Towers Watson,75th Percentile,232,287,4,2025-12-25,JA-2026.1
JOB-2943,Support Lead,Customer Experience,Customer Experience - Operations,Executive,Band 9 - SVP/C-Suite,9,G9B,Exempt,Officials & Managers,505730,847436,1189143,15,Yes,Yes,4,9,6,Yes,Radford,50th Percentile,161,267,10,2025-09-28,JA-2026.1
JOB-2944,Senior Finance Manager,Finance,Finance - Core,Management,Band 4 - Senior,4,G4A,Exempt,Officials & Managers,101088,133763,166439,0,No,Yes,3,18,3,Yes,Willis Towers Watson,75th Percentile,359,493,4,2025-09-29,JA-2026.1
JOB-2945,VP Legal,Legal & Compliance,Legal & Compliance - Specialist,Executive,Band 8 - VP,8,G8B,Exempt,Professionals,363192,472565,581938,10,Yes,Yes,3,9,4,Yes,Mercer,75th Percentile,318,12,20,2025-10-19,JA-2026.1
JOB-2946,Chief Revenue Officer,Sales,Sales - Core,Executive,Band 8 - VP,8,G8A,Exempt,Administrative Support,352630,439658,526686,20,Yes,No,4,18,1,Yes,Willis Towers Watson,65th Percentile,170,164,11,2025-09-12,JA-2026.1
JOB-2947,Financial Analyst,Finance,Finance - Specialist,Individual Contributor,Band 1 - Entry,1,G1B,Exempt,Technicians,46756,57082,67409,40,Yes,Hybrid,0,0,5,Yes,Mercer,75th Percentile,167,3,6,2025-02-21,JA-2026.1
JOB-2948,Principal HRBP,People & HR,People & HR - Specialist,Technical Specialist,Band 4 - Senior,4,G4C,Exempt,Officials & Managers,113713,128438,143164,15,No,Yes,0,0,6,Yes,Mercer,65th Percentile,371,467,16,2025-01-07,JA-2026.1
JOB-2949,Product Analyst,Product,Product - Core,Individual Contributor,Band 1 - Entry,1,G1B,Non-Exempt,Administrative Support,43756,54262,64769,25,Yes,Yes,0,0,3,No,Culpepper,50th Percentile,133,36,11,2025-12-13,JA-2026.1
JOB-2950,CMO,Marketing,Marketing - Core,Executive,Band 8 - VP,8,G8B,Exempt,Officials & Managers,347539,461162,574785,5,Yes,Yes,3,11,1,Yes,Mercer,65th Percentile,173,287,6,2025-05-13,JA-2026.1
JOB-2951,Senior Software Engineer,Engineering,Engineering - Operations,Individual Contributor,Band 2 - Junior,2,G2B,Exempt,Technicians,57733,69498,81264,30,Yes,Hybrid,0,0,4,Yes,Mercer,65th Percentile,232,341,0,2025-10-18,JA-2026.1
JOB-2952,Sales Development Rep,Sales,Sales - Operations,Individual Contributor,Band 1 - Entry,1,G1A,Exempt,Technicians,43271,51888,60505,5,No,Yes,0,0,1,Yes,Culpepper,75th Percentile,368,35,16,2025-04-23,JA-2026.1
JOB-2953,FP&A Analyst,Finance,Finance - Operations,Executive,Band 9 - SVP/C-Suite,9,G9A,Exempt,Administrative Support,524969,861285,1197602,20,Yes,Yes,6,9,6,Yes,Radford,65th Percentile,56,273,4,2025-06-14,JA-2026.1
JOB-2954,Director HR,People & HR,People & HR - Core,Management,Band 7 - Director,7,G7B,Exempt,Technicians,249701,330464,411228,25,Yes,Hybrid,5,20,1,Yes,Aon Hewitt,65th Percentile,301,281,10,2025-03-19,JA-2026.1
JOB-2955,Distinguished Engineer,Engineering,Engineering - Operations,Technical Specialist,Band 5 - Lead,5,G5C,Exempt,Technicians,140339,177594,214849,0,Yes,Yes,0,0,1,Yes,Aon Hewitt,75th Percentile,96,142,16,2025-08-06,JA-2026.1
JOB-2956,Principal PM,Product,Product - Core,Technical Specialist,Band 5 - Lead,5,G5C,Exempt,Officials & Managers,143500,166575,189651,10,Yes,No,0,0,2,Yes,Aon Hewitt,65th Percentile,38,53,14,2025-06-11,JA-2026.1
JOB-2957,Onboarding Specialist,Customer Experience,Customer Experience - Operations,Executive,Band 8 - VP,8,G8A,Exempt,Administrative Support,365722,479656,593590,40,Yes,No,5,19,5,Yes,Willis Towers Watson,75th Percentile,175,401,10,2025-08-26,JA-2026.1
JOB-2958,VP Legal,Legal & Compliance,Legal & Compliance - Specialist,Executive,Band 8 - VP,8,G8B,Exempt,Professionals,326831,433051,539271,10,Yes,Yes,3,9,4,Yes,Mercer,75th Percentile,357,39,12,2025-10-19,JA-2026.1
JOB-2959,Compliance Manager,Legal & Compliance,Legal & Compliance - Core,Management,Band 4 - Senior,4,G4C,Exempt,Administrative Support,111113,139930,168748,20,Yes,Yes,6,20,5,Yes,Culpepper,65th Percentile,315,139,18,2025-01-13,JA-2026.1
JOB-2960,Director Product,Product,Product - Core,Management,Band 7 - Director,7,G7B,Exempt,Professionals,240325,328826,417327,10,Yes,Yes,3,9,6,Yes,Aon Hewitt,65th Percentile,354,497,0,2025-06-23,JA-2026.1
JOB-2961,Legal Counsel,Legal & Compliance,Legal & Compliance - Operations,Individual Contributor,Band 5 - Lead,5,G5A,Exempt,Officials & Managers,146796,165229,183662,5,Yes,No,0,0,3,No,Culpepper,75th Percentile,276,217,6,2025-11-10,JA-2026.1
JOB-2962,Senior CX Manager,Customer Experience,Customer Experience - Core,Management,Band 4 - Senior,4,G4A,Exempt,Professionals,119107,144102,169097,0,No,Hybrid,5,10,4,No,Culpepper,50th Percentile,335,494,19,2025-04-11,JA-2026.1
JOB-2963,VP Engineering,Engineering,Engineering - Specialist,Executive,Band 9 - SVP/C-Suite,9,G9A,Exempt,Managers,452307,870680,1289054,10,Yes,Yes,5,8,5,Yes,Radford,65th Percentile,263,467,21,2025-06-22,JA-2026.1
JOB-2964,Data Analyst,Data Science,Data Science - Operations,Individual Contributor,Band 1 - Entry,1,G1C,Exempt,Managers,46873,58319,69766,5,No,Yes,0,0,6,Yes,Aon Hewitt,65th Percentile,306,189,21,2025-08-13,JA-2026.1
JOB-2965,Sales Manager,Sales,Sales - Operations,Management,Band 4 - Senior,4,G4A,Exempt,Technicians,115487,138162,160838,30,No,Hybrid,5,10,6,No,Willis Towers Watson,75th Percentile,218,52,18,2025-09-11,JA-2026.1
JOB-2966,VP People,People & HR,People & HR - Operations,Executive,Band 8 - VP,8,G8C,Exempt,Professionals,384377,456420,528464,20,Yes,No,6,16,6,Yes,Mercer,50th Percentile,139,223,4,2025-04-19,JA-2026.1
JOB-2967,Chief Data Officer,Data Science,Data Science - Operations,Executive,Band 9 - SVP/C-Suite,9,G9C,Exempt,Professionals,521780,918239,1314699,20,Yes,Yes,5,14,3,Yes,Mercer,50th Percentile,98,150,14,2025-01-19,JA-2026.1
JOB-2968,Product Analyst,Product,Product - Core,Individual Contributor,Band 1 - Entry,1,G1B,Non-Exempt,Administrative Support,41345,54440,67535,25,Yes,Yes,0,0,3,No,Culpepper,50th Percentile,215,320,16,2025-12-13,JA-2026.1
JOB-2969,Director of Engineering,Engineering,Engineering - Core,Executive,Band 8 - VP,8,G8A,Exempt,Managers,355362,473224,591087,10,Yes,Yes,6,10,2,Yes,Culpepper,65th Percentile,228,360,24,2025-04-30,JA-2026.1
JOB-2970,SVP Finance,Finance,Finance - Core,Management,Band 7 - Director,7,G7A,Exempt,Technicians,274039,334145,394252,25,Yes,Hybrid,3,18,1,Yes,Aon Hewitt,50th Percentile,197,179,15,2025-12-21,JA-2026.1
JOB-2971,CX Specialist,Customer Experience,Customer Experience - Operations,Individual Contributor,Band 1 - Entry,1,G1A,Exempt,Professionals,46009,58546,71083,15,No,No,0,0,4,No,Mercer,75th Percentile,113,393,2,2025-08-08,JA-2026.1
JOB-2972,Voice of Customer Analyst,Customer Experience,Customer Experience - Core,Executive,Band 9 - SVP/C-Suite,9,G9C,Exempt,Administrative Support,522488,878872,1235256,30,Yes,Hybrid,3,12,4,Yes,Mercer,75th Percentile,371,120,22,2025-11-04,JA-2026.1
JOB-2973,Product Manager,Product,Product - Operations,Management,Band 3 - Mid,3,G3B,Exempt,Technicians,83055,101178,119302,10,Yes,Yes,4,12,3,No,Aon Hewitt,65th Percentile,318,196,18,2025-05-16,JA-2026.1
JOB-2974,Product Operations Manager,Product,Product - Operations,Executive,Band 9 - SVP/C-Suite,9,G9B,Exempt,Professionals,470158,795865,1121572,40,Yes,Yes,6,11,1,Yes,Willis Towers Watson,65th Percentile,368,416,7,2025-06-10,JA-2026.1
JOB-2975,CFO,Finance,Finance - Operations,Executive,Band 8 - VP,8,G8B,Exempt,Officials & Managers,345477,439708,533939,30,Yes,No,5,13,6,Yes,Willis Towers Watson,50th Percentile,312,379,1,2025-02-02,JA-2026.1
JOB-2976,SVP Engineering,Engineering,Engineering - Specialist,Executive,Band 9 - SVP/C-Suite,9,G9B,Exempt,Officials & Managers,529871,905560,1281249,25,Yes,Yes,4,8,3,Yes,Aon Hewitt,65th Percentile,216,33,24,2025-12-02,JA-2026.1
JOB-2977,Director Operations,Operations,Operations - Specialist,Management,Band 5 - Lead,5,G5B,Exempt,Managers,152314,170382,188451,15,Yes,Yes,5,12,4,Yes,Mercer,75th Percentile,296,326,22,2025-12-26,JA-2026.1
JOB-2978,Associate Product Manager,Product,Product - Core,Management,Band 2 - Junior,2,G2C,Non-Exempt,Managers,65655,79152,92650,40,Yes,No,6,19,3,No,Aon Hewitt,50th Percentile,13,336,20,2025-01-16,JA-2026.1
JOB-2979,VP Engineering,Engineering,Engineering - Specialist,Executive,Band 9 - SVP/C-Suite,9,G9A,Exempt,Managers,490679,894484,1298290,10,Yes,Yes,5,8,5,Yes,Radford,65th Percentile,347,346,24,2025-06-22,JA-2026.1
JOB-2980,Operations Analyst,Operations,Operations - Core,Individual Contributor,Band 1 - Entry,1,G1C,Exempt,Administrative Support,43228,50870,58512,30,No,Yes,0,0,5,No,Culpepper,50th Percentile,229,53,19,2025-10-01,JA-2026.1
JOB-2981,Chief Product Officer,Product,Product - Specialist,Executive,Band 9 - SVP/C-Suite,9,G9C,Exempt,Technicians,541507,817979,1094451,40,Yes,No,6,10,4,Yes,Culpepper,65th Percentile,237,27,6,2025-08-17,JA-2026.1
JOB-2982,Chief Customer Officer,Customer Experience,Customer Experience - Core,Individual Contributor,Band 7 - Director,7,G7A,Exempt,Technicians,229050,307397,385745,10,Yes,No,0,0,1,Yes,Culpepper,65th Percentile,316,332,11,2025-09-22,JA-2026.1
JOB-2983,Senior Data Scientist,Data Science,Data Science - Core,Individual Contributor,Band 4 - Senior,4,G4C,Exempt,Technicians,110713,135743,160773,20,No,Yes,0,0,4,No,Aon Hewitt,50th Percentile,169,238,16,2025-04-14,JA-2026.1
JOB-2984,Finance Manager,Finance,Finance - Core,Management,Band 3 - Mid,3,G3A,Exempt,Technicians,83634,97872,112110,15,No,No,3,11,3,No,Culpepper,65th Percentile,345,37,19,2025-11-18,JA-2026.1
JOB-2985,Director Legal,Legal & Compliance,Legal & Compliance - Core,Management,Band 7 - Director,7,G7C,Exempt,Technicians,232000,324158,416316,20,Yes,Yes,4,17,4,Yes,Radford,65th Percentile,194,269,15,2025-12-09,JA-2026.1
JOB-2986,Senior Data Analyst,Data Science,Data Science - Specialist,Individual Contributor,Band 2 - Junior,2,G2A,Non-Exempt,Administrative Support,61103,74272,87441,20,No,No,0,0,5,Yes,Willis Towers Watson,65th Percentile,218,246,10,2025-12-04,JA-2026.1
JOB-2987,VP Data & Analytics,Data Science,Data Science - Operations,Executive,Band 9 - SVP/C-Suite,9,G9C,Exempt,Officials & Managers,493126,801728,1110330,10,Yes,Yes,4,15,5,Yes,Radford,50th Percentile,26,325,9,2025-06-21,JA-2026.1
JOB-2988,VP Legal,Legal & Compliance,Legal & Compliance - Specialist,Executive,Band 8 - VP,8,G8B,Exempt,Professionals,342476,457755,573035,10,Yes,Yes,3,9,4,Yes,Mercer,75th Percentile,399,253,25,2025-10-19,JA-2026.1
JOB-2989,Senior Account Executive,Sales,Sales - Core,Individual Contributor,Band 3 - Mid,3,G3B,Exempt,Managers,86845,103293,119742,40,No,Hybrid,0,0,3,No,Mercer,65th Percentile,126,28,7,2025-03-27,JA-2026.1
JOB-2990,VP People,People & HR,People & HR - Operations,Executive,Band 8 - VP,8,G8C,Exempt,Professionals,315206,415301,515397,20,Yes,No,6,16,6,Yes,Mercer,50th Percentile,278,160,22,2025-04-19,JA-2026.1
JOB-2991,Associate Product Manager,Product,Product - Core,Management,Band 2 - Junior,2,G2C,Non-Exempt,Managers,59877,68871,77866,40,Yes,No,6,19,3,No,Aon Hewitt,50th Percentile,158,288,24,2025-01-16,JA-2026.1
JOB-2992,Growth Analyst,Marketing,Marketing - Specialist,Executive,Band 9 - SVP/C-Suite,9,G9C,Exempt,Managers,526308,870071,1213835,40,Yes,Hybrid,4,13,2,Yes,Radford,75th Percentile,178,47,8,2025-12-11,JA-2026.1
JOB-2993,Senior Data Scientist,Data Science,Data Science - Core,Individual Contributor,Band 4 - Senior,4,G4C,Exempt,Technicians,111373,128253,145134,20,No,Yes,0,0,4,No,Aon Hewitt,50th Percentile,181,246,13,2025-04-14,JA-2026.1
JOB-2994,HR Manager,People & HR,People & HR - Core,Management,Band 5 - Lead,5,G5B,Exempt,Professionals,155842,168188,180534,15,Yes,No,3,10,2,No,Willis Towers Watson,65th Percentile,380,8,1,2025-07-23,JA-2026.1
JOB-2995,HR Business Partner,People & HR,People & HR - Operations,Individual Contributor,Band 2 - Junior,2,G2B,Non-Exempt,Professionals,56024,71495,86966,15,Yes,Hybrid,0,0,6,Yes,Radford,75th Percentile,115,163,3,2025-10-07,JA-2026.1
JOB-2996,Sales Development Rep,Sales,Sales - Operations,Individual Contributor,Band 1 - Entry,1,G1A,Exempt,Technicians,48832,58121,67410,5,No,Yes,0,0,1,Yes,Culpepper,75th Percentile,380,472,6,2025-04-23,JA-2026.1
JOB-2997,Operations Specialist,Operations,Operations - Core,Individual Contributor,Band 2 - Junior,2,G2A,Non-Exempt,Administrative Support,56610,69847,83085,25,Yes,Yes,0,0,4,Yes,Radford,75th Percentile,284,396,24,2025-07-05,JA-2026.1
JOB-2998,Legal Counsel,Legal & Compliance,Legal & Compliance - Operations,Individual Contributor,Band 5 - Lead,5,G5A,Exempt,Officials & Managers,136546,165099,193653,5,Yes,No,0,0,3,No,Culpepper,75th Percentile,205,206,25,2025-11-10,JA-2026.1
JOB-2999,Operations Analyst,Operations,Operations - Core,Individual Contributor,Band 1 - Entry,1,G1C,Exempt,Administrative Support,43560,54418,65277,30,No,Yes,0,0,5,No,Culpepper,50th Percentile,250,434,4,2025-10-01,JA-2026.1
