Relationship_ID,Employee_ID,Employee_Name,Employee_Level,Employee_Department,Employee_Location,Manager_ID,Manager_Name,Manager_Level,Manager_Department,Skip_Level_Manager_ID,Skip_Level_Manager_Name,Reporting_Relationship_Type,Span_Of_Control,Org_Depth_Level,Team_Size_Direct,Team_Size_Total,Cross_Functional_Collaborators,Internal_Network_Score,Mentee_Count,Mentor_ID,Relationship_Start_Date,Tenure_In_Role_Months,Active_Flag,Last_1on1_Date,1on1_Frequency,Employee_Engagement_Score,Manager_Effectiveness_Score
REL-0001,EMP-5000,Thomas Lee,Individual Contributor,Finance,Chicago IL,EMP-5147,Ronald Hall,Manager,Finance,EMP-5018,Jennifer Johnson,Matrix,0,1,13,21,6,9.2,3,NONE,2022-11-13,1,Y,2026-06-08,Monthly,7.8,9.05
REL-0002,EMP-5001,Linda Jackson,C-Suite,Sales,Atlanta GA,NONE,N/A,N/A,N/A,NONE,N/A,Direct,7,8,8,69,2,2.43,5,NONE,2025-10-20,16,Y,2026-01-03,Weekly,9.51,4.11
REL-0003,EMP-5002,Susan Martinez,Individual Contributor,Customer Experience,Atlanta GA,EMP-5087,Joseph Jackson,Manager,Customer Experience,EMP-5136,Joseph Harris,Dotted-Line,0,1,4,61,7,8.85,4,NONE,2022-02-13,43,Y,2026-05-01,Weekly,5.9,9.39
REL-0004,EMP-5003,Jessica Johnson,Senior Manager,Sales,San Francisco CA,EMP-5018,Jennifer Johnson,Director,Sales,EMP-5159,Linda Nelson,Matrix,13,4,1,14,17,3.46,5,NONE,2022-05-26,38,Y,2026-04-10,Monthly,4.66,7.81
REL-0005,EMP-5004,Richard Allen,Individual Contributor,Product,San Francisco CA,EMP-5360,Michelle Hill,Manager,Product,EMP-5237,Thomas Moore,Direct,0,1,4,43,11,1.09,1,NONE,2024-06-07,6,N,2026-03-08,Ad Hoc,7.79,4.62
REL-0006,EMP-5005,Linda Garcia,Team Lead,Customer Experience,Seattle WA,EMP-5052,Donald Wilson,Senior Manager,Customer Experience,EMP-5383,Andrew Ramirez,Direct,0,2,1,21,19,7.15,5,NONE,2021-03-23,67,Y,2026-01-08,Weekly,6.07,3.63
REL-0007,EMP-5006,Elizabeth Anderson,Individual Contributor,Finance,New York NY,EMP-5231,Sarah Martin,VP,Finance,EMP-5196,David Thomas,Dotted-Line,0,1,4,60,13,2.46,0,NONE,2020-12-20,52,Y,2026-05-12,Bi-Weekly,2.62,6.21
REL-0008,EMP-5007,Richard Hall,Manager,Customer Experience,Boston MA,EMP-5136,Joseph Harris,Director,Customer Experience,EMP-5024,Joseph Nelson,Matrix,11,3,0,77,16,4.37,1,NONE,2022-01-26,23,Y,2026-04-14,Ad Hoc,6.47,5.56
REL-0009,EMP-5008,Paul Jones,Manager,Data Science,Chicago IL,EMP-5106,Margaret Rodriguez,Senior Manager,Data Science,EMP-5239,Jennifer Rodriguez,Direct,13,3,4,9,12,6.53,5,NONE,2020-07-03,63,Y,2026-01-02,Bi-Weekly,3.41,4.6
REL-0010,EMP-5009,Jennifer Miller,Senior Manager,Legal & Compliance,Boston MA,EMP-5256,Amanda Hill,Director,Legal & Compliance,EMP-5035,Stephanie Moore,Direct,1,4,9,41,7,4.14,1,NONE,2018-06-07,23,N,2026-03-25,Monthly,5.85,7.38
REL-0011,EMP-5010,Paul Miller,Manager,Marketing,Boston MA,EMP-5259,Michelle Baker,Director,Marketing,EMP-5021,Brian Robinson,Dotted-Line,18,3,12,58,3,1.26,1,NONE,2018-05-16,61,Y,2026-03-19,Ad Hoc,6.71,7.33
REL-0012,EMP-5011,Donna Davis,Individual Contributor,Operations,Atlanta GA,EMP-5170,Kevin Williams,Senior Manager,Operations,EMP-5035,Stephanie Moore,Matrix,0,1,4,9,3,3.63,4,NONE,2025-12-16,12,Y,2026-06-18,Ad Hoc,6.52,4.05
REL-0013,EMP-5012,Stephanie Sanchez,Team Lead,Legal & Compliance,Denver CO,EMP-5367,Susan Jackson,Senior Manager,Legal & Compliance,EMP-5032,Kimberly Wright,Dotted-Line,0,2,10,14,3,1.14,1,EMP-5251,2018-08-14,6,N,2026-06-11,Ad Hoc,2.72,6.92
REL-0014,EMP-5013,Joseph Torres,Manager,Sales,Frisco TX,EMP-5018,Jennifer Johnson,Director,Sales,EMP-5100,Donna Moore,Dotted-Line,1,3,14,76,20,7.09,5,NONE,2024-03-15,15,Y,2026-04-25,Weekly,3.43,8.35
REL-0015,EMP-5014,Stephanie Harris,Individual Contributor,Engineering,Austin TX,EMP-5298,Edward Taylor,Manager,Engineering,EMP-5379,John Carter,Direct,0,1,1,77,0,1.11,0,EMP-5012,2022-06-25,31,Y,2026-06-19,Weekly,6.58,9.65
REL-0016,EMP-5015,Kevin Williams,Individual Contributor,Operations,Frisco TX,EMP-5149,Steven Johnson,Manager,Operations,EMP-5249,David Allen,Matrix,0,1,5,67,12,3.99,5,EMP-5326,2021-06-13,49,N,2026-05-21,Ad Hoc,5.53,3.49
REL-0017,EMP-5016,Steven Torres,Manager,Sales,Austin TX,EMP-5237,Thomas Moore,Senior Manager,Sales,EMP-5072,Charles Perez,Direct,3,3,4,68,5,3.18,5,NONE,2019-06-08,42,N,2026-04-06,Ad Hoc,4.37,4.96
REL-0018,EMP-5017,George Adams,Individual Contributor,Data Science,San Francisco CA,EMP-5038,Brian Martin,Manager,Data Science,EMP-5302,Patricia Walker,Matrix,0,1,5,9,6,8.76,4,EMP-5038,2024-02-01,55,Y,2026-05-09,Monthly,8.45,6.14
REL-0019,EMP-5018,Jennifer Johnson,Director,Sales,Remote,EMP-5001,Linda Jackson,C-Suite,Sales,NONE,N/A,Matrix,5,5,8,66,4,6.22,1,EMP-5188,2025-12-25,1,Y,2026-04-09,Weekly,6.81,7.5
REL-0020,EMP-5019,Ronald Clark,Individual Contributor,Legal & Compliance,Austin TX,EMP-5186,Susan Ramirez,Manager,Legal & Compliance,EMP-5058,Amanda Wilson,Direct,0,1,6,62,19,6.7,5,EMP-5004,2020-03-19,57,Y,2026-06-08,Ad Hoc,8.95,4.42
REL-0021,EMP-5020,Donald Martinez,Individual Contributor,Engineering,Austin TX,EMP-5050,Jennifer Jones,C-Suite,Engineering,NONE,N/A,Matrix,0,1,4,71,13,2.23,5,EMP-5201,2024-07-01,8,N,2026-01-10,Bi-Weekly,4.99,5.24
REL-0022,EMP-5021,Brian Robinson,VP,Data Science,Frisco TX,EMP-5124,Sarah King,C-Suite,Legal & Compliance,NONE,N/A,Matrix,7,6,15,66,8,2.24,1,EMP-5071,2022-09-16,43,Y,2026-04-21,Ad Hoc,8.65,3.24
REL-0023,EMP-5022,Robert Rodriguez,Individual Contributor,Finance,Seattle WA,EMP-5075,Kevin Ramirez,Manager,Finance,EMP-5154,Deborah Torres,Matrix,0,1,3,56,5,1.62,3,NONE,2021-08-26,55,Y,2026-04-15,Monthly,9.74,7.42
REL-0024,EMP-5023,Jennifer Hernandez,Individual Contributor,People & HR,San Francisco CA,EMP-5312,Robert Green,Manager,People & HR,EMP-5099,Betty Robinson,Dotted-Line,0,1,7,79,20,3.1,2,NONE,2019-10-19,32,Y,2026-02-05,Weekly,3.32,4.29
REL-0025,EMP-5024,Joseph Nelson,VP,Customer Experience,Frisco TX,EMP-5196,David Thomas,C-Suite,People & HR,NONE,N/A,Dotted-Line,7,6,5,41,18,2.91,1,NONE,2020-07-14,18,Y,2026-05-29,Bi-Weekly,6.18,8.07
REL-0026,EMP-5025,Andrew Rivera,Team Lead,Legal & Compliance,Frisco TX,EMP-5232,Ashley Lewis,Senior Manager,Legal & Compliance,EMP-5171,Nancy Jones,Matrix,0,2,13,47,12,3.79,1,EMP-5322,2023-02-14,60,Y,2026-06-29,Bi-Weekly,5.78,5.42
REL-0027,EMP-5026,Jessica Hill,Manager,Data Science,Boston MA,EMP-5106,Margaret Rodriguez,Senior Manager,Data Science,EMP-5235,Joshua Adams,Dotted-Line,4,3,13,27,8,4.06,1,EMP-5183,2019-06-08,21,Y,2026-02-14,Weekly,8.04,6.25
REL-0028,EMP-5027,Charles Wright,Team Lead,Marketing,Seattle WA,EMP-5344,James Nguyen,Manager,Marketing,EMP-5106,Margaret Rodriguez,Dotted-Line,0,2,8,59,3,6.32,1,EMP-5276,2025-04-11,44,N,2026-05-28,Monthly,7.06,7.36
REL-0029,EMP-5028,Richard Johnson,Individual Contributor,Legal & Compliance,Boston MA,EMP-5068,Mark Baker,Manager,Legal & Compliance,EMP-5048,Stephanie Rodriguez,Dotted-Line,0,1,15,31,14,4.8,1,NONE,2023-06-09,61,N,2026-03-27,Bi-Weekly,9.16,7.57
REL-0030,EMP-5029,Maria Mitchell,Individual Contributor,People & HR,Austin TX,EMP-5099,Betty Robinson,Senior Manager,People & HR,EMP-5018,Jennifer Johnson,Direct,0,1,5,5,19,5.03,3,EMP-5247,2020-01-30,65,Y,2026-04-04,Weekly,6.84,8.14
REL-0031,EMP-5030,Robert Allen,Senior Manager,Finance,New York NY,EMP-5231,Sarah Martin,VP,Finance,EMP-5124,Sarah King,Direct,13,4,9,23,18,8.4,4,NONE,2023-02-13,12,Y,2026-04-23,Bi-Weekly,9.6,6.02
REL-0032,EMP-5031,John Miller,Team Lead,Product,Seattle WA,EMP-5091,Edward Mitchell,Manager,Product,EMP-5282,Margaret Torres,Matrix,0,2,4,61,13,2.9,2,EMP-5165,2025-07-20,52,N,2026-03-12,Monthly,4.05,6.48
REL-0033,EMP-5032,Kimberly Wright,Director,Product,Chicago IL,EMP-5114,Sandra Sanchez,VP,Product,EMP-5050,Jennifer Jones,Dotted-Line,5,5,4,59,8,9.28,5,NONE,2024-07-12,22,Y,2026-03-24,Monthly,4.53,5.1
REL-0034,EMP-5033,Amanda Ramirez,Senior Manager,Marketing,Seattle WA,EMP-5217,Sandra Perez,Director,Marketing,EMP-5001,Linda Jackson,Direct,4,4,9,80,1,4.18,1,EMP-5094,2022-06-12,62,Y,2026-05-03,Ad Hoc,4.53,7.04
REL-0035,EMP-5034,Jennifer King,Director,Operations,Remote,EMP-5035,Stephanie Moore,SVP,Operations,EMP-5050,Jennifer Jones,Direct,13,5,13,80,16,1.67,4,EMP-5014,2019-12-15,40,Y,2026-03-02,Ad Hoc,9.81,6.84
REL-0036,EMP-5035,Stephanie Moore,SVP,Operations,Boston MA,EMP-5196,David Thomas,C-Suite,People & HR,NONE,N/A,Matrix,10,7,5,77,17,7.86,3,NONE,2022-06-17,7,N,2026-02-18,Weekly,7.29,6.08
REL-0037,EMP-5036,Stephanie Roberts,Team Lead,Customer Experience,Frisco TX,EMP-5373,Deborah Taylor,Senior Manager,Customer Experience,EMP-5198,Anthony Smith,Matrix,0,2,7,72,15,8.66,4,NONE,2022-06-05,51,N,2026-01-22,Weekly,5.8,7.73
REL-0038,EMP-5037,Margaret Taylor,Senior Manager,Product,Atlanta GA,EMP-5094,Kimberly Lopez,Director,Product,EMP-5001,Linda Jackson,Matrix,14,4,4,39,7,2.46,0,NONE,2019-06-16,26,Y,2026-01-19,Monthly,2.13,5.91
REL-0039,EMP-5038,Brian Martin,Manager,Data Science,Seattle WA,EMP-5239,Jennifer Rodriguez,VP,Data Science,EMP-5050,Jennifer Jones,Matrix,17,3,11,5,14,6.54,1,NONE,2021-07-27,33,N,2026-01-16,Ad Hoc,3.99,9.78
REL-0040,EMP-5039,Patricia Rodriguez,Individual Contributor,Operations,Austin TX,EMP-5287,Mark Sanchez,Senior Manager,Operations,EMP-5090,Joshua Johnson,Direct,0,1,3,30,12,7.31,4,NONE,2021-02-14,61,Y,2026-06-29,Monthly,4.81,8.66
REL-0041,EMP-5040,Michelle Flores,Manager,Customer Experience,Denver CO,EMP-5373,Deborah Taylor,Senior Manager,Customer Experience,EMP-5200,Matthew King,Direct,5,3,13,68,15,1.86,3,NONE,2018-06-14,59,Y,2026-05-10,Weekly,3.42,9.02
REL-0042,EMP-5041,Sarah King,Individual Contributor,Engineering,Denver CO,EMP-5235,Joshua Adams,Director,Engineering,EMP-5204,Steven Baker,Dotted-Line,0,1,13,71,10,7.27,2,EMP-5141,2026-02-08,46,N,2026-03-11,Bi-Weekly,8.0,7.83
REL-0043,EMP-5042,George Rodriguez,Manager,Marketing,San Francisco CA,EMP-5033,Amanda Ramirez,Senior Manager,Marketing,EMP-5383,Andrew Ramirez,Direct,6,3,14,8,4,9.56,3,EMP-5285,2021-01-06,48,Y,2026-04-09,Ad Hoc,8.72,9.77
REL-0044,EMP-5043,Nancy Brown,Manager,Customer Experience,Denver CO,EMP-5024,Joseph Nelson,VP,Customer Experience,EMP-5001,Linda Jackson,Direct,10,3,4,58,6,7.41,3,NONE,2019-10-13,65,N,2026-03-25,Weekly,2.76,3.31
REL-0045,EMP-5044,Matthew Garcia,Individual Contributor,Marketing,New York NY,EMP-5097,Steven Garcia,Director,Marketing,EMP-5231,Sarah Martin,Direct,0,1,0,55,2,3.06,0,EMP-5125,2021-06-10,3,Y,2026-03-14,Monthly,4.84,9.32
REL-0046,EMP-5045,Amanda Flores,Team Lead,Engineering,Austin TX,EMP-5145,Margaret Lopez,Manager,Engineering,EMP-5035,Stephanie Moore,Matrix,0,2,7,63,10,1.37,2,NONE,2022-09-20,43,N,2026-04-16,Ad Hoc,4.46,4.83
REL-0047,EMP-5046,Patricia Young,Senior Manager,Product,Atlanta GA,EMP-5240,Edward Thomas,Director,Product,EMP-5204,Steven Baker,Direct,5,4,6,22,17,6.16,1,NONE,2025-09-15,66,Y,2026-06-19,Monthly,5.13,5.55
REL-0048,EMP-5047,Michael Ramirez,Individual Contributor,Engineering,New York NY,EMP-5173,Donna Thompson,Senior Manager,Engineering,EMP-5337,George Campbell,Dotted-Line,0,1,8,30,8,4.18,1,EMP-5079,2018-08-23,60,Y,2026-05-28,Bi-Weekly,7.06,6.82
REL-0049,EMP-5048,Stephanie Rodriguez,Senior Manager,Engineering,Seattle WA,EMP-5260,George Jackson,VP,Engineering,EMP-5050,Jennifer Jones,Matrix,18,4,1,18,10,5.98,5,NONE,2020-11-01,21,N,2026-04-20,Bi-Weekly,9.74,6.52
REL-0050,EMP-5049,Thomas Green,Director,People & HR,Atlanta GA,EMP-5196,David Thomas,C-Suite,People & HR,NONE,N/A,Dotted-Line,18,5,1,25,16,9.02,3,EMP-5232,2024-09-27,6,Y,2026-06-18,Weekly,7.96,4.91
REL-0051,EMP-5050,Jennifer Jones,C-Suite,Engineering,Atlanta GA,NONE,N/A,N/A,N/A,NONE,N/A,Direct,17,8,9,60,5,6.12,1,EMP-5283,2020-08-20,32,N,2026-04-13,Monthly,5.31,8.31
REL-0052,EMP-5051,Edward Harris,Individual Contributor,Customer Experience,New York NY,EMP-5087,Joseph Jackson,Manager,Customer Experience,EMP-5136,Joseph Harris,Matrix,0,1,8,53,8,4.07,3,EMP-5247,2022-01-16,46,Y,2026-02-10,Ad Hoc,3.28,6.23
REL-0053,EMP-5052,Donald Wilson,Senior Manager,Customer Experience,Denver CO,EMP-5024,Joseph Nelson,VP,Customer Experience,EMP-5001,Linda Jackson,Direct,5,4,1,22,14,5.63,4,NONE,2020-06-25,56,Y,2026-01-09,Weekly,3.38,6.38
REL-0054,EMP-5053,Christopher Lee,Individual Contributor,Sales,Chicago IL,EMP-5229,Linda Rodriguez,Manager,Sales,EMP-5171,Nancy Jones,Matrix,0,1,13,20,10,3.82,2,EMP-5342,2018-12-18,42,Y,2026-02-05,Monthly,6.09,3.62
REL-0055,EMP-5054,Andrew Ramirez,Manager,Legal & Compliance,Frisco TX,EMP-5131,Brian Brown,Senior Manager,Legal & Compliance,EMP-5001,Linda Jackson,Dotted-Line,10,3,11,10,4,7.43,1,EMP-5129,2022-05-21,31,N,2026-05-22,Monthly,3.22,6.87
REL-0056,EMP-5055,Donna Gonzalez,Individual Contributor,Product,New York NY,EMP-5383,Andrew Ramirez,Director,Product,EMP-5021,Brian Robinson,Direct,0,1,13,53,19,4.47,4,EMP-5380,2023-02-20,70,Y,2026-05-27,Ad Hoc,3.68,6.79
REL-0057,EMP-5056,Carol Adams,Individual Contributor,Marketing,Remote,EMP-5100,Donna Moore,VP,Marketing,EMP-5196,David Thomas,Direct,0,1,13,1,2,8.47,2,EMP-5134,2024-05-31,31,N,2026-01-29,Bi-Weekly,8.23,9.34
REL-0058,EMP-5057,Amanda Ramirez,Team Lead,Finance,Atlanta GA,EMP-5294,Robert Gonzalez,Manager,Finance,EMP-5033,Amanda Ramirez,Direct,0,2,11,40,19,8.02,2,NONE,2023-08-01,68,N,2026-05-18,Weekly,2.97,4.15
REL-0059,EMP-5058,Amanda Wilson,Senior Manager,Marketing,Remote,EMP-5385,Christopher Ramirez,Director,Marketing,EMP-5305,Christopher Thomas,Dotted-Line,17,4,12,1,16,2.71,4,EMP-5175,2025-02-13,71,Y,2026-02-24,Monthly,4.27,7.9
REL-0060,EMP-5059,John Thompson,Team Lead,People & HR,Seattle WA,EMP-5258,James Carter,Manager,People & HR,EMP-5196,David Thomas,Matrix,0,2,11,13,13,3.54,5,NONE,2018-05-05,53,Y,2026-01-21,Ad Hoc,9.5,8.59
REL-0061,EMP-5060,Mark Jackson,Individual Contributor,Marketing,Boston MA,EMP-5155,Linda White,Manager,Marketing,EMP-5100,Donna Moore,Matrix,0,1,1,1,5,9.76,4,EMP-5082,2021-11-03,1,Y,2026-06-30,Weekly,6.09,9.61
REL-0062,EMP-5061,Robert Walker,Individual Contributor,Legal & Compliance,New York NY,EMP-5256,Amanda Hill,Director,Legal & Compliance,EMP-5001,Linda Jackson,Dotted-Line,0,1,1,7,16,8.02,5,NONE,2025-09-14,15,N,2026-03-12,Weekly,2.48,5.08
REL-0063,EMP-5062,Barbara Smith,Team Lead,Marketing,Denver CO,EMP-5155,Linda White,Manager,Marketing,EMP-5018,Jennifer Johnson,Dotted-Line,0,2,9,9,11,8.55,5,NONE,2024-08-28,5,Y,2026-05-28,Weekly,6.12,4.5
REL-0064,EMP-5063,Emily King,Manager,Legal & Compliance,Frisco TX,EMP-5009,Jennifer Miller,Senior Manager,Legal & Compliance,EMP-5080,Michelle Hall,Direct,4,3,14,43,19,6.71,5,EMP-5316,2022-07-12,16,Y,2026-01-29,Bi-Weekly,6.2,9.73
REL-0065,EMP-5064,Robert Baker,Individual Contributor,Sales,Atlanta GA,EMP-5237,Thomas Moore,Senior Manager,Sales,EMP-5097,Steven Garcia,Direct,0,1,9,27,17,2.21,5,EMP-5006,2025-03-01,38,Y,2026-05-07,Weekly,7.61,4.37
REL-0066,EMP-5065,Kimberly Harris,Individual Contributor,People & HR,Frisco TX,EMP-5198,Anthony Smith,Director,People & HR,EMP-5368,Ashley Robinson,Direct,0,1,1,62,15,7.66,3,NONE,2023-10-23,50,Y,2026-04-23,Ad Hoc,4.37,6.4
REL-0067,EMP-5066,Donna Ramirez,Individual Contributor,Legal & Compliance,Seattle WA,EMP-5340,Patricia Young,Manager,Legal & Compliance,EMP-5293,Amanda Lewis,Dotted-Line,0,1,4,68,11,9.9,3,EMP-5349,2024-02-11,41,Y,2026-02-27,Ad Hoc,9.13,9.44
REL-0068,EMP-5067,Joshua Martin,Team Lead,Marketing,Boston MA,EMP-5348,Richard Thomas,Senior Manager,Marketing,EMP-5200,Matthew King,Dotted-Line,0,2,8,72,6,6.12,5,NONE,2024-12-06,15,Y,2026-04-04,Weekly,4.58,5.74
REL-0069,EMP-5068,Mark Baker,Manager,Legal & Compliance,Austin TX,EMP-5009,Jennifer Miller,Senior Manager,Legal & Compliance,EMP-5159,Linda Nelson,Matrix,17,3,0,10,10,2.44,5,NONE,2026-02-26,8,Y,2026-05-27,Weekly,9.31,9.06
REL-0070,EMP-5069,Matthew Perez,Manager,Operations,Seattle WA,EMP-5035,Stephanie Moore,SVP,Operations,EMP-5050,Jennifer Jones,Matrix,8,3,3,18,10,8.76,0,EMP-5089,2018-08-12,28,N,2026-01-16,Ad Hoc,6.06,6.67
REL-0071,EMP-5070,Linda Thompson,Individual Contributor,Operations,San Francisco CA,EMP-5130,Linda Hall,Director,Operations,EMP-5260,George Jackson,Direct,0,1,14,38,0,8.24,5,NONE,2019-10-04,44,Y,2026-05-16,Weekly,9.7,7.58
REL-0072,EMP-5071,George Martinez,Team Lead,People & HR,Austin TX,EMP-5258,James Carter,Manager,People & HR,EMP-5279,Amanda Hernandez,Dotted-Line,0,2,9,40,6,8.08,2,EMP-5322,2024-10-03,46,Y,2026-03-03,Ad Hoc,3.77,5.9
REL-0073,EMP-5072,Charles Perez,Director,Operations,New York NY,EMP-5035,Stephanie Moore,SVP,Operations,EMP-5124,Sarah King,Matrix,13,5,6,13,18,6.31,5,EMP-5380,2020-12-12,8,Y,2026-04-10,Weekly,3.58,4.08
REL-0074,EMP-5073,Brian Taylor,Individual Contributor,People & HR,San Francisco CA,EMP-5361,Jennifer Campbell,Manager,People & HR,EMP-5357,Emily Wright,Dotted-Line,0,1,12,5,15,2.42,3,EMP-5162,2023-07-03,64,Y,2026-03-31,Weekly,7.13,3.1
REL-0075,EMP-5074,George Johnson,Individual Contributor,Sales,Denver CO,EMP-5229,Linda Rodriguez,Manager,Sales,EMP-5072,Charles Perez,Dotted-Line,0,1,8,15,1,2.01,2,EMP-5272,2020-04-12,63,Y,2026-06-26,Ad Hoc,9.52,9.46
REL-0076,EMP-5075,Kevin Ramirez,Manager,Finance,Chicago IL,EMP-5368,Ashley Robinson,VP,Finance,EMP-5001,Linda Jackson,Dotted-Line,6,3,8,65,3,5.85,3,EMP-5344,2023-09-23,22,Y,2026-04-20,Weekly,3.89,9.41
REL-0077,EMP-5076,Michelle Williams,Manager,Sales,New York NY,EMP-5018,Jennifer Johnson,Director,Sales,EMP-5368,Ashley Robinson,Dotted-Line,7,3,11,13,4,4.96,5,NONE,2022-05-15,59,Y,2026-06-03,Ad Hoc,6.25,8.22
REL-0078,EMP-5077,Sandra Johnson,Individual Contributor,Data Science,Austin TX,EMP-5199,Edward Thompson,VP,Data Science,EMP-5124,Sarah King,Direct,0,1,6,75,18,4.76,4,NONE,2023-12-06,39,Y,2026-04-02,Monthly,9.91,3.88
REL-0079,EMP-5078,Daniel Young,Team Lead,Sales,Seattle WA,EMP-5229,Linda Rodriguez,Manager,Sales,EMP-5373,Deborah Taylor,Matrix,0,2,9,43,17,9.61,4,EMP-5288,2019-07-28,63,Y,2026-02-22,Bi-Weekly,3.86,4.45
REL-0080,EMP-5079,Michael Gonzalez,Team Lead,Customer Experience,Remote,EMP-5087,Joseph Jackson,Manager,Customer Experience,EMP-5090,Joshua Johnson,Matrix,0,2,9,24,6,1.18,5,EMP-5304,2018-07-02,51,Y,2026-05-15,Monthly,6.01,7.57
REL-0081,EMP-5080,Michelle Hall,VP,Engineering,Denver CO,EMP-5050,Jennifer Jones,C-Suite,Engineering,NONE,N/A,Direct,6,6,15,52,2,1.65,4,EMP-5053,2019-03-17,61,Y,2026-05-13,Ad Hoc,5.93,4.85
REL-0082,EMP-5081,Edward Hernandez,Senior Manager,People & HR,Atlanta GA,EMP-5049,Thomas Green,Director,People & HR,EMP-5024,Joseph Nelson,Matrix,9,4,4,40,8,5.75,0,EMP-5318,2025-08-03,1,Y,2026-06-16,Bi-Weekly,2.54,4.42
REL-0083,EMP-5082,Jessica Thompson,Manager,Marketing,Austin TX,EMP-5259,Michelle Baker,Director,Marketing,EMP-5024,Joseph Nelson,Matrix,16,3,4,21,18,6.0,2,NONE,2021-12-15,53,N,2026-02-28,Bi-Weekly,2.08,6.83
REL-0084,EMP-5083,Paul Garcia,Individual Contributor,Customer Experience,Chicago IL,EMP-5007,Richard Hall,Manager,Customer Experience,EMP-5300,Thomas Hernandez,Matrix,0,1,8,16,12,5.52,0,EMP-5099,2020-09-14,64,Y,2026-01-23,Weekly,4.75,8.3
REL-0085,EMP-5084,Mark Rivera,Individual Contributor,Sales,Chicago IL,EMP-5345,John Adams,Manager,Sales,EMP-5347,Jennifer Hall,Dotted-Line,0,1,1,9,12,9.36,4,NONE,2020-10-18,71,Y,2026-06-07,Ad Hoc,4.94,5.88
REL-0086,EMP-5085,Donald Lewis,Manager,Product,Frisco TX,EMP-5094,Kimberly Lopez,Director,Product,EMP-5080,Michelle Hall,Dotted-Line,1,3,5,79,1,3.66,4,NONE,2024-02-01,28,Y,2026-06-06,Weekly,2.16,9.12
REL-0087,EMP-5086,Robert White,Manager,People & HR,New York NY,EMP-5221,Sarah Taylor,Senior Manager,People & HR,EMP-5289,Thomas Thompson,Matrix,15,3,15,75,20,4.81,1,NONE,2019-02-13,31,Y,2026-05-24,Monthly,6.02,7.33
REL-0088,EMP-5087,Joseph Jackson,Manager,Customer Experience,Remote,EMP-5113,Joshua Campbell,Senior Manager,Customer Experience,EMP-5150,Susan Harris,Dotted-Line,9,3,4,46,18,7.49,4,NONE,2020-11-27,24,Y,2026-01-14,Monthly,8.61,8.47
REL-0089,EMP-5088,Nancy Walker,Individual Contributor,Operations,Remote,EMP-5287,Mark Sanchez,Senior Manager,Operations,EMP-5240,Edward Thomas,Matrix,0,1,11,32,9,2.98,0,NONE,2020-01-07,28,Y,2026-02-16,Ad Hoc,6.63,7.0
REL-0090,EMP-5089,Maria Williams,Individual Contributor,Engineering,Atlanta GA,EMP-5235,Joshua Adams,Director,Engineering,EMP-5100,Donna Moore,Matrix,0,1,0,13,12,9.12,5,NONE,2019-02-25,60,Y,2026-06-18,Monthly,3.98,4.39
REL-0091,EMP-5090,Joshua Johnson,Director,Product,New York NY,EMP-5114,Sandra Sanchez,VP,Product,EMP-5001,Linda Jackson,Dotted-Line,16,5,3,26,4,1.14,4,EMP-5329,2019-05-24,72,Y,2026-06-04,Weekly,9.2,5.46
REL-0092,EMP-5091,Edward Mitchell,Manager,Product,Chicago IL,EMP-5384,Melissa Rodriguez,Senior Manager,Product,EMP-5136,Joseph Harris,Dotted-Line,12,3,13,27,4,3.68,4,NONE,2020-06-01,63,Y,2026-06-14,Monthly,8.62,6.61
REL-0093,EMP-5092,Melissa Roberts,Individual Contributor,Finance,Seattle WA,EMP-5331,David Thompson,Manager,Finance,EMP-5217,Sandra Perez,Direct,0,1,8,47,19,9.84,0,NONE,2019-08-01,25,N,2026-02-22,Weekly,9.72,3.1
REL-0094,EMP-5093,Ronald Davis,Manager,Operations,Boston MA,EMP-5188,William Johnson,Senior Manager,Operations,EMP-5310,Kimberly Mitchell,Matrix,6,3,12,66,16,3.63,2,NONE,2022-07-26,19,N,2026-04-24,Bi-Weekly,2.07,5.21
REL-0095,EMP-5094,Kimberly Lopez,Director,Product,Boston MA,EMP-5114,Sandra Sanchez,VP,Product,EMP-5196,David Thomas,Matrix,3,5,6,78,14,7.27,4,NONE,2020-12-07,12,Y,2026-04-01,Bi-Weekly,9.02,9.34
REL-0096,EMP-5095,Patricia Lopez,Individual Contributor,Engineering,Austin TX,EMP-5319,Dorothy Gonzalez,Senior Manager,Engineering,EMP-5001,Linda Jackson,Dotted-Line,0,1,1,2,2,3.08,0,NONE,2021-06-06,51,Y,2026-03-23,Weekly,8.25,5.35
REL-0097,EMP-5096,Maria White,Manager,Sales,Seattle WA,EMP-5003,Jessica Johnson,Senior Manager,Sales,EMP-5049,Thomas Green,Dotted-Line,11,3,2,67,17,1.9,3,EMP-5193,2020-12-12,3,Y,2026-05-03,Ad Hoc,3.77,9.03
REL-0098,EMP-5097,Steven Garcia,Director,Marketing,Frisco TX,EMP-5100,Donna Moore,VP,Marketing,EMP-5050,Jennifer Jones,Direct,9,5,4,62,5,7.16,2,NONE,2025-01-11,52,Y,2026-06-04,Monthly,5.02,5.25
REL-0099,EMP-5098,Paul Miller,Individual Contributor,Legal & Compliance,Boston MA,EMP-5375,John Torres,Manager,Legal & Compliance,EMP-5033,Amanda Ramirez,Dotted-Line,0,1,4,43,4,1.13,0,EMP-5219,2020-07-22,65,Y,2026-05-12,Bi-Weekly,7.36,5.7
REL-0100,EMP-5099,Betty Robinson,Senior Manager,People & HR,New York NY,EMP-5398,Karen Perez,Director,People & HR,EMP-5310,Kimberly Mitchell,Matrix,8,4,15,27,15,3.09,4,EMP-5059,2021-12-29,58,Y,2026-03-19,Ad Hoc,9.06,9.48
REL-0101,EMP-5100,Donna Moore,VP,Marketing,New York NY,EMP-5001,Linda Jackson,C-Suite,Sales,NONE,N/A,Direct,16,6,5,77,1,8.39,3,NONE,2023-11-03,60,Y,2026-06-27,Ad Hoc,8.28,6.18
REL-0102,EMP-5101,Betty King,Individual Contributor,Marketing,Austin TX,EMP-5033,Amanda Ramirez,Senior Manager,Marketing,EMP-5072,Charles Perez,Direct,0,1,15,39,20,4.75,1,EMP-5015,2023-11-01,19,Y,2026-03-10,Monthly,9.66,3.56
REL-0103,EMP-5102,Jessica Lewis,Individual Contributor,Finance,Frisco TX,EMP-5331,David Thompson,Manager,Finance,EMP-5050,Jennifer Jones,Dotted-Line,0,1,7,13,13,9.96,2,EMP-5351,2019-06-02,46,N,2026-05-17,Bi-Weekly,4.89,3.73
REL-0104,EMP-5103,Nancy Lopez,Manager,Engineering,Atlanta GA,EMP-5048,Stephanie Rodriguez,Senior Manager,Engineering,EMP-5310,Kimberly Mitchell,Matrix,11,3,4,50,19,4.77,1,NONE,2025-09-04,64,N,2026-02-28,Weekly,2.02,7.43
REL-0105,EMP-5104,Ronald Walker,Senior Manager,People & HR,Austin TX,EMP-5154,Deborah Torres,Director,People & HR,EMP-5024,Joseph Nelson,Matrix,16,4,12,59,0,9.54,0,NONE,2020-01-28,9,Y,2026-01-30,Weekly,6.97,3.83
REL-0106,EMP-5105,Maria Rivera,Individual Contributor,Product,Frisco TX,EMP-5032,Kimberly Wright,Director,Product,EMP-5305,Christopher Thomas,Matrix,0,1,5,4,1,3.35,2,NONE,2018-07-05,65,N,2026-02-20,Monthly,2.05,4.44
REL-0107,EMP-5106,Margaret Rodriguez,Senior Manager,Data Science,Seattle WA,EMP-5239,Jennifer Rodriguez,VP,Data Science,EMP-5196,David Thomas,Matrix,1,4,12,49,12,3.17,2,NONE,2023-10-10,35,N,2026-04-05,Ad Hoc,2.02,3.24
REL-0108,EMP-5107,Nancy Martin,Team Lead,Finance,Denver CO,EMP-5374,Donna Young,Senior Manager,Finance,EMP-5080,Michelle Hall,Matrix,0,2,11,22,5,4.29,0,EMP-5118,2020-03-01,19,Y,2026-04-12,Monthly,8.86,6.59
REL-0109,EMP-5108,Susan Wright,Individual Contributor,Marketing,Frisco TX,EMP-5097,Steven Garcia,Director,Marketing,EMP-5196,David Thomas,Matrix,0,1,3,71,0,6.68,3,EMP-5115,2019-08-11,21,Y,2026-05-13,Weekly,8.52,8.52
REL-0110,EMP-5109,Brian Roberts,Team Lead,Engineering,New York NY,EMP-5319,Dorothy Gonzalez,Senior Manager,Engineering,EMP-5398,Karen Perez,Dotted-Line,0,2,6,53,4,4.58,3,NONE,2024-11-27,30,Y,2026-06-05,Weekly,6.07,7.68
REL-0111,EMP-5110,Maria Rodriguez,Individual Contributor,Marketing,Frisco TX,EMP-5209,Charles Martinez,Manager,Marketing,EMP-5302,Patricia Walker,Matrix,0,1,11,13,10,7.16,0,NONE,2025-12-23,11,Y,2026-06-27,Ad Hoc,8.7,9.13
REL-0112,EMP-5111,Jessica Flores,Manager,People & HR,Chicago IL,EMP-5398,Karen Perez,Director,People & HR,EMP-5050,Jennifer Jones,Dotted-Line,5,3,10,50,19,3.61,1,EMP-5367,2022-04-04,2,Y,2026-05-27,Bi-Weekly,2.45,3.27
REL-0113,EMP-5112,Emily Martinez,Manager,Sales,New York NY,EMP-5003,Jessica Johnson,Senior Manager,Sales,EMP-5114,Sandra Sanchez,Matrix,14,3,6,68,8,4.48,4,NONE,2023-01-30,11,Y,2026-05-26,Bi-Weekly,6.0,9.71
REL-0114,EMP-5113,Joshua Campbell,Senior Manager,Customer Experience,Chicago IL,EMP-5024,Joseph Nelson,VP,Customer Experience,EMP-5050,Jennifer Jones,Dotted-Line,18,4,9,19,9,9.14,3,NONE,2018-07-19,33,Y,2026-02-14,Ad Hoc,4.52,5.36
REL-0115,EMP-5114,Sandra Sanchez,VP,Product,Frisco TX,EMP-5001,Linda Jackson,C-Suite,Sales,NONE,N/A,Matrix,9,6,1,13,20,3.48,4,EMP-5042,2022-07-15,22,Y,2026-01-06,Ad Hoc,9.32,7.83
REL-0116,EMP-5115,Richard Wilson,Individual Contributor,Engineering,Denver CO,EMP-5173,Donna Thompson,Senior Manager,Engineering,EMP-5196,David Thomas,Direct,0,1,11,1,14,7.77,3,NONE,2018-04-14,29,N,2026-02-05,Monthly,6.87,4.3
REL-0117,EMP-5116,Sandra Davis,Individual Contributor,Data Science,Atlanta GA,EMP-5329,Susan Clark,Manager,Data Science,EMP-5367,Susan Jackson,Dotted-Line,0,1,9,63,14,7.97,1,NONE,2018-08-18,58,Y,2026-02-20,Ad Hoc,2.85,7.42
REL-0118,EMP-5117,Michelle Thompson,Manager,Legal & Compliance,Atlanta GA,EMP-5272,Jessica Harris,Director,Legal & Compliance,EMP-5368,Ashley Robinson,Matrix,8,3,6,56,20,1.52,2,NONE,2023-10-20,9,Y,2026-06-17,Monthly,3.46,9.97
REL-0119,EMP-5118,Deborah Martinez,Team Lead,People & HR,Seattle WA,EMP-5312,Robert Green,Manager,People & HR,EMP-5256,Amanda Hill,Direct,0,2,14,35,12,2.9,2,NONE,2023-02-08,28,Y,2026-05-23,Bi-Weekly,2.92,7.35
REL-0120,EMP-5119,William Jones,Individual Contributor,Customer Experience,New York NY,EMP-5212,Melissa Martinez,Manager,Customer Experience,EMP-5033,Amanda Ramirez,Matrix,0,1,4,56,13,4.17,3,NONE,2021-12-17,25,Y,2026-02-07,Bi-Weekly,9.11,9.22
REL-0121,EMP-5120,Anthony Roberts,Individual Contributor,Marketing,Frisco TX,EMP-5376,Elizabeth Green,Manager,Marketing,EMP-5379,John Carter,Matrix,0,1,11,9,6,5.68,4,NONE,2024-06-10,39,N,2026-06-29,Bi-Weekly,6.83,4.99
REL-0122,EMP-5121,Emily Anderson,Team Lead,Sales,Austin TX,EMP-5192,Kevin Green,Manager,Sales,EMP-5003,Jessica Johnson,Direct,0,2,3,71,4,4.95,1,EMP-5106,2021-06-17,19,Y,2026-01-27,Ad Hoc,6.51,5.93
REL-0123,EMP-5122,Ashley Clark,Individual Contributor,Product,Seattle WA,EMP-5386,Maria Young,Manager,Product,EMP-5356,Donald Ramirez,Matrix,0,1,3,80,11,6.25,3,NONE,2018-01-05,25,Y,2026-04-06,Ad Hoc,4.78,6.32
REL-0124,EMP-5123,Melissa Baker,Individual Contributor,Engineering,New York NY,EMP-5260,George Jackson,VP,Engineering,EMP-5124,Sarah King,Matrix,0,1,14,69,10,6.85,3,EMP-5269,2024-04-26,42,Y,2026-03-15,Weekly,3.21,6.56
REL-0125,EMP-5124,Sarah King,C-Suite,Legal & Compliance,New York NY,NONE,N/A,N/A,N/A,NONE,N/A,Direct,9,8,8,69,1,5.69,0,EMP-5347,2024-12-03,60,Y,2026-01-13,Bi-Weekly,7.69,9.14
REL-0126,EMP-5125,Charles Miller,Individual Contributor,Sales,Frisco TX,EMP-5016,Steven Torres,Manager,Sales,EMP-5235,Joshua Adams,Direct,0,1,11,75,5,3.33,2,EMP-5095,2024-06-01,28,Y,2026-05-09,Bi-Weekly,3.05,4.45
REL-0127,EMP-5126,Sandra Lee,Individual Contributor,Data Science,Austin TX,EMP-5199,Edward Thompson,VP,Data Science,EMP-5050,Jennifer Jones,Dotted-Line,0,1,13,45,9,5.87,2,EMP-5367,2023-12-25,42,Y,2026-05-20,Bi-Weekly,6.48,5.09
REL-0128,EMP-5127,Christopher Baker,Individual Contributor,Marketing,Seattle WA,EMP-5082,Jessica Thompson,Manager,Marketing,EMP-5032,Kimberly Wright,Dotted-Line,0,1,2,65,6,9.86,1,NONE,2021-05-16,14,Y,2026-05-22,Ad Hoc,4.29,6.12
REL-0129,EMP-5128,George Adams,Individual Contributor,Marketing,Remote,EMP-5010,Paul Miller,Manager,Marketing,EMP-5018,Jennifer Johnson,Direct,0,1,8,77,20,5.17,0,EMP-5223,2023-02-27,6,N,2026-06-17,Ad Hoc,4.39,8.74
REL-0130,EMP-5129,Richard Green,Team Lead,Engineering,Boston MA,EMP-5293,Amanda Lewis,Senior Manager,Engineering,EMP-5239,Jennifer Rodriguez,Matrix,0,2,10,35,12,6.85,2,NONE,2022-02-12,49,Y,2026-02-12,Weekly,8.92,6.39
REL-0131,EMP-5130,Linda Hall,Director,Operations,Frisco TX,EMP-5035,Stephanie Moore,SVP,Operations,EMP-5001,Linda Jackson,Direct,7,5,9,74,5,6.52,2,EMP-5356,2018-10-20,14,N,2026-03-13,Ad Hoc,3.6,6.65
REL-0132,EMP-5131,Brian Brown,Senior Manager,Legal & Compliance,Frisco TX,EMP-5124,Sarah King,C-Suite,Legal & Compliance,NONE,N/A,Matrix,8,4,11,74,14,3.1,3,NONE,2024-08-03,40,N,2026-05-11,Ad Hoc,6.76,6.63
REL-0133,EMP-5132,Susan Nelson,Manager,Customer Experience,San Francisco CA,EMP-5052,Donald Wilson,Senior Manager,Customer Experience,EMP-5159,Linda Nelson,Dotted-Line,1,3,15,9,8,2.35,0,EMP-5090,2025-01-22,24,Y,2026-01-06,Bi-Weekly,2.14,9.26
REL-0134,EMP-5133,James Sanchez,Team Lead,Sales,Austin TX,EMP-5316,Maria Miller,Manager,Sales,EMP-5106,Margaret Rodriguez,Matrix,0,2,12,3,2,3.71,3,EMP-5131,2020-10-20,42,Y,2026-05-01,Bi-Weekly,4.39,5.16
REL-0135,EMP-5134,Brian Sanchez,Senior Manager,Operations,Denver CO,EMP-5130,Linda Hall,Director,Operations,EMP-5368,Ashley Robinson,Dotted-Line,7,4,8,44,8,4.38,5,NONE,2021-03-11,23,Y,2026-06-15,Weekly,5.61,3.08
REL-0136,EMP-5135,Jennifer Williams,Manager,Engineering,Atlanta GA,EMP-5050,Jennifer Jones,C-Suite,Engineering,NONE,N/A,Dotted-Line,13,3,1,34,16,8.64,5,NONE,2020-09-21,1,N,2026-04-23,Monthly,9.1,7.18
REL-0137,EMP-5136,Joseph Harris,Director,Customer Experience,Seattle WA,EMP-5024,Joseph Nelson,VP,Customer Experience,EMP-5050,Jennifer Jones,Direct,6,5,5,0,4,4.26,3,EMP-5027,2023-09-22,36,Y,2026-03-03,Monthly,7.01,4.87
REL-0138,EMP-5137,Susan Sanchez,Manager,Operations,Boston MA,EMP-5337,George Campbell,Director,Operations,EMP-5204,Steven Baker,Dotted-Line,12,3,13,36,3,2.47,3,EMP-5042,2025-12-28,63,Y,2026-05-09,Weekly,2.38,6.78
REL-0139,EMP-5138,Steven Perez,Manager,Product,Atlanta GA,EMP-5046,Patricia Young,Senior Manager,Product,EMP-5305,Christopher Thomas,Dotted-Line,17,3,3,24,13,3.66,5,NONE,2024-12-20,61,N,2026-06-16,Monthly,6.98,7.7
REL-0140,EMP-5139,Anthony Baker,Team Lead,Legal & Compliance,Frisco TX,EMP-5256,Amanda Hill,Director,Legal & Compliance,EMP-5199,Edward Thompson,Direct,0,2,1,29,18,5.74,1,EMP-5264,2021-04-29,44,Y,2026-01-10,Ad Hoc,7.07,7.44
REL-0141,EMP-5140,James Hill,Individual Contributor,Engineering,New York NY,EMP-5310,Kimberly Mitchell,VP,Engineering,EMP-5050,Jennifer Jones,Dotted-Line,0,1,4,58,4,5.44,3,NONE,2020-08-11,33,Y,2026-03-03,Weekly,8.4,6.0
REL-0142,EMP-5141,Donald Jackson,Individual Contributor,Finance,Remote,EMP-5374,Donna Young,Senior Manager,Finance,EMP-5130,Linda Hall,Matrix,0,1,10,48,7,6.78,0,NONE,2025-05-14,59,Y,2026-05-22,Weekly,3.44,3.95
REL-0143,EMP-5142,Joseph Robinson,Individual Contributor,Customer Experience,San Francisco CA,EMP-5377,Maria Rodriguez,Manager,Customer Experience,EMP-5221,Sarah Taylor,Direct,0,1,13,28,8,4.48,4,EMP-5002,2021-02-26,1,Y,2026-04-17,Weekly,6.6,4.05
REL-0144,EMP-5143,William Roberts,Individual Contributor,Customer Experience,Remote,EMP-5052,Donald Wilson,Senior Manager,Customer Experience,EMP-5385,Christopher Ramirez,Direct,0,1,2,55,11,8.81,4,NONE,2024-11-06,40,Y,2026-01-27,Weekly,3.18,4.1
REL-0145,EMP-5144,Sarah Hernandez,Team Lead,Product,San Francisco CA,EMP-5352,Maria Hill,Manager,Product,EMP-5173,Donna Thompson,Matrix,0,2,7,14,4,2.04,1,NONE,2025-09-25,52,Y,2026-01-06,Bi-Weekly,3.21,4.23
REL-0146,EMP-5145,Margaret Lopez,Manager,Engineering,Denver CO,EMP-5293,Amanda Lewis,Senior Manager,Engineering,EMP-5235,Joshua Adams,Dotted-Line,8,3,12,20,15,7.31,3,EMP-5146,2019-12-05,9,N,2026-03-07,Bi-Weekly,6.52,3.44
REL-0147,EMP-5146,Ronald Allen,Individual Contributor,Legal & Compliance,Frisco TX,EMP-5124,Sarah King,C-Suite,Legal & Compliance,NONE,N/A,Direct,0,1,0,56,18,5.1,2,EMP-5383,2018-05-06,40,Y,2026-05-23,Weekly,5.24,9.9
REL-0148,EMP-5147,Ronald Hall,Manager,Finance,Denver CO,EMP-5374,Donna Young,Senior Manager,Finance,EMP-5260,George Jackson,Matrix,6,3,9,39,4,7.63,5,EMP-5384,2024-12-20,68,Y,2026-01-22,Ad Hoc,2.22,8.18
REL-0149,EMP-5148,John Rodriguez,Manager,Product,New York NY,EMP-5289,Thomas Thompson,Director,Product,EMP-5080,Michelle Hall,Matrix,6,3,14,20,3,9.88,0,EMP-5125,2021-10-26,9,N,2026-01-28,Bi-Weekly,8.88,7.02
REL-0150,EMP-5149,Steven Johnson,Manager,Operations,Chicago IL,EMP-5035,Stephanie Moore,SVP,Operations,EMP-5050,Jennifer Jones,Dotted-Line,14,3,8,78,0,8.42,1,NONE,2025-11-24,23,Y,2026-06-15,Ad Hoc,4.61,4.08
REL-0151,EMP-5150,Susan Harris,Director,Engineering,Austin TX,EMP-5310,Kimberly Mitchell,VP,Engineering,EMP-5196,David Thomas,Direct,2,5,3,79,7,3.24,3,EMP-5357,2024-02-08,48,Y,2026-01-23,Bi-Weekly,8.01,8.33
REL-0152,EMP-5151,Brian Flores,Team Lead,Sales,Boston MA,EMP-5345,John Adams,Manager,Sales,EMP-5150,Susan Harris,Matrix,0,2,6,74,1,3.01,5,NONE,2020-05-28,69,Y,2026-02-06,Monthly,8.13,3.19
REL-0153,EMP-5152,Kimberly Walker,Manager,Data Science,Austin TX,EMP-5021,Brian Robinson,VP,Data Science,EMP-5001,Linda Jackson,Dotted-Line,7,3,1,79,15,9.17,3,NONE,2023-11-16,3,Y,2026-03-26,Weekly,6.21,4.63
REL-0154,EMP-5153,John Walker,Individual Contributor,Marketing,Austin TX,EMP-5097,Steven Garcia,Director,Marketing,EMP-5199,Edward Thompson,Direct,0,1,12,10,0,2.81,3,EMP-5386,2024-11-10,65,N,2026-01-15,Monthly,7.37,4.51
REL-0155,EMP-5154,Deborah Torres,Director,People & HR,Boston MA,EMP-5196,David Thomas,C-Suite,People & HR,NONE,N/A,Dotted-Line,10,5,14,7,16,1.82,2,EMP-5313,2020-07-09,51,N,2026-04-20,Monthly,2.65,7.69
REL-0156,EMP-5155,Linda White,Manager,Marketing,New York NY,EMP-5302,Patricia Walker,Senior Manager,Marketing,EMP-5154,Deborah Torres,Matrix,10,3,15,12,17,2.96,4,NONE,2019-07-10,40,Y,2026-06-21,Monthly,3.92,9.34
REL-0157,EMP-5156,James King,Individual Contributor,Legal & Compliance,Chicago IL,EMP-5009,Jennifer Miller,Senior Manager,Legal & Compliance,EMP-5259,Michelle Baker,Matrix,0,1,4,63,3,5.13,3,NONE,2024-04-26,15,N,2026-01-20,Monthly,3.73,7.16
REL-0158,EMP-5157,Linda Walker,Individual Contributor,Operations,Denver CO,EMP-5093,Ronald Davis,Manager,Operations,EMP-5154,Deborah Torres,Dotted-Line,0,1,4,41,4,6.97,3,EMP-5014,2023-08-02,28,Y,2026-05-23,Bi-Weekly,9.14,5.01
REL-0159,EMP-5158,Thomas Clark,Individual Contributor,Sales,Remote,EMP-5229,Linda Rodriguez,Manager,Sales,EMP-5200,Matthew King,Matrix,0,1,2,13,4,1.95,1,NONE,2023-09-10,1,Y,2026-05-02,Bi-Weekly,9.57,8.66
REL-0160,EMP-5159,Linda Nelson,VP,Sales,Boston MA,EMP-5001,Linda Jackson,C-Suite,Sales,NONE,N/A,Dotted-Line,3,6,0,10,17,4.11,4,EMP-5038,2026-02-23,26,Y,2026-06-26,Ad Hoc,2.25,5.28
REL-0161,EMP-5160,Linda Martinez,Individual Contributor,Engineering,Seattle WA,EMP-5214,Karen Brown,Manager,Engineering,EMP-5131,Brian Brown,Dotted-Line,0,1,1,48,12,3.59,4,EMP-5106,2020-06-08,13,N,2026-04-08,Monthly,6.18,5.94
REL-0162,EMP-5161,Maria Lee,Individual Contributor,Sales,Frisco TX,EMP-5237,Thomas Moore,Senior Manager,Sales,EMP-5200,Matthew King,Dotted-Line,0,1,3,23,0,9.12,3,NONE,2023-11-08,16,Y,2026-01-10,Ad Hoc,5.57,6.78
REL-0163,EMP-5162,Mark Thomas,Individual Contributor,Legal & Compliance,Chicago IL,EMP-5272,Jessica Harris,Director,Legal & Compliance,EMP-5239,Jennifer Rodriguez,Direct,0,1,13,44,2,9.2,1,EMP-5215,2020-06-21,6,N,2026-03-13,Weekly,2.32,7.94
REL-0164,EMP-5163,Mark Allen,Individual Contributor,Product,Remote,EMP-5226,Jessica Ramirez,Manager,Product,EMP-5287,Mark Sanchez,Matrix,0,1,10,4,5,8.27,4,EMP-5030,2024-07-06,70,Y,2026-02-05,Monthly,7.62,6.0
REL-0165,EMP-5164,David Mitchell,Individual Contributor,Customer Experience,San Francisco CA,EMP-5043,Nancy Brown,Manager,Customer Experience,EMP-5256,Amanda Hill,Direct,0,1,14,73,8,4.14,0,EMP-5336,2020-03-03,46,Y,2026-04-03,Bi-Weekly,6.63,9.78
REL-0166,EMP-5165,William Scott,Manager,Sales,Atlanta GA,EMP-5159,Linda Nelson,VP,Sales,EMP-5035,Stephanie Moore,Direct,8,3,11,37,8,4.96,3,NONE,2022-01-10,6,Y,2026-05-18,Ad Hoc,3.7,7.26
REL-0167,EMP-5166,Andrew Garcia,Individual Contributor,People & HR,Remote,EMP-5282,Margaret Torres,Senior Manager,People & HR,EMP-5090,Joshua Johnson,Dotted-Line,0,1,8,15,20,8.41,5,NONE,2025-11-20,3,Y,2026-01-28,Monthly,6.94,7.26
REL-0168,EMP-5167,Christopher Hill,Team Lead,Marketing,Austin TX,EMP-5344,James Nguyen,Manager,Marketing,EMP-5398,Karen Perez,Matrix,0,2,4,17,4,9.06,5,EMP-5086,2020-01-28,55,Y,2026-03-01,Monthly,3.84,6.53
REL-0169,EMP-5168,Matthew White,Individual Contributor,Operations,San Francisco CA,EMP-5069,Matthew Perez,Manager,Operations,EMP-5396,Elizabeth Williams,Dotted-Line,0,1,8,47,15,7.48,1,NONE,2021-08-09,53,Y,2026-05-14,Monthly,2.31,6.61
REL-0170,EMP-5169,Michelle Torres,Senior Manager,Customer Experience,Chicago IL,EMP-5024,Joseph Nelson,VP,Customer Experience,EMP-5001,Linda Jackson,Direct,15,4,4,78,14,8.76,4,NONE,2020-05-01,20,Y,2026-05-29,Ad Hoc,10.0,5.15
REL-0171,EMP-5170,Kevin Williams,Senior Manager,Operations,Frisco TX,EMP-5130,Linda Hall,Director,Operations,EMP-5199,Edward Thompson,Matrix,8,4,2,41,4,8.62,0,NONE,2019-11-08,35,Y,2026-03-14,Ad Hoc,2.91,5.8
REL-0172,EMP-5171,Nancy Jones,Director,Operations,Remote,EMP-5035,Stephanie Moore,SVP,Operations,EMP-5124,Sarah King,Matrix,14,5,11,43,9,8.02,2,EMP-5308,2021-02-17,12,Y,2026-01-02,Bi-Weekly,5.43,7.27
REL-0173,EMP-5172,Sarah Williams,Individual Contributor,Legal & Compliance,Austin TX,EMP-5272,Jessica Harris,Director,Legal & Compliance,EMP-5001,Linda Jackson,Direct,0,1,12,77,2,9.35,0,EMP-5032,2025-04-25,15,Y,2026-01-10,Weekly,7.75,5.87
REL-0174,EMP-5173,Donna Thompson,Senior Manager,Engineering,Austin TX,EMP-5310,Kimberly Mitchell,VP,Engineering,EMP-5050,Jennifer Jones,Matrix,13,4,1,44,10,1.79,0,NONE,2021-08-09,24,N,2026-03-29,Ad Hoc,3.14,5.64
REL-0175,EMP-5174,John Harris,Individual Contributor,Marketing,San Francisco CA,EMP-5302,Patricia Walker,Senior Manager,Marketing,EMP-5035,Stephanie Moore,Matrix,0,1,2,79,17,5.55,5,EMP-5353,2019-01-19,55,Y,2026-05-17,Monthly,8.22,7.06
REL-0176,EMP-5175,Edward Young,Team Lead,Data Science,Seattle WA,EMP-5152,Kimberly Walker,Manager,Data Science,EMP-5037,Margaret Taylor,Dotted-Line,0,2,4,26,8,8.7,5,EMP-5106,2018-01-02,58,N,2026-02-04,Ad Hoc,7.34,4.55
REL-0177,EMP-5176,Amanda Scott,Senior Manager,People & HR,Austin TX,EMP-5347,Jennifer Hall,Director,People & HR,EMP-5050,Jennifer Jones,Matrix,11,4,12,35,0,5.45,1,NONE,2021-05-07,30,Y,2026-01-21,Ad Hoc,3.99,8.26
REL-0178,EMP-5177,Matthew Allen,Team Lead,Data Science,Chicago IL,EMP-5021,Brian Robinson,VP,Data Science,EMP-5035,Stephanie Moore,Direct,0,2,1,50,6,5.29,1,EMP-5036,2020-10-18,72,Y,2026-06-09,Weekly,6.67,9.33
REL-0179,EMP-5178,Ashley Lopez,Team Lead,Sales,Remote,EMP-5192,Kevin Green,Manager,Sales,EMP-5208,Charles Robinson,Direct,0,2,8,9,11,4.72,0,NONE,2023-09-22,38,Y,2026-05-01,Bi-Weekly,3.49,6.06
REL-0180,EMP-5179,Betty Rodriguez,Individual Contributor,Legal & Compliance,Boston MA,EMP-5054,Andrew Ramirez,Manager,Legal & Compliance,EMP-5383,Andrew Ramirez,Matrix,0,1,6,73,1,3.68,5,EMP-5136,2020-12-19,43,N,2026-02-09,Bi-Weekly,2.07,6.19
REL-0181,EMP-5180,Emily Lewis,Team Lead,Customer Experience,Atlanta GA,EMP-5132,Susan Nelson,Manager,Customer Experience,EMP-5272,Jessica Harris,Matrix,0,2,5,20,11,3.79,2,EMP-5090,2019-05-27,34,N,2026-03-22,Ad Hoc,4.93,9.24
REL-0182,EMP-5181,Barbara Ramirez,Individual Contributor,Product,Denver CO,EMP-5148,John Rodriguez,Manager,Product,EMP-5373,Deborah Taylor,Dotted-Line,0,1,13,46,15,8.37,0,EMP-5212,2024-06-06,46,Y,2026-04-27,Monthly,2.27,4.78
REL-0183,EMP-5182,Melissa Adams,Team Lead,People & HR,Denver CO,EMP-5312,Robert Green,Manager,People & HR,EMP-5003,Jessica Johnson,Matrix,0,2,5,46,2,5.94,1,EMP-5246,2018-02-03,27,N,2026-01-06,Ad Hoc,9.76,4.43
REL-0184,EMP-5183,Joseph Moore,Team Lead,Sales,San Francisco CA,EMP-5229,Linda Rodriguez,Manager,Sales,EMP-5130,Linda Hall,Matrix,0,2,2,7,2,5.67,1,EMP-5095,2018-05-09,21,Y,2026-03-10,Bi-Weekly,3.89,4.08
REL-0185,EMP-5184,Emily Lee,Individual Contributor,Legal & Compliance,Austin TX,EMP-5367,Susan Jackson,Senior Manager,Legal & Compliance,EMP-5198,Anthony Smith,Matrix,0,1,11,60,19,2.91,0,EMP-5043,2019-03-09,46,Y,2026-06-29,Ad Hoc,6.62,9.36
REL-0186,EMP-5185,Kevin Jackson,Individual Contributor,Customer Experience,Frisco TX,EMP-5024,Joseph Nelson,VP,Customer Experience,EMP-5196,David Thomas,Matrix,0,1,5,67,19,1.04,5,EMP-5371,2021-01-09,50,Y,2026-05-14,Weekly,8.54,4.98
REL-0187,EMP-5186,Susan Ramirez,Manager,Legal & Compliance,Atlanta GA,EMP-5009,Jennifer Miller,Senior Manager,Legal & Compliance,EMP-5383,Andrew Ramirez,Matrix,15,3,14,22,14,9.49,4,NONE,2018-03-12,32,N,2026-03-26,Monthly,9.83,8.12
REL-0188,EMP-5187,Donald Hernandez,Manager,Engineering,San Francisco CA,EMP-5235,Joshua Adams,Director,Engineering,EMP-5001,Linda Jackson,Direct,2,3,3,47,4,5.87,5,EMP-5323,2022-02-12,36,Y,2026-02-25,Ad Hoc,5.92,8.93
REL-0189,EMP-5188,William Johnson,Senior Manager,Operations,Chicago IL,EMP-5034,Jennifer King,Director,Operations,EMP-5368,Ashley Robinson,Dotted-Line,4,4,10,56,11,3.44,3,NONE,2025-08-15,17,Y,2026-06-11,Ad Hoc,9.03,5.28
REL-0190,EMP-5189,Ashley Ramirez,Individual Contributor,Product,Remote,EMP-5352,Maria Hill,Manager,Product,EMP-5021,Brian Robinson,Direct,0,1,1,51,9,3.1,0,EMP-5327,2024-09-26,63,Y,2026-01-25,Monthly,2.08,6.6
REL-0191,EMP-5190,Betty Hill,Manager,People & HR,Boston MA,EMP-5198,Anthony Smith,Director,People & HR,EMP-5024,Joseph Nelson,Matrix,6,3,13,26,1,7.01,2,NONE,2021-06-12,63,N,2026-03-05,Ad Hoc,4.04,6.26
REL-0192,EMP-5191,Margaret Smith,Individual Contributor,Legal & Compliance,Remote,EMP-5186,Susan Ramirez,Manager,Legal & Compliance,EMP-5099,Betty Robinson,Direct,0,1,15,40,13,3.94,2,EMP-5057,2018-12-22,25,Y,2026-05-09,Bi-Weekly,2.34,7.04
REL-0193,EMP-5192,Kevin Green,Manager,Sales,Atlanta GA,EMP-5001,Linda Jackson,C-Suite,Sales,NONE,N/A,Matrix,8,3,12,63,19,6.94,2,EMP-5322,2025-04-22,12,Y,2026-06-27,Bi-Weekly,8.73,4.08
REL-0194,EMP-5193,Charles Roberts,Individual Contributor,Marketing,Atlanta GA,EMP-5209,Charles Martinez,Manager,Marketing,EMP-5300,Thomas Hernandez,Direct,0,1,14,42,3,8.9,2,EMP-5017,2025-08-17,21,Y,2026-04-24,Monthly,8.17,4.61
REL-0195,EMP-5194,Kimberly Green,Individual Contributor,Product,New York NY,EMP-5037,Margaret Taylor,Senior Manager,Product,EMP-5199,Edward Thompson,Matrix,0,1,1,58,19,9.07,1,NONE,2020-10-22,41,Y,2026-06-26,Ad Hoc,2.98,6.6
REL-0196,EMP-5195,Anthony Wilson,Team Lead,Data Science,Atlanta GA,EMP-5152,Kimberly Walker,Manager,Data Science,EMP-5373,Deborah Taylor,Dotted-Line,0,2,1,67,8,2.25,0,NONE,2025-06-11,38,Y,2026-03-15,Monthly,9.32,6.07
REL-0197,EMP-5196,David Thomas,C-Suite,People & HR,Austin TX,NONE,N/A,N/A,N/A,NONE,N/A,Dotted-Line,2,8,13,2,6,1.06,2,NONE,2023-01-14,31,N,2026-04-24,Bi-Weekly,7.0,5.33
REL-0198,EMP-5197,Ashley Hernandez,Team Lead,Data Science,Frisco TX,EMP-5329,Susan Clark,Manager,Data Science,EMP-5113,Joshua Campbell,Dotted-Line,0,2,15,32,1,1.65,2,EMP-5142,2018-11-25,57,Y,2026-01-28,Monthly,9.68,6.01
REL-0199,EMP-5198,Anthony Smith,Director,People & HR,Denver CO,EMP-5196,David Thomas,C-Suite,People & HR,NONE,N/A,Direct,14,5,8,24,2,9.69,1,NONE,2021-01-26,45,N,2026-05-13,Monthly,3.81,8.87
REL-0200,EMP-5199,Edward Thompson,VP,Data Science,Remote,EMP-5196,David Thomas,C-Suite,People & HR,NONE,N/A,Matrix,5,6,14,11,0,3.9,0,NONE,2023-04-04,63,Y,2026-06-09,Weekly,8.55,6.66
REL-0201,EMP-5200,Matthew King,Director,People & HR,Denver CO,EMP-5196,David Thomas,C-Suite,People & HR,NONE,N/A,Dotted-Line,17,5,11,31,13,2.91,0,EMP-5308,2025-08-12,15,Y,2026-03-19,Bi-Weekly,4.98,7.56
REL-0202,EMP-5201,Christopher Campbell,Team Lead,Operations,Austin TX,EMP-5149,Steven Johnson,Manager,Operations,EMP-5302,Patricia Walker,Matrix,0,2,13,16,16,9.53,0,NONE,2020-12-05,35,Y,2026-01-16,Bi-Weekly,5.81,8.23
REL-0203,EMP-5202,Dorothy Carter,Individual Contributor,Sales,New York NY,EMP-5001,Linda Jackson,C-Suite,Sales,NONE,N/A,Dotted-Line,0,1,1,2,2,3.82,4,EMP-5240,2024-10-28,19,N,2026-04-25,Ad Hoc,2.85,6.97
REL-0204,EMP-5203,Anthony Garcia,Individual Contributor,Marketing,Atlanta GA,EMP-5376,Elizabeth Green,Manager,Marketing,EMP-5300,Thomas Hernandez,Dotted-Line,0,1,13,53,1,7.4,1,EMP-5185,2021-06-17,17,N,2026-03-07,Monthly,5.31,8.57
REL-0205,EMP-5204,Steven Baker,VP,Data Science,Remote,EMP-5196,David Thomas,C-Suite,People & HR,NONE,N/A,Direct,16,6,10,61,13,3.46,0,EMP-5170,2018-01-27,38,N,2026-04-14,Ad Hoc,7.16,6.4
REL-0206,EMP-5205,Susan Smith,Individual Contributor,Customer Experience,New York NY,EMP-5373,Deborah Taylor,Senior Manager,Customer Experience,EMP-5239,Jennifer Rodriguez,Direct,0,1,8,71,15,6.96,2,EMP-5028,2019-08-27,61,N,2026-06-21,Bi-Weekly,9.69,9.09
REL-0207,EMP-5206,Sarah Baker,Manager,Sales,Frisco TX,EMP-5003,Jessica Johnson,Senior Manager,Sales,EMP-5217,Sandra Perez,Matrix,17,3,9,61,0,9.52,2,NONE,2024-05-22,66,Y,2026-02-01,Bi-Weekly,8.82,3.24
REL-0208,EMP-5207,Paul Jackson,Individual Contributor,Sales,Boston MA,EMP-5003,Jessica Johnson,Senior Manager,Sales,EMP-5272,Jessica Harris,Matrix,0,1,1,5,6,3.85,4,EMP-5224,2020-11-26,31,Y,2026-05-20,Bi-Weekly,3.91,3.64
REL-0209,EMP-5208,Charles Robinson,Senior Manager,Operations,Denver CO,EMP-5034,Jennifer King,Director,Operations,EMP-5159,Linda Nelson,Matrix,16,4,1,48,13,6.1,3,NONE,2025-12-23,45,Y,2026-06-22,Weekly,2.17,4.63
REL-0210,EMP-5209,Charles Martinez,Manager,Marketing,Chicago IL,EMP-5302,Patricia Walker,Senior Manager,Marketing,EMP-5024,Joseph Nelson,Dotted-Line,8,3,7,68,12,8.49,2,EMP-5325,2022-06-06,18,Y,2026-04-09,Ad Hoc,2.22,3.78
REL-0211,EMP-5210,William Martinez,Individual Contributor,Legal & Compliance,Frisco TX,EMP-5232,Ashley Lewis,Senior Manager,Legal & Compliance,EMP-5272,Jessica Harris,Direct,0,1,7,11,0,3.35,1,NONE,2018-08-29,8,Y,2026-05-18,Ad Hoc,3.76,5.05
REL-0212,EMP-5211,Daniel Sanchez,Team Lead,Sales,Chicago IL,EMP-5013,Joseph Torres,Manager,Sales,EMP-5081,Edward Hernandez,Matrix,0,2,12,70,7,1.15,0,NONE,2019-08-16,19,Y,2026-02-13,Weekly,7.46,9.99
REL-0213,EMP-5212,Melissa Martinez,Manager,Customer Experience,Seattle WA,EMP-5373,Deborah Taylor,Senior Manager,Customer Experience,EMP-5049,Thomas Green,Direct,3,3,11,26,14,3.4,1,EMP-5314,2018-08-13,44,Y,2026-02-21,Monthly,7.47,4.52
REL-0214,EMP-5213,Jennifer Flores,Individual Contributor,Operations,Denver CO,EMP-5035,Stephanie Moore,SVP,Operations,EMP-5001,Linda Jackson,Dotted-Line,0,1,14,56,0,2.95,3,NONE,2021-01-29,55,Y,2026-05-18,Weekly,4.4,8.89
REL-0215,EMP-5214,Karen Brown,Manager,Engineering,San Francisco CA,EMP-5235,Joshua Adams,Director,Engineering,EMP-5035,Stephanie Moore,Direct,12,3,3,73,4,6.64,0,NONE,2023-12-30,70,Y,2026-04-05,Ad Hoc,8.5,4.11
REL-0216,EMP-5215,Richard Thomas,Manager,People & HR,New York NY,EMP-5200,Matthew King,Director,People & HR,EMP-5021,Brian Robinson,Direct,1,3,10,30,0,7.08,1,NONE,2024-07-28,34,Y,2026-05-22,Bi-Weekly,6.03,4.7
REL-0217,EMP-5216,Jennifer Adams,Individual Contributor,Engineering,Seattle WA,EMP-5260,George Jackson,VP,Engineering,EMP-5196,David Thomas,Matrix,0,1,2,22,0,7.28,3,EMP-5275,2020-01-19,1,N,2026-06-22,Monthly,7.5,6.02
REL-0218,EMP-5217,Sandra Perez,Director,Marketing,Chicago IL,EMP-5100,Donna Moore,VP,Marketing,EMP-5196,David Thomas,Direct,18,5,0,0,3,1.55,5,EMP-5252,2021-12-18,60,Y,2026-02-16,Monthly,5.72,5.51
REL-0219,EMP-5218,Maria Lopez,Individual Contributor,Finance,New York NY,EMP-5294,Robert Gonzalez,Manager,Finance,EMP-5259,Michelle Baker,Direct,0,1,15,72,9,1.99,5,EMP-5186,2018-09-06,38,Y,2026-06-14,Monthly,2.67,4.58
REL-0220,EMP-5219,Joseph Green,Manager,Customer Experience,San Francisco CA,EMP-5249,David Allen,Senior Manager,Customer Experience,EMP-5080,Michelle Hall,Matrix,8,3,10,18,14,9.56,2,NONE,2021-05-24,26,N,2026-01-29,Bi-Weekly,4.61,8.67
REL-0221,EMP-5220,Maria Hill,Individual Contributor,People & HR,Chicago IL,EMP-5312,Robert Green,Manager,People & HR,EMP-5032,Kimberly Wright,Dotted-Line,0,1,1,18,18,2.24,3,NONE,2022-06-24,3,Y,2026-01-09,Ad Hoc,9.74,3.01
REL-0222,EMP-5221,Sarah Taylor,Senior Manager,People & HR,Frisco TX,EMP-5398,Karen Perez,Director,People & HR,EMP-5124,Sarah King,Matrix,17,4,0,58,5,6.31,4,NONE,2024-12-20,47,Y,2026-04-19,Bi-Weekly,5.32,6.34
REL-0223,EMP-5222,Amanda Rivera,Individual Contributor,Finance,Atlanta GA,EMP-5338,Linda Rivera,Manager,Finance,EMP-5382,Maria Smith,Direct,0,1,8,5,12,5.86,4,EMP-5183,2023-05-15,39,N,2026-02-08,Monthly,3.68,5.75
REL-0224,EMP-5223,Daniel Adams,Individual Contributor,Data Science,Boston MA,EMP-5261,Joseph Hernandez,Manager,Data Science,EMP-5367,Susan Jackson,Matrix,0,1,7,49,13,5.33,0,NONE,2020-11-23,20,N,2026-03-26,Bi-Weekly,4.77,3.81
REL-0225,EMP-5224,Ronald Torres,Individual Contributor,Data Science,New York NY,EMP-5261,Joseph Hernandez,Manager,Data Science,EMP-5379,John Carter,Direct,0,1,8,10,4,1.01,0,EMP-5279,2021-09-18,10,Y,2026-02-11,Bi-Weekly,8.87,7.66
REL-0226,EMP-5225,James Taylor,Team Lead,Finance,Remote,EMP-5374,Donna Young,Senior Manager,Finance,EMP-5080,Michelle Hall,Matrix,0,2,4,45,14,3.83,4,NONE,2019-04-14,43,N,2026-01-20,Monthly,8.81,9.83
REL-0227,EMP-5226,Jessica Ramirez,Manager,Product,Austin TX,EMP-5114,Sandra Sanchez,VP,Product,EMP-5001,Linda Jackson,Direct,12,3,14,65,15,2.57,0,NONE,2023-12-12,44,Y,2026-04-23,Ad Hoc,6.33,9.56
REL-0228,EMP-5227,Maria Nelson,Individual Contributor,Customer Experience,Denver CO,EMP-5169,Michelle Torres,Senior Manager,Customer Experience,EMP-5235,Joshua Adams,Dotted-Line,0,1,9,59,11,5.74,5,EMP-5012,2019-12-12,26,Y,2026-02-20,Bi-Weekly,4.94,6.0
REL-0229,EMP-5228,Kimberly Johnson,Individual Contributor,Sales,Austin TX,EMP-5192,Kevin Green,Manager,Sales,EMP-5173,Donna Thompson,Dotted-Line,0,1,14,10,1,6.16,4,NONE,2025-09-13,7,Y,2026-02-27,Ad Hoc,4.18,9.49
REL-0230,EMP-5229,Linda Rodriguez,Manager,Sales,Atlanta GA,EMP-5237,Thomas Moore,Senior Manager,Sales,EMP-5001,Linda Jackson,Direct,8,3,7,53,14,6.76,1,NONE,2020-10-04,3,Y,2026-02-25,Monthly,7.28,8.46
REL-0231,EMP-5230,David Hernandez,Individual Contributor,Finance,Boston MA,EMP-5338,Linda Rivera,Manager,Finance,EMP-5395,Jessica Taylor,Direct,0,1,1,11,20,7.46,4,NONE,2023-01-22,32,Y,2026-02-04,Weekly,8.22,6.7
REL-0232,EMP-5231,Sarah Martin,VP,Finance,Seattle WA,EMP-5001,Linda Jackson,C-Suite,Sales,NONE,N/A,Matrix,18,6,1,77,19,6.59,4,EMP-5387,2021-06-27,52,N,2026-02-28,Bi-Weekly,8.27,9.42
REL-0233,EMP-5232,Ashley Lewis,Senior Manager,Legal & Compliance,Austin TX,EMP-5256,Amanda Hill,Director,Legal & Compliance,EMP-5204,Steven Baker,Matrix,1,4,10,55,12,6.24,2,EMP-5230,2025-12-16,40,N,2026-04-19,Monthly,3.08,6.48
REL-0234,EMP-5233,Jennifer Torres,Individual Contributor,People & HR,New York NY,EMP-5190,Betty Hill,Manager,People & HR,EMP-5382,Maria Smith,Matrix,0,1,5,78,9,6.01,5,NONE,2025-06-14,12,Y,2026-06-21,Bi-Weekly,3.18,9.14
REL-0235,EMP-5234,Nancy Adams,Manager,Data Science,Atlanta GA,EMP-5106,Margaret Rodriguez,Senior Manager,Data Science,EMP-5050,Jennifer Jones,Direct,3,3,9,46,4,1.12,4,NONE,2025-03-09,39,N,2026-01-11,Ad Hoc,2.51,8.72
REL-0236,EMP-5235,Joshua Adams,Director,Engineering,New York NY,EMP-5080,Michelle Hall,VP,Engineering,EMP-5124,Sarah King,Matrix,3,5,12,29,9,5.24,0,EMP-5223,2020-02-22,59,Y,2026-01-29,Weekly,3.19,6.93
REL-0237,EMP-5236,Amanda Johnson,Team Lead,People & HR,Boston MA,EMP-5104,Ronald Walker,Senior Manager,People & HR,EMP-5100,Donna Moore,Direct,0,2,5,42,17,1.04,5,NONE,2018-01-04,30,Y,2026-06-16,Ad Hoc,7.22,6.73
REL-0238,EMP-5237,Thomas Moore,Senior Manager,Sales,Remote,EMP-5001,Linda Jackson,C-Suite,Sales,NONE,N/A,Matrix,7,4,2,0,5,7.93,2,NONE,2020-10-21,61,Y,2026-04-18,Bi-Weekly,8.19,6.75
REL-0239,EMP-5238,Joshua Rivera,Individual Contributor,Legal & Compliance,New York NY,EMP-5009,Jennifer Miller,Senior Manager,Legal & Compliance,EMP-5072,Charles Perez,Matrix,0,1,3,30,7,6.9,3,NONE,2018-12-21,54,Y,2026-05-01,Ad Hoc,8.03,9.48
REL-0240,EMP-5239,Jennifer Rodriguez,VP,Data Science,Atlanta GA,EMP-5035,Stephanie Moore,SVP,Operations,EMP-5124,Sarah King,Direct,12,6,11,6,5,6.4,5,EMP-5225,2022-09-18,14,Y,2026-06-04,Ad Hoc,8.63,7.83
REL-0241,EMP-5240,Edward Thomas,Director,Product,Seattle WA,EMP-5114,Sandra Sanchez,VP,Product,EMP-5035,Stephanie Moore,Matrix,13,5,5,54,15,4.31,1,NONE,2025-08-31,47,N,2026-06-12,Weekly,8.13,8.41
REL-0242,EMP-5241,Nancy Wright,Team Lead,Sales,Frisco TX,EMP-5345,John Adams,Manager,Sales,EMP-5287,Mark Sanchez,Dotted-Line,0,2,8,53,6,1.85,3,EMP-5383,2025-03-28,66,N,2026-04-20,Bi-Weekly,7.07,9.03
REL-0243,EMP-5242,Andrew Sanchez,Team Lead,Engineering,Seattle WA,EMP-5187,Donald Hernandez,Manager,Engineering,EMP-5231,Sarah Martin,Matrix,0,2,1,32,16,9.75,5,NONE,2020-01-20,23,Y,2026-04-14,Weekly,8.17,3.35
REL-0244,EMP-5243,James Jones,Team Lead,Legal & Compliance,Chicago IL,EMP-5325,Dorothy Martinez,Manager,Legal & Compliance,EMP-5287,Mark Sanchez,Matrix,0,2,7,2,0,6.67,0,EMP-5029,2022-01-01,44,Y,2026-03-25,Ad Hoc,7.43,9.87
REL-0245,EMP-5244,Betty Flores,Individual Contributor,Legal & Compliance,New York NY,EMP-5232,Ashley Lewis,Senior Manager,Legal & Compliance,EMP-5198,Anthony Smith,Dotted-Line,0,1,13,14,1,9.4,3,EMP-5133,2023-08-27,24,Y,2026-05-18,Bi-Weekly,7.87,8.63
REL-0246,EMP-5245,Christopher Nguyen,Team Lead,Marketing,Remote,EMP-5387,Paul Jackson,Manager,Marketing,EMP-5259,Michelle Baker,Matrix,0,2,3,41,14,3.88,2,NONE,2018-04-17,39,N,2026-04-17,Monthly,4.34,8.3
REL-0247,EMP-5246,John Lewis,Individual Contributor,Legal & Compliance,New York NY,EMP-5054,Andrew Ramirez,Manager,Legal & Compliance,EMP-5235,Joshua Adams,Direct,0,1,2,1,0,1.33,5,EMP-5167,2025-10-13,17,Y,2026-01-05,Weekly,4.03,8.85
REL-0248,EMP-5247,William Lewis,Team Lead,Legal & Compliance,Denver CO,EMP-5375,John Torres,Manager,Legal & Compliance,EMP-5003,Jessica Johnson,Dotted-Line,0,2,1,46,5,2.36,0,NONE,2024-05-14,64,N,2026-05-10,Bi-Weekly,5.82,4.49
REL-0249,EMP-5248,Carol Smith,Individual Contributor,Product,Denver CO,EMP-5395,Jessica Taylor,Senior Manager,Product,EMP-5171,Nancy Jones,Dotted-Line,0,1,5,59,5,8.89,3,EMP-5162,2021-12-05,56,Y,2026-04-10,Bi-Weekly,6.62,9.24
REL-0250,EMP-5249,David Allen,Senior Manager,Customer Experience,Frisco TX,EMP-5024,Joseph Nelson,VP,Customer Experience,EMP-5124,Sarah King,Dotted-Line,14,4,8,27,9,4.97,0,EMP-5344,2022-02-19,39,Y,2026-01-25,Ad Hoc,4.2,6.39
REL-0251,EMP-5250,Sarah Smith,Individual Contributor,Marketing,New York NY,EMP-5042,George Rodriguez,Manager,Marketing,EMP-5171,Nancy Jones,Direct,0,1,6,18,15,9.97,3,NONE,2024-05-14,58,N,2026-05-05,Bi-Weekly,2.55,4.56
REL-0252,EMP-5251,Betty Carter,Individual Contributor,Marketing,Seattle WA,EMP-5302,Patricia Walker,Senior Manager,Marketing,EMP-5260,George Jackson,Matrix,0,1,14,60,18,3.19,1,EMP-5160,2024-09-09,39,N,2026-06-02,Weekly,2.94,8.07
REL-0253,EMP-5252,James Davis,Individual Contributor,Customer Experience,Atlanta GA,EMP-5113,Joshua Campbell,Senior Manager,Customer Experience,EMP-5310,Kimberly Mitchell,Matrix,0,1,7,77,9,7.79,0,NONE,2025-05-16,38,Y,2026-05-22,Weekly,6.46,6.64
REL-0254,EMP-5253,George Thompson,Individual Contributor,People & HR,Austin TX,EMP-5221,Sarah Taylor,Senior Manager,People & HR,EMP-5080,Michelle Hall,Direct,0,1,6,20,7,6.49,1,NONE,2024-11-21,57,Y,2026-02-28,Bi-Weekly,6.15,3.12
REL-0255,EMP-5254,Betty Taylor,Manager,People & HR,Frisco TX,EMP-5347,Jennifer Hall,Director,People & HR,EMP-5368,Ashley Robinson,Direct,6,3,4,29,16,4.23,4,NONE,2023-07-22,60,Y,2026-06-07,Monthly,4.55,5.54
REL-0256,EMP-5255,William Rivera,Individual Contributor,Customer Experience,Seattle WA,EMP-5024,Joseph Nelson,VP,Customer Experience,EMP-5124,Sarah King,Dotted-Line,0,1,14,29,5,8.17,0,EMP-5096,2019-06-18,4,Y,2026-05-07,Bi-Weekly,6.57,4.46
REL-0257,EMP-5256,Amanda Hill,Director,Legal & Compliance,Remote,EMP-5124,Sarah King,C-Suite,Legal & Compliance,NONE,N/A,Direct,10,5,4,4,18,5.18,2,EMP-5279,2020-04-30,24,Y,2026-06-03,Monthly,4.22,4.56
REL-0258,EMP-5257,Edward Green,Individual Contributor,Customer Experience,Boston MA,EMP-5043,Nancy Brown,Manager,Customer Experience,EMP-5001,Linda Jackson,Matrix,0,1,14,65,17,7.66,2,EMP-5374,2022-02-25,65,Y,2026-02-06,Ad Hoc,3.12,5.25
REL-0259,EMP-5258,James Carter,Manager,People & HR,Denver CO,EMP-5198,Anthony Smith,Director,People & HR,EMP-5231,Sarah Martin,Direct,4,3,5,12,15,3.02,1,NONE,2024-01-21,19,Y,2026-01-10,Bi-Weekly,2.88,8.12
REL-0260,EMP-5259,Michelle Baker,Director,Marketing,Remote,EMP-5100,Donna Moore,VP,Marketing,EMP-5050,Jennifer Jones,Direct,12,5,4,57,1,8.58,1,NONE,2022-10-05,47,Y,2026-02-10,Ad Hoc,2.57,3.02
REL-0261,EMP-5260,George Jackson,VP,Engineering,Boston MA,EMP-5050,Jennifer Jones,C-Suite,Engineering,NONE,N/A,Direct,8,6,6,77,17,4.4,5,EMP-5203,2020-03-07,40,Y,2026-01-30,Weekly,7.16,9.29
REL-0262,EMP-5261,Joseph Hernandez,Manager,Data Science,Denver CO,EMP-5279,Amanda Hernandez,Senior Manager,Data Science,EMP-5072,Charles Perez,Matrix,6,3,13,20,18,5.05,2,NONE,2020-12-21,63,Y,2026-03-21,Monthly,3.25,5.83
REL-0263,EMP-5262,George Rodriguez,Individual Contributor,Sales,Boston MA,EMP-5316,Maria Miller,Manager,Sales,EMP-5018,Jennifer Johnson,Direct,0,1,12,13,7,9.38,0,EMP-5037,2025-11-23,40,Y,2026-04-21,Bi-Weekly,5.13,5.14
REL-0264,EMP-5263,Donna Lee,Individual Contributor,Data Science,Seattle WA,EMP-5234,Nancy Adams,Manager,Data Science,EMP-5024,Joseph Nelson,Matrix,0,1,12,62,16,2.8,5,EMP-5197,2023-12-04,3,Y,2026-06-08,Weekly,3.15,4.23
REL-0265,EMP-5264,Edward Nguyen,Team Lead,Sales,Austin TX,EMP-5001,Linda Jackson,C-Suite,Sales,NONE,N/A,Direct,0,2,13,40,17,1.49,3,EMP-5199,2019-01-15,23,N,2026-03-15,Ad Hoc,5.9,6.05
REL-0266,EMP-5265,Deborah Rivera,Individual Contributor,Engineering,Denver CO,EMP-5145,Margaret Lopez,Manager,Engineering,EMP-5368,Ashley Robinson,Matrix,0,1,13,11,11,6.66,2,EMP-5234,2021-03-19,53,Y,2026-04-04,Weekly,7.65,6.28
REL-0267,EMP-5266,Joshua Martin,Individual Contributor,Sales,Frisco TX,EMP-5229,Linda Rodriguez,Manager,Sales,EMP-5090,Joshua Johnson,Direct,0,1,4,43,1,9.88,1,EMP-5005,2022-02-09,49,Y,2026-05-16,Ad Hoc,4.15,6.96
REL-0268,EMP-5267,George Roberts,Individual Contributor,Marketing,Seattle WA,EMP-5155,Linda White,Manager,Marketing,EMP-5072,Charles Perez,Direct,0,1,2,47,7,2.21,2,NONE,2025-02-13,36,Y,2026-05-28,Ad Hoc,3.24,4.7
REL-0269,EMP-5268,Elizabeth Clark,Individual Contributor,People & HR,New York NY,EMP-5176,Amanda Scott,Senior Manager,People & HR,EMP-5150,Susan Harris,Matrix,0,1,5,11,11,4.97,4,EMP-5312,2019-08-05,29,Y,2026-01-13,Ad Hoc,4.27,5.16
REL-0270,EMP-5269,Anthony Carter,Individual Contributor,Finance,Chicago IL,EMP-5331,David Thompson,Manager,Finance,EMP-5356,Donald Ramirez,Matrix,0,1,11,33,12,2.06,2,NONE,2019-04-20,3,Y,2026-06-24,Weekly,6.57,8.57
REL-0271,EMP-5270,Christopher Harris,Team Lead,Operations,Remote,EMP-5208,Charles Robinson,Senior Manager,Operations,EMP-5260,George Jackson,Direct,0,2,8,12,2,4.33,5,EMP-5118,2020-12-27,32,Y,2026-05-10,Ad Hoc,3.94,5.3
REL-0272,EMP-5271,Kimberly Lee,Team Lead,Marketing,Atlanta GA,EMP-5100,Donna Moore,VP,Marketing,EMP-5035,Stephanie Moore,Direct,0,2,6,57,15,1.56,1,NONE,2025-08-08,9,Y,2026-02-15,Monthly,3.63,8.53
REL-0273,EMP-5272,Jessica Harris,Director,Legal & Compliance,Frisco TX,EMP-5124,Sarah King,C-Suite,Legal & Compliance,NONE,N/A,Dotted-Line,14,5,14,35,6,3.95,3,EMP-5370,2018-03-20,31,N,2026-02-23,Ad Hoc,5.9,5.97
REL-0274,EMP-5273,Brian Baker,Team Lead,Finance,Atlanta GA,EMP-5030,Robert Allen,Senior Manager,Finance,EMP-5090,Joshua Johnson,Dotted-Line,0,2,8,27,13,3.92,4,EMP-5109,2022-05-18,11,Y,2026-03-31,Bi-Weekly,4.62,8.74
REL-0275,EMP-5274,Daniel Martin,Team Lead,Marketing,Atlanta GA,EMP-5058,Amanda Wilson,Senior Manager,Marketing,EMP-5305,Christopher Thomas,Dotted-Line,0,2,2,42,6,7.19,0,NONE,2020-09-16,45,Y,2026-03-02,Bi-Weekly,5.8,4.48
REL-0276,EMP-5275,James Smith,Individual Contributor,People & HR,San Francisco CA,EMP-5086,Robert White,Manager,People & HR,EMP-5305,Christopher Thomas,Matrix,0,1,12,12,20,2.73,0,NONE,2025-09-17,65,Y,2026-03-06,Monthly,5.05,3.61
REL-0277,EMP-5276,Jessica Wilson,Team Lead,Engineering,New York NY,EMP-5150,Susan Harris,Director,Engineering,EMP-5124,Sarah King,Direct,0,2,4,79,18,7.38,5,NONE,2018-06-22,58,N,2026-04-23,Weekly,9.21,3.08
REL-0278,EMP-5277,Margaret Brown,Individual Contributor,Product,Denver CO,EMP-5352,Maria Hill,Manager,Product,EMP-5104,Ronald Walker,Matrix,0,1,15,4,12,6.89,3,NONE,2022-07-11,66,Y,2026-04-10,Ad Hoc,8.98,9.36
REL-0279,EMP-5278,Paul Gonzalez,Individual Contributor,Engineering,Boston MA,EMP-5293,Amanda Lewis,Senior Manager,Engineering,EMP-5001,Linda Jackson,Dotted-Line,0,1,9,59,5,2.11,5,EMP-5253,2025-10-09,55,Y,2026-02-09,Bi-Weekly,9.67,4.05
REL-0280,EMP-5279,Amanda Hernandez,Senior Manager,Data Science,Chicago IL,EMP-5239,Jennifer Rodriguez,VP,Data Science,EMP-5001,Linda Jackson,Dotted-Line,16,4,4,7,2,3.58,4,EMP-5018,2025-03-15,9,Y,2026-02-05,Monthly,6.66,5.98
REL-0281,EMP-5280,Anthony Baker,Team Lead,Operations,New York NY,EMP-5072,Charles Perez,Director,Operations,EMP-5050,Jennifer Jones,Direct,0,2,4,8,2,4.45,4,NONE,2022-07-03,63,Y,2026-02-25,Monthly,7.66,3.48
REL-0282,EMP-5281,Michelle Lopez,Team Lead,Customer Experience,Remote,EMP-5326,Sarah Nguyen,Senior Manager,Customer Experience,EMP-5204,Steven Baker,Dotted-Line,0,2,2,33,12,4.95,3,NONE,2024-05-29,7,Y,2026-01-17,Ad Hoc,6.52,6.8
REL-0283,EMP-5282,Margaret Torres,Senior Manager,People & HR,Denver CO,EMP-5196,David Thomas,C-Suite,People & HR,NONE,N/A,Matrix,18,4,13,21,0,3.24,0,EMP-5385,2022-11-25,16,Y,2026-03-06,Ad Hoc,8.79,7.86
REL-0284,EMP-5283,Donna Davis,Individual Contributor,Product,Denver CO,EMP-5114,Sandra Sanchez,VP,Product,EMP-5124,Sarah King,Matrix,0,1,0,35,13,4.66,5,EMP-5233,2023-10-20,40,Y,2026-05-31,Ad Hoc,2.86,4.72
REL-0285,EMP-5284,Edward Rivera,Individual Contributor,Operations,New York NY,EMP-5072,Charles Perez,Director,Operations,EMP-5100,Donna Moore,Matrix,0,1,6,47,2,9.08,3,NONE,2018-10-26,8,Y,2026-01-25,Weekly,2.34,4.14
REL-0286,EMP-5285,Michael Baker,Individual Contributor,Legal & Compliance,New York NY,EMP-5063,Emily King,Manager,Legal & Compliance,EMP-5021,Brian Robinson,Dotted-Line,0,1,11,78,11,9.82,3,EMP-5193,2021-03-11,1,N,2026-04-02,Weekly,9.18,8.28
REL-0287,EMP-5286,Joshua Garcia,Manager,Data Science,San Francisco CA,EMP-5204,Steven Baker,VP,Data Science,EMP-5124,Sarah King,Dotted-Line,5,3,7,48,17,6.77,2,EMP-5328,2022-06-03,70,Y,2026-02-03,Bi-Weekly,2.67,9.97
REL-0288,EMP-5287,Mark Sanchez,Senior Manager,Operations,San Francisco CA,EMP-5035,Stephanie Moore,SVP,Operations,EMP-5124,Sarah King,Direct,11,4,4,64,6,8.01,2,NONE,2019-10-26,30,N,2026-05-09,Weekly,7.99,4.87
REL-0289,EMP-5288,Deborah Scott,Individual Contributor,Engineering,Austin TX,EMP-5293,Amanda Lewis,Senior Manager,Engineering,EMP-5235,Joshua Adams,Matrix,0,1,3,47,4,1.99,5,NONE,2018-08-19,69,N,2026-05-16,Weekly,2.98,6.74
REL-0290,EMP-5289,Thomas Thompson,Director,Product,Seattle WA,EMP-5114,Sandra Sanchez,VP,Product,EMP-5196,David Thomas,Dotted-Line,8,5,5,8,10,2.96,1,NONE,2020-02-26,39,Y,2026-06-10,Ad Hoc,5.67,8.92
REL-0291,EMP-5290,Ashley Brown,Individual Contributor,Finance,Atlanta GA,EMP-5359,Jessica Smith,Manager,Finance,EMP-5049,Thomas Green,Direct,0,1,9,6,0,3.8,4,NONE,2023-06-02,39,Y,2026-06-19,Bi-Weekly,6.65,7.81
REL-0292,EMP-5291,Barbara Ramirez,Individual Contributor,People & HR,Seattle WA,EMP-5347,Jennifer Hall,Director,People & HR,EMP-5124,Sarah King,Direct,0,1,4,66,6,2.97,5,NONE,2022-01-21,1,Y,2026-03-26,Ad Hoc,4.04,4.66
REL-0293,EMP-5292,Susan Hernandez,Individual Contributor,Product,Chicago IL,EMP-5032,Kimberly Wright,Director,Product,EMP-5196,David Thomas,Direct,0,1,1,19,3,4.4,0,NONE,2018-12-03,38,N,2026-02-28,Bi-Weekly,8.03,6.61
REL-0294,EMP-5293,Amanda Lewis,Senior Manager,Engineering,New York NY,EMP-5305,Christopher Thomas,VP,Engineering,EMP-5050,Jennifer Jones,Dotted-Line,7,4,2,73,6,3.86,2,NONE,2019-08-29,18,Y,2026-03-11,Monthly,7.84,3.96
REL-0295,EMP-5294,Robert Gonzalez,Manager,Finance,Austin TX,EMP-5374,Donna Young,Senior Manager,Finance,EMP-5196,David Thomas,Dotted-Line,18,3,6,2,20,9.97,4,EMP-5198,2018-06-25,53,Y,2026-05-31,Bi-Weekly,2.23,7.86
REL-0296,EMP-5295,Ashley Thompson,Manager,Operations,Denver CO,EMP-5072,Charles Perez,Director,Operations,EMP-5024,Joseph Nelson,Matrix,3,3,0,1,9,6.76,5,NONE,2023-10-05,30,Y,2026-03-05,Weekly,8.19,6.45
REL-0297,EMP-5296,Robert Carter,Team Lead,Operations,Denver CO,EMP-5208,Charles Robinson,Senior Manager,Operations,EMP-5240,Edward Thomas,Matrix,0,2,12,74,0,9.6,2,EMP-5178,2020-04-02,44,Y,2026-04-01,Weekly,4.71,3.09
REL-0298,EMP-5297,Charles Rodriguez,Team Lead,Finance,Austin TX,EMP-5368,Ashley Robinson,VP,Finance,EMP-5050,Jennifer Jones,Matrix,0,2,15,51,18,4.07,1,NONE,2019-09-13,29,Y,2026-01-17,Bi-Weekly,4.41,8.29
REL-0299,EMP-5298,Edward Taylor,Manager,Engineering,Atlanta GA,EMP-5260,George Jackson,VP,Engineering,EMP-5124,Sarah King,Direct,4,3,14,49,19,4.88,0,EMP-5293,2023-09-05,72,Y,2026-04-22,Bi-Weekly,3.2,5.31
REL-0300,EMP-5299,Barbara Baker,Individual Contributor,Finance,Boston MA,EMP-5147,Ronald Hall,Manager,Finance,EMP-5049,Thomas Green,Matrix,0,1,12,18,10,5.53,0,EMP-5192,2020-06-24,53,Y,2026-06-08,Ad Hoc,8.78,8.89
REL-0301,EMP-5300,Thomas Hernandez,Senior Manager,Customer Experience,Boston MA,EMP-5024,Joseph Nelson,VP,Customer Experience,EMP-5001,Linda Jackson,Direct,5,4,7,52,20,5.44,5,EMP-5302,2018-12-04,21,Y,2026-01-20,Monthly,4.74,7.71
REL-0302,EMP-5301,Amanda King,Individual Contributor,People & HR,Seattle WA,EMP-5198,Anthony Smith,Director,People & HR,EMP-5114,Sandra Sanchez,Dotted-Line,0,1,8,69,2,4.8,3,NONE,2026-01-30,3,Y,2026-01-09,Bi-Weekly,9.72,9.62
REL-0303,EMP-5302,Patricia Walker,Senior Manager,Marketing,Denver CO,EMP-5100,Donna Moore,VP,Marketing,EMP-5050,Jennifer Jones,Dotted-Line,7,4,13,48,20,6.2,3,EMP-5365,2020-12-06,70,Y,2026-03-07,Weekly,6.92,8.54
REL-0304,EMP-5303,Charles Allen,Individual Contributor,Product,Denver CO,EMP-5240,Edward Thomas,Director,Product,EMP-5100,Donna Moore,Matrix,0,1,14,36,13,3.38,0,EMP-5130,2018-12-07,23,Y,2026-02-26,Monthly,8.36,8.74
REL-0305,EMP-5304,Linda White,Individual Contributor,Marketing,San Francisco CA,EMP-5259,Michelle Baker,Director,Marketing,EMP-5114,Sandra Sanchez,Dotted-Line,0,1,8,28,17,7.08,2,EMP-5274,2025-09-17,11,Y,2026-05-16,Weekly,2.75,3.28
REL-0306,EMP-5305,Christopher Thomas,VP,Engineering,Remote,EMP-5050,Jennifer Jones,C-Suite,Engineering,NONE,N/A,Matrix,17,6,7,69,19,2.68,0,NONE,2026-01-27,2,N,2026-02-28,Weekly,9.02,3.8
REL-0307,EMP-5306,Brian Taylor,Individual Contributor,Data Science,Austin TX,EMP-5261,Joseph Hernandez,Manager,Data Science,EMP-5009,Jennifer Miller,Dotted-Line,0,1,5,59,14,5.96,3,NONE,2021-12-13,9,Y,2026-06-10,Weekly,2.78,7.43
REL-0308,EMP-5307,Linda Scott,Individual Contributor,Customer Experience,Boston MA,EMP-5043,Nancy Brown,Manager,Customer Experience,EMP-5001,Linda Jackson,Matrix,0,1,8,5,0,2.7,4,NONE,2020-05-18,1,Y,2026-05-30,Weekly,9.89,9.26
REL-0309,EMP-5308,Kimberly Jackson,Individual Contributor,Legal & Compliance,Atlanta GA,EMP-5272,Jessica Harris,Director,Legal & Compliance,EMP-5305,Christopher Thomas,Matrix,0,1,7,8,17,1.5,2,NONE,2024-12-17,2,Y,2026-06-13,Ad Hoc,4.87,6.19
REL-0310,EMP-5309,Robert Allen,Individual Contributor,Sales,Denver CO,EMP-5013,Joseph Torres,Manager,Sales,EMP-5310,Kimberly Mitchell,Dotted-Line,0,1,5,79,17,8.55,2,EMP-5123,2024-02-15,39,Y,2026-06-01,Weekly,7.84,3.33
REL-0311,EMP-5310,Kimberly Mitchell,VP,Engineering,New York NY,EMP-5050,Jennifer Jones,C-Suite,Engineering,NONE,N/A,Direct,17,6,2,19,12,7.57,4,EMP-5284,2023-01-19,6,Y,2026-04-29,Ad Hoc,4.17,6.8
REL-0312,EMP-5311,Deborah Jackson,Individual Contributor,Engineering,Denver CO,EMP-5260,George Jackson,VP,Engineering,EMP-5050,Jennifer Jones,Dotted-Line,0,1,8,73,2,6.65,5,EMP-5243,2023-03-01,7,Y,2026-04-09,Bi-Weekly,4.79,5.25
REL-0313,EMP-5312,Robert Green,Manager,People & HR,San Francisco CA,EMP-5200,Matthew King,Director,People & HR,EMP-5199,Edward Thompson,Direct,1,3,13,43,2,9.82,5,EMP-5036,2023-01-10,54,Y,2026-01-23,Bi-Weekly,6.86,4.44
REL-0314,EMP-5313,Steven Hernandez,Individual Contributor,Product,Denver CO,EMP-5386,Maria Young,Manager,Product,EMP-5171,Nancy Jones,Direct,0,1,1,76,1,1.53,1,NONE,2018-11-03,41,Y,2026-01-04,Weekly,3.13,9.45
REL-0315,EMP-5314,Robert Gonzalez,Individual Contributor,Marketing,Frisco TX,EMP-5097,Steven Garcia,Director,Marketing,EMP-5305,Christopher Thomas,Direct,0,1,14,5,0,9.63,0,NONE,2023-04-29,23,Y,2026-04-01,Ad Hoc,7.29,6.79
REL-0316,EMP-5315,Edward Nelson,Individual Contributor,Finance,San Francisco CA,EMP-5294,Robert Gonzalez,Manager,Finance,EMP-5293,Amanda Lewis,Dotted-Line,0,1,6,9,17,1.42,0,NONE,2018-04-10,5,Y,2026-01-25,Monthly,4.95,8.56
REL-0317,EMP-5316,Maria Miller,Manager,Sales,Austin TX,EMP-5001,Linda Jackson,C-Suite,Sales,NONE,N/A,Dotted-Line,16,3,0,42,11,9.54,3,EMP-5279,2025-10-23,47,Y,2026-03-08,Bi-Weekly,7.42,5.01
REL-0318,EMP-5317,Melissa Flores,Individual Contributor,Legal & Compliance,Remote,EMP-5124,Sarah King,C-Suite,Legal & Compliance,NONE,N/A,Dotted-Line,0,1,10,43,20,5.41,3,EMP-5149,2026-01-07,14,N,2026-02-13,Ad Hoc,9.26,8.05
REL-0319,EMP-5318,Mark Jackson,Manager,Product,Boston MA,EMP-5383,Andrew Ramirez,Director,Product,EMP-5305,Christopher Thomas,Dotted-Line,8,3,14,3,16,4.46,0,EMP-5220,2018-08-30,48,Y,2026-02-04,Monthly,7.2,4.41
REL-0320,EMP-5319,Dorothy Gonzalez,Senior Manager,Engineering,Atlanta GA,EMP-5305,Christopher Thomas,VP,Engineering,EMP-5001,Linda Jackson,Matrix,8,4,11,10,6,3.07,5,EMP-5012,2022-05-08,48,N,2026-03-12,Monthly,6.4,5.49
REL-0321,EMP-5320,Amanda Hernandez,Team Lead,Customer Experience,New York NY,EMP-5326,Sarah Nguyen,Senior Manager,Customer Experience,EMP-5001,Linda Jackson,Direct,0,2,12,75,6,5.61,1,EMP-5169,2022-12-04,63,Y,2026-02-08,Bi-Weekly,4.45,8.1
REL-0322,EMP-5321,Karen Wilson,Individual Contributor,Data Science,Seattle WA,EMP-5038,Brian Martin,Manager,Data Science,EMP-5136,Joseph Harris,Matrix,0,1,4,46,3,1.1,2,NONE,2019-04-17,13,Y,2026-06-30,Weekly,5.6,7.13
REL-0323,EMP-5322,Sarah Wright,Manager,Engineering,Remote,EMP-5080,Michelle Hall,VP,Engineering,EMP-5124,Sarah King,Dotted-Line,18,3,13,47,6,1.17,4,NONE,2023-10-21,63,N,2026-03-12,Weekly,2.91,6.74
REL-0324,EMP-5323,Steven Mitchell,Team Lead,Engineering,Seattle WA,EMP-5135,Jennifer Williams,Manager,Engineering,EMP-5024,Joseph Nelson,Matrix,0,2,13,13,6,3.64,4,EMP-5360,2025-12-06,69,Y,2026-06-09,Ad Hoc,7.72,8.53
REL-0325,EMP-5324,Sandra Moore,Individual Contributor,Sales,Frisco TX,EMP-5345,John Adams,Manager,Sales,EMP-5337,George Campbell,Matrix,0,1,6,57,18,1.81,2,NONE,2025-02-16,6,Y,2026-01-25,Ad Hoc,2.33,3.84
REL-0326,EMP-5325,Dorothy Martinez,Manager,Legal & Compliance,San Francisco CA,EMP-5124,Sarah King,C-Suite,Legal & Compliance,NONE,N/A,Dotted-Line,16,3,9,19,3,3.8,0,NONE,2018-06-12,29,Y,2026-01-01,Monthly,8.83,3.73
REL-0327,EMP-5326,Sarah Nguyen,Senior Manager,Customer Experience,Seattle WA,EMP-5136,Joseph Harris,Director,Customer Experience,EMP-5196,David Thomas,Dotted-Line,18,4,13,30,2,1.61,5,NONE,2021-08-08,25,Y,2026-05-02,Bi-Weekly,8.44,6.19
REL-0328,EMP-5327,Margaret Wright,Individual Contributor,Customer Experience,Boston MA,EMP-5113,Joshua Campbell,Senior Manager,Customer Experience,EMP-5136,Joseph Harris,Direct,0,1,4,53,4,1.97,2,EMP-5128,2019-01-05,30,N,2026-06-28,Ad Hoc,7.56,3.03
REL-0329,EMP-5328,Jessica Gonzalez,Individual Contributor,Legal & Compliance,Austin TX,EMP-5256,Amanda Hill,Director,Legal & Compliance,EMP-5239,Jennifer Rodriguez,Dotted-Line,0,1,14,68,20,2.44,0,EMP-5177,2020-01-18,20,Y,2026-02-14,Bi-Weekly,7.23,7.94
REL-0330,EMP-5329,Susan Clark,Manager,Data Science,San Francisco CA,EMP-5239,Jennifer Rodriguez,VP,Data Science,EMP-5050,Jennifer Jones,Direct,6,3,12,15,4,2.84,4,NONE,2020-05-21,49,Y,2026-06-17,Ad Hoc,3.73,3.33
REL-0331,EMP-5330,Kimberly Lewis,Individual Contributor,Legal & Compliance,Boston MA,EMP-5367,Susan Jackson,Senior Manager,Legal & Compliance,EMP-5150,Susan Harris,Matrix,0,1,6,46,10,5.53,2,NONE,2019-09-02,60,N,2026-02-12,Monthly,6.63,6.06
REL-0332,EMP-5331,David Thompson,Manager,Finance,Austin TX,EMP-5368,Ashley Robinson,VP,Finance,EMP-5196,David Thomas,Direct,5,3,4,22,18,5.77,4,NONE,2018-02-26,10,Y,2026-03-12,Ad Hoc,5.05,9.29
REL-0333,EMP-5332,Christopher Lewis,Individual Contributor,Marketing,Denver CO,EMP-5387,Paul Jackson,Manager,Marketing,EMP-5080,Michelle Hall,Matrix,0,1,8,54,7,6.86,0,NONE,2018-06-29,51,N,2026-02-12,Monthly,6.33,3.88
REL-0334,EMP-5333,Edward Roberts,Individual Contributor,Product,Chicago IL,EMP-5046,Patricia Young,Senior Manager,Product,EMP-5080,Michelle Hall,Direct,0,1,10,34,0,1.57,2,EMP-5363,2019-05-28,22,N,2026-03-17,Monthly,3.01,5.67
REL-0335,EMP-5334,Karen Anderson,Individual Contributor,Legal & Compliance,Chicago IL,EMP-5063,Emily King,Manager,Legal & Compliance,EMP-5104,Ronald Walker,Dotted-Line,0,1,2,11,11,5.27,0,NONE,2025-06-29,55,Y,2026-05-22,Monthly,6.93,9.03
REL-0336,EMP-5335,Richard White,Individual Contributor,Finance,Austin TX,EMP-5374,Donna Young,Senior Manager,Finance,EMP-5272,Jessica Harris,Dotted-Line,0,1,15,31,0,4.97,3,NONE,2022-10-08,63,Y,2026-04-04,Monthly,9.85,8.53
REL-0337,EMP-5336,Melissa Miller,Manager,Operations,Austin TX,EMP-5208,Charles Robinson,Senior Manager,Operations,EMP-5259,Michelle Baker,Matrix,9,3,10,47,2,8.64,0,EMP-5140,2024-08-18,39,Y,2026-01-29,Weekly,4.96,4.59
REL-0338,EMP-5337,George Campbell,Director,Operations,Chicago IL,EMP-5035,Stephanie Moore,SVP,Operations,EMP-5124,Sarah King,Matrix,3,5,9,76,6,3.4,4,NONE,2023-11-07,60,N,2026-03-15,Weekly,7.75,9.03
REL-0339,EMP-5338,Linda Rivera,Manager,Finance,Atlanta GA,EMP-5030,Robert Allen,Senior Manager,Finance,EMP-5259,Michelle Baker,Dotted-Line,18,3,4,35,3,3.76,1,EMP-5142,2022-07-22,5,Y,2026-02-17,Weekly,4.23,4.51
REL-0340,EMP-5339,Carol Flores,Team Lead,People & HR,San Francisco CA,EMP-5081,Edward Hernandez,Senior Manager,People & HR,EMP-5090,Joshua Johnson,Matrix,0,2,5,30,6,9.73,0,EMP-5288,2024-07-03,14,Y,2026-06-29,Weekly,6.91,9.35
REL-0341,EMP-5340,Patricia Young,Manager,Legal & Compliance,Seattle WA,EMP-5232,Ashley Lewis,Senior Manager,Legal & Compliance,EMP-5024,Joseph Nelson,Direct,9,3,13,14,10,1.67,2,NONE,2020-03-29,37,N,2026-02-03,Weekly,9.0,3.96
REL-0342,EMP-5341,Richard Carter,Individual Contributor,Marketing,Austin TX,EMP-5302,Patricia Walker,Senior Manager,Marketing,EMP-5090,Joshua Johnson,Dotted-Line,0,1,3,42,9,2.53,1,EMP-5314,2021-03-02,6,N,2026-03-20,Weekly,7.1,6.8
REL-0343,EMP-5342,Stephanie Moore,Individual Contributor,Product,Chicago IL,EMP-5386,Maria Young,Manager,Product,EMP-5385,Christopher Ramirez,Matrix,0,1,14,67,11,4.69,4,NONE,2019-08-02,29,N,2026-04-25,Weekly,7.41,8.78
REL-0344,EMP-5343,Richard Hernandez,Individual Contributor,Customer Experience,Denver CO,EMP-5040,Michelle Flores,Manager,Customer Experience,EMP-5188,William Johnson,Dotted-Line,0,1,0,42,13,4.87,0,NONE,2024-01-29,43,Y,2026-04-02,Bi-Weekly,9.73,4.54
REL-0345,EMP-5344,James Nguyen,Manager,Marketing,Boston MA,EMP-5100,Donna Moore,VP,Marketing,EMP-5001,Linda Jackson,Dotted-Line,7,3,8,44,2,3.53,2,EMP-5100,2020-09-13,44,Y,2026-06-01,Ad Hoc,8.64,7.19
REL-0346,EMP-5345,John Adams,Manager,Sales,Atlanta GA,EMP-5003,Jessica Johnson,Senior Manager,Sales,EMP-5305,Christopher Thomas,Dotted-Line,10,3,1,14,20,3.38,4,NONE,2019-05-08,17,N,2026-05-09,Bi-Weekly,6.94,5.21
REL-0347,EMP-5346,Emily White,Individual Contributor,Marketing,Atlanta GA,EMP-5348,Richard Thomas,Senior Manager,Marketing,EMP-5383,Andrew Ramirez,Dotted-Line,0,1,15,48,4,5.13,3,EMP-5105,2020-09-06,38,N,2026-02-12,Monthly,6.36,5.9
REL-0348,EMP-5347,Jennifer Hall,Director,People & HR,San Francisco CA,EMP-5196,David Thomas,C-Suite,People & HR,NONE,N/A,Matrix,12,5,1,13,8,9.2,4,NONE,2018-12-12,17,N,2026-05-05,Bi-Weekly,3.35,7.68
REL-0349,EMP-5348,Richard Thomas,Senior Manager,Marketing,Boston MA,EMP-5217,Sandra Perez,Director,Marketing,EMP-5199,Edward Thompson,Direct,4,4,14,40,9,5.36,0,NONE,2025-05-29,60,N,2026-04-01,Weekly,5.79,6.66
REL-0350,EMP-5349,Andrew Carter,Individual Contributor,Customer Experience,Boston MA,EMP-5373,Deborah Taylor,Senior Manager,Customer Experience,EMP-5368,Ashley Robinson,Matrix,0,1,10,60,1,1.17,5,NONE,2020-04-22,40,Y,2026-04-11,Monthly,7.1,8.21
REL-0351,EMP-5350,Karen Adams,Team Lead,Product,Remote,EMP-5094,Kimberly Lopez,Director,Product,EMP-5124,Sarah King,Dotted-Line,0,2,9,73,0,8.63,1,EMP-5021,2023-12-18,35,Y,2026-01-06,Weekly,6.8,3.81
REL-0352,EMP-5351,Ashley Walker,Individual Contributor,Marketing,San Francisco CA,EMP-5348,Richard Thomas,Senior Manager,Marketing,EMP-5260,George Jackson,Direct,0,1,10,57,6,9.93,2,NONE,2019-06-25,19,Y,2026-06-26,Weekly,7.69,6.79
REL-0353,EMP-5352,Maria Hill,Manager,Product,Frisco TX,EMP-5114,Sandra Sanchez,VP,Product,EMP-5035,Stephanie Moore,Direct,3,3,6,22,13,9.05,5,EMP-5185,2022-08-07,68,Y,2026-04-26,Bi-Weekly,4.87,6.21
REL-0354,EMP-5353,Amanda Young,Individual Contributor,Marketing,Frisco TX,EMP-5097,Steven Garcia,Director,Marketing,EMP-5001,Linda Jackson,Direct,0,1,14,71,11,5.48,4,EMP-5023,2022-09-28,37,Y,2026-01-21,Weekly,6.17,4.96
REL-0355,EMP-5354,Paul King,Individual Contributor,Sales,Chicago IL,EMP-5018,Jennifer Johnson,Director,Sales,EMP-5114,Sandra Sanchez,Matrix,0,1,7,7,6,2.36,1,EMP-5053,2025-10-28,69,Y,2026-02-14,Ad Hoc,4.34,8.61
REL-0356,EMP-5355,Ashley Clark,Team Lead,Legal & Compliance,Boston MA,EMP-5124,Sarah King,C-Suite,Legal & Compliance,NONE,N/A,Dotted-Line,0,2,5,46,2,3.94,4,EMP-5219,2022-03-05,57,Y,2026-02-27,Monthly,9.8,6.85
REL-0357,EMP-5356,Donald Ramirez,Senior Manager,People & HR,Chicago IL,EMP-5200,Matthew King,Director,People & HR,EMP-5080,Michelle Hall,Direct,11,4,9,23,7,1.88,2,NONE,2025-08-26,43,Y,2026-02-19,Monthly,8.59,8.87
REL-0358,EMP-5357,Emily Wright,Senior Manager,Operations,Chicago IL,EMP-5035,Stephanie Moore,SVP,Operations,EMP-5001,Linda Jackson,Direct,8,4,6,70,1,7.71,4,NONE,2020-05-02,70,Y,2026-01-04,Monthly,2.43,4.37
REL-0359,EMP-5358,Stephanie Williams,Individual Contributor,Operations,Chicago IL,EMP-5130,Linda Hall,Director,Operations,EMP-5035,Stephanie Moore,Matrix,0,1,1,49,20,4.89,1,NONE,2019-12-10,49,N,2026-02-19,Weekly,9.66,3.16
REL-0360,EMP-5359,Jessica Smith,Manager,Finance,Seattle WA,EMP-5374,Donna Young,Senior Manager,Finance,EMP-5204,Steven Baker,Matrix,17,3,3,69,1,8.42,4,EMP-5000,2023-04-09,23,N,2026-03-01,Bi-Weekly,7.41,9.81
REL-0361,EMP-5360,Michelle Hill,Manager,Product,Austin TX,EMP-5090,Joshua Johnson,Director,Product,EMP-5080,Michelle Hall,Direct,8,3,13,11,20,9.87,0,NONE,2020-04-08,14,Y,2026-06-06,Monthly,8.93,4.35
REL-0362,EMP-5361,Jennifer Campbell,Manager,People & HR,Seattle WA,EMP-5154,Deborah Torres,Director,People & HR,EMP-5080,Michelle Hall,Direct,7,3,4,49,13,2.65,5,NONE,2021-05-30,40,N,2026-03-11,Ad Hoc,6.88,7.48
REL-0363,EMP-5362,Jennifer Robinson,Individual Contributor,Operations,Austin TX,EMP-5149,Steven Johnson,Manager,Operations,EMP-5170,Kevin Williams,Direct,0,1,12,72,14,7.43,2,EMP-5200,2022-06-02,34,Y,2026-02-16,Weekly,5.84,3.83
REL-0364,EMP-5363,Michelle Walker,Individual Contributor,Finance,Boston MA,EMP-5294,Robert Gonzalez,Manager,Finance,EMP-5302,Patricia Walker,Direct,0,1,14,73,2,2.96,2,NONE,2023-09-28,57,Y,2026-03-03,Ad Hoc,3.23,9.33
REL-0365,EMP-5364,Ashley Torres,Individual Contributor,People & HR,Remote,EMP-5356,Donald Ramirez,Senior Manager,People & HR,EMP-5130,Linda Hall,Direct,0,1,2,14,4,5.76,0,EMP-5324,2019-10-06,16,Y,2026-05-31,Weekly,5.32,9.62
REL-0366,EMP-5365,Jennifer Wright,Individual Contributor,Customer Experience,New York NY,EMP-5212,Melissa Martinez,Manager,Customer Experience,EMP-5396,Elizabeth Williams,Dotted-Line,0,1,3,66,3,5.71,1,EMP-5132,2020-10-05,9,Y,2026-03-27,Monthly,4.56,9.48
REL-0367,EMP-5366,Melissa Lewis,Individual Contributor,Product,Atlanta GA,EMP-5085,Donald Lewis,Manager,Product,EMP-5239,Jennifer Rodriguez,Direct,0,1,7,62,3,3.57,3,NONE,2020-09-01,32,N,2026-03-01,Ad Hoc,9.59,6.39
REL-0368,EMP-5367,Susan Jackson,Senior Manager,Legal & Compliance,Austin TX,EMP-5124,Sarah King,C-Suite,Legal & Compliance,NONE,N/A,Direct,14,4,8,65,9,9.33,1,EMP-5212,2019-10-22,28,Y,2026-01-14,Monthly,4.07,5.82
REL-0369,EMP-5368,Ashley Robinson,VP,Finance,Frisco TX,EMP-5124,Sarah King,C-Suite,Legal & Compliance,NONE,N/A,Matrix,4,6,6,30,1,8.02,3,EMP-5381,2024-11-08,37,Y,2026-02-13,Ad Hoc,4.88,9.76
REL-0370,EMP-5369,Melissa Carter,Individual Contributor,Finance,Seattle WA,EMP-5294,Robert Gonzalez,Manager,Finance,EMP-5199,Edward Thompson,Direct,0,1,3,4,15,1.16,3,NONE,2021-12-02,71,Y,2026-04-12,Bi-Weekly,5.51,3.51
REL-0371,EMP-5370,Sandra Flores,Individual Contributor,Customer Experience,Remote,EMP-5377,Maria Rodriguez,Manager,Customer Experience,EMP-5357,Emily Wright,Matrix,0,1,8,49,0,7.98,2,NONE,2025-08-01,25,Y,2026-02-08,Ad Hoc,3.8,7.47
REL-0372,EMP-5371,Stephanie Nguyen,Individual Contributor,Marketing,Atlanta GA,EMP-5033,Amanda Ramirez,Senior Manager,Marketing,EMP-5171,Nancy Jones,Direct,0,1,14,71,0,8.22,0,NONE,2022-09-16,65,N,2026-01-10,Bi-Weekly,3.02,9.79
REL-0373,EMP-5372,David Adams,Individual Contributor,Data Science,Remote,EMP-5106,Margaret Rodriguez,Senior Manager,Data Science,EMP-5383,Andrew Ramirez,Matrix,0,1,14,64,6,3.91,1,NONE,2023-09-06,31,Y,2026-05-13,Monthly,7.28,7.03
REL-0374,EMP-5373,Deborah Taylor,Senior Manager,Customer Experience,Austin TX,EMP-5024,Joseph Nelson,VP,Customer Experience,EMP-5035,Stephanie Moore,Matrix,1,4,3,28,1,5.71,2,NONE,2021-10-15,56,Y,2026-03-29,Ad Hoc,9.36,6.36
REL-0375,EMP-5374,Donna Young,Senior Manager,Finance,Chicago IL,EMP-5231,Sarah Martin,VP,Finance,EMP-5001,Linda Jackson,Matrix,8,4,9,65,12,8.09,1,EMP-5067,2021-09-23,4,Y,2026-02-05,Ad Hoc,4.32,5.89
REL-0376,EMP-5375,John Torres,Manager,Legal & Compliance,Boston MA,EMP-5367,Susan Jackson,Senior Manager,Legal & Compliance,EMP-5217,Sandra Perez,Dotted-Line,10,3,11,17,0,3.26,5,NONE,2025-06-11,63,N,2026-01-12,Bi-Weekly,6.66,7.53
REL-0377,EMP-5376,Elizabeth Green,Manager,Marketing,San Francisco CA,EMP-5033,Amanda Ramirez,Senior Manager,Marketing,EMP-5100,Donna Moore,Direct,9,3,12,2,13,6.79,3,NONE,2022-10-09,26,N,2026-05-20,Bi-Weekly,4.1,9.24
REL-0378,EMP-5377,Maria Rodriguez,Manager,Customer Experience,Denver CO,EMP-5052,Donald Wilson,Senior Manager,Customer Experience,EMP-5154,Deborah Torres,Matrix,2,3,10,29,5,9.98,5,EMP-5314,2018-12-22,63,Y,2026-03-14,Bi-Weekly,5.97,7.45
REL-0379,EMP-5378,William Mitchell,Individual Contributor,Sales,Frisco TX,EMP-5206,Sarah Baker,Manager,Sales,EMP-5231,Sarah Martin,Dotted-Line,0,1,8,21,5,8.3,5,NONE,2021-01-17,71,Y,2026-02-05,Ad Hoc,9.31,7.47
REL-0380,EMP-5379,John Carter,Senior Manager,Engineering,Frisco TX,EMP-5050,Jennifer Jones,C-Suite,Engineering,NONE,N/A,Matrix,11,4,10,10,9,7.11,1,EMP-5373,2024-06-22,11,N,2026-06-04,Weekly,5.11,8.77
REL-0381,EMP-5380,Mark Mitchell,Individual Contributor,Data Science,Boston MA,EMP-5204,Steven Baker,VP,Data Science,EMP-5035,Stephanie Moore,Direct,0,1,5,1,13,9.42,5,NONE,2020-09-27,23,Y,2026-06-18,Weekly,6.1,9.57
REL-0382,EMP-5381,Betty Torres,Manager,Product,New York NY,EMP-5090,Joshua Johnson,Director,Product,EMP-5001,Linda Jackson,Direct,2,3,0,71,2,3.49,5,NONE,2026-02-26,53,N,2026-02-15,Bi-Weekly,5.66,6.15
REL-0383,EMP-5382,Maria Smith,Senior Manager,Product,Seattle WA,EMP-5383,Andrew Ramirez,Director,Product,EMP-5159,Linda Nelson,Dotted-Line,1,4,13,51,8,4.34,2,NONE,2023-03-10,28,Y,2026-04-16,Weekly,8.07,9.77
REL-0384,EMP-5383,Andrew Ramirez,Director,Product,Frisco TX,EMP-5114,Sandra Sanchez,VP,Product,EMP-5196,David Thomas,Matrix,4,5,12,22,14,1.28,3,NONE,2024-02-22,56,N,2026-04-03,Ad Hoc,8.39,9.17
REL-0385,EMP-5384,Melissa Rodriguez,Senior Manager,Product,Seattle WA,EMP-5383,Andrew Ramirez,Director,Product,EMP-5035,Stephanie Moore,Direct,16,4,6,66,6,2.14,2,NONE,2024-01-21,29,Y,2026-04-28,Ad Hoc,9.24,8.18
REL-0386,EMP-5385,Christopher Ramirez,Director,Marketing,Chicago IL,EMP-5100,Donna Moore,VP,Marketing,EMP-5001,Linda Jackson,Dotted-Line,12,5,7,70,7,8.02,1,NONE,2023-02-02,64,Y,2026-03-13,Monthly,2.11,4.95
REL-0387,EMP-5386,Maria Young,Manager,Product,New York NY,EMP-5382,Maria Smith,Senior Manager,Product,EMP-5240,Edward Thomas,Dotted-Line,1,3,12,12,10,4.51,2,EMP-5217,2023-09-22,22,Y,2026-06-15,Ad Hoc,7.32,3.68
REL-0388,EMP-5387,Paul Jackson,Manager,Marketing,Chicago IL,EMP-5097,Steven Garcia,Director,Marketing,EMP-5239,Jennifer Rodriguez,Direct,15,3,0,22,18,9.3,4,EMP-5250,2019-02-27,47,Y,2026-04-11,Weekly,9.46,3.54
REL-0389,EMP-5388,Amanda Nguyen,Individual Contributor,Customer Experience,Chicago IL,EMP-5052,Donald Wilson,Senior Manager,Customer Experience,EMP-5034,Jennifer King,Dotted-Line,0,1,9,47,4,5.98,2,NONE,2025-04-11,27,Y,2026-01-11,Bi-Weekly,6.49,5.26
REL-0390,EMP-5389,Robert Young,Individual Contributor,Legal & Compliance,San Francisco CA,EMP-5063,Emily King,Manager,Legal & Compliance,EMP-5368,Ashley Robinson,Matrix,0,1,14,71,9,2.66,3,NONE,2024-08-08,66,Y,2026-06-14,Bi-Weekly,9.62,4.18
REL-0391,EMP-5390,Donald Rivera,Individual Contributor,Engineering,Remote,EMP-5145,Margaret Lopez,Manager,Engineering,EMP-5173,Donna Thompson,Dotted-Line,0,1,14,36,14,6.8,0,NONE,2019-01-08,34,Y,2026-04-09,Ad Hoc,3.53,4.75
REL-0392,EMP-5391,Patricia Lee,Team Lead,Data Science,Boston MA,EMP-5106,Margaret Rodriguez,Senior Manager,Data Science,EMP-5199,Edward Thompson,Direct,0,2,5,55,12,7.24,2,EMP-5248,2023-07-09,25,Y,2026-03-11,Weekly,5.62,4.48
REL-0393,EMP-5392,Barbara Harris,Individual Contributor,Legal & Compliance,New York NY,EMP-5367,Susan Jackson,Senior Manager,Legal & Compliance,EMP-5124,Sarah King,Matrix,0,1,15,74,5,8.89,0,EMP-5135,2025-10-17,15,N,2026-01-30,Ad Hoc,7.66,3.01
REL-0394,EMP-5393,Thomas Clark,Individual Contributor,Sales,Frisco TX,EMP-5159,Linda Nelson,VP,Sales,EMP-5001,Linda Jackson,Matrix,0,1,5,8,11,6.1,1,EMP-5239,2023-09-29,51,Y,2026-02-21,Bi-Weekly,4.92,5.73
REL-0395,EMP-5394,Michelle Jackson,Team Lead,Marketing,Boston MA,EMP-5344,James Nguyen,Manager,Marketing,EMP-5003,Jessica Johnson,Direct,0,2,13,24,3,8.99,1,EMP-5272,2020-06-25,24,N,2026-02-22,Ad Hoc,9.14,5.71
REL-0396,EMP-5395,Jessica Taylor,Senior Manager,Product,Frisco TX,EMP-5114,Sandra Sanchez,VP,Product,EMP-5035,Stephanie Moore,Dotted-Line,4,4,11,37,19,9.46,1,EMP-5220,2020-01-03,24,N,2026-03-11,Ad Hoc,4.5,9.88
REL-0397,EMP-5396,Elizabeth Williams,Senior Manager,Product,Frisco TX,EMP-5240,Edward Thomas,Director,Product,EMP-5100,Donna Moore,Direct,5,4,7,72,16,3.22,3,NONE,2020-03-02,58,Y,2026-03-30,Monthly,4.17,9.44
REL-0398,EMP-5397,James Flores,Individual Contributor,Sales,Austin TX,EMP-5206,Sarah Baker,Manager,Sales,EMP-5052,Donald Wilson,Direct,0,1,10,78,16,8.63,3,NONE,2019-03-07,25,Y,2026-06-03,Weekly,8.17,6.59
REL-0399,EMP-5398,Karen Perez,Director,People & HR,San Francisco CA,EMP-5196,David Thomas,C-Suite,People & HR,NONE,N/A,Matrix,3,5,2,71,11,4.56,1,NONE,2018-02-21,4,Y,2026-03-25,Bi-Weekly,5.54,4.35
REL-0400,EMP-5399,Donna Gonzalez,Individual Contributor,Customer Experience,Frisco TX,EMP-5219,Joseph Green,Manager,Customer Experience,EMP-5204,Steven Baker,Direct,0,1,5,52,4,8.01,1,EMP-5270,2024-03-29,22,Y,2026-01-11,Weekly,5.89,6.98
REL-0401,EMP-7854,Maria Hill,Manager,Product,Frisco TX,EMP-5114,Sandra Sanchez,VP,Product,EMP-5035,Stephanie Moore,Direct,3,3,6,22,13,9.59,5,EMP-5185,2022-08-07,68,Y,2026-04-26,Bi-Weekly,4.84,4.36
REL-0402,EMP-7603,Anthony Carter,Individual Contributor,Finance,Chicago IL,EMP-5331,David Thompson,Manager,Finance,EMP-5356,Donald Ramirez,Matrix,0,1,11,33,12,2.85,2,NONE,2019-04-20,3,Y,2026-06-24,Weekly,5.68,5.78
REL-0403,EMP-6081,Matthew Allen,Team Lead,Data Science,Chicago IL,EMP-5021,Brian Robinson,VP,Data Science,EMP-5035,Stephanie Moore,Direct,0,2,1,50,6,4.52,1,EMP-5036,2020-10-18,72,Y,2026-06-09,Weekly,8.55,3.94
REL-0404,EMP-7980,Joseph Harris,Director,Customer Experience,Seattle WA,EMP-5024,Joseph Nelson,VP,Customer Experience,EMP-5050,Jennifer Jones,Direct,6,5,5,0,4,1.3,3,EMP-5027,2023-09-22,36,Y,2026-03-03,Monthly,4.16,4.38
REL-0405,EMP-6083,Sarah Williams,Individual Contributor,Legal & Compliance,Austin TX,EMP-5272,Jessica Harris,Director,Legal & Compliance,EMP-5001,Linda Jackson,Direct,0,1,12,77,2,6.85,0,EMP-5032,2025-04-25,15,Y,2026-01-10,Weekly,3.23,3.23
REL-0406,EMP-8021,Kimberly Green,Individual Contributor,Product,New York NY,EMP-5037,Margaret Taylor,Senior Manager,Product,EMP-5199,Edward Thompson,Matrix,0,1,1,58,19,8.1,1,NONE,2020-10-22,41,Y,2026-06-26,Ad Hoc,5.6,6.89
REL-0407,EMP-7576,Steven Mitchell,Team Lead,Engineering,Seattle WA,EMP-5135,Jennifer Williams,Manager,Engineering,EMP-5024,Joseph Nelson,Matrix,0,2,13,13,6,7.11,4,EMP-5360,2025-12-06,69,Y,2026-06-09,Ad Hoc,9.98,8.87
REL-0408,EMP-6995,Maria Williams,Individual Contributor,Engineering,Atlanta GA,EMP-5235,Joshua Adams,Director,Engineering,EMP-5100,Donna Moore,Matrix,0,1,0,13,12,5.59,5,NONE,2019-02-25,60,Y,2026-06-18,Monthly,7.63,7.81
REL-0409,EMP-8348,Edward Harris,Individual Contributor,Customer Experience,New York NY,EMP-5087,Joseph Jackson,Manager,Customer Experience,EMP-5136,Joseph Harris,Matrix,0,1,8,53,8,2.93,3,EMP-5247,2022-01-16,46,Y,2026-02-10,Ad Hoc,6.25,3.38
REL-0410,EMP-7271,Jennifer Campbell,Manager,People & HR,Seattle WA,EMP-5154,Deborah Torres,Director,People & HR,EMP-5080,Michelle Hall,Direct,7,3,4,49,13,5.21,5,NONE,2021-05-30,40,N,2026-03-11,Ad Hoc,4.79,3.22
REL-0411,EMP-8905,Joseph Robinson,Individual Contributor,Customer Experience,San Francisco CA,EMP-5377,Maria Rodriguez,Manager,Customer Experience,EMP-5221,Sarah Taylor,Direct,0,1,13,28,8,7.49,4,EMP-5002,2021-02-26,1,Y,2026-04-17,Weekly,7.76,7.5
REL-0412,EMP-7245,Jessica Hill,Manager,Data Science,Boston MA,EMP-5106,Margaret Rodriguez,Senior Manager,Data Science,EMP-5235,Joshua Adams,Dotted-Line,4,3,13,27,8,4.9,1,EMP-5183,2019-06-08,21,Y,2026-02-14,Weekly,3.77,6.78
REL-0413,EMP-7295,Margaret Torres,Senior Manager,People & HR,Denver CO,EMP-5196,David Thomas,C-Suite,People & HR,NONE,N/A,Matrix,18,4,13,21,0,9.26,0,EMP-5385,2022-11-25,16,Y,2026-03-06,Ad Hoc,2.01,9.02
REL-0414,EMP-8529,Linda Thompson,Individual Contributor,Operations,San Francisco CA,EMP-5130,Linda Hall,Director,Operations,EMP-5260,George Jackson,Direct,0,1,14,38,0,8.64,5,NONE,2019-10-04,44,Y,2026-05-16,Weekly,6.21,3.48
REL-0415,EMP-7271,Christopher Harris,Team Lead,Operations,Remote,EMP-5208,Charles Robinson,Senior Manager,Operations,EMP-5260,George Jackson,Direct,0,2,8,12,2,5.6,5,EMP-5118,2020-12-27,32,Y,2026-05-10,Ad Hoc,2.44,6.29
REL-0416,EMP-8626,Maria Hill,Manager,Product,Frisco TX,EMP-5114,Sandra Sanchez,VP,Product,EMP-5035,Stephanie Moore,Direct,3,3,6,22,13,6.79,5,EMP-5185,2022-08-07,68,Y,2026-04-26,Bi-Weekly,9.32,5.04
REL-0417,EMP-7817,Jessica Thompson,Manager,Marketing,Austin TX,EMP-5259,Michelle Baker,Director,Marketing,EMP-5024,Joseph Nelson,Matrix,16,3,4,21,18,1.85,2,NONE,2021-12-15,53,N,2026-02-28,Bi-Weekly,2.32,6.42
REL-0418,EMP-6460,Donald Rivera,Individual Contributor,Engineering,Remote,EMP-5145,Margaret Lopez,Manager,Engineering,EMP-5173,Donna Thompson,Dotted-Line,0,1,14,36,14,8.03,0,NONE,2019-01-08,34,Y,2026-04-09,Ad Hoc,6.74,3.62
REL-0419,EMP-6140,Edward Harris,Individual Contributor,Customer Experience,New York NY,EMP-5087,Joseph Jackson,Manager,Customer Experience,EMP-5136,Joseph Harris,Matrix,0,1,8,53,8,4.63,3,EMP-5247,2022-01-16,46,Y,2026-02-10,Ad Hoc,4.28,6.91
REL-0420,EMP-7466,Michael Ramirez,Individual Contributor,Engineering,New York NY,EMP-5173,Donna Thompson,Senior Manager,Engineering,EMP-5337,George Campbell,Dotted-Line,0,1,8,30,8,3.8,1,EMP-5079,2018-08-23,60,Y,2026-05-28,Bi-Weekly,4.0,8.69
REL-0421,EMP-7854,Mark Rivera,Individual Contributor,Sales,Chicago IL,EMP-5345,John Adams,Manager,Sales,EMP-5347,Jennifer Hall,Dotted-Line,0,1,1,9,12,2.65,4,NONE,2020-10-18,71,Y,2026-06-07,Ad Hoc,7.09,8.66
REL-0422,EMP-8880,Kevin Williams,Individual Contributor,Operations,Frisco TX,EMP-5149,Steven Johnson,Manager,Operations,EMP-5249,David Allen,Matrix,0,1,5,67,12,5.83,5,EMP-5326,2021-06-13,49,N,2026-05-21,Ad Hoc,5.58,6.82
REL-0423,EMP-6549,Brian Baker,Team Lead,Finance,Atlanta GA,EMP-5030,Robert Allen,Senior Manager,Finance,EMP-5090,Joshua Johnson,Dotted-Line,0,2,8,27,13,2.71,4,EMP-5109,2022-05-18,11,Y,2026-03-31,Bi-Weekly,9.61,6.31
REL-0424,EMP-7706,Steven Hernandez,Individual Contributor,Product,Denver CO,EMP-5386,Maria Young,Manager,Product,EMP-5171,Nancy Jones,Direct,0,1,1,76,1,1.79,1,NONE,2018-11-03,41,Y,2026-01-04,Weekly,2.56,5.01
REL-0425,EMP-8276,Karen Anderson,Individual Contributor,Legal & Compliance,Chicago IL,EMP-5063,Emily King,Manager,Legal & Compliance,EMP-5104,Ronald Walker,Dotted-Line,0,1,2,11,11,2.87,0,NONE,2025-06-29,55,Y,2026-05-22,Monthly,2.53,3.52
REL-0426,EMP-8502,James Nguyen,Manager,Marketing,Boston MA,EMP-5100,Donna Moore,VP,Marketing,EMP-5001,Linda Jackson,Dotted-Line,7,3,8,44,2,2.24,2,EMP-5100,2020-09-13,44,Y,2026-06-01,Ad Hoc,6.51,7.31
REL-0427,EMP-7152,Susan Smith,Individual Contributor,Customer Experience,New York NY,EMP-5373,Deborah Taylor,Senior Manager,Customer Experience,EMP-5239,Jennifer Rodriguez,Direct,0,1,8,71,15,5.98,2,EMP-5028,2019-08-27,61,N,2026-06-21,Bi-Weekly,3.52,4.91
REL-0428,EMP-6499,Paul Jackson,Manager,Marketing,Chicago IL,EMP-5097,Steven Garcia,Director,Marketing,EMP-5239,Jennifer Rodriguez,Direct,15,3,0,22,18,3.37,4,EMP-5250,2019-02-27,47,Y,2026-04-11,Weekly,5.58,5.49
REL-0429,EMP-7258,Sarah Hernandez,Team Lead,Product,San Francisco CA,EMP-5352,Maria Hill,Manager,Product,EMP-5173,Donna Thompson,Matrix,0,2,7,14,4,2.45,1,NONE,2025-09-25,52,Y,2026-01-06,Bi-Weekly,8.08,5.64
REL-0430,EMP-6150,Robert White,Manager,People & HR,New York NY,EMP-5221,Sarah Taylor,Senior Manager,People & HR,EMP-5289,Thomas Thompson,Matrix,15,3,15,75,20,4.91,1,NONE,2019-02-13,31,Y,2026-05-24,Monthly,6.94,7.96
REL-0431,EMP-7657,Charles Robinson,Senior Manager,Operations,Denver CO,EMP-5034,Jennifer King,Director,Operations,EMP-5159,Linda Nelson,Matrix,16,4,1,48,13,9.91,3,NONE,2025-12-23,45,Y,2026-06-22,Weekly,8.12,6.7
REL-0432,EMP-7333,William Johnson,Senior Manager,Operations,Chicago IL,EMP-5034,Jennifer King,Director,Operations,EMP-5368,Ashley Robinson,Dotted-Line,4,4,10,56,11,3.29,3,NONE,2025-08-15,17,Y,2026-06-11,Ad Hoc,6.35,7.59
REL-0433,EMP-6286,Christopher Lewis,Individual Contributor,Marketing,Denver CO,EMP-5387,Paul Jackson,Manager,Marketing,EMP-5080,Michelle Hall,Matrix,0,1,8,54,7,4.72,0,NONE,2018-06-29,51,N,2026-02-12,Monthly,5.87,9.65
REL-0434,EMP-7513,Amanda Hernandez,Senior Manager,Data Science,Chicago IL,EMP-5239,Jennifer Rodriguez,VP,Data Science,EMP-5001,Linda Jackson,Dotted-Line,16,4,4,7,2,2.54,4,EMP-5018,2025-03-15,9,Y,2026-02-05,Monthly,6.9,5.26
REL-0435,EMP-7313,Edward Taylor,Manager,Engineering,Atlanta GA,EMP-5260,George Jackson,VP,Engineering,EMP-5124,Sarah King,Direct,4,3,14,49,19,1.3,0,EMP-5293,2023-09-05,72,Y,2026-04-22,Bi-Weekly,2.24,3.96
REL-0436,EMP-8405,Betty Hill,Manager,People & HR,Boston MA,EMP-5198,Anthony Smith,Director,People & HR,EMP-5024,Joseph Nelson,Matrix,6,3,13,26,1,7.77,2,NONE,2021-06-12,63,N,2026-03-05,Ad Hoc,7.9,8.93
REL-0437,EMP-8431,Jennifer Hall,Director,People & HR,San Francisco CA,EMP-5196,David Thomas,C-Suite,People & HR,NONE,N/A,Matrix,12,5,1,13,8,4.92,4,NONE,2018-12-12,17,N,2026-05-05,Bi-Weekly,4.47,4.23
REL-0438,EMP-6516,Donna Gonzalez,Individual Contributor,Customer Experience,Frisco TX,EMP-5219,Joseph Green,Manager,Customer Experience,EMP-5204,Steven Baker,Direct,0,1,5,52,4,8.8,1,EMP-5270,2024-03-29,22,Y,2026-01-11,Weekly,2.9,4.0
REL-0439,EMP-7423,Andrew Ramirez,Manager,Legal & Compliance,Frisco TX,EMP-5131,Brian Brown,Senior Manager,Legal & Compliance,EMP-5001,Linda Jackson,Dotted-Line,10,3,11,10,4,4.29,1,EMP-5129,2022-05-21,31,N,2026-05-22,Monthly,5.98,3.76
REL-0440,EMP-6214,Michelle Torres,Senior Manager,Customer Experience,Chicago IL,EMP-5024,Joseph Nelson,VP,Customer Experience,EMP-5001,Linda Jackson,Direct,15,4,4,78,14,5.81,4,NONE,2020-05-01,20,Y,2026-05-29,Ad Hoc,6.33,8.91
REL-0441,EMP-8412,Maria Rivera,Individual Contributor,Product,Frisco TX,EMP-5032,Kimberly Wright,Director,Product,EMP-5305,Christopher Thomas,Matrix,0,1,5,4,1,7.54,2,NONE,2018-07-05,65,N,2026-02-20,Monthly,5.15,5.65
REL-0442,EMP-6427,Melissa Lewis,Individual Contributor,Product,Atlanta GA,EMP-5085,Donald Lewis,Manager,Product,EMP-5239,Jennifer Rodriguez,Direct,0,1,7,62,3,9.93,3,NONE,2020-09-01,32,N,2026-03-01,Ad Hoc,8.34,7.23
REL-0443,EMP-8364,Edward Mitchell,Manager,Product,Chicago IL,EMP-5384,Melissa Rodriguez,Senior Manager,Product,EMP-5136,Joseph Harris,Dotted-Line,12,3,13,27,4,6.33,4,NONE,2020-06-01,63,Y,2026-06-14,Monthly,9.1,9.06
REL-0444,EMP-7034,Patricia Rodriguez,Individual Contributor,Operations,Austin TX,EMP-5287,Mark Sanchez,Senior Manager,Operations,EMP-5090,Joshua Johnson,Direct,0,1,3,30,12,1.96,4,NONE,2021-02-14,61,Y,2026-06-29,Monthly,4.7,9.37
REL-0445,EMP-6576,Maria Nelson,Individual Contributor,Customer Experience,Denver CO,EMP-5169,Michelle Torres,Senior Manager,Customer Experience,EMP-5235,Joshua Adams,Dotted-Line,0,1,9,59,11,5.92,5,EMP-5012,2019-12-12,26,Y,2026-02-20,Bi-Weekly,8.21,3.24
REL-0446,EMP-7962,Carol Adams,Individual Contributor,Marketing,Remote,EMP-5100,Donna Moore,VP,Marketing,EMP-5196,David Thomas,Direct,0,1,13,1,2,5.02,2,EMP-5134,2024-05-31,31,N,2026-01-29,Bi-Weekly,6.28,6.66
REL-0447,EMP-7367,Jennifer Adams,Individual Contributor,Engineering,Seattle WA,EMP-5260,George Jackson,VP,Engineering,EMP-5196,David Thomas,Matrix,0,1,2,22,0,9.38,3,EMP-5275,2020-01-19,1,N,2026-06-22,Monthly,8.6,3.9
REL-0448,EMP-6863,James Jones,Team Lead,Legal & Compliance,Chicago IL,EMP-5325,Dorothy Martinez,Manager,Legal & Compliance,EMP-5287,Mark Sanchez,Matrix,0,2,7,2,0,1.28,0,EMP-5029,2022-01-01,44,Y,2026-03-25,Ad Hoc,6.88,3.87
REL-0449,EMP-8783,Jessica Flores,Manager,People & HR,Chicago IL,EMP-5398,Karen Perez,Director,People & HR,EMP-5050,Jennifer Jones,Dotted-Line,5,3,10,50,19,3.98,1,EMP-5367,2022-04-04,2,Y,2026-05-27,Bi-Weekly,2.88,7.33
REL-0450,EMP-7385,Paul Garcia,Individual Contributor,Customer Experience,Chicago IL,EMP-5007,Richard Hall,Manager,Customer Experience,EMP-5300,Thomas Hernandez,Matrix,0,1,8,16,12,6.16,0,EMP-5099,2020-09-14,64,Y,2026-01-23,Weekly,3.4,7.03
REL-0451,EMP-6879,Amanda Ramirez,Senior Manager,Marketing,Seattle WA,EMP-5217,Sandra Perez,Director,Marketing,EMP-5001,Linda Jackson,Direct,4,4,9,80,1,4.16,1,EMP-5094,2022-06-12,62,Y,2026-05-03,Ad Hoc,5.29,3.85
REL-0452,EMP-8956,Charles Robinson,Senior Manager,Operations,Denver CO,EMP-5034,Jennifer King,Director,Operations,EMP-5159,Linda Nelson,Matrix,16,4,1,48,13,5.22,3,NONE,2025-12-23,45,Y,2026-06-22,Weekly,9.03,6.68
REL-0453,EMP-8861,Edward Nguyen,Team Lead,Sales,Austin TX,EMP-5001,Linda Jackson,C-Suite,Sales,NONE,N/A,Direct,0,2,13,40,17,2.25,3,EMP-5199,2019-01-15,23,N,2026-03-15,Ad Hoc,2.22,7.64
REL-0454,EMP-7047,Linda Nelson,VP,Sales,Boston MA,EMP-5001,Linda Jackson,C-Suite,Sales,NONE,N/A,Dotted-Line,3,6,0,10,17,9.47,4,EMP-5038,2026-02-23,26,Y,2026-06-26,Ad Hoc,2.85,8.85
REL-0455,EMP-6925,Daniel Martin,Team Lead,Marketing,Atlanta GA,EMP-5058,Amanda Wilson,Senior Manager,Marketing,EMP-5305,Christopher Thomas,Dotted-Line,0,2,2,42,6,4.52,0,NONE,2020-09-16,45,Y,2026-03-02,Bi-Weekly,6.25,5.03
REL-0456,EMP-8592,Mark Allen,Individual Contributor,Product,Remote,EMP-5226,Jessica Ramirez,Manager,Product,EMP-5287,Mark Sanchez,Matrix,0,1,10,4,5,6.54,4,EMP-5030,2024-07-06,70,Y,2026-02-05,Monthly,3.59,3.21
REL-0457,EMP-7630,Betty Taylor,Manager,People & HR,Frisco TX,EMP-5347,Jennifer Hall,Director,People & HR,EMP-5368,Ashley Robinson,Direct,6,3,4,29,16,3.6,4,NONE,2023-07-22,60,Y,2026-06-07,Monthly,3.52,5.14
REL-0458,EMP-8280,Maria Williams,Individual Contributor,Engineering,Atlanta GA,EMP-5235,Joshua Adams,Director,Engineering,EMP-5100,Donna Moore,Matrix,0,1,0,13,12,8.48,5,NONE,2019-02-25,60,Y,2026-06-18,Monthly,7.4,9.01
REL-0459,EMP-7773,Amanda Scott,Senior Manager,People & HR,Austin TX,EMP-5347,Jennifer Hall,Director,People & HR,EMP-5050,Jennifer Jones,Matrix,11,4,12,35,0,9.41,1,NONE,2021-05-07,30,Y,2026-01-21,Ad Hoc,6.69,9.53
REL-0460,EMP-7649,Brian Roberts,Team Lead,Engineering,New York NY,EMP-5319,Dorothy Gonzalez,Senior Manager,Engineering,EMP-5398,Karen Perez,Dotted-Line,0,2,6,53,4,3.89,3,NONE,2024-11-27,30,Y,2026-06-05,Weekly,8.33,5.96
REL-0461,EMP-8601,Emily Lee,Individual Contributor,Legal & Compliance,Austin TX,EMP-5367,Susan Jackson,Senior Manager,Legal & Compliance,EMP-5198,Anthony Smith,Matrix,0,1,11,60,19,3.29,0,EMP-5043,2019-03-09,46,Y,2026-06-29,Ad Hoc,8.77,9.4
REL-0462,EMP-8765,Christopher Nguyen,Team Lead,Marketing,Remote,EMP-5387,Paul Jackson,Manager,Marketing,EMP-5259,Michelle Baker,Matrix,0,2,3,41,14,4.71,2,NONE,2018-04-17,39,N,2026-04-17,Monthly,4.84,7.64
REL-0463,EMP-7105,Patricia Rodriguez,Individual Contributor,Operations,Austin TX,EMP-5287,Mark Sanchez,Senior Manager,Operations,EMP-5090,Joshua Johnson,Direct,0,1,3,30,12,1.38,4,NONE,2021-02-14,61,Y,2026-06-29,Monthly,7.48,6.94
REL-0464,EMP-6574,Linda White,Individual Contributor,Marketing,San Francisco CA,EMP-5259,Michelle Baker,Director,Marketing,EMP-5114,Sandra Sanchez,Dotted-Line,0,1,8,28,17,1.34,2,EMP-5274,2025-09-17,11,Y,2026-05-16,Weekly,2.18,9.83
REL-0465,EMP-7051,Joseph Torres,Manager,Sales,Frisco TX,EMP-5018,Jennifer Johnson,Director,Sales,EMP-5100,Donna Moore,Dotted-Line,1,3,14,76,20,7.09,5,NONE,2024-03-15,15,Y,2026-04-25,Weekly,4.54,6.47
REL-0466,EMP-8823,Paul Jackson,Individual Contributor,Sales,Boston MA,EMP-5003,Jessica Johnson,Senior Manager,Sales,EMP-5272,Jessica Harris,Matrix,0,1,1,5,6,7.62,4,EMP-5224,2020-11-26,31,Y,2026-05-20,Bi-Weekly,8.81,5.42
REL-0467,EMP-7676,Sandra Johnson,Individual Contributor,Data Science,Austin TX,EMP-5199,Edward Thompson,VP,Data Science,EMP-5124,Sarah King,Direct,0,1,6,75,18,1.03,4,NONE,2023-12-06,39,Y,2026-04-02,Monthly,7.13,4.77
REL-0468,EMP-6421,David Mitchell,Individual Contributor,Customer Experience,San Francisco CA,EMP-5043,Nancy Brown,Manager,Customer Experience,EMP-5256,Amanda Hill,Direct,0,1,14,73,8,2.98,0,EMP-5336,2020-03-03,46,Y,2026-04-03,Bi-Weekly,8.16,8.74
REL-0469,EMP-6082,Maria Lee,Individual Contributor,Sales,Frisco TX,EMP-5237,Thomas Moore,Senior Manager,Sales,EMP-5200,Matthew King,Dotted-Line,0,1,3,23,0,4.79,3,NONE,2023-11-08,16,Y,2026-01-10,Ad Hoc,6.56,9.08
REL-0470,EMP-6846,Barbara Ramirez,Individual Contributor,Product,Denver CO,EMP-5148,John Rodriguez,Manager,Product,EMP-5373,Deborah Taylor,Dotted-Line,0,1,13,46,15,3.05,0,EMP-5212,2024-06-06,46,Y,2026-04-27,Monthly,9.46,3.4
REL-0471,EMP-8469,Anthony Smith,Director,People & HR,Denver CO,EMP-5196,David Thomas,C-Suite,People & HR,NONE,N/A,Direct,14,5,8,24,2,9.74,1,NONE,2021-01-26,45,N,2026-05-13,Monthly,8.64,9.06
REL-0472,EMP-8644,Kimberly Walker,Manager,Data Science,Austin TX,EMP-5021,Brian Robinson,VP,Data Science,EMP-5001,Linda Jackson,Dotted-Line,7,3,1,79,15,1.95,3,NONE,2023-11-16,3,Y,2026-03-26,Weekly,3.23,5.97
REL-0473,EMP-7817,Richard Green,Team Lead,Engineering,Boston MA,EMP-5293,Amanda Lewis,Senior Manager,Engineering,EMP-5239,Jennifer Rodriguez,Matrix,0,2,10,35,12,9.65,2,NONE,2022-02-12,49,Y,2026-02-12,Weekly,3.17,6.17
REL-0474,EMP-6194,Melissa Flores,Individual Contributor,Legal & Compliance,Remote,EMP-5124,Sarah King,C-Suite,Legal & Compliance,NONE,N/A,Dotted-Line,0,1,10,43,20,8.68,3,EMP-5149,2026-01-07,14,N,2026-02-13,Ad Hoc,4.94,8.43
REL-0475,EMP-7041,Ashley Ramirez,Individual Contributor,Product,Remote,EMP-5352,Maria Hill,Manager,Product,EMP-5021,Brian Robinson,Direct,0,1,1,51,9,8.21,0,EMP-5327,2024-09-26,63,Y,2026-01-25,Monthly,8.07,7.32
REL-0476,EMP-7494,Paul Gonzalez,Individual Contributor,Engineering,Boston MA,EMP-5293,Amanda Lewis,Senior Manager,Engineering,EMP-5001,Linda Jackson,Dotted-Line,0,1,9,59,5,2.54,5,EMP-5253,2025-10-09,55,Y,2026-02-09,Bi-Weekly,3.43,4.69
REL-0477,EMP-7551,Susan Hernandez,Individual Contributor,Product,Chicago IL,EMP-5032,Kimberly Wright,Director,Product,EMP-5196,David Thomas,Direct,0,1,1,19,3,9.6,0,NONE,2018-12-03,38,N,2026-02-28,Bi-Weekly,7.12,5.31
REL-0478,EMP-7254,James Sanchez,Team Lead,Sales,Austin TX,EMP-5316,Maria Miller,Manager,Sales,EMP-5106,Margaret Rodriguez,Matrix,0,2,12,3,2,3.66,3,EMP-5131,2020-10-20,42,Y,2026-05-01,Bi-Weekly,5.01,6.95
REL-0479,EMP-7524,Patricia Rodriguez,Individual Contributor,Operations,Austin TX,EMP-5287,Mark Sanchez,Senior Manager,Operations,EMP-5090,Joshua Johnson,Direct,0,1,3,30,12,4.93,4,NONE,2021-02-14,61,Y,2026-06-29,Monthly,3.54,9.76
REL-0480,EMP-7761,Donna Moore,VP,Marketing,New York NY,EMP-5001,Linda Jackson,C-Suite,Sales,NONE,N/A,Direct,16,6,5,77,1,8.96,3,NONE,2023-11-03,60,Y,2026-06-27,Ad Hoc,6.51,3.64
REL-0481,EMP-8590,Christopher Lee,Individual Contributor,Sales,Chicago IL,EMP-5229,Linda Rodriguez,Manager,Sales,EMP-5171,Nancy Jones,Matrix,0,1,13,20,10,8.08,2,EMP-5342,2018-12-18,42,Y,2026-02-05,Monthly,8.3,8.82
REL-0482,EMP-7978,Jessica Smith,Manager,Finance,Seattle WA,EMP-5374,Donna Young,Senior Manager,Finance,EMP-5204,Steven Baker,Matrix,17,3,3,69,1,5.32,4,EMP-5000,2023-04-09,23,N,2026-03-01,Bi-Weekly,2.87,9.01
REL-0483,EMP-8293,Stephanie Moore,Individual Contributor,Product,Chicago IL,EMP-5386,Maria Young,Manager,Product,EMP-5385,Christopher Ramirez,Matrix,0,1,14,67,11,9.02,4,NONE,2019-08-02,29,N,2026-04-25,Weekly,5.14,5.34
REL-0484,EMP-7486,Stephanie Nguyen,Individual Contributor,Marketing,Atlanta GA,EMP-5033,Amanda Ramirez,Senior Manager,Marketing,EMP-5171,Nancy Jones,Direct,0,1,14,71,0,5.8,0,NONE,2022-09-16,65,N,2026-01-10,Bi-Weekly,6.96,5.89
REL-0485,EMP-6854,Jessica Ramirez,Manager,Product,Austin TX,EMP-5114,Sandra Sanchez,VP,Product,EMP-5001,Linda Jackson,Direct,12,3,14,65,15,5.56,0,NONE,2023-12-12,44,Y,2026-04-23,Ad Hoc,6.61,9.69
REL-0486,EMP-6328,Joshua Campbell,Senior Manager,Customer Experience,Chicago IL,EMP-5024,Joseph Nelson,VP,Customer Experience,EMP-5050,Jennifer Jones,Dotted-Line,18,4,9,19,9,7.72,3,NONE,2018-07-19,33,Y,2026-02-14,Ad Hoc,5.02,3.4
REL-0487,EMP-6960,Jessica Johnson,Senior Manager,Sales,San Francisco CA,EMP-5018,Jennifer Johnson,Director,Sales,EMP-5159,Linda Nelson,Matrix,13,4,1,14,17,6.91,5,NONE,2022-05-26,38,Y,2026-04-10,Monthly,4.93,3.13
REL-0488,EMP-7813,Margaret Wright,Individual Contributor,Customer Experience,Boston MA,EMP-5113,Joshua Campbell,Senior Manager,Customer Experience,EMP-5136,Joseph Harris,Direct,0,1,4,53,4,3.33,2,EMP-5128,2019-01-05,30,N,2026-06-28,Ad Hoc,3.61,7.71
REL-0489,EMP-8839,Christopher Thomas,VP,Engineering,Remote,EMP-5050,Jennifer Jones,C-Suite,Engineering,NONE,N/A,Matrix,17,6,7,69,19,8.38,0,NONE,2026-01-27,2,N,2026-02-28,Weekly,6.13,5.51
REL-0490,EMP-6424,Maria Young,Manager,Product,New York NY,EMP-5382,Maria Smith,Senior Manager,Product,EMP-5240,Edward Thomas,Dotted-Line,1,3,12,12,10,7.36,2,EMP-5217,2023-09-22,22,Y,2026-06-15,Ad Hoc,6.68,5.89
REL-0491,EMP-7748,Jennifer Miller,Senior Manager,Legal & Compliance,Boston MA,EMP-5256,Amanda Hill,Director,Legal & Compliance,EMP-5035,Stephanie Moore,Direct,1,4,9,41,7,8.2,1,NONE,2018-06-07,23,N,2026-03-25,Monthly,2.44,4.88
REL-0492,EMP-6726,Christopher Hill,Team Lead,Marketing,Austin TX,EMP-5344,James Nguyen,Manager,Marketing,EMP-5398,Karen Perez,Matrix,0,2,4,17,4,1.15,5,EMP-5086,2020-01-28,55,Y,2026-03-01,Monthly,5.24,3.0
REL-0493,EMP-8052,Christopher Lewis,Individual Contributor,Marketing,Denver CO,EMP-5387,Paul Jackson,Manager,Marketing,EMP-5080,Michelle Hall,Matrix,0,1,8,54,7,5.07,0,NONE,2018-06-29,51,N,2026-02-12,Monthly,8.83,8.65
REL-0494,EMP-8731,Christopher Lewis,Individual Contributor,Marketing,Denver CO,EMP-5387,Paul Jackson,Manager,Marketing,EMP-5080,Michelle Hall,Matrix,0,1,8,54,7,1.45,0,NONE,2018-06-29,51,N,2026-02-12,Monthly,2.59,9.25
REL-0495,EMP-7976,Edward Roberts,Individual Contributor,Product,Chicago IL,EMP-5046,Patricia Young,Senior Manager,Product,EMP-5080,Michelle Hall,Direct,0,1,10,34,0,5.41,2,EMP-5363,2019-05-28,22,N,2026-03-17,Monthly,6.06,7.98
REL-0496,EMP-6349,Donald Hernandez,Manager,Engineering,San Francisco CA,EMP-5235,Joshua Adams,Director,Engineering,EMP-5001,Linda Jackson,Direct,2,3,3,47,4,4.58,5,EMP-5323,2022-02-12,36,Y,2026-02-25,Ad Hoc,5.88,4.46
REL-0497,EMP-8445,Jennifer Flores,Individual Contributor,Operations,Denver CO,EMP-5035,Stephanie Moore,SVP,Operations,EMP-5001,Linda Jackson,Dotted-Line,0,1,14,56,0,8.04,3,NONE,2021-01-29,55,Y,2026-05-18,Weekly,7.07,8.84
REL-0498,EMP-7393,Dorothy Carter,Individual Contributor,Sales,New York NY,EMP-5001,Linda Jackson,C-Suite,Sales,NONE,N/A,Dotted-Line,0,1,1,2,2,7.45,4,EMP-5240,2024-10-28,19,N,2026-04-25,Ad Hoc,3.17,6.61
REL-0499,EMP-7896,Donna Young,Senior Manager,Finance,Chicago IL,EMP-5231,Sarah Martin,VP,Finance,EMP-5001,Linda Jackson,Matrix,8,4,9,65,12,8.18,1,EMP-5067,2021-09-23,4,Y,2026-02-05,Ad Hoc,3.63,7.62
REL-0500,EMP-6439,George Roberts,Individual Contributor,Marketing,Seattle WA,EMP-5155,Linda White,Manager,Marketing,EMP-5072,Charles Perez,Direct,0,1,2,47,7,6.59,2,NONE,2025-02-13,36,Y,2026-05-28,Ad Hoc,5.59,5.16
REL-0501,EMP-6429,Susan Smith,Individual Contributor,Customer Experience,New York NY,EMP-5373,Deborah Taylor,Senior Manager,Customer Experience,EMP-5239,Jennifer Rodriguez,Direct,0,1,8,71,15,7.04,2,EMP-5028,2019-08-27,61,N,2026-06-21,Bi-Weekly,6.13,3.65
REL-0502,EMP-8151,Betty Torres,Manager,Product,New York NY,EMP-5090,Joshua Johnson,Director,Product,EMP-5001,Linda Jackson,Direct,2,3,0,71,2,3.63,5,NONE,2026-02-26,53,N,2026-02-15,Bi-Weekly,2.43,6.48
REL-0503,EMP-7059,Brian Sanchez,Senior Manager,Operations,Denver CO,EMP-5130,Linda Hall,Director,Operations,EMP-5368,Ashley Robinson,Dotted-Line,7,4,8,44,8,9.59,5,NONE,2021-03-11,23,Y,2026-06-15,Weekly,3.26,5.24
REL-0504,EMP-6666,Susan Hernandez,Individual Contributor,Product,Chicago IL,EMP-5032,Kimberly Wright,Director,Product,EMP-5196,David Thomas,Direct,0,1,1,19,3,6.52,0,NONE,2018-12-03,38,N,2026-02-28,Bi-Weekly,9.39,5.46
REL-0505,EMP-8913,David Mitchell,Individual Contributor,Customer Experience,San Francisco CA,EMP-5043,Nancy Brown,Manager,Customer Experience,EMP-5256,Amanda Hill,Direct,0,1,14,73,8,8.87,0,EMP-5336,2020-03-03,46,Y,2026-04-03,Bi-Weekly,8.44,8.42
REL-0506,EMP-6773,Linda Rivera,Manager,Finance,Atlanta GA,EMP-5030,Robert Allen,Senior Manager,Finance,EMP-5259,Michelle Baker,Dotted-Line,18,3,4,35,3,2.85,1,EMP-5142,2022-07-22,5,Y,2026-02-17,Weekly,6.68,9.47
REL-0507,EMP-7897,Melissa Miller,Manager,Operations,Austin TX,EMP-5208,Charles Robinson,Senior Manager,Operations,EMP-5259,Michelle Baker,Matrix,9,3,10,47,2,2.51,0,EMP-5140,2024-08-18,39,Y,2026-01-29,Weekly,9.82,7.9
REL-0508,EMP-6426,Anthony Garcia,Individual Contributor,Marketing,Atlanta GA,EMP-5376,Elizabeth Green,Manager,Marketing,EMP-5300,Thomas Hernandez,Dotted-Line,0,1,13,53,1,3.59,1,EMP-5185,2021-06-17,17,N,2026-03-07,Monthly,8.85,5.8
REL-0509,EMP-7969,Nancy Jones,Director,Operations,Remote,EMP-5035,Stephanie Moore,SVP,Operations,EMP-5124,Sarah King,Matrix,14,5,11,43,9,3.6,2,EMP-5308,2021-02-17,12,Y,2026-01-02,Bi-Weekly,8.53,5.86
REL-0510,EMP-8658,Jennifer King,Director,Operations,Remote,EMP-5035,Stephanie Moore,SVP,Operations,EMP-5050,Jennifer Jones,Direct,13,5,13,80,16,6.86,4,EMP-5014,2019-12-15,40,Y,2026-03-02,Ad Hoc,5.93,6.48
REL-0511,EMP-8017,Jessica Harris,Director,Legal & Compliance,Frisco TX,EMP-5124,Sarah King,C-Suite,Legal & Compliance,NONE,N/A,Dotted-Line,14,5,14,35,6,1.89,3,EMP-5370,2018-03-20,31,N,2026-02-23,Ad Hoc,7.89,7.39
REL-0512,EMP-7081,Nancy Lopez,Manager,Engineering,Atlanta GA,EMP-5048,Stephanie Rodriguez,Senior Manager,Engineering,EMP-5310,Kimberly Mitchell,Matrix,11,3,4,50,19,6.96,1,NONE,2025-09-04,64,N,2026-02-28,Weekly,8.65,8.6
REL-0513,EMP-7440,Michelle Thompson,Manager,Legal & Compliance,Atlanta GA,EMP-5272,Jessica Harris,Director,Legal & Compliance,EMP-5368,Ashley Robinson,Matrix,8,3,6,56,20,6.75,2,NONE,2023-10-20,9,Y,2026-06-17,Monthly,7.05,8.72
REL-0514,EMP-6747,Emily Martinez,Manager,Sales,New York NY,EMP-5003,Jessica Johnson,Senior Manager,Sales,EMP-5114,Sandra Sanchez,Matrix,14,3,6,68,8,7.08,4,NONE,2023-01-30,11,Y,2026-05-26,Bi-Weekly,2.64,7.42
REL-0515,EMP-6764,Michael Baker,Individual Contributor,Legal & Compliance,New York NY,EMP-5063,Emily King,Manager,Legal & Compliance,EMP-5021,Brian Robinson,Dotted-Line,0,1,11,78,11,4.76,3,EMP-5193,2021-03-11,1,N,2026-04-02,Weekly,9.37,3.82
REL-0516,EMP-8847,Amanda Flores,Team Lead,Engineering,Austin TX,EMP-5145,Margaret Lopez,Manager,Engineering,EMP-5035,Stephanie Moore,Matrix,0,2,7,63,10,7.52,2,NONE,2022-09-20,43,N,2026-04-16,Ad Hoc,5.04,9.21
REL-0517,EMP-6924,Michelle Baker,Director,Marketing,Remote,EMP-5100,Donna Moore,VP,Marketing,EMP-5050,Jennifer Jones,Direct,12,5,4,57,1,1.58,1,NONE,2022-10-05,47,Y,2026-02-10,Ad Hoc,3.41,7.95
REL-0518,EMP-6665,Dorothy Carter,Individual Contributor,Sales,New York NY,EMP-5001,Linda Jackson,C-Suite,Sales,NONE,N/A,Dotted-Line,0,1,1,2,2,3.38,4,EMP-5240,2024-10-28,19,N,2026-04-25,Ad Hoc,8.59,9.57
REL-0519,EMP-8957,James Davis,Individual Contributor,Customer Experience,Atlanta GA,EMP-5113,Joshua Campbell,Senior Manager,Customer Experience,EMP-5310,Kimberly Mitchell,Matrix,0,1,7,77,9,1.04,0,NONE,2025-05-16,38,Y,2026-05-22,Weekly,5.13,4.72
REL-0520,EMP-8137,Robert Allen,Senior Manager,Finance,New York NY,EMP-5231,Sarah Martin,VP,Finance,EMP-5124,Sarah King,Direct,13,4,9,23,18,9.74,4,NONE,2023-02-13,12,Y,2026-04-23,Bi-Weekly,6.94,8.54
REL-0521,EMP-6114,Melissa Miller,Manager,Operations,Austin TX,EMP-5208,Charles Robinson,Senior Manager,Operations,EMP-5259,Michelle Baker,Matrix,9,3,10,47,2,3.24,0,EMP-5140,2024-08-18,39,Y,2026-01-29,Weekly,8.58,4.47
REL-0522,EMP-7098,Kevin Green,Manager,Sales,Atlanta GA,EMP-5001,Linda Jackson,C-Suite,Sales,NONE,N/A,Matrix,8,3,12,63,19,7.65,2,EMP-5322,2025-04-22,12,Y,2026-06-27,Bi-Weekly,6.34,7.37
REL-0523,EMP-7920,Sarah Baker,Manager,Sales,Frisco TX,EMP-5003,Jessica Johnson,Senior Manager,Sales,EMP-5217,Sandra Perez,Matrix,17,3,9,61,0,4.9,2,NONE,2024-05-22,66,Y,2026-02-01,Bi-Weekly,4.56,9.86
REL-0524,EMP-8862,Sarah Hernandez,Team Lead,Product,San Francisco CA,EMP-5352,Maria Hill,Manager,Product,EMP-5173,Donna Thompson,Matrix,0,2,7,14,4,7.15,1,NONE,2025-09-25,52,Y,2026-01-06,Bi-Weekly,9.17,8.37
REL-0525,EMP-7949,George Rodriguez,Individual Contributor,Sales,Boston MA,EMP-5316,Maria Miller,Manager,Sales,EMP-5018,Jennifer Johnson,Direct,0,1,12,13,7,8.67,0,EMP-5037,2025-11-23,40,Y,2026-04-21,Bi-Weekly,7.22,3.17
REL-0526,EMP-6477,Nancy Walker,Individual Contributor,Operations,Remote,EMP-5287,Mark Sanchez,Senior Manager,Operations,EMP-5240,Edward Thomas,Matrix,0,1,11,32,9,5.97,0,NONE,2020-01-07,28,Y,2026-02-16,Ad Hoc,4.35,5.7
REL-0527,EMP-8492,Barbara Ramirez,Individual Contributor,Product,Denver CO,EMP-5148,John Rodriguez,Manager,Product,EMP-5373,Deborah Taylor,Dotted-Line,0,1,13,46,15,4.86,0,EMP-5212,2024-06-06,46,Y,2026-04-27,Monthly,3.85,4.31
REL-0528,EMP-6975,Sandra Davis,Individual Contributor,Data Science,Atlanta GA,EMP-5329,Susan Clark,Manager,Data Science,EMP-5367,Susan Jackson,Dotted-Line,0,1,9,63,14,6.9,1,NONE,2018-08-18,58,Y,2026-02-20,Ad Hoc,5.27,8.02
REL-0529,EMP-7678,George Rodriguez,Manager,Marketing,San Francisco CA,EMP-5033,Amanda Ramirez,Senior Manager,Marketing,EMP-5383,Andrew Ramirez,Direct,6,3,14,8,4,9.16,3,EMP-5285,2021-01-06,48,Y,2026-04-09,Ad Hoc,8.09,8.53
REL-0530,EMP-6037,Amanda Wilson,Senior Manager,Marketing,Remote,EMP-5385,Christopher Ramirez,Director,Marketing,EMP-5305,Christopher Thomas,Dotted-Line,17,4,12,1,16,7.23,4,EMP-5175,2025-02-13,71,Y,2026-02-24,Monthly,8.08,6.89
REL-0531,EMP-6516,Margaret Lopez,Manager,Engineering,Denver CO,EMP-5293,Amanda Lewis,Senior Manager,Engineering,EMP-5235,Joshua Adams,Dotted-Line,8,3,12,20,15,7.34,3,EMP-5146,2019-12-05,9,N,2026-03-07,Bi-Weekly,4.54,3.7
REL-0532,EMP-7503,Paul Jones,Manager,Data Science,Chicago IL,EMP-5106,Margaret Rodriguez,Senior Manager,Data Science,EMP-5239,Jennifer Rodriguez,Direct,13,3,4,9,12,6.07,5,NONE,2020-07-03,63,Y,2026-01-02,Bi-Weekly,7.25,8.73
REL-0533,EMP-6367,Susan Hernandez,Individual Contributor,Product,Chicago IL,EMP-5032,Kimberly Wright,Director,Product,EMP-5196,David Thomas,Direct,0,1,1,19,3,3.23,0,NONE,2018-12-03,38,N,2026-02-28,Bi-Weekly,4.37,7.76
REL-0534,EMP-7964,Stephanie Harris,Individual Contributor,Engineering,Austin TX,EMP-5298,Edward Taylor,Manager,Engineering,EMP-5379,John Carter,Direct,0,1,1,77,0,1.54,0,EMP-5012,2022-06-25,31,Y,2026-06-19,Weekly,8.18,8.7
REL-0535,EMP-8533,Michelle Thompson,Manager,Legal & Compliance,Atlanta GA,EMP-5272,Jessica Harris,Director,Legal & Compliance,EMP-5368,Ashley Robinson,Matrix,8,3,6,56,20,7.15,2,NONE,2023-10-20,9,Y,2026-06-17,Monthly,7.27,6.3
REL-0536,EMP-8579,Sarah Taylor,Senior Manager,People & HR,Frisco TX,EMP-5398,Karen Perez,Director,People & HR,EMP-5124,Sarah King,Matrix,17,4,0,58,5,8.58,4,NONE,2024-12-20,47,Y,2026-04-19,Bi-Weekly,3.4,3.41
REL-0537,EMP-7204,Ashley Brown,Individual Contributor,Finance,Atlanta GA,EMP-5359,Jessica Smith,Manager,Finance,EMP-5049,Thomas Green,Direct,0,1,9,6,0,8.65,4,NONE,2023-06-02,39,Y,2026-06-19,Bi-Weekly,3.33,3.16
REL-0538,EMP-8849,Jessica Harris,Director,Legal & Compliance,Frisco TX,EMP-5124,Sarah King,C-Suite,Legal & Compliance,NONE,N/A,Dotted-Line,14,5,14,35,6,6.31,3,EMP-5370,2018-03-20,31,N,2026-02-23,Ad Hoc,6.63,4.64
REL-0539,EMP-7946,Kevin Jackson,Individual Contributor,Customer Experience,Frisco TX,EMP-5024,Joseph Nelson,VP,Customer Experience,EMP-5196,David Thomas,Matrix,0,1,5,67,19,9.25,5,EMP-5371,2021-01-09,50,Y,2026-05-14,Weekly,7.57,3.79
REL-0540,EMP-6541,Steven Hernandez,Individual Contributor,Product,Denver CO,EMP-5386,Maria Young,Manager,Product,EMP-5171,Nancy Jones,Direct,0,1,1,76,1,2.83,1,NONE,2018-11-03,41,Y,2026-01-04,Weekly,5.83,7.46
REL-0541,EMP-6630,Edward Young,Team Lead,Data Science,Seattle WA,EMP-5152,Kimberly Walker,Manager,Data Science,EMP-5037,Margaret Taylor,Dotted-Line,0,2,4,26,8,6.29,5,EMP-5106,2018-01-02,58,N,2026-02-04,Ad Hoc,8.58,4.21
REL-0542,EMP-6220,Susan Smith,Individual Contributor,Customer Experience,New York NY,EMP-5373,Deborah Taylor,Senior Manager,Customer Experience,EMP-5239,Jennifer Rodriguez,Direct,0,1,8,71,15,5.06,2,EMP-5028,2019-08-27,61,N,2026-06-21,Bi-Weekly,2.36,5.19
REL-0543,EMP-6454,Steven Torres,Manager,Sales,Austin TX,EMP-5237,Thomas Moore,Senior Manager,Sales,EMP-5072,Charles Perez,Direct,3,3,4,68,5,3.44,5,NONE,2019-06-08,42,N,2026-04-06,Ad Hoc,3.46,4.48
REL-0544,EMP-7188,James Flores,Individual Contributor,Sales,Austin TX,EMP-5206,Sarah Baker,Manager,Sales,EMP-5052,Donald Wilson,Direct,0,1,10,78,16,2.59,3,NONE,2019-03-07,25,Y,2026-06-03,Weekly,9.66,3.65
REL-0545,EMP-6473,Christopher Harris,Team Lead,Operations,Remote,EMP-5208,Charles Robinson,Senior Manager,Operations,EMP-5260,George Jackson,Direct,0,2,8,12,2,7.33,5,EMP-5118,2020-12-27,32,Y,2026-05-10,Ad Hoc,3.58,7.94
REL-0546,EMP-7031,David Adams,Individual Contributor,Data Science,Remote,EMP-5106,Margaret Rodriguez,Senior Manager,Data Science,EMP-5383,Andrew Ramirez,Matrix,0,1,14,64,6,2.67,1,NONE,2023-09-06,31,Y,2026-05-13,Monthly,8.66,3.24
REL-0547,EMP-6673,George Campbell,Director,Operations,Chicago IL,EMP-5035,Stephanie Moore,SVP,Operations,EMP-5124,Sarah King,Matrix,3,5,9,76,6,1.66,4,NONE,2023-11-07,60,N,2026-03-15,Weekly,2.78,4.36
REL-0548,EMP-6837,Maria Lee,Individual Contributor,Sales,Frisco TX,EMP-5237,Thomas Moore,Senior Manager,Sales,EMP-5200,Matthew King,Dotted-Line,0,1,3,23,0,4.5,3,NONE,2023-11-08,16,Y,2026-01-10,Ad Hoc,9.11,9.52
REL-0549,EMP-8541,Edward Nelson,Individual Contributor,Finance,San Francisco CA,EMP-5294,Robert Gonzalez,Manager,Finance,EMP-5293,Amanda Lewis,Dotted-Line,0,1,6,9,17,3.61,0,NONE,2018-04-10,5,Y,2026-01-25,Monthly,5.05,3.96
REL-0550,EMP-6242,Ronald Torres,Individual Contributor,Data Science,New York NY,EMP-5261,Joseph Hernandez,Manager,Data Science,EMP-5379,John Carter,Direct,0,1,8,10,4,2.07,0,EMP-5279,2021-09-18,10,Y,2026-02-11,Bi-Weekly,9.22,8.64
REL-0551,EMP-7923,Deborah Torres,Director,People & HR,Boston MA,EMP-5196,David Thomas,C-Suite,People & HR,NONE,N/A,Dotted-Line,10,5,14,7,16,6.71,2,EMP-5313,2020-07-09,51,N,2026-04-20,Monthly,8.33,5.14
REL-0552,EMP-6172,Paul Gonzalez,Individual Contributor,Engineering,Boston MA,EMP-5293,Amanda Lewis,Senior Manager,Engineering,EMP-5001,Linda Jackson,Dotted-Line,0,1,9,59,5,5.54,5,EMP-5253,2025-10-09,55,Y,2026-02-09,Bi-Weekly,6.62,4.72
REL-0553,EMP-6925,Thomas Lee,Individual Contributor,Finance,Chicago IL,EMP-5147,Ronald Hall,Manager,Finance,EMP-5018,Jennifer Johnson,Matrix,0,1,13,21,6,9.51,3,NONE,2022-11-13,1,Y,2026-06-08,Monthly,2.2,9.9
REL-0554,EMP-7322,Maria Smith,Senior Manager,Product,Seattle WA,EMP-5383,Andrew Ramirez,Director,Product,EMP-5159,Linda Nelson,Dotted-Line,1,4,13,51,8,6.49,2,NONE,2023-03-10,28,Y,2026-04-16,Weekly,4.59,4.88
REL-0555,EMP-7806,Melissa Lewis,Individual Contributor,Product,Atlanta GA,EMP-5085,Donald Lewis,Manager,Product,EMP-5239,Jennifer Rodriguez,Direct,0,1,7,62,3,5.11,3,NONE,2020-09-01,32,N,2026-03-01,Ad Hoc,2.93,4.38
REL-0556,EMP-6474,Donald Rivera,Individual Contributor,Engineering,Remote,EMP-5145,Margaret Lopez,Manager,Engineering,EMP-5173,Donna Thompson,Dotted-Line,0,1,14,36,14,2.94,0,NONE,2019-01-08,34,Y,2026-04-09,Ad Hoc,2.16,9.63
REL-0557,EMP-8705,James Flores,Individual Contributor,Sales,Austin TX,EMP-5206,Sarah Baker,Manager,Sales,EMP-5052,Donald Wilson,Direct,0,1,10,78,16,9.35,3,NONE,2019-03-07,25,Y,2026-06-03,Weekly,9.6,8.59
REL-0558,EMP-7144,Susan Clark,Manager,Data Science,San Francisco CA,EMP-5239,Jennifer Rodriguez,VP,Data Science,EMP-5050,Jennifer Jones,Direct,6,3,12,15,4,9.67,4,NONE,2020-05-21,49,Y,2026-06-17,Ad Hoc,5.85,9.5
REL-0559,EMP-6525,Kevin Ramirez,Manager,Finance,Chicago IL,EMP-5368,Ashley Robinson,VP,Finance,EMP-5001,Linda Jackson,Dotted-Line,6,3,8,65,3,6.68,3,EMP-5344,2023-09-23,22,Y,2026-04-20,Weekly,2.38,4.21
REL-0560,EMP-7138,Kimberly Harris,Individual Contributor,People & HR,Frisco TX,EMP-5198,Anthony Smith,Director,People & HR,EMP-5368,Ashley Robinson,Direct,0,1,1,62,15,9.24,3,NONE,2023-10-23,50,Y,2026-04-23,Ad Hoc,4.23,9.31
REL-0561,EMP-7028,Deborah Martinez,Team Lead,People & HR,Seattle WA,EMP-5312,Robert Green,Manager,People & HR,EMP-5256,Amanda Hill,Direct,0,2,14,35,12,3.91,2,NONE,2023-02-08,28,Y,2026-05-23,Bi-Weekly,6.96,8.82
REL-0562,EMP-8882,Edward Rivera,Individual Contributor,Operations,New York NY,EMP-5072,Charles Perez,Director,Operations,EMP-5100,Donna Moore,Matrix,0,1,6,47,2,7.09,3,NONE,2018-10-26,8,Y,2026-01-25,Weekly,8.39,5.92
REL-0563,EMP-7698,James Taylor,Team Lead,Finance,Remote,EMP-5374,Donna Young,Senior Manager,Finance,EMP-5080,Michelle Hall,Matrix,0,2,4,45,14,9.78,4,NONE,2019-04-14,43,N,2026-01-20,Monthly,3.13,7.82
REL-0564,EMP-6217,Linda White,Individual Contributor,Marketing,San Francisco CA,EMP-5259,Michelle Baker,Director,Marketing,EMP-5114,Sandra Sanchez,Dotted-Line,0,1,8,28,17,9.07,2,EMP-5274,2025-09-17,11,Y,2026-05-16,Weekly,8.8,5.22
REL-0565,EMP-7357,Jennifer Robinson,Individual Contributor,Operations,Austin TX,EMP-5149,Steven Johnson,Manager,Operations,EMP-5170,Kevin Williams,Direct,0,1,12,72,14,2.72,2,EMP-5200,2022-06-02,34,Y,2026-02-16,Weekly,9.61,5.83
REL-0566,EMP-7568,Michael Gonzalez,Team Lead,Customer Experience,Remote,EMP-5087,Joseph Jackson,Manager,Customer Experience,EMP-5090,Joshua Johnson,Matrix,0,2,9,24,6,6.86,5,EMP-5304,2018-07-02,51,Y,2026-05-15,Monthly,3.46,8.24
REL-0567,EMP-7499,Carol Adams,Individual Contributor,Marketing,Remote,EMP-5100,Donna Moore,VP,Marketing,EMP-5196,David Thomas,Direct,0,1,13,1,2,3.07,2,EMP-5134,2024-05-31,31,N,2026-01-29,Bi-Weekly,5.89,4.43
REL-0568,EMP-7771,Robert Carter,Team Lead,Operations,Denver CO,EMP-5208,Charles Robinson,Senior Manager,Operations,EMP-5240,Edward Thomas,Matrix,0,2,12,74,0,2.09,2,EMP-5178,2020-04-02,44,Y,2026-04-01,Weekly,3.07,5.29
REL-0569,EMP-8748,Ashley Robinson,VP,Finance,Frisco TX,EMP-5124,Sarah King,C-Suite,Legal & Compliance,NONE,N/A,Matrix,4,6,6,30,1,1.41,3,EMP-5381,2024-11-08,37,Y,2026-02-13,Ad Hoc,4.72,6.09
REL-0570,EMP-8005,Melissa Roberts,Individual Contributor,Finance,Seattle WA,EMP-5331,David Thompson,Manager,Finance,EMP-5217,Sandra Perez,Direct,0,1,8,47,19,1.25,0,NONE,2019-08-01,25,N,2026-02-22,Weekly,3.99,3.11
REL-0571,EMP-7240,Robert Baker,Individual Contributor,Sales,Atlanta GA,EMP-5237,Thomas Moore,Senior Manager,Sales,EMP-5097,Steven Garcia,Direct,0,1,9,27,17,3.59,5,EMP-5006,2025-03-01,38,Y,2026-05-07,Weekly,4.61,6.76
REL-0572,EMP-7427,Richard Carter,Individual Contributor,Marketing,Austin TX,EMP-5302,Patricia Walker,Senior Manager,Marketing,EMP-5090,Joshua Johnson,Dotted-Line,0,1,3,42,9,9.54,1,EMP-5314,2021-03-02,6,N,2026-03-20,Weekly,4.61,4.47
REL-0573,EMP-6677,Joseph Harris,Director,Customer Experience,Seattle WA,EMP-5024,Joseph Nelson,VP,Customer Experience,EMP-5050,Jennifer Jones,Direct,6,5,5,0,4,4.86,3,EMP-5027,2023-09-22,36,Y,2026-03-03,Monthly,8.16,7.07
REL-0574,EMP-8422,Donald Wilson,Senior Manager,Customer Experience,Denver CO,EMP-5024,Joseph Nelson,VP,Customer Experience,EMP-5001,Linda Jackson,Direct,5,4,1,22,14,8.38,4,NONE,2020-06-25,56,Y,2026-01-09,Weekly,9.46,5.06
REL-0575,EMP-7800,George Jackson,VP,Engineering,Boston MA,EMP-5050,Jennifer Jones,C-Suite,Engineering,NONE,N/A,Direct,8,6,6,77,17,3.29,5,EMP-5203,2020-03-07,40,Y,2026-01-30,Weekly,4.3,7.72
REL-0576,EMP-7981,Linda Nelson,VP,Sales,Boston MA,EMP-5001,Linda Jackson,C-Suite,Sales,NONE,N/A,Dotted-Line,3,6,0,10,17,8.7,4,EMP-5038,2026-02-23,26,Y,2026-06-26,Ad Hoc,4.59,9.93
REL-0577,EMP-7052,Joshua Rivera,Individual Contributor,Legal & Compliance,New York NY,EMP-5009,Jennifer Miller,Senior Manager,Legal & Compliance,EMP-5072,Charles Perez,Matrix,0,1,3,30,7,5.96,3,NONE,2018-12-21,54,Y,2026-05-01,Ad Hoc,9.2,4.36
REL-0578,EMP-7439,Ashley Ramirez,Individual Contributor,Product,Remote,EMP-5352,Maria Hill,Manager,Product,EMP-5021,Brian Robinson,Direct,0,1,1,51,9,1.7,0,EMP-5327,2024-09-26,63,Y,2026-01-25,Monthly,6.45,7.23
REL-0579,EMP-7423,Melissa Martinez,Manager,Customer Experience,Seattle WA,EMP-5373,Deborah Taylor,Senior Manager,Customer Experience,EMP-5049,Thomas Green,Direct,3,3,11,26,14,2.05,1,EMP-5314,2018-08-13,44,Y,2026-02-21,Monthly,6.64,7.09
REL-0580,EMP-7028,Kevin Williams,Senior Manager,Operations,Frisco TX,EMP-5130,Linda Hall,Director,Operations,EMP-5199,Edward Thompson,Matrix,8,4,2,41,4,5.74,0,NONE,2019-11-08,35,Y,2026-03-14,Ad Hoc,5.04,7.98
REL-0581,EMP-6440,Michelle Williams,Manager,Sales,New York NY,EMP-5018,Jennifer Johnson,Director,Sales,EMP-5368,Ashley Robinson,Dotted-Line,7,3,11,13,4,3.36,5,NONE,2022-05-15,59,Y,2026-06-03,Ad Hoc,7.41,7.2
REL-0582,EMP-6571,Margaret Torres,Senior Manager,People & HR,Denver CO,EMP-5196,David Thomas,C-Suite,People & HR,NONE,N/A,Matrix,18,4,13,21,0,3.32,0,EMP-5385,2022-11-25,16,Y,2026-03-06,Ad Hoc,4.92,6.95
REL-0583,EMP-8489,Robert Allen,Individual Contributor,Sales,Denver CO,EMP-5013,Joseph Torres,Manager,Sales,EMP-5310,Kimberly Mitchell,Dotted-Line,0,1,5,79,17,1.66,2,EMP-5123,2024-02-15,39,Y,2026-06-01,Weekly,2.92,6.64
REL-0584,EMP-8890,Amanda King,Individual Contributor,People & HR,Seattle WA,EMP-5198,Anthony Smith,Director,People & HR,EMP-5114,Sandra Sanchez,Dotted-Line,0,1,8,69,2,9.47,3,NONE,2026-01-30,3,Y,2026-01-09,Bi-Weekly,5.44,4.51
REL-0585,EMP-6569,Emily Martinez,Manager,Sales,New York NY,EMP-5003,Jessica Johnson,Senior Manager,Sales,EMP-5114,Sandra Sanchez,Matrix,14,3,6,68,8,6.2,4,NONE,2023-01-30,11,Y,2026-05-26,Bi-Weekly,8.66,4.76
REL-0586,EMP-6957,Ashley Torres,Individual Contributor,People & HR,Remote,EMP-5356,Donald Ramirez,Senior Manager,People & HR,EMP-5130,Linda Hall,Direct,0,1,2,14,4,9.23,0,EMP-5324,2019-10-06,16,Y,2026-05-31,Weekly,7.89,9.55
REL-0587,EMP-6058,Steven Baker,VP,Data Science,Remote,EMP-5196,David Thomas,C-Suite,People & HR,NONE,N/A,Direct,16,6,10,61,13,9.19,0,EMP-5170,2018-01-27,38,N,2026-04-14,Ad Hoc,3.94,5.86
REL-0588,EMP-6826,David Allen,Senior Manager,Customer Experience,Frisco TX,EMP-5024,Joseph Nelson,VP,Customer Experience,EMP-5124,Sarah King,Dotted-Line,14,4,8,27,9,7.05,0,EMP-5344,2022-02-19,39,Y,2026-01-25,Ad Hoc,5.91,5.76
REL-0589,EMP-8870,Kimberly Lee,Team Lead,Marketing,Atlanta GA,EMP-5100,Donna Moore,VP,Marketing,EMP-5035,Stephanie Moore,Direct,0,2,6,57,15,8.99,1,NONE,2025-08-08,9,Y,2026-02-15,Monthly,5.52,4.83
REL-0590,EMP-8536,Barbara Harris,Individual Contributor,Legal & Compliance,New York NY,EMP-5367,Susan Jackson,Senior Manager,Legal & Compliance,EMP-5124,Sarah King,Matrix,0,1,15,74,5,3.29,0,EMP-5135,2025-10-17,15,N,2026-01-30,Ad Hoc,3.89,7.93
REL-0591,EMP-8224,Patricia Young,Manager,Legal & Compliance,Seattle WA,EMP-5232,Ashley Lewis,Senior Manager,Legal & Compliance,EMP-5024,Joseph Nelson,Direct,9,3,13,14,10,3.18,2,NONE,2020-03-29,37,N,2026-02-03,Weekly,4.89,5.65
REL-0592,EMP-6469,Robert Young,Individual Contributor,Legal & Compliance,San Francisco CA,EMP-5063,Emily King,Manager,Legal & Compliance,EMP-5368,Ashley Robinson,Matrix,0,1,14,71,9,9.85,3,NONE,2024-08-08,66,Y,2026-06-14,Bi-Weekly,3.32,9.19
REL-0593,EMP-7504,Maria Rivera,Individual Contributor,Product,Frisco TX,EMP-5032,Kimberly Wright,Director,Product,EMP-5305,Christopher Thomas,Matrix,0,1,5,4,1,7.56,2,NONE,2018-07-05,65,N,2026-02-20,Monthly,6.37,4.86
REL-0594,EMP-6538,Jennifer Campbell,Manager,People & HR,Seattle WA,EMP-5154,Deborah Torres,Director,People & HR,EMP-5080,Michelle Hall,Direct,7,3,4,49,13,3.5,5,NONE,2021-05-30,40,N,2026-03-11,Ad Hoc,9.6,4.52
REL-0595,EMP-8492,Brian Baker,Team Lead,Finance,Atlanta GA,EMP-5030,Robert Allen,Senior Manager,Finance,EMP-5090,Joshua Johnson,Dotted-Line,0,2,8,27,13,8.8,4,EMP-5109,2022-05-18,11,Y,2026-03-31,Bi-Weekly,9.43,9.76
REL-0596,EMP-7777,Linda Jackson,C-Suite,Sales,Atlanta GA,NONE,N/A,N/A,N/A,NONE,N/A,Direct,7,8,8,69,2,3.39,5,NONE,2025-10-20,16,Y,2026-01-03,Weekly,2.26,9.32
REL-0597,EMP-8442,Maria White,Manager,Sales,Seattle WA,EMP-5003,Jessica Johnson,Senior Manager,Sales,EMP-5049,Thomas Green,Dotted-Line,11,3,2,67,17,6.99,3,EMP-5193,2020-12-12,3,Y,2026-05-03,Ad Hoc,6.65,8.33
REL-0598,EMP-6001,Nancy Lopez,Manager,Engineering,Atlanta GA,EMP-5048,Stephanie Rodriguez,Senior Manager,Engineering,EMP-5310,Kimberly Mitchell,Matrix,11,3,4,50,19,2.95,1,NONE,2025-09-04,64,N,2026-02-28,Weekly,2.66,4.05
REL-0599,EMP-8836,Linda Hall,Director,Operations,Frisco TX,EMP-5035,Stephanie Moore,SVP,Operations,EMP-5001,Linda Jackson,Direct,7,5,9,74,5,8.1,2,EMP-5356,2018-10-20,14,N,2026-03-13,Ad Hoc,2.2,7.16
REL-0600,EMP-8843,Kimberly Mitchell,VP,Engineering,New York NY,EMP-5050,Jennifer Jones,C-Suite,Engineering,NONE,N/A,Direct,17,6,2,19,12,1.68,4,EMP-5284,2023-01-19,6,Y,2026-04-29,Ad Hoc,3.62,3.75
REL-0601,EMP-7649,Ashley Lewis,Senior Manager,Legal & Compliance,Austin TX,EMP-5256,Amanda Hill,Director,Legal & Compliance,EMP-5204,Steven Baker,Matrix,1,4,10,55,12,2.62,2,EMP-5230,2025-12-16,40,N,2026-04-19,Monthly,5.96,4.37
REL-0602,EMP-6746,Betty King,Individual Contributor,Marketing,Austin TX,EMP-5033,Amanda Ramirez,Senior Manager,Marketing,EMP-5072,Charles Perez,Direct,0,1,15,39,20,9.9,1,EMP-5015,2023-11-01,19,Y,2026-03-10,Monthly,9.17,5.43
REL-0603,EMP-7177,Maria Lopez,Individual Contributor,Finance,New York NY,EMP-5294,Robert Gonzalez,Manager,Finance,EMP-5259,Michelle Baker,Direct,0,1,15,72,9,2.94,5,EMP-5186,2018-09-06,38,Y,2026-06-14,Monthly,6.82,7.4
REL-0604,EMP-6066,Dorothy Carter,Individual Contributor,Sales,New York NY,EMP-5001,Linda Jackson,C-Suite,Sales,NONE,N/A,Dotted-Line,0,1,1,2,2,1.77,4,EMP-5240,2024-10-28,19,N,2026-04-25,Ad Hoc,9.19,3.44
REL-0605,EMP-6605,Maria Rodriguez,Individual Contributor,Marketing,Frisco TX,EMP-5209,Charles Martinez,Manager,Marketing,EMP-5302,Patricia Walker,Matrix,0,1,11,13,10,8.68,0,NONE,2025-12-23,11,Y,2026-06-27,Ad Hoc,5.96,6.6
REL-0606,EMP-7156,Sarah Smith,Individual Contributor,Marketing,New York NY,EMP-5042,George Rodriguez,Manager,Marketing,EMP-5171,Nancy Jones,Direct,0,1,6,18,15,4.49,3,NONE,2024-05-14,58,N,2026-05-05,Bi-Weekly,5.27,3.18
REL-0607,EMP-8815,Melissa Carter,Individual Contributor,Finance,Seattle WA,EMP-5294,Robert Gonzalez,Manager,Finance,EMP-5199,Edward Thompson,Direct,0,1,3,4,15,4.33,3,NONE,2021-12-02,71,Y,2026-04-12,Bi-Weekly,5.47,4.42
REL-0608,EMP-8414,Susan Ramirez,Manager,Legal & Compliance,Atlanta GA,EMP-5009,Jennifer Miller,Senior Manager,Legal & Compliance,EMP-5383,Andrew Ramirez,Matrix,15,3,14,22,14,6.58,4,NONE,2018-03-12,32,N,2026-03-26,Monthly,7.9,8.66
REL-0609,EMP-7407,Carol Adams,Individual Contributor,Marketing,Remote,EMP-5100,Donna Moore,VP,Marketing,EMP-5196,David Thomas,Direct,0,1,13,1,2,8.91,2,EMP-5134,2024-05-31,31,N,2026-01-29,Bi-Weekly,9.43,6.2
REL-0610,EMP-6218,Kimberly Lopez,Director,Product,Boston MA,EMP-5114,Sandra Sanchez,VP,Product,EMP-5196,David Thomas,Matrix,3,5,6,78,14,5.8,4,NONE,2020-12-07,12,Y,2026-04-01,Bi-Weekly,6.92,4.13
REL-0611,EMP-8835,Jessica Ramirez,Manager,Product,Austin TX,EMP-5114,Sandra Sanchez,VP,Product,EMP-5001,Linda Jackson,Direct,12,3,14,65,15,6.08,0,NONE,2023-12-12,44,Y,2026-04-23,Ad Hoc,8.9,4.65
REL-0612,EMP-6807,Melissa Miller,Manager,Operations,Austin TX,EMP-5208,Charles Robinson,Senior Manager,Operations,EMP-5259,Michelle Baker,Matrix,9,3,10,47,2,1.41,0,EMP-5140,2024-08-18,39,Y,2026-01-29,Weekly,2.95,8.42
REL-0613,EMP-7629,Nancy Brown,Manager,Customer Experience,Denver CO,EMP-5024,Joseph Nelson,VP,Customer Experience,EMP-5001,Linda Jackson,Direct,10,3,4,58,6,6.31,3,NONE,2019-10-13,65,N,2026-03-25,Weekly,5.17,4.66
REL-0614,EMP-7190,Kimberly Harris,Individual Contributor,People & HR,Frisco TX,EMP-5198,Anthony Smith,Director,People & HR,EMP-5368,Ashley Robinson,Direct,0,1,1,62,15,9.62,3,NONE,2023-10-23,50,Y,2026-04-23,Ad Hoc,6.44,7.84
REL-0615,EMP-6336,Paul Miller,Manager,Marketing,Boston MA,EMP-5259,Michelle Baker,Director,Marketing,EMP-5021,Brian Robinson,Dotted-Line,18,3,12,58,3,2.56,1,NONE,2018-05-16,61,Y,2026-03-19,Ad Hoc,6.9,8.92
REL-0616,EMP-7743,Maria White,Manager,Sales,Seattle WA,EMP-5003,Jessica Johnson,Senior Manager,Sales,EMP-5049,Thomas Green,Dotted-Line,11,3,2,67,17,5.95,3,EMP-5193,2020-12-12,3,Y,2026-05-03,Ad Hoc,3.94,8.1
REL-0617,EMP-8377,Paul Jackson,Individual Contributor,Sales,Boston MA,EMP-5003,Jessica Johnson,Senior Manager,Sales,EMP-5272,Jessica Harris,Matrix,0,1,1,5,6,4.34,4,EMP-5224,2020-11-26,31,Y,2026-05-20,Bi-Weekly,5.1,9.52
REL-0618,EMP-6990,Karen Wilson,Individual Contributor,Data Science,Seattle WA,EMP-5038,Brian Martin,Manager,Data Science,EMP-5136,Joseph Harris,Matrix,0,1,4,46,3,7.23,2,NONE,2019-04-17,13,Y,2026-06-30,Weekly,6.45,7.15
REL-0619,EMP-8435,Amanda Hernandez,Team Lead,Customer Experience,New York NY,EMP-5326,Sarah Nguyen,Senior Manager,Customer Experience,EMP-5001,Linda Jackson,Direct,0,2,12,75,6,3.13,1,EMP-5169,2022-12-04,63,Y,2026-02-08,Bi-Weekly,2.48,3.95
REL-0620,EMP-6211,Jennifer Williams,Manager,Engineering,Atlanta GA,EMP-5050,Jennifer Jones,C-Suite,Engineering,NONE,N/A,Dotted-Line,13,3,1,34,16,3.49,5,NONE,2020-09-21,1,N,2026-04-23,Monthly,7.93,7.85
REL-0621,EMP-6516,Michelle Lopez,Team Lead,Customer Experience,Remote,EMP-5326,Sarah Nguyen,Senior Manager,Customer Experience,EMP-5204,Steven Baker,Dotted-Line,0,2,2,33,12,5.35,3,NONE,2024-05-29,7,Y,2026-01-17,Ad Hoc,3.76,9.0
REL-0622,EMP-6299,Steven Garcia,Director,Marketing,Frisco TX,EMP-5100,Donna Moore,VP,Marketing,EMP-5050,Jennifer Jones,Direct,9,5,4,62,5,3.71,2,NONE,2025-01-11,52,Y,2026-06-04,Monthly,7.07,5.73
REL-0623,EMP-7601,Andrew Rivera,Team Lead,Legal & Compliance,Frisco TX,EMP-5232,Ashley Lewis,Senior Manager,Legal & Compliance,EMP-5171,Nancy Jones,Matrix,0,2,13,47,12,8.3,1,EMP-5322,2023-02-14,60,Y,2026-06-29,Bi-Weekly,2.8,3.42
REL-0624,EMP-7934,Ashley Ramirez,Individual Contributor,Product,Remote,EMP-5352,Maria Hill,Manager,Product,EMP-5021,Brian Robinson,Direct,0,1,1,51,9,8.19,0,EMP-5327,2024-09-26,63,Y,2026-01-25,Monthly,4.34,4.51
REL-0625,EMP-6375,Brian Taylor,Individual Contributor,People & HR,San Francisco CA,EMP-5361,Jennifer Campbell,Manager,People & HR,EMP-5357,Emily Wright,Dotted-Line,0,1,12,5,15,5.79,3,EMP-5162,2023-07-03,64,Y,2026-03-31,Weekly,8.85,5.36
REL-0626,EMP-8498,George Roberts,Individual Contributor,Marketing,Seattle WA,EMP-5155,Linda White,Manager,Marketing,EMP-5072,Charles Perez,Direct,0,1,2,47,7,1.38,2,NONE,2025-02-13,36,Y,2026-05-28,Ad Hoc,3.02,5.32
REL-0627,EMP-7552,Kimberly Mitchell,VP,Engineering,New York NY,EMP-5050,Jennifer Jones,C-Suite,Engineering,NONE,N/A,Direct,17,6,2,19,12,6.69,4,EMP-5284,2023-01-19,6,Y,2026-04-29,Ad Hoc,5.37,6.04
REL-0628,EMP-8186,Jessica Smith,Manager,Finance,Seattle WA,EMP-5374,Donna Young,Senior Manager,Finance,EMP-5204,Steven Baker,Matrix,17,3,3,69,1,7.43,4,EMP-5000,2023-04-09,23,N,2026-03-01,Bi-Weekly,2.62,4.79
REL-0629,EMP-6385,Barbara Baker,Individual Contributor,Finance,Boston MA,EMP-5147,Ronald Hall,Manager,Finance,EMP-5049,Thomas Green,Matrix,0,1,12,18,10,7.58,0,EMP-5192,2020-06-24,53,Y,2026-06-08,Ad Hoc,7.07,8.54
REL-0630,EMP-8722,Edward Young,Team Lead,Data Science,Seattle WA,EMP-5152,Kimberly Walker,Manager,Data Science,EMP-5037,Margaret Taylor,Dotted-Line,0,2,4,26,8,5.61,5,EMP-5106,2018-01-02,58,N,2026-02-04,Ad Hoc,6.82,5.55
REL-0631,EMP-6853,Charles Allen,Individual Contributor,Product,Denver CO,EMP-5240,Edward Thomas,Director,Product,EMP-5100,Donna Moore,Matrix,0,1,14,36,13,9.64,0,EMP-5130,2018-12-07,23,Y,2026-02-26,Monthly,9.82,5.42
REL-0632,EMP-7660,Donald Jackson,Individual Contributor,Finance,Remote,EMP-5374,Donna Young,Senior Manager,Finance,EMP-5130,Linda Hall,Matrix,0,1,10,48,7,5.47,0,NONE,2025-05-14,59,Y,2026-05-22,Weekly,8.25,3.49
REL-0633,EMP-8847,Charles Wright,Team Lead,Marketing,Seattle WA,EMP-5344,James Nguyen,Manager,Marketing,EMP-5106,Margaret Rodriguez,Dotted-Line,0,2,8,59,3,6.72,1,EMP-5276,2025-04-11,44,N,2026-05-28,Monthly,2.49,3.51
REL-0634,EMP-7880,Edward Thomas,Director,Product,Seattle WA,EMP-5114,Sandra Sanchez,VP,Product,EMP-5035,Stephanie Moore,Matrix,13,5,5,54,15,8.47,1,NONE,2025-08-31,47,N,2026-06-12,Weekly,7.11,3.36
REL-0635,EMP-7524,Christopher Campbell,Team Lead,Operations,Austin TX,EMP-5149,Steven Johnson,Manager,Operations,EMP-5302,Patricia Walker,Matrix,0,2,13,16,16,1.55,0,NONE,2020-12-05,35,Y,2026-01-16,Bi-Weekly,5.24,3.11
REL-0636,EMP-8169,Stephanie Rodriguez,Senior Manager,Engineering,Seattle WA,EMP-5260,George Jackson,VP,Engineering,EMP-5050,Jennifer Jones,Matrix,18,4,1,18,10,1.98,5,NONE,2020-11-01,21,N,2026-04-20,Bi-Weekly,2.34,4.81
REL-0637,EMP-6400,Karen Adams,Team Lead,Product,Remote,EMP-5094,Kimberly Lopez,Director,Product,EMP-5124,Sarah King,Dotted-Line,0,2,9,73,0,9.36,1,EMP-5021,2023-12-18,35,Y,2026-01-06,Weekly,7.17,4.33
REL-0638,EMP-6528,Robert Gonzalez,Individual Contributor,Marketing,Frisco TX,EMP-5097,Steven Garcia,Director,Marketing,EMP-5305,Christopher Thomas,Direct,0,1,14,5,0,3.65,0,NONE,2023-04-29,23,Y,2026-04-01,Ad Hoc,6.15,3.6
REL-0639,EMP-7489,Margaret Brown,Individual Contributor,Product,Denver CO,EMP-5352,Maria Hill,Manager,Product,EMP-5104,Ronald Walker,Matrix,0,1,15,4,12,5.09,3,NONE,2022-07-11,66,Y,2026-04-10,Ad Hoc,7.52,7.04
REL-0640,EMP-6900,Carol Adams,Individual Contributor,Marketing,Remote,EMP-5100,Donna Moore,VP,Marketing,EMP-5196,David Thomas,Direct,0,1,13,1,2,6.3,2,EMP-5134,2024-05-31,31,N,2026-01-29,Bi-Weekly,9.11,5.22
REL-0641,EMP-7257,Brian Taylor,Individual Contributor,Data Science,Austin TX,EMP-5261,Joseph Hernandez,Manager,Data Science,EMP-5009,Jennifer Miller,Dotted-Line,0,1,5,59,14,4.38,3,NONE,2021-12-13,9,Y,2026-06-10,Weekly,2.05,7.43
REL-0642,EMP-8865,Brian Flores,Team Lead,Sales,Boston MA,EMP-5345,John Adams,Manager,Sales,EMP-5150,Susan Harris,Matrix,0,2,6,74,1,1.45,5,NONE,2020-05-28,69,Y,2026-02-06,Monthly,6.59,7.46
REL-0643,EMP-7416,Linda Rodriguez,Manager,Sales,Atlanta GA,EMP-5237,Thomas Moore,Senior Manager,Sales,EMP-5001,Linda Jackson,Direct,8,3,7,53,14,7.58,1,NONE,2020-10-04,3,Y,2026-02-25,Monthly,5.46,7.0
REL-0644,EMP-7884,Richard Allen,Individual Contributor,Product,San Francisco CA,EMP-5360,Michelle Hill,Manager,Product,EMP-5237,Thomas Moore,Direct,0,1,4,43,11,7.96,1,NONE,2024-06-07,6,N,2026-03-08,Ad Hoc,6.84,4.05
REL-0645,EMP-6193,Kimberly Walker,Manager,Data Science,Austin TX,EMP-5021,Brian Robinson,VP,Data Science,EMP-5001,Linda Jackson,Dotted-Line,7,3,1,79,15,2.26,3,NONE,2023-11-16,3,Y,2026-03-26,Weekly,5.4,9.46
REL-0646,EMP-8914,Michelle Hill,Manager,Product,Austin TX,EMP-5090,Joshua Johnson,Director,Product,EMP-5080,Michelle Hall,Direct,8,3,13,11,20,9.35,0,NONE,2020-04-08,14,Y,2026-06-06,Monthly,5.35,8.95
REL-0647,EMP-6436,Barbara Smith,Team Lead,Marketing,Denver CO,EMP-5155,Linda White,Manager,Marketing,EMP-5018,Jennifer Johnson,Dotted-Line,0,2,9,9,11,1.27,5,NONE,2024-08-28,5,Y,2026-05-28,Weekly,5.82,5.44
REL-0648,EMP-7967,Paul Miller,Manager,Marketing,Boston MA,EMP-5259,Michelle Baker,Director,Marketing,EMP-5021,Brian Robinson,Dotted-Line,18,3,12,58,3,2.33,1,NONE,2018-05-16,61,Y,2026-03-19,Ad Hoc,6.64,4.3
REL-0649,EMP-6431,Joshua Garcia,Manager,Data Science,San Francisco CA,EMP-5204,Steven Baker,VP,Data Science,EMP-5124,Sarah King,Dotted-Line,5,3,7,48,17,5.08,2,EMP-5328,2022-06-03,70,Y,2026-02-03,Bi-Weekly,8.48,9.26
REL-0650,EMP-6625,Kevin Williams,Senior Manager,Operations,Frisco TX,EMP-5130,Linda Hall,Director,Operations,EMP-5199,Edward Thompson,Matrix,8,4,2,41,4,6.91,0,NONE,2019-11-08,35,Y,2026-03-14,Ad Hoc,3.81,4.75
REL-0651,EMP-6642,George Rodriguez,Individual Contributor,Sales,Boston MA,EMP-5316,Maria Miller,Manager,Sales,EMP-5018,Jennifer Johnson,Direct,0,1,12,13,7,1.1,0,EMP-5037,2025-11-23,40,Y,2026-04-21,Bi-Weekly,9.29,4.88
REL-0652,EMP-8339,Christopher Nguyen,Team Lead,Marketing,Remote,EMP-5387,Paul Jackson,Manager,Marketing,EMP-5259,Michelle Baker,Matrix,0,2,3,41,14,4.0,2,NONE,2018-04-17,39,N,2026-04-17,Monthly,3.22,3.88
REL-0653,EMP-7869,Elizabeth Williams,Senior Manager,Product,Frisco TX,EMP-5240,Edward Thomas,Director,Product,EMP-5100,Donna Moore,Direct,5,4,7,72,16,8.76,3,NONE,2020-03-02,58,Y,2026-03-30,Monthly,3.98,5.37
REL-0654,EMP-7516,Ashley Robinson,VP,Finance,Frisco TX,EMP-5124,Sarah King,C-Suite,Legal & Compliance,NONE,N/A,Matrix,4,6,6,30,1,1.79,3,EMP-5381,2024-11-08,37,Y,2026-02-13,Ad Hoc,6.25,3.19
REL-0655,EMP-7933,Stephanie Nguyen,Individual Contributor,Marketing,Atlanta GA,EMP-5033,Amanda Ramirez,Senior Manager,Marketing,EMP-5171,Nancy Jones,Direct,0,1,14,71,0,9.2,0,NONE,2022-09-16,65,N,2026-01-10,Bi-Weekly,2.87,6.97
REL-0656,EMP-7796,Donald Hernandez,Manager,Engineering,San Francisco CA,EMP-5235,Joshua Adams,Director,Engineering,EMP-5001,Linda Jackson,Direct,2,3,3,47,4,7.82,5,EMP-5323,2022-02-12,36,Y,2026-02-25,Ad Hoc,3.92,5.53
REL-0657,EMP-7153,Charles Wright,Team Lead,Marketing,Seattle WA,EMP-5344,James Nguyen,Manager,Marketing,EMP-5106,Margaret Rodriguez,Dotted-Line,0,2,8,59,3,9.47,1,EMP-5276,2025-04-11,44,N,2026-05-28,Monthly,3.99,8.84
REL-0658,EMP-7356,Amanda Young,Individual Contributor,Marketing,Frisco TX,EMP-5097,Steven Garcia,Director,Marketing,EMP-5001,Linda Jackson,Direct,0,1,14,71,11,2.66,4,EMP-5023,2022-09-28,37,Y,2026-01-21,Weekly,3.67,9.72
REL-0659,EMP-8872,Susan Harris,Director,Engineering,Austin TX,EMP-5310,Kimberly Mitchell,VP,Engineering,EMP-5196,David Thomas,Direct,2,5,3,79,7,1.17,3,EMP-5357,2024-02-08,48,Y,2026-01-23,Bi-Weekly,3.28,3.26
REL-0660,EMP-6696,Nancy Martin,Team Lead,Finance,Denver CO,EMP-5374,Donna Young,Senior Manager,Finance,EMP-5080,Michelle Hall,Matrix,0,2,11,22,5,4.69,0,EMP-5118,2020-03-01,19,Y,2026-04-12,Monthly,8.81,5.41
REL-0661,EMP-8541,John Walker,Individual Contributor,Marketing,Austin TX,EMP-5097,Steven Garcia,Director,Marketing,EMP-5199,Edward Thompson,Direct,0,1,12,10,0,4.03,3,EMP-5386,2024-11-10,65,N,2026-01-15,Monthly,6.46,8.68
REL-0662,EMP-7591,Richard Thomas,Manager,People & HR,New York NY,EMP-5200,Matthew King,Director,People & HR,EMP-5021,Brian Robinson,Direct,1,3,10,30,0,8.23,1,NONE,2024-07-28,34,Y,2026-05-22,Bi-Weekly,6.3,9.53
REL-0663,EMP-6286,Betty Carter,Individual Contributor,Marketing,Seattle WA,EMP-5302,Patricia Walker,Senior Manager,Marketing,EMP-5260,George Jackson,Matrix,0,1,14,60,18,2.79,1,EMP-5160,2024-09-09,39,N,2026-06-02,Weekly,2.86,8.64
REL-0664,EMP-7232,Maria Smith,Senior Manager,Product,Seattle WA,EMP-5383,Andrew Ramirez,Director,Product,EMP-5159,Linda Nelson,Dotted-Line,1,4,13,51,8,5.92,2,NONE,2023-03-10,28,Y,2026-04-16,Weekly,4.49,7.06
REL-0665,EMP-8842,Melissa Baker,Individual Contributor,Engineering,New York NY,EMP-5260,George Jackson,VP,Engineering,EMP-5124,Sarah King,Matrix,0,1,14,69,10,5.19,3,EMP-5269,2024-04-26,42,Y,2026-03-15,Weekly,8.62,3.1
REL-0666,EMP-6310,Sandra Davis,Individual Contributor,Data Science,Atlanta GA,EMP-5329,Susan Clark,Manager,Data Science,EMP-5367,Susan Jackson,Dotted-Line,0,1,9,63,14,2.58,1,NONE,2018-08-18,58,Y,2026-02-20,Ad Hoc,3.33,3.12
REL-0667,EMP-7980,David Adams,Individual Contributor,Data Science,Remote,EMP-5106,Margaret Rodriguez,Senior Manager,Data Science,EMP-5383,Andrew Ramirez,Matrix,0,1,14,64,6,6.02,1,NONE,2023-09-06,31,Y,2026-05-13,Monthly,8.09,7.47
REL-0668,EMP-8596,Sandra Sanchez,VP,Product,Frisco TX,EMP-5001,Linda Jackson,C-Suite,Sales,NONE,N/A,Matrix,9,6,1,13,20,9.39,4,EMP-5042,2022-07-15,22,Y,2026-01-06,Ad Hoc,5.11,5.85
REL-0669,EMP-8939,Betty Taylor,Manager,People & HR,Frisco TX,EMP-5347,Jennifer Hall,Director,People & HR,EMP-5368,Ashley Robinson,Direct,6,3,4,29,16,6.53,4,NONE,2023-07-22,60,Y,2026-06-07,Monthly,9.42,9.2
REL-0670,EMP-6604,Susan Harris,Director,Engineering,Austin TX,EMP-5310,Kimberly Mitchell,VP,Engineering,EMP-5196,David Thomas,Direct,2,5,3,79,7,5.68,3,EMP-5357,2024-02-08,48,Y,2026-01-23,Bi-Weekly,7.88,5.63
REL-0671,EMP-6736,Karen Wilson,Individual Contributor,Data Science,Seattle WA,EMP-5038,Brian Martin,Manager,Data Science,EMP-5136,Joseph Harris,Matrix,0,1,4,46,3,7.99,2,NONE,2019-04-17,13,Y,2026-06-30,Weekly,7.46,7.27
REL-0672,EMP-8377,Anthony Carter,Individual Contributor,Finance,Chicago IL,EMP-5331,David Thompson,Manager,Finance,EMP-5356,Donald Ramirez,Matrix,0,1,11,33,12,6.54,2,NONE,2019-04-20,3,Y,2026-06-24,Weekly,5.37,4.38
REL-0673,EMP-8661,Steven Mitchell,Team Lead,Engineering,Seattle WA,EMP-5135,Jennifer Williams,Manager,Engineering,EMP-5024,Joseph Nelson,Matrix,0,2,13,13,6,2.27,4,EMP-5360,2025-12-06,69,Y,2026-06-09,Ad Hoc,4.54,4.98
REL-0674,EMP-6421,Betty Carter,Individual Contributor,Marketing,Seattle WA,EMP-5302,Patricia Walker,Senior Manager,Marketing,EMP-5260,George Jackson,Matrix,0,1,14,60,18,3.82,1,EMP-5160,2024-09-09,39,N,2026-06-02,Weekly,8.82,4.39
REL-0675,EMP-7036,William Roberts,Individual Contributor,Customer Experience,Remote,EMP-5052,Donald Wilson,Senior Manager,Customer Experience,EMP-5385,Christopher Ramirez,Direct,0,1,2,55,11,5.59,4,NONE,2024-11-06,40,Y,2026-01-27,Weekly,6.14,4.94
REL-0676,EMP-8323,Donna Gonzalez,Individual Contributor,Customer Experience,Frisco TX,EMP-5219,Joseph Green,Manager,Customer Experience,EMP-5204,Steven Baker,Direct,0,1,5,52,4,2.31,1,EMP-5270,2024-03-29,22,Y,2026-01-11,Weekly,5.62,7.01
REL-0677,EMP-8722,Charles Miller,Individual Contributor,Sales,Frisco TX,EMP-5016,Steven Torres,Manager,Sales,EMP-5235,Joshua Adams,Direct,0,1,11,75,5,4.66,2,EMP-5095,2024-06-01,28,Y,2026-05-09,Bi-Weekly,2.21,3.85
REL-0678,EMP-7843,Emily Martinez,Manager,Sales,New York NY,EMP-5003,Jessica Johnson,Senior Manager,Sales,EMP-5114,Sandra Sanchez,Matrix,14,3,6,68,8,7.43,4,NONE,2023-01-30,11,Y,2026-05-26,Bi-Weekly,5.65,6.67
REL-0679,EMP-8255,John Thompson,Team Lead,People & HR,Seattle WA,EMP-5258,James Carter,Manager,People & HR,EMP-5196,David Thomas,Matrix,0,2,11,13,13,7.74,5,NONE,2018-05-05,53,Y,2026-01-21,Ad Hoc,3.24,9.34
REL-0680,EMP-6732,Betty Torres,Manager,Product,New York NY,EMP-5090,Joshua Johnson,Director,Product,EMP-5001,Linda Jackson,Direct,2,3,0,71,2,4.36,5,NONE,2026-02-26,53,N,2026-02-15,Bi-Weekly,6.39,4.38
REL-0681,EMP-6370,Jennifer King,Director,Operations,Remote,EMP-5035,Stephanie Moore,SVP,Operations,EMP-5050,Jennifer Jones,Direct,13,5,13,80,16,2.84,4,EMP-5014,2019-12-15,40,Y,2026-03-02,Ad Hoc,4.73,4.63
REL-0682,EMP-7613,Jennifer Williams,Manager,Engineering,Atlanta GA,EMP-5050,Jennifer Jones,C-Suite,Engineering,NONE,N/A,Dotted-Line,13,3,1,34,16,9.41,5,NONE,2020-09-21,1,N,2026-04-23,Monthly,9.49,5.03
REL-0683,EMP-6451,Steven Torres,Manager,Sales,Austin TX,EMP-5237,Thomas Moore,Senior Manager,Sales,EMP-5072,Charles Perez,Direct,3,3,4,68,5,5.39,5,NONE,2019-06-08,42,N,2026-04-06,Ad Hoc,9.87,4.63
REL-0684,EMP-6334,Amanda Young,Individual Contributor,Marketing,Frisco TX,EMP-5097,Steven Garcia,Director,Marketing,EMP-5001,Linda Jackson,Direct,0,1,14,71,11,4.46,4,EMP-5023,2022-09-28,37,Y,2026-01-21,Weekly,8.96,7.1
REL-0685,EMP-8100,Susan Hernandez,Individual Contributor,Product,Chicago IL,EMP-5032,Kimberly Wright,Director,Product,EMP-5196,David Thomas,Direct,0,1,1,19,3,2.62,0,NONE,2018-12-03,38,N,2026-02-28,Bi-Weekly,2.19,5.09
REL-0686,EMP-6969,Thomas Thompson,Director,Product,Seattle WA,EMP-5114,Sandra Sanchez,VP,Product,EMP-5196,David Thomas,Dotted-Line,8,5,5,8,10,2.14,1,NONE,2020-02-26,39,Y,2026-06-10,Ad Hoc,7.14,8.22
REL-0687,EMP-7645,Donna Ramirez,Individual Contributor,Legal & Compliance,Seattle WA,EMP-5340,Patricia Young,Manager,Legal & Compliance,EMP-5293,Amanda Lewis,Dotted-Line,0,1,4,68,11,1.29,3,EMP-5349,2024-02-11,41,Y,2026-02-27,Ad Hoc,4.79,7.5
REL-0688,EMP-8184,James Smith,Individual Contributor,People & HR,San Francisco CA,EMP-5086,Robert White,Manager,People & HR,EMP-5305,Christopher Thomas,Matrix,0,1,12,12,20,8.66,0,NONE,2025-09-17,65,Y,2026-03-06,Monthly,9.17,6.52
REL-0689,EMP-7193,Linda Martinez,Individual Contributor,Engineering,Seattle WA,EMP-5214,Karen Brown,Manager,Engineering,EMP-5131,Brian Brown,Dotted-Line,0,1,1,48,12,4.42,4,EMP-5106,2020-06-08,13,N,2026-04-08,Monthly,8.85,3.93
REL-0690,EMP-8814,Kevin Williams,Senior Manager,Operations,Frisco TX,EMP-5130,Linda Hall,Director,Operations,EMP-5199,Edward Thompson,Matrix,8,4,2,41,4,4.66,0,NONE,2019-11-08,35,Y,2026-03-14,Ad Hoc,3.73,5.03
REL-0691,EMP-7735,Susan Clark,Manager,Data Science,San Francisco CA,EMP-5239,Jennifer Rodriguez,VP,Data Science,EMP-5050,Jennifer Jones,Direct,6,3,12,15,4,1.38,4,NONE,2020-05-21,49,Y,2026-06-17,Ad Hoc,4.55,5.61
REL-0692,EMP-8137,Amanda King,Individual Contributor,People & HR,Seattle WA,EMP-5198,Anthony Smith,Director,People & HR,EMP-5114,Sandra Sanchez,Dotted-Line,0,1,8,69,2,4.72,3,NONE,2026-01-30,3,Y,2026-01-09,Bi-Weekly,2.99,9.14
REL-0693,EMP-8539,Christopher Ramirez,Director,Marketing,Chicago IL,EMP-5100,Donna Moore,VP,Marketing,EMP-5001,Linda Jackson,Dotted-Line,12,5,7,70,7,7.99,1,NONE,2023-02-02,64,Y,2026-03-13,Monthly,6.0,3.32
REL-0694,EMP-8346,Maria Lopez,Individual Contributor,Finance,New York NY,EMP-5294,Robert Gonzalez,Manager,Finance,EMP-5259,Michelle Baker,Direct,0,1,15,72,9,6.0,5,EMP-5186,2018-09-06,38,Y,2026-06-14,Monthly,4.37,4.29
REL-0695,EMP-7022,Daniel Sanchez,Team Lead,Sales,Chicago IL,EMP-5013,Joseph Torres,Manager,Sales,EMP-5081,Edward Hernandez,Matrix,0,2,12,70,7,1.41,0,NONE,2019-08-16,19,Y,2026-02-13,Weekly,3.11,5.97
REL-0696,EMP-8008,John Walker,Individual Contributor,Marketing,Austin TX,EMP-5097,Steven Garcia,Director,Marketing,EMP-5199,Edward Thompson,Direct,0,1,12,10,0,1.57,3,EMP-5386,2024-11-10,65,N,2026-01-15,Monthly,6.03,6.94
REL-0697,EMP-7462,Jessica Gonzalez,Individual Contributor,Legal & Compliance,Austin TX,EMP-5256,Amanda Hill,Director,Legal & Compliance,EMP-5239,Jennifer Rodriguez,Dotted-Line,0,1,14,68,20,1.08,0,EMP-5177,2020-01-18,20,Y,2026-02-14,Bi-Weekly,3.09,6.25
REL-0698,EMP-8153,Sarah Baker,Manager,Sales,Frisco TX,EMP-5003,Jessica Johnson,Senior Manager,Sales,EMP-5217,Sandra Perez,Matrix,17,3,9,61,0,2.03,2,NONE,2024-05-22,66,Y,2026-02-01,Bi-Weekly,3.12,9.84
REL-0699,EMP-8333,Melissa Baker,Individual Contributor,Engineering,New York NY,EMP-5260,George Jackson,VP,Engineering,EMP-5124,Sarah King,Matrix,0,1,14,69,10,6.23,3,EMP-5269,2024-04-26,42,Y,2026-03-15,Weekly,6.72,5.76
REL-0700,EMP-7204,Thomas Moore,Senior Manager,Sales,Remote,EMP-5001,Linda Jackson,C-Suite,Sales,NONE,N/A,Matrix,7,4,2,0,5,9.32,2,NONE,2020-10-21,61,Y,2026-04-18,Bi-Weekly,7.04,7.09
REL-0701,EMP-8968,Linda Scott,Individual Contributor,Customer Experience,Boston MA,EMP-5043,Nancy Brown,Manager,Customer Experience,EMP-5001,Linda Jackson,Matrix,0,1,8,5,0,6.65,4,NONE,2020-05-18,1,Y,2026-05-30,Weekly,2.9,5.34
REL-0702,EMP-8116,Steven Garcia,Director,Marketing,Frisco TX,EMP-5100,Donna Moore,VP,Marketing,EMP-5050,Jennifer Jones,Direct,9,5,4,62,5,8.71,2,NONE,2025-01-11,52,Y,2026-06-04,Monthly,5.81,9.21
REL-0703,EMP-8972,Mark Jackson,Individual Contributor,Marketing,Boston MA,EMP-5155,Linda White,Manager,Marketing,EMP-5100,Donna Moore,Matrix,0,1,1,1,5,9.3,4,EMP-5082,2021-11-03,1,Y,2026-06-30,Weekly,5.19,4.77
REL-0704,EMP-7701,Ronald Walker,Senior Manager,People & HR,Austin TX,EMP-5154,Deborah Torres,Director,People & HR,EMP-5024,Joseph Nelson,Matrix,16,4,12,59,0,9.62,0,NONE,2020-01-28,9,Y,2026-01-30,Weekly,5.38,6.07
REL-0705,EMP-7021,George Adams,Individual Contributor,Data Science,San Francisco CA,EMP-5038,Brian Martin,Manager,Data Science,EMP-5302,Patricia Walker,Matrix,0,1,5,9,6,7.98,4,EMP-5038,2024-02-01,55,Y,2026-05-09,Monthly,7.53,7.78
REL-0706,EMP-6155,Joseph Hernandez,Manager,Data Science,Denver CO,EMP-5279,Amanda Hernandez,Senior Manager,Data Science,EMP-5072,Charles Perez,Matrix,6,3,13,20,18,8.94,2,NONE,2020-12-21,63,Y,2026-03-21,Monthly,6.99,5.98
REL-0707,EMP-7718,Charles Wright,Team Lead,Marketing,Seattle WA,EMP-5344,James Nguyen,Manager,Marketing,EMP-5106,Margaret Rodriguez,Dotted-Line,0,2,8,59,3,8.98,1,EMP-5276,2025-04-11,44,N,2026-05-28,Monthly,9.04,7.67
REL-0708,EMP-6949,Christopher Campbell,Team Lead,Operations,Austin TX,EMP-5149,Steven Johnson,Manager,Operations,EMP-5302,Patricia Walker,Matrix,0,2,13,16,16,8.9,0,NONE,2020-12-05,35,Y,2026-01-16,Bi-Weekly,6.6,3.36
REL-0709,EMP-7739,Maria Miller,Manager,Sales,Austin TX,EMP-5001,Linda Jackson,C-Suite,Sales,NONE,N/A,Dotted-Line,16,3,0,42,11,3.54,3,EMP-5279,2025-10-23,47,Y,2026-03-08,Bi-Weekly,9.69,5.66
REL-0710,EMP-6479,Kevin Ramirez,Manager,Finance,Chicago IL,EMP-5368,Ashley Robinson,VP,Finance,EMP-5001,Linda Jackson,Dotted-Line,6,3,8,65,3,9.92,3,EMP-5344,2023-09-23,22,Y,2026-04-20,Weekly,5.18,4.66
REL-0711,EMP-8977,Jennifer Campbell,Manager,People & HR,Seattle WA,EMP-5154,Deborah Torres,Director,People & HR,EMP-5080,Michelle Hall,Direct,7,3,4,49,13,1.42,5,NONE,2021-05-30,40,N,2026-03-11,Ad Hoc,4.77,8.79
REL-0712,EMP-7186,Kevin Jackson,Individual Contributor,Customer Experience,Frisco TX,EMP-5024,Joseph Nelson,VP,Customer Experience,EMP-5196,David Thomas,Matrix,0,1,5,67,19,4.74,5,EMP-5371,2021-01-09,50,Y,2026-05-14,Weekly,8.92,5.32
REL-0713,EMP-7237,Melissa Carter,Individual Contributor,Finance,Seattle WA,EMP-5294,Robert Gonzalez,Manager,Finance,EMP-5199,Edward Thompson,Direct,0,1,3,4,15,6.16,3,NONE,2021-12-02,71,Y,2026-04-12,Bi-Weekly,6.51,3.95
REL-0714,EMP-6830,Daniel Martin,Team Lead,Marketing,Atlanta GA,EMP-5058,Amanda Wilson,Senior Manager,Marketing,EMP-5305,Christopher Thomas,Dotted-Line,0,2,2,42,6,4.98,0,NONE,2020-09-16,45,Y,2026-03-02,Bi-Weekly,2.19,3.23
REL-0715,EMP-8449,James Smith,Individual Contributor,People & HR,San Francisco CA,EMP-5086,Robert White,Manager,People & HR,EMP-5305,Christopher Thomas,Matrix,0,1,12,12,20,3.17,0,NONE,2025-09-17,65,Y,2026-03-06,Monthly,5.19,6.25
REL-0716,EMP-8065,Amanda Hill,Director,Legal & Compliance,Remote,EMP-5124,Sarah King,C-Suite,Legal & Compliance,NONE,N/A,Direct,10,5,4,4,18,5.87,2,EMP-5279,2020-04-30,24,Y,2026-06-03,Monthly,2.81,3.52
REL-0717,EMP-6766,Elizabeth Green,Manager,Marketing,San Francisco CA,EMP-5033,Amanda Ramirez,Senior Manager,Marketing,EMP-5100,Donna Moore,Direct,9,3,12,2,13,7.55,3,NONE,2022-10-09,26,N,2026-05-20,Bi-Weekly,9.21,9.01
REL-0718,EMP-6187,Betty Carter,Individual Contributor,Marketing,Seattle WA,EMP-5302,Patricia Walker,Senior Manager,Marketing,EMP-5260,George Jackson,Matrix,0,1,14,60,18,8.35,1,EMP-5160,2024-09-09,39,N,2026-06-02,Weekly,6.2,7.64
REL-0719,EMP-7544,Daniel Martin,Team Lead,Marketing,Atlanta GA,EMP-5058,Amanda Wilson,Senior Manager,Marketing,EMP-5305,Christopher Thomas,Dotted-Line,0,2,2,42,6,6.37,0,NONE,2020-09-16,45,Y,2026-03-02,Bi-Weekly,4.39,6.6
REL-0720,EMP-7193,Sandra Flores,Individual Contributor,Customer Experience,Remote,EMP-5377,Maria Rodriguez,Manager,Customer Experience,EMP-5357,Emily Wright,Matrix,0,1,8,49,0,8.84,2,NONE,2025-08-01,25,Y,2026-02-08,Ad Hoc,6.31,6.48
REL-0721,EMP-7879,Kimberly Mitchell,VP,Engineering,New York NY,EMP-5050,Jennifer Jones,C-Suite,Engineering,NONE,N/A,Direct,17,6,2,19,12,4.42,4,EMP-5284,2023-01-19,6,Y,2026-04-29,Ad Hoc,8.45,6.88
REL-0722,EMP-8358,Michelle Hill,Manager,Product,Austin TX,EMP-5090,Joshua Johnson,Director,Product,EMP-5080,Michelle Hall,Direct,8,3,13,11,20,9.37,0,NONE,2020-04-08,14,Y,2026-06-06,Monthly,8.84,9.51
REL-0723,EMP-8145,Amanda Scott,Senior Manager,People & HR,Austin TX,EMP-5347,Jennifer Hall,Director,People & HR,EMP-5050,Jennifer Jones,Matrix,11,4,12,35,0,5.53,1,NONE,2021-05-07,30,Y,2026-01-21,Ad Hoc,4.99,6.03
REL-0724,EMP-7537,Joseph Jackson,Manager,Customer Experience,Remote,EMP-5113,Joshua Campbell,Senior Manager,Customer Experience,EMP-5150,Susan Harris,Dotted-Line,9,3,4,46,18,1.27,4,NONE,2020-11-27,24,Y,2026-01-14,Monthly,2.14,6.64
REL-0725,EMP-6512,Susan Jackson,Senior Manager,Legal & Compliance,Austin TX,EMP-5124,Sarah King,C-Suite,Legal & Compliance,NONE,N/A,Direct,14,4,8,65,9,3.46,1,EMP-5212,2019-10-22,28,Y,2026-01-14,Monthly,9.77,5.5
REL-0726,EMP-6548,Sarah Williams,Individual Contributor,Legal & Compliance,Austin TX,EMP-5272,Jessica Harris,Director,Legal & Compliance,EMP-5001,Linda Jackson,Direct,0,1,12,77,2,3.63,0,EMP-5032,2025-04-25,15,Y,2026-01-10,Weekly,5.1,9.82
REL-0727,EMP-7272,Ashley Hernandez,Team Lead,Data Science,Frisco TX,EMP-5329,Susan Clark,Manager,Data Science,EMP-5113,Joshua Campbell,Dotted-Line,0,2,15,32,1,3.15,2,EMP-5142,2018-11-25,57,Y,2026-01-28,Monthly,3.09,4.72
REL-0728,EMP-6465,Amanda Ramirez,Team Lead,Finance,Atlanta GA,EMP-5294,Robert Gonzalez,Manager,Finance,EMP-5033,Amanda Ramirez,Direct,0,2,11,40,19,3.25,2,NONE,2023-08-01,68,N,2026-05-18,Weekly,4.65,6.86
REL-0729,EMP-6802,Donald Rivera,Individual Contributor,Engineering,Remote,EMP-5145,Margaret Lopez,Manager,Engineering,EMP-5173,Donna Thompson,Dotted-Line,0,1,14,36,14,8.23,0,NONE,2019-01-08,34,Y,2026-04-09,Ad Hoc,6.19,6.2
REL-0730,EMP-8297,Paul Jones,Manager,Data Science,Chicago IL,EMP-5106,Margaret Rodriguez,Senior Manager,Data Science,EMP-5239,Jennifer Rodriguez,Direct,13,3,4,9,12,2.93,5,NONE,2020-07-03,63,Y,2026-01-02,Bi-Weekly,9.87,8.67
REL-0731,EMP-6332,Donald Lewis,Manager,Product,Frisco TX,EMP-5094,Kimberly Lopez,Director,Product,EMP-5080,Michelle Hall,Dotted-Line,1,3,5,79,1,1.6,4,NONE,2024-02-01,28,Y,2026-06-06,Weekly,7.4,7.33
REL-0732,EMP-6586,Dorothy Gonzalez,Senior Manager,Engineering,Atlanta GA,EMP-5305,Christopher Thomas,VP,Engineering,EMP-5001,Linda Jackson,Matrix,8,4,11,10,6,1.8,5,EMP-5012,2022-05-08,48,N,2026-03-12,Monthly,8.61,4.45
REL-0733,EMP-7603,Maria White,Manager,Sales,Seattle WA,EMP-5003,Jessica Johnson,Senior Manager,Sales,EMP-5049,Thomas Green,Dotted-Line,11,3,2,67,17,4.97,3,EMP-5193,2020-12-12,3,Y,2026-05-03,Ad Hoc,7.33,5.07
REL-0734,EMP-6492,Andrew Sanchez,Team Lead,Engineering,Seattle WA,EMP-5187,Donald Hernandez,Manager,Engineering,EMP-5231,Sarah Martin,Matrix,0,2,1,32,16,5.6,5,NONE,2020-01-20,23,Y,2026-04-14,Weekly,7.93,6.76
REL-0735,EMP-7194,George Adams,Individual Contributor,Data Science,San Francisco CA,EMP-5038,Brian Martin,Manager,Data Science,EMP-5302,Patricia Walker,Matrix,0,1,5,9,6,2.13,4,EMP-5038,2024-02-01,55,Y,2026-05-09,Monthly,9.94,3.07
REL-0736,EMP-8169,Jessica Ramirez,Manager,Product,Austin TX,EMP-5114,Sandra Sanchez,VP,Product,EMP-5001,Linda Jackson,Direct,12,3,14,65,15,6.03,0,NONE,2023-12-12,44,Y,2026-04-23,Ad Hoc,2.61,9.66
REL-0737,EMP-6616,Emily Lewis,Team Lead,Customer Experience,Atlanta GA,EMP-5132,Susan Nelson,Manager,Customer Experience,EMP-5272,Jessica Harris,Matrix,0,2,5,20,11,6.49,2,EMP-5090,2019-05-27,34,N,2026-03-22,Ad Hoc,6.68,7.18
REL-0738,EMP-8476,Robert Allen,Individual Contributor,Sales,Denver CO,EMP-5013,Joseph Torres,Manager,Sales,EMP-5310,Kimberly Mitchell,Dotted-Line,0,1,5,79,17,1.43,2,EMP-5123,2024-02-15,39,Y,2026-06-01,Weekly,2.94,3.02
REL-0739,EMP-7796,Brian Brown,Senior Manager,Legal & Compliance,Frisco TX,EMP-5124,Sarah King,C-Suite,Legal & Compliance,NONE,N/A,Matrix,8,4,11,74,14,2.96,3,NONE,2024-08-03,40,N,2026-05-11,Ad Hoc,9.61,9.39
REL-0740,EMP-8964,Maria Lee,Individual Contributor,Sales,Frisco TX,EMP-5237,Thomas Moore,Senior Manager,Sales,EMP-5200,Matthew King,Dotted-Line,0,1,3,23,0,4.97,3,NONE,2023-11-08,16,Y,2026-01-10,Ad Hoc,4.53,6.59
REL-0741,EMP-7541,Ashley Walker,Individual Contributor,Marketing,San Francisco CA,EMP-5348,Richard Thomas,Senior Manager,Marketing,EMP-5260,George Jackson,Direct,0,1,10,57,6,5.7,2,NONE,2019-06-25,19,Y,2026-06-26,Weekly,2.9,6.64
REL-0742,EMP-8675,Charles Martinez,Manager,Marketing,Chicago IL,EMP-5302,Patricia Walker,Senior Manager,Marketing,EMP-5024,Joseph Nelson,Dotted-Line,8,3,7,68,12,2.64,2,EMP-5325,2022-06-06,18,Y,2026-04-09,Ad Hoc,6.08,6.68
REL-0743,EMP-8058,Sandra Sanchez,VP,Product,Frisco TX,EMP-5001,Linda Jackson,C-Suite,Sales,NONE,N/A,Matrix,9,6,1,13,20,6.87,4,EMP-5042,2022-07-15,22,Y,2026-01-06,Ad Hoc,8.93,3.24
REL-0744,EMP-7571,Michael Gonzalez,Team Lead,Customer Experience,Remote,EMP-5087,Joseph Jackson,Manager,Customer Experience,EMP-5090,Joshua Johnson,Matrix,0,2,9,24,6,6.33,5,EMP-5304,2018-07-02,51,Y,2026-05-15,Monthly,2.24,6.05
REL-0745,EMP-7233,John Adams,Manager,Sales,Atlanta GA,EMP-5003,Jessica Johnson,Senior Manager,Sales,EMP-5305,Christopher Thomas,Dotted-Line,10,3,1,14,20,1.7,4,NONE,2019-05-08,17,N,2026-05-09,Bi-Weekly,7.18,5.05
REL-0746,EMP-6630,Anthony Baker,Team Lead,Operations,New York NY,EMP-5072,Charles Perez,Director,Operations,EMP-5050,Jennifer Jones,Direct,0,2,4,8,2,5.36,4,NONE,2022-07-03,63,Y,2026-02-25,Monthly,2.82,7.64
REL-0747,EMP-6749,Maria Hill,Individual Contributor,People & HR,Chicago IL,EMP-5312,Robert Green,Manager,People & HR,EMP-5032,Kimberly Wright,Dotted-Line,0,1,1,18,18,1.38,3,NONE,2022-06-24,3,Y,2026-01-09,Ad Hoc,6.08,8.93
REL-0748,EMP-7620,Barbara Ramirez,Individual Contributor,Product,Denver CO,EMP-5148,John Rodriguez,Manager,Product,EMP-5373,Deborah Taylor,Dotted-Line,0,1,13,46,15,7.18,0,EMP-5212,2024-06-06,46,Y,2026-04-27,Monthly,7.58,3.7
REL-0749,EMP-7658,Kimberly Lopez,Director,Product,Boston MA,EMP-5114,Sandra Sanchez,VP,Product,EMP-5196,David Thomas,Matrix,3,5,6,78,14,1.45,4,NONE,2020-12-07,12,Y,2026-04-01,Bi-Weekly,3.75,9.84
REL-0750,EMP-8428,Maria Young,Manager,Product,New York NY,EMP-5382,Maria Smith,Senior Manager,Product,EMP-5240,Edward Thomas,Dotted-Line,1,3,12,12,10,9.95,2,EMP-5217,2023-09-22,22,Y,2026-06-15,Ad Hoc,4.09,4.47
REL-0751,EMP-7303,Michelle Thompson,Manager,Legal & Compliance,Atlanta GA,EMP-5272,Jessica Harris,Director,Legal & Compliance,EMP-5368,Ashley Robinson,Matrix,8,3,6,56,20,7.64,2,NONE,2023-10-20,9,Y,2026-06-17,Monthly,5.98,6.67
REL-0752,EMP-6453,Kevin Williams,Senior Manager,Operations,Frisco TX,EMP-5130,Linda Hall,Director,Operations,EMP-5199,Edward Thompson,Matrix,8,4,2,41,4,8.12,0,NONE,2019-11-08,35,Y,2026-03-14,Ad Hoc,6.23,8.77
REL-0753,EMP-8638,Edward Roberts,Individual Contributor,Product,Chicago IL,EMP-5046,Patricia Young,Senior Manager,Product,EMP-5080,Michelle Hall,Direct,0,1,10,34,0,8.71,2,EMP-5363,2019-05-28,22,N,2026-03-17,Monthly,7.07,3.02
REL-0754,EMP-7627,Elizabeth Green,Manager,Marketing,San Francisco CA,EMP-5033,Amanda Ramirez,Senior Manager,Marketing,EMP-5100,Donna Moore,Direct,9,3,12,2,13,5.45,3,NONE,2022-10-09,26,N,2026-05-20,Bi-Weekly,9.18,3.85
REL-0755,EMP-6143,Jessica Gonzalez,Individual Contributor,Legal & Compliance,Austin TX,EMP-5256,Amanda Hill,Director,Legal & Compliance,EMP-5239,Jennifer Rodriguez,Dotted-Line,0,1,14,68,20,5.03,0,EMP-5177,2020-01-18,20,Y,2026-02-14,Bi-Weekly,9.7,8.95
REL-0756,EMP-7076,Kevin Jackson,Individual Contributor,Customer Experience,Frisco TX,EMP-5024,Joseph Nelson,VP,Customer Experience,EMP-5196,David Thomas,Matrix,0,1,5,67,19,7.72,5,EMP-5371,2021-01-09,50,Y,2026-05-14,Weekly,5.93,7.42
REL-0757,EMP-7227,William Roberts,Individual Contributor,Customer Experience,Remote,EMP-5052,Donald Wilson,Senior Manager,Customer Experience,EMP-5385,Christopher Ramirez,Direct,0,1,2,55,11,6.76,4,NONE,2024-11-06,40,Y,2026-01-27,Weekly,7.71,5.07
REL-0758,EMP-7355,Betty Robinson,Senior Manager,People & HR,New York NY,EMP-5398,Karen Perez,Director,People & HR,EMP-5310,Kimberly Mitchell,Matrix,8,4,15,27,15,9.34,4,EMP-5059,2021-12-29,58,Y,2026-03-19,Ad Hoc,6.72,7.29
REL-0759,EMP-7165,Sandra Flores,Individual Contributor,Customer Experience,Remote,EMP-5377,Maria Rodriguez,Manager,Customer Experience,EMP-5357,Emily Wright,Matrix,0,1,8,49,0,1.22,2,NONE,2025-08-01,25,Y,2026-02-08,Ad Hoc,5.44,5.1
REL-0760,EMP-7432,Sandra Flores,Individual Contributor,Customer Experience,Remote,EMP-5377,Maria Rodriguez,Manager,Customer Experience,EMP-5357,Emily Wright,Matrix,0,1,8,49,0,5.84,2,NONE,2025-08-01,25,Y,2026-02-08,Ad Hoc,7.93,8.9
REL-0761,EMP-7900,George Adams,Individual Contributor,Data Science,San Francisco CA,EMP-5038,Brian Martin,Manager,Data Science,EMP-5302,Patricia Walker,Matrix,0,1,5,9,6,5.52,4,EMP-5038,2024-02-01,55,Y,2026-05-09,Monthly,5.51,8.03
REL-0762,EMP-6511,Kevin Green,Manager,Sales,Atlanta GA,EMP-5001,Linda Jackson,C-Suite,Sales,NONE,N/A,Matrix,8,3,12,63,19,8.4,2,EMP-5322,2025-04-22,12,Y,2026-06-27,Bi-Weekly,7.61,8.33
REL-0763,EMP-7428,Amanda Hernandez,Team Lead,Customer Experience,New York NY,EMP-5326,Sarah Nguyen,Senior Manager,Customer Experience,EMP-5001,Linda Jackson,Direct,0,2,12,75,6,6.07,1,EMP-5169,2022-12-04,63,Y,2026-02-08,Bi-Weekly,2.78,8.38
REL-0764,EMP-7924,Ronald Walker,Senior Manager,People & HR,Austin TX,EMP-5154,Deborah Torres,Director,People & HR,EMP-5024,Joseph Nelson,Matrix,16,4,12,59,0,8.89,0,NONE,2020-01-28,9,Y,2026-01-30,Weekly,8.47,6.98
REL-0765,EMP-7650,Thomas Clark,Individual Contributor,Sales,Remote,EMP-5229,Linda Rodriguez,Manager,Sales,EMP-5200,Matthew King,Matrix,0,1,2,13,4,2.75,1,NONE,2023-09-10,1,Y,2026-05-02,Bi-Weekly,4.22,5.95
REL-0766,EMP-8938,Deborah Taylor,Senior Manager,Customer Experience,Austin TX,EMP-5024,Joseph Nelson,VP,Customer Experience,EMP-5035,Stephanie Moore,Matrix,1,4,3,28,1,3.04,2,NONE,2021-10-15,56,Y,2026-03-29,Ad Hoc,5.03,8.31
REL-0767,EMP-8552,Sarah Nguyen,Senior Manager,Customer Experience,Seattle WA,EMP-5136,Joseph Harris,Director,Customer Experience,EMP-5196,David Thomas,Dotted-Line,18,4,13,30,2,7.61,5,NONE,2021-08-08,25,Y,2026-05-02,Bi-Weekly,8.66,9.87
REL-0768,EMP-6549,Michael Ramirez,Individual Contributor,Engineering,New York NY,EMP-5173,Donna Thompson,Senior Manager,Engineering,EMP-5337,George Campbell,Dotted-Line,0,1,8,30,8,2.88,1,EMP-5079,2018-08-23,60,Y,2026-05-28,Bi-Weekly,8.08,3.52
REL-0769,EMP-6820,Elizabeth Green,Manager,Marketing,San Francisco CA,EMP-5033,Amanda Ramirez,Senior Manager,Marketing,EMP-5100,Donna Moore,Direct,9,3,12,2,13,7.97,3,NONE,2022-10-09,26,N,2026-05-20,Bi-Weekly,8.31,9.25
REL-0770,EMP-7522,Joshua Rivera,Individual Contributor,Legal & Compliance,New York NY,EMP-5009,Jennifer Miller,Senior Manager,Legal & Compliance,EMP-5072,Charles Perez,Matrix,0,1,3,30,7,4.97,3,NONE,2018-12-21,54,Y,2026-05-01,Ad Hoc,2.69,6.63
REL-0771,EMP-7657,Deborah Jackson,Individual Contributor,Engineering,Denver CO,EMP-5260,George Jackson,VP,Engineering,EMP-5050,Jennifer Jones,Dotted-Line,0,1,8,73,2,1.48,5,EMP-5243,2023-03-01,7,Y,2026-04-09,Bi-Weekly,3.84,4.13
REL-0772,EMP-8175,Charles Allen,Individual Contributor,Product,Denver CO,EMP-5240,Edward Thomas,Director,Product,EMP-5100,Donna Moore,Matrix,0,1,14,36,13,9.39,0,EMP-5130,2018-12-07,23,Y,2026-02-26,Monthly,8.31,6.67
REL-0773,EMP-7470,Emily King,Manager,Legal & Compliance,Frisco TX,EMP-5009,Jennifer Miller,Senior Manager,Legal & Compliance,EMP-5080,Michelle Hall,Direct,4,3,14,43,19,1.56,5,EMP-5316,2022-07-12,16,Y,2026-01-29,Bi-Weekly,7.74,8.24
REL-0774,EMP-6729,Nancy Adams,Manager,Data Science,Atlanta GA,EMP-5106,Margaret Rodriguez,Senior Manager,Data Science,EMP-5050,Jennifer Jones,Direct,3,3,9,46,4,4.42,4,NONE,2025-03-09,39,N,2026-01-11,Ad Hoc,3.9,6.26
REL-0775,EMP-8873,Donna Moore,VP,Marketing,New York NY,EMP-5001,Linda Jackson,C-Suite,Sales,NONE,N/A,Direct,16,6,5,77,1,9.34,3,NONE,2023-11-03,60,Y,2026-06-27,Ad Hoc,4.28,7.33
REL-0776,EMP-6502,Jessica Smith,Manager,Finance,Seattle WA,EMP-5374,Donna Young,Senior Manager,Finance,EMP-5204,Steven Baker,Matrix,17,3,3,69,1,2.03,4,EMP-5000,2023-04-09,23,N,2026-03-01,Bi-Weekly,5.36,7.41
REL-0777,EMP-8571,Sandra Sanchez,VP,Product,Frisco TX,EMP-5001,Linda Jackson,C-Suite,Sales,NONE,N/A,Matrix,9,6,1,13,20,7.06,4,EMP-5042,2022-07-15,22,Y,2026-01-06,Ad Hoc,7.54,9.61
REL-0778,EMP-6102,Linda Scott,Individual Contributor,Customer Experience,Boston MA,EMP-5043,Nancy Brown,Manager,Customer Experience,EMP-5001,Linda Jackson,Matrix,0,1,8,5,0,1.52,4,NONE,2020-05-18,1,Y,2026-05-30,Weekly,5.13,4.71
REL-0779,EMP-7437,Linda Scott,Individual Contributor,Customer Experience,Boston MA,EMP-5043,Nancy Brown,Manager,Customer Experience,EMP-5001,Linda Jackson,Matrix,0,1,8,5,0,1.68,4,NONE,2020-05-18,1,Y,2026-05-30,Weekly,3.61,8.65
REL-0780,EMP-6169,Steven Torres,Manager,Sales,Austin TX,EMP-5237,Thomas Moore,Senior Manager,Sales,EMP-5072,Charles Perez,Direct,3,3,4,68,5,4.42,5,NONE,2019-06-08,42,N,2026-04-06,Ad Hoc,6.65,7.69
REL-0781,EMP-6844,Joseph Jackson,Manager,Customer Experience,Remote,EMP-5113,Joshua Campbell,Senior Manager,Customer Experience,EMP-5150,Susan Harris,Dotted-Line,9,3,4,46,18,7.14,4,NONE,2020-11-27,24,Y,2026-01-14,Monthly,8.02,6.76
REL-0782,EMP-7587,Nancy Jones,Director,Operations,Remote,EMP-5035,Stephanie Moore,SVP,Operations,EMP-5124,Sarah King,Matrix,14,5,11,43,9,6.93,2,EMP-5308,2021-02-17,12,Y,2026-01-02,Bi-Weekly,9.57,5.74
REL-0783,EMP-6253,Melissa Rodriguez,Senior Manager,Product,Seattle WA,EMP-5383,Andrew Ramirez,Director,Product,EMP-5035,Stephanie Moore,Direct,16,4,6,66,6,5.04,2,NONE,2024-01-21,29,Y,2026-04-28,Ad Hoc,3.72,7.4
REL-0784,EMP-6376,Susan Martinez,Individual Contributor,Customer Experience,Atlanta GA,EMP-5087,Joseph Jackson,Manager,Customer Experience,EMP-5136,Joseph Harris,Dotted-Line,0,1,4,61,7,4.21,4,NONE,2022-02-13,43,Y,2026-05-01,Weekly,6.07,3.47
REL-0785,EMP-8574,Matthew Allen,Team Lead,Data Science,Chicago IL,EMP-5021,Brian Robinson,VP,Data Science,EMP-5035,Stephanie Moore,Direct,0,2,1,50,6,3.35,1,EMP-5036,2020-10-18,72,Y,2026-06-09,Weekly,5.42,6.59
REL-0786,EMP-7630,Karen Brown,Manager,Engineering,San Francisco CA,EMP-5235,Joshua Adams,Director,Engineering,EMP-5035,Stephanie Moore,Direct,12,3,3,73,4,2.58,0,NONE,2023-12-30,70,Y,2026-04-05,Ad Hoc,6.99,5.98
REL-0787,EMP-6636,Michelle Williams,Manager,Sales,New York NY,EMP-5018,Jennifer Johnson,Director,Sales,EMP-5368,Ashley Robinson,Dotted-Line,7,3,11,13,4,9.18,5,NONE,2022-05-15,59,Y,2026-06-03,Ad Hoc,5.39,6.72
REL-0788,EMP-6679,Brian Brown,Senior Manager,Legal & Compliance,Frisco TX,EMP-5124,Sarah King,C-Suite,Legal & Compliance,NONE,N/A,Matrix,8,4,11,74,14,9.87,3,NONE,2024-08-03,40,N,2026-05-11,Ad Hoc,6.36,5.85
REL-0789,EMP-6914,Brian Taylor,Individual Contributor,People & HR,San Francisco CA,EMP-5361,Jennifer Campbell,Manager,People & HR,EMP-5357,Emily Wright,Dotted-Line,0,1,12,5,15,7.56,3,EMP-5162,2023-07-03,64,Y,2026-03-31,Weekly,6.76,8.31
REL-0790,EMP-8315,Elizabeth Anderson,Individual Contributor,Finance,New York NY,EMP-5231,Sarah Martin,VP,Finance,EMP-5196,David Thomas,Dotted-Line,0,1,4,60,13,6.11,0,NONE,2020-12-20,52,Y,2026-05-12,Bi-Weekly,6.39,3.07
REL-0791,EMP-7558,Margaret Rodriguez,Senior Manager,Data Science,Seattle WA,EMP-5239,Jennifer Rodriguez,VP,Data Science,EMP-5196,David Thomas,Matrix,1,4,12,49,12,3.33,2,NONE,2023-10-10,35,N,2026-04-05,Ad Hoc,2.29,6.65
REL-0792,EMP-6975,David Hernandez,Individual Contributor,Finance,Boston MA,EMP-5338,Linda Rivera,Manager,Finance,EMP-5395,Jessica Taylor,Direct,0,1,1,11,20,8.01,4,NONE,2023-01-22,32,Y,2026-02-04,Weekly,3.29,3.07
REL-0793,EMP-7429,Richard Johnson,Individual Contributor,Legal & Compliance,Boston MA,EMP-5068,Mark Baker,Manager,Legal & Compliance,EMP-5048,Stephanie Rodriguez,Dotted-Line,0,1,15,31,14,8.5,1,NONE,2023-06-09,61,N,2026-03-27,Bi-Weekly,7.21,4.83
REL-0794,EMP-8752,Ashley Lopez,Team Lead,Sales,Remote,EMP-5192,Kevin Green,Manager,Sales,EMP-5208,Charles Robinson,Direct,0,2,8,9,11,1.87,0,NONE,2023-09-22,38,Y,2026-05-01,Bi-Weekly,7.01,7.4
REL-0795,EMP-8726,Michelle Torres,Senior Manager,Customer Experience,Chicago IL,EMP-5024,Joseph Nelson,VP,Customer Experience,EMP-5001,Linda Jackson,Direct,15,4,4,78,14,6.11,4,NONE,2020-05-01,20,Y,2026-05-29,Ad Hoc,4.44,3.43
REL-0796,EMP-7526,Jessica Smith,Manager,Finance,Seattle WA,EMP-5374,Donna Young,Senior Manager,Finance,EMP-5204,Steven Baker,Matrix,17,3,3,69,1,9.18,4,EMP-5000,2023-04-09,23,N,2026-03-01,Bi-Weekly,5.5,7.66
REL-0797,EMP-6614,Michelle Hall,VP,Engineering,Denver CO,EMP-5050,Jennifer Jones,C-Suite,Engineering,NONE,N/A,Direct,6,6,15,52,2,7.34,4,EMP-5053,2019-03-17,61,Y,2026-05-13,Ad Hoc,5.52,3.48
REL-0798,EMP-7169,Michelle Baker,Director,Marketing,Remote,EMP-5100,Donna Moore,VP,Marketing,EMP-5050,Jennifer Jones,Direct,12,5,4,57,1,3.49,1,NONE,2022-10-05,47,Y,2026-02-10,Ad Hoc,3.34,4.69
REL-0799,EMP-6469,Jessica Smith,Manager,Finance,Seattle WA,EMP-5374,Donna Young,Senior Manager,Finance,EMP-5204,Steven Baker,Matrix,17,3,3,69,1,1.44,4,EMP-5000,2023-04-09,23,N,2026-03-01,Bi-Weekly,2.17,6.48
REL-0800,EMP-7556,William Martinez,Individual Contributor,Legal & Compliance,Frisco TX,EMP-5232,Ashley Lewis,Senior Manager,Legal & Compliance,EMP-5272,Jessica Harris,Direct,0,1,7,11,0,2.43,1,NONE,2018-08-29,8,Y,2026-05-18,Ad Hoc,6.36,6.57
REL-0801,EMP-6889,Carol Flores,Team Lead,People & HR,San Francisco CA,EMP-5081,Edward Hernandez,Senior Manager,People & HR,EMP-5090,Joshua Johnson,Matrix,0,2,5,30,6,4.55,0,EMP-5288,2024-07-03,14,Y,2026-06-29,Weekly,4.4,8.04
REL-0802,EMP-6600,Robert Gonzalez,Manager,Finance,Austin TX,EMP-5374,Donna Young,Senior Manager,Finance,EMP-5196,David Thomas,Dotted-Line,18,3,6,2,20,1.48,4,EMP-5198,2018-06-25,53,Y,2026-05-31,Bi-Weekly,9.08,9.19
REL-0803,EMP-6828,Sarah King,Individual Contributor,Engineering,Denver CO,EMP-5235,Joshua Adams,Director,Engineering,EMP-5204,Steven Baker,Dotted-Line,0,1,13,71,10,8.76,2,EMP-5141,2026-02-08,46,N,2026-03-11,Bi-Weekly,7.32,3.78
REL-0804,EMP-8758,Amanda Wilson,Senior Manager,Marketing,Remote,EMP-5385,Christopher Ramirez,Director,Marketing,EMP-5305,Christopher Thomas,Dotted-Line,17,4,12,1,16,5.26,4,EMP-5175,2025-02-13,71,Y,2026-02-24,Monthly,5.92,9.49
REL-0805,EMP-8367,Maria Williams,Individual Contributor,Engineering,Atlanta GA,EMP-5235,Joshua Adams,Director,Engineering,EMP-5100,Donna Moore,Matrix,0,1,0,13,12,1.35,5,NONE,2019-02-25,60,Y,2026-06-18,Monthly,2.41,3.21
REL-0806,EMP-6076,Joshua Campbell,Senior Manager,Customer Experience,Chicago IL,EMP-5024,Joseph Nelson,VP,Customer Experience,EMP-5050,Jennifer Jones,Dotted-Line,18,4,9,19,9,9.05,3,NONE,2018-07-19,33,Y,2026-02-14,Ad Hoc,7.78,9.11
REL-0807,EMP-8686,Anthony Baker,Team Lead,Legal & Compliance,Frisco TX,EMP-5256,Amanda Hill,Director,Legal & Compliance,EMP-5199,Edward Thompson,Direct,0,2,1,29,18,6.57,1,EMP-5264,2021-04-29,44,Y,2026-01-10,Ad Hoc,3.17,7.34
REL-0808,EMP-7112,Sandra Lee,Individual Contributor,Data Science,Austin TX,EMP-5199,Edward Thompson,VP,Data Science,EMP-5050,Jennifer Jones,Dotted-Line,0,1,13,45,9,9.58,2,EMP-5367,2023-12-25,42,Y,2026-05-20,Bi-Weekly,2.95,4.89
REL-0809,EMP-7123,Edward Green,Individual Contributor,Customer Experience,Boston MA,EMP-5043,Nancy Brown,Manager,Customer Experience,EMP-5001,Linda Jackson,Matrix,0,1,14,65,17,4.79,2,EMP-5374,2022-02-25,65,Y,2026-02-06,Ad Hoc,2.4,8.08
REL-0810,EMP-7784,Anthony Baker,Team Lead,Operations,New York NY,EMP-5072,Charles Perez,Director,Operations,EMP-5050,Jennifer Jones,Direct,0,2,4,8,2,7.88,4,NONE,2022-07-03,63,Y,2026-02-25,Monthly,5.96,7.32
REL-0811,EMP-6225,Susan Jackson,Senior Manager,Legal & Compliance,Austin TX,EMP-5124,Sarah King,C-Suite,Legal & Compliance,NONE,N/A,Direct,14,4,8,65,9,5.64,1,EMP-5212,2019-10-22,28,Y,2026-01-14,Monthly,5.69,5.26
REL-0812,EMP-8446,Joshua Campbell,Senior Manager,Customer Experience,Chicago IL,EMP-5024,Joseph Nelson,VP,Customer Experience,EMP-5050,Jennifer Jones,Dotted-Line,18,4,9,19,9,1.11,3,NONE,2018-07-19,33,Y,2026-02-14,Ad Hoc,6.1,8.87
REL-0813,EMP-7867,Maria Rodriguez,Individual Contributor,Marketing,Frisco TX,EMP-5209,Charles Martinez,Manager,Marketing,EMP-5302,Patricia Walker,Matrix,0,1,11,13,10,6.94,0,NONE,2025-12-23,11,Y,2026-06-27,Ad Hoc,5.48,8.65
REL-0814,EMP-6160,David Allen,Senior Manager,Customer Experience,Frisco TX,EMP-5024,Joseph Nelson,VP,Customer Experience,EMP-5124,Sarah King,Dotted-Line,14,4,8,27,9,3.85,0,EMP-5344,2022-02-19,39,Y,2026-01-25,Ad Hoc,5.06,9.85
REL-0815,EMP-7391,Sandra Moore,Individual Contributor,Sales,Frisco TX,EMP-5345,John Adams,Manager,Sales,EMP-5337,George Campbell,Matrix,0,1,6,57,18,6.77,2,NONE,2025-02-16,6,Y,2026-01-25,Ad Hoc,6.78,9.87
REL-0816,EMP-6651,Linda White,Individual Contributor,Marketing,San Francisco CA,EMP-5259,Michelle Baker,Director,Marketing,EMP-5114,Sandra Sanchez,Dotted-Line,0,1,8,28,17,6.6,2,EMP-5274,2025-09-17,11,Y,2026-05-16,Weekly,5.88,5.1
REL-0817,EMP-7598,Deborah Torres,Director,People & HR,Boston MA,EMP-5196,David Thomas,C-Suite,People & HR,NONE,N/A,Dotted-Line,10,5,14,7,16,7.02,2,EMP-5313,2020-07-09,51,N,2026-04-20,Monthly,5.14,6.83
REL-0818,EMP-7904,Patricia Young,Senior Manager,Product,Atlanta GA,EMP-5240,Edward Thomas,Director,Product,EMP-5204,Steven Baker,Direct,5,4,6,22,17,4.24,1,NONE,2025-09-15,66,Y,2026-06-19,Monthly,4.26,3.57
REL-0819,EMP-6679,Andrew Ramirez,Director,Product,Frisco TX,EMP-5114,Sandra Sanchez,VP,Product,EMP-5196,David Thomas,Matrix,4,5,12,22,14,6.64,3,NONE,2024-02-22,56,N,2026-04-03,Ad Hoc,3.69,9.49
REL-0820,EMP-8441,Amanda King,Individual Contributor,People & HR,Seattle WA,EMP-5198,Anthony Smith,Director,People & HR,EMP-5114,Sandra Sanchez,Dotted-Line,0,1,8,69,2,9.82,3,NONE,2026-01-30,3,Y,2026-01-09,Bi-Weekly,4.45,4.2
REL-0821,EMP-8594,David Adams,Individual Contributor,Data Science,Remote,EMP-5106,Margaret Rodriguez,Senior Manager,Data Science,EMP-5383,Andrew Ramirez,Matrix,0,1,14,64,6,3.6,1,NONE,2023-09-06,31,Y,2026-05-13,Monthly,4.59,9.61
REL-0822,EMP-8946,Stephanie Moore,SVP,Operations,Boston MA,EMP-5196,David Thomas,C-Suite,People & HR,NONE,N/A,Matrix,10,7,5,77,17,8.01,3,NONE,2022-06-17,7,N,2026-02-18,Weekly,5.13,8.41
REL-0823,EMP-6683,Jennifer Robinson,Individual Contributor,Operations,Austin TX,EMP-5149,Steven Johnson,Manager,Operations,EMP-5170,Kevin Williams,Direct,0,1,12,72,14,4.43,2,EMP-5200,2022-06-02,34,Y,2026-02-16,Weekly,8.12,9.47
REL-0824,EMP-6210,Michelle Flores,Manager,Customer Experience,Denver CO,EMP-5373,Deborah Taylor,Senior Manager,Customer Experience,EMP-5200,Matthew King,Direct,5,3,13,68,15,2.78,3,NONE,2018-06-14,59,Y,2026-05-10,Weekly,2.26,6.24
REL-0825,EMP-8350,David Thomas,C-Suite,People & HR,Austin TX,NONE,N/A,N/A,N/A,NONE,N/A,Dotted-Line,2,8,13,2,6,6.16,2,NONE,2023-01-14,31,N,2026-04-24,Bi-Weekly,5.25,5.77
REL-0826,EMP-6278,Richard Hall,Manager,Customer Experience,Boston MA,EMP-5136,Joseph Harris,Director,Customer Experience,EMP-5024,Joseph Nelson,Matrix,11,3,0,77,16,1.39,1,NONE,2022-01-26,23,Y,2026-04-14,Ad Hoc,4.95,9.17
REL-0827,EMP-8636,Steven Mitchell,Team Lead,Engineering,Seattle WA,EMP-5135,Jennifer Williams,Manager,Engineering,EMP-5024,Joseph Nelson,Matrix,0,2,13,13,6,5.52,4,EMP-5360,2025-12-06,69,Y,2026-06-09,Ad Hoc,6.99,4.19
REL-0828,EMP-7970,Sarah Nguyen,Senior Manager,Customer Experience,Seattle WA,EMP-5136,Joseph Harris,Director,Customer Experience,EMP-5196,David Thomas,Dotted-Line,18,4,13,30,2,5.44,5,NONE,2021-08-08,25,Y,2026-05-02,Bi-Weekly,5.84,5.66
REL-0829,EMP-8353,Richard White,Individual Contributor,Finance,Austin TX,EMP-5374,Donna Young,Senior Manager,Finance,EMP-5272,Jessica Harris,Dotted-Line,0,1,15,31,0,3.97,3,NONE,2022-10-08,63,Y,2026-04-04,Monthly,3.96,5.97
REL-0830,EMP-6076,Robert Rodriguez,Individual Contributor,Finance,Seattle WA,EMP-5075,Kevin Ramirez,Manager,Finance,EMP-5154,Deborah Torres,Matrix,0,1,3,56,5,7.6,3,NONE,2021-08-26,55,Y,2026-04-15,Monthly,5.68,6.96
REL-0831,EMP-6386,Deborah Torres,Director,People & HR,Boston MA,EMP-5196,David Thomas,C-Suite,People & HR,NONE,N/A,Dotted-Line,10,5,14,7,16,2.58,2,EMP-5313,2020-07-09,51,N,2026-04-20,Monthly,7.62,8.22
REL-0832,EMP-7138,Melissa Lewis,Individual Contributor,Product,Atlanta GA,EMP-5085,Donald Lewis,Manager,Product,EMP-5239,Jennifer Rodriguez,Direct,0,1,7,62,3,5.08,3,NONE,2020-09-01,32,N,2026-03-01,Ad Hoc,2.01,6.72
REL-0833,EMP-7856,William Martinez,Individual Contributor,Legal & Compliance,Frisco TX,EMP-5232,Ashley Lewis,Senior Manager,Legal & Compliance,EMP-5272,Jessica Harris,Direct,0,1,7,11,0,6.75,1,NONE,2018-08-29,8,Y,2026-05-18,Ad Hoc,5.03,8.77
REL-0834,EMP-7999,Michelle Williams,Manager,Sales,New York NY,EMP-5018,Jennifer Johnson,Director,Sales,EMP-5368,Ashley Robinson,Dotted-Line,7,3,11,13,4,8.88,5,NONE,2022-05-15,59,Y,2026-06-03,Ad Hoc,3.45,5.63
REL-0835,EMP-8279,Nancy Martin,Team Lead,Finance,Denver CO,EMP-5374,Donna Young,Senior Manager,Finance,EMP-5080,Michelle Hall,Matrix,0,2,11,22,5,3.68,0,EMP-5118,2020-03-01,19,Y,2026-04-12,Monthly,9.61,8.47
REL-0836,EMP-8355,Kevin Ramirez,Manager,Finance,Chicago IL,EMP-5368,Ashley Robinson,VP,Finance,EMP-5001,Linda Jackson,Dotted-Line,6,3,8,65,3,8.48,3,EMP-5344,2023-09-23,22,Y,2026-04-20,Weekly,7.02,9.24
REL-0837,EMP-6174,Sarah Smith,Individual Contributor,Marketing,New York NY,EMP-5042,George Rodriguez,Manager,Marketing,EMP-5171,Nancy Jones,Direct,0,1,6,18,15,2.49,3,NONE,2024-05-14,58,N,2026-05-05,Bi-Weekly,6.14,5.23
REL-0838,EMP-8821,Charles Wright,Team Lead,Marketing,Seattle WA,EMP-5344,James Nguyen,Manager,Marketing,EMP-5106,Margaret Rodriguez,Dotted-Line,0,2,8,59,3,3.94,1,EMP-5276,2025-04-11,44,N,2026-05-28,Monthly,9.27,7.81
REL-0839,EMP-6274,Amanda Hill,Director,Legal & Compliance,Remote,EMP-5124,Sarah King,C-Suite,Legal & Compliance,NONE,N/A,Direct,10,5,4,4,18,4.7,2,EMP-5279,2020-04-30,24,Y,2026-06-03,Monthly,7.66,5.09
REL-0840,EMP-6351,Michael Ramirez,Individual Contributor,Engineering,New York NY,EMP-5173,Donna Thompson,Senior Manager,Engineering,EMP-5337,George Campbell,Dotted-Line,0,1,8,30,8,2.55,1,EMP-5079,2018-08-23,60,Y,2026-05-28,Bi-Weekly,7.41,8.32
REL-0841,EMP-6181,James Sanchez,Team Lead,Sales,Austin TX,EMP-5316,Maria Miller,Manager,Sales,EMP-5106,Margaret Rodriguez,Matrix,0,2,12,3,2,7.62,3,EMP-5131,2020-10-20,42,Y,2026-05-01,Bi-Weekly,4.82,7.75
REL-0842,EMP-7926,Paul Jackson,Manager,Marketing,Chicago IL,EMP-5097,Steven Garcia,Director,Marketing,EMP-5239,Jennifer Rodriguez,Direct,15,3,0,22,18,1.05,4,EMP-5250,2019-02-27,47,Y,2026-04-11,Weekly,5.26,8.0
REL-0843,EMP-6582,George Martinez,Team Lead,People & HR,Austin TX,EMP-5258,James Carter,Manager,People & HR,EMP-5279,Amanda Hernandez,Dotted-Line,0,2,9,40,6,1.75,2,EMP-5322,2024-10-03,46,Y,2026-03-03,Ad Hoc,5.93,5.44
REL-0844,EMP-7759,Sarah Smith,Individual Contributor,Marketing,New York NY,EMP-5042,George Rodriguez,Manager,Marketing,EMP-5171,Nancy Jones,Direct,0,1,6,18,15,3.2,3,NONE,2024-05-14,58,N,2026-05-05,Bi-Weekly,2.87,5.83
REL-0845,EMP-6558,Kimberly Harris,Individual Contributor,People & HR,Frisco TX,EMP-5198,Anthony Smith,Director,People & HR,EMP-5368,Ashley Robinson,Direct,0,1,1,62,15,6.13,3,NONE,2023-10-23,50,Y,2026-04-23,Ad Hoc,5.36,6.07
REL-0846,EMP-8128,Mark Baker,Manager,Legal & Compliance,Austin TX,EMP-5009,Jennifer Miller,Senior Manager,Legal & Compliance,EMP-5159,Linda Nelson,Matrix,17,3,0,10,10,1.22,5,NONE,2026-02-26,8,Y,2026-05-27,Weekly,4.35,5.1
REL-0847,EMP-7881,Michael Baker,Individual Contributor,Legal & Compliance,New York NY,EMP-5063,Emily King,Manager,Legal & Compliance,EMP-5021,Brian Robinson,Dotted-Line,0,1,11,78,11,4.91,3,EMP-5193,2021-03-11,1,N,2026-04-02,Weekly,7.23,8.64
REL-0848,EMP-6061,Deborah Taylor,Senior Manager,Customer Experience,Austin TX,EMP-5024,Joseph Nelson,VP,Customer Experience,EMP-5035,Stephanie Moore,Matrix,1,4,3,28,1,5.29,2,NONE,2021-10-15,56,Y,2026-03-29,Ad Hoc,8.05,4.37
REL-0849,EMP-6827,Joshua Rivera,Individual Contributor,Legal & Compliance,New York NY,EMP-5009,Jennifer Miller,Senior Manager,Legal & Compliance,EMP-5072,Charles Perez,Matrix,0,1,3,30,7,2.0,3,NONE,2018-12-21,54,Y,2026-05-01,Ad Hoc,2.4,6.64
REL-0850,EMP-6169,Richard Thomas,Manager,People & HR,New York NY,EMP-5200,Matthew King,Director,People & HR,EMP-5021,Brian Robinson,Direct,1,3,10,30,0,5.24,1,NONE,2024-07-28,34,Y,2026-05-22,Bi-Weekly,5.87,4.94
REL-0851,EMP-8372,Linda Walker,Individual Contributor,Operations,Denver CO,EMP-5093,Ronald Davis,Manager,Operations,EMP-5154,Deborah Torres,Dotted-Line,0,1,4,41,4,7.83,3,EMP-5014,2023-08-02,28,Y,2026-05-23,Bi-Weekly,2.84,8.81
REL-0852,EMP-7484,Nancy Brown,Manager,Customer Experience,Denver CO,EMP-5024,Joseph Nelson,VP,Customer Experience,EMP-5001,Linda Jackson,Direct,10,3,4,58,6,8.57,3,NONE,2019-10-13,65,N,2026-03-25,Weekly,4.61,8.51
REL-0853,EMP-7300,Amanda Hill,Director,Legal & Compliance,Remote,EMP-5124,Sarah King,C-Suite,Legal & Compliance,NONE,N/A,Direct,10,5,4,4,18,9.99,2,EMP-5279,2020-04-30,24,Y,2026-06-03,Monthly,6.44,8.56
REL-0854,EMP-7336,Edward Taylor,Manager,Engineering,Atlanta GA,EMP-5260,George Jackson,VP,Engineering,EMP-5124,Sarah King,Direct,4,3,14,49,19,5.0,0,EMP-5293,2023-09-05,72,Y,2026-04-22,Bi-Weekly,7.82,9.1
REL-0855,EMP-7639,Paul Jackson,Manager,Marketing,Chicago IL,EMP-5097,Steven Garcia,Director,Marketing,EMP-5239,Jennifer Rodriguez,Direct,15,3,0,22,18,8.4,4,EMP-5250,2019-02-27,47,Y,2026-04-11,Weekly,8.09,7.71
REL-0856,EMP-8418,Sarah King,C-Suite,Legal & Compliance,New York NY,NONE,N/A,N/A,N/A,NONE,N/A,Direct,9,8,8,69,1,8.77,0,EMP-5347,2024-12-03,60,Y,2026-01-13,Bi-Weekly,6.82,5.85
REL-0857,EMP-8580,James King,Individual Contributor,Legal & Compliance,Chicago IL,EMP-5009,Jennifer Miller,Senior Manager,Legal & Compliance,EMP-5259,Michelle Baker,Matrix,0,1,4,63,3,8.05,3,NONE,2024-04-26,15,N,2026-01-20,Monthly,2.07,7.99
REL-0858,EMP-8638,William Mitchell,Individual Contributor,Sales,Frisco TX,EMP-5206,Sarah Baker,Manager,Sales,EMP-5231,Sarah Martin,Dotted-Line,0,1,8,21,5,3.7,5,NONE,2021-01-17,71,Y,2026-02-05,Ad Hoc,7.01,8.88
REL-0859,EMP-7737,Steven Garcia,Director,Marketing,Frisco TX,EMP-5100,Donna Moore,VP,Marketing,EMP-5050,Jennifer Jones,Direct,9,5,4,62,5,1.1,2,NONE,2025-01-11,52,Y,2026-06-04,Monthly,5.84,4.22
REL-0860,EMP-7579,Donald Jackson,Individual Contributor,Finance,Remote,EMP-5374,Donna Young,Senior Manager,Finance,EMP-5130,Linda Hall,Matrix,0,1,10,48,7,9.67,0,NONE,2025-05-14,59,Y,2026-05-22,Weekly,6.95,4.85
REL-0861,EMP-6746,Dorothy Carter,Individual Contributor,Sales,New York NY,EMP-5001,Linda Jackson,C-Suite,Sales,NONE,N/A,Dotted-Line,0,1,1,2,2,5.44,4,EMP-5240,2024-10-28,19,N,2026-04-25,Ad Hoc,9.45,5.53
REL-0862,EMP-6840,Nancy Wright,Team Lead,Sales,Frisco TX,EMP-5345,John Adams,Manager,Sales,EMP-5287,Mark Sanchez,Dotted-Line,0,2,8,53,6,5.26,3,EMP-5383,2025-03-28,66,N,2026-04-20,Bi-Weekly,2.35,7.53
REL-0863,EMP-8147,Amanda Rivera,Individual Contributor,Finance,Atlanta GA,EMP-5338,Linda Rivera,Manager,Finance,EMP-5382,Maria Smith,Direct,0,1,8,5,12,7.28,4,EMP-5183,2023-05-15,39,N,2026-02-08,Monthly,3.58,5.94
REL-0864,EMP-7432,Melissa Adams,Team Lead,People & HR,Denver CO,EMP-5312,Robert Green,Manager,People & HR,EMP-5003,Jessica Johnson,Matrix,0,2,5,46,2,5.36,1,EMP-5246,2018-02-03,27,N,2026-01-06,Ad Hoc,2.81,4.81
REL-0865,EMP-7633,Carol Adams,Individual Contributor,Marketing,Remote,EMP-5100,Donna Moore,VP,Marketing,EMP-5196,David Thomas,Direct,0,1,13,1,2,1.52,2,EMP-5134,2024-05-31,31,N,2026-01-29,Bi-Weekly,5.34,9.45
REL-0866,EMP-8818,David Hernandez,Individual Contributor,Finance,Boston MA,EMP-5338,Linda Rivera,Manager,Finance,EMP-5395,Jessica Taylor,Direct,0,1,1,11,20,5.72,4,NONE,2023-01-22,32,Y,2026-02-04,Weekly,4.59,8.15
REL-0867,EMP-6163,Joshua Johnson,Director,Product,New York NY,EMP-5114,Sandra Sanchez,VP,Product,EMP-5001,Linda Jackson,Dotted-Line,16,5,3,26,4,9.99,4,EMP-5329,2019-05-24,72,Y,2026-06-04,Weekly,9.04,3.65
REL-0868,EMP-7024,Donald Rivera,Individual Contributor,Engineering,Remote,EMP-5145,Margaret Lopez,Manager,Engineering,EMP-5173,Donna Thompson,Dotted-Line,0,1,14,36,14,8.39,0,NONE,2019-01-08,34,Y,2026-04-09,Ad Hoc,2.05,5.07
REL-0869,EMP-6089,Mark Jackson,Individual Contributor,Marketing,Boston MA,EMP-5155,Linda White,Manager,Marketing,EMP-5100,Donna Moore,Matrix,0,1,1,1,5,8.83,4,EMP-5082,2021-11-03,1,Y,2026-06-30,Weekly,6.07,7.0
REL-0870,EMP-8677,Carol Flores,Team Lead,People & HR,San Francisco CA,EMP-5081,Edward Hernandez,Senior Manager,People & HR,EMP-5090,Joshua Johnson,Matrix,0,2,5,30,6,9.48,0,EMP-5288,2024-07-03,14,Y,2026-06-29,Weekly,7.65,4.38
REL-0871,EMP-8281,Sandra Davis,Individual Contributor,Data Science,Atlanta GA,EMP-5329,Susan Clark,Manager,Data Science,EMP-5367,Susan Jackson,Dotted-Line,0,1,9,63,14,7.64,1,NONE,2018-08-18,58,Y,2026-02-20,Ad Hoc,8.58,5.24
REL-0872,EMP-6028,Maria Lopez,Individual Contributor,Finance,New York NY,EMP-5294,Robert Gonzalez,Manager,Finance,EMP-5259,Michelle Baker,Direct,0,1,15,72,9,4.4,5,EMP-5186,2018-09-06,38,Y,2026-06-14,Monthly,2.63,4.59
REL-0873,EMP-7976,Sandra Perez,Director,Marketing,Chicago IL,EMP-5100,Donna Moore,VP,Marketing,EMP-5196,David Thomas,Direct,18,5,0,0,3,1.37,5,EMP-5252,2021-12-18,60,Y,2026-02-16,Monthly,8.18,5.73
REL-0874,EMP-8394,Sarah Baker,Manager,Sales,Frisco TX,EMP-5003,Jessica Johnson,Senior Manager,Sales,EMP-5217,Sandra Perez,Matrix,17,3,9,61,0,1.78,2,NONE,2024-05-22,66,Y,2026-02-01,Bi-Weekly,2.59,7.3
REL-0875,EMP-6678,Ashley Thompson,Manager,Operations,Denver CO,EMP-5072,Charles Perez,Director,Operations,EMP-5024,Joseph Nelson,Matrix,3,3,0,1,9,7.82,5,NONE,2023-10-05,30,Y,2026-03-05,Weekly,4.4,8.49
REL-0876,EMP-6740,Jessica Wilson,Team Lead,Engineering,New York NY,EMP-5150,Susan Harris,Director,Engineering,EMP-5124,Sarah King,Direct,0,2,4,79,18,7.28,5,NONE,2018-06-22,58,N,2026-04-23,Weekly,5.22,7.47
REL-0877,EMP-8268,Brian Brown,Senior Manager,Legal & Compliance,Frisco TX,EMP-5124,Sarah King,C-Suite,Legal & Compliance,NONE,N/A,Matrix,8,4,11,74,14,6.32,3,NONE,2024-08-03,40,N,2026-05-11,Ad Hoc,5.69,6.48
REL-0878,EMP-8393,Kimberly Harris,Individual Contributor,People & HR,Frisco TX,EMP-5198,Anthony Smith,Director,People & HR,EMP-5368,Ashley Robinson,Direct,0,1,1,62,15,6.73,3,NONE,2023-10-23,50,Y,2026-04-23,Ad Hoc,6.34,4.97
REL-0879,EMP-6841,Linda Thompson,Individual Contributor,Operations,San Francisco CA,EMP-5130,Linda Hall,Director,Operations,EMP-5260,George Jackson,Direct,0,1,14,38,0,2.42,5,NONE,2019-10-04,44,Y,2026-05-16,Weekly,6.39,9.47
REL-0880,EMP-7928,Kevin Green,Manager,Sales,Atlanta GA,EMP-5001,Linda Jackson,C-Suite,Sales,NONE,N/A,Matrix,8,3,12,63,19,6.37,2,EMP-5322,2025-04-22,12,Y,2026-06-27,Bi-Weekly,8.72,4.08
REL-0881,EMP-6801,Stephanie Nguyen,Individual Contributor,Marketing,Atlanta GA,EMP-5033,Amanda Ramirez,Senior Manager,Marketing,EMP-5171,Nancy Jones,Direct,0,1,14,71,0,4.9,0,NONE,2022-09-16,65,N,2026-01-10,Bi-Weekly,5.89,8.91
REL-0882,EMP-8305,Richard Wilson,Individual Contributor,Engineering,Denver CO,EMP-5173,Donna Thompson,Senior Manager,Engineering,EMP-5196,David Thomas,Direct,0,1,11,1,14,6.01,3,NONE,2018-04-14,29,N,2026-02-05,Monthly,5.96,9.17
REL-0883,EMP-6576,Emily Lee,Individual Contributor,Legal & Compliance,Austin TX,EMP-5367,Susan Jackson,Senior Manager,Legal & Compliance,EMP-5198,Anthony Smith,Matrix,0,1,11,60,19,2.71,0,EMP-5043,2019-03-09,46,Y,2026-06-29,Ad Hoc,6.43,3.04
REL-0884,EMP-6515,Kimberly Lewis,Individual Contributor,Legal & Compliance,Boston MA,EMP-5367,Susan Jackson,Senior Manager,Legal & Compliance,EMP-5150,Susan Harris,Matrix,0,1,6,46,10,7.69,2,NONE,2019-09-02,60,N,2026-02-12,Monthly,8.83,6.05
REL-0885,EMP-7774,Sarah Taylor,Senior Manager,People & HR,Frisco TX,EMP-5398,Karen Perez,Director,People & HR,EMP-5124,Sarah King,Matrix,17,4,0,58,5,9.64,4,NONE,2024-12-20,47,Y,2026-04-19,Bi-Weekly,4.01,7.11
REL-0886,EMP-6325,Betty Carter,Individual Contributor,Marketing,Seattle WA,EMP-5302,Patricia Walker,Senior Manager,Marketing,EMP-5260,George Jackson,Matrix,0,1,14,60,18,4.74,1,EMP-5160,2024-09-09,39,N,2026-06-02,Weekly,5.98,9.92
REL-0887,EMP-6816,Michelle Thompson,Manager,Legal & Compliance,Atlanta GA,EMP-5272,Jessica Harris,Director,Legal & Compliance,EMP-5368,Ashley Robinson,Matrix,8,3,6,56,20,1.99,2,NONE,2023-10-20,9,Y,2026-06-17,Monthly,2.91,5.4
REL-0888,EMP-6772,Amanda Johnson,Team Lead,People & HR,Boston MA,EMP-5104,Ronald Walker,Senior Manager,People & HR,EMP-5100,Donna Moore,Direct,0,2,5,42,17,1.03,5,NONE,2018-01-04,30,Y,2026-06-16,Ad Hoc,6.06,6.66
REL-0889,EMP-7609,John Walker,Individual Contributor,Marketing,Austin TX,EMP-5097,Steven Garcia,Director,Marketing,EMP-5199,Edward Thompson,Direct,0,1,12,10,0,1.32,3,EMP-5386,2024-11-10,65,N,2026-01-15,Monthly,5.05,9.22
REL-0890,EMP-6047,Brian Flores,Team Lead,Sales,Boston MA,EMP-5345,John Adams,Manager,Sales,EMP-5150,Susan Harris,Matrix,0,2,6,74,1,4.19,5,NONE,2020-05-28,69,Y,2026-02-06,Monthly,4.9,6.88
REL-0891,EMP-7769,Sandra Lee,Individual Contributor,Data Science,Austin TX,EMP-5199,Edward Thompson,VP,Data Science,EMP-5050,Jennifer Jones,Dotted-Line,0,1,13,45,9,6.57,2,EMP-5367,2023-12-25,42,Y,2026-05-20,Bi-Weekly,7.59,9.21
REL-0892,EMP-6334,Charles Rodriguez,Team Lead,Finance,Austin TX,EMP-5368,Ashley Robinson,VP,Finance,EMP-5050,Jennifer Jones,Matrix,0,2,15,51,18,8.05,1,NONE,2019-09-13,29,Y,2026-01-17,Bi-Weekly,4.28,3.31
REL-0893,EMP-8728,Maria Rivera,Individual Contributor,Product,Frisco TX,EMP-5032,Kimberly Wright,Director,Product,EMP-5305,Christopher Thomas,Matrix,0,1,5,4,1,9.07,2,NONE,2018-07-05,65,N,2026-02-20,Monthly,6.38,6.45
REL-0894,EMP-7848,William Jones,Individual Contributor,Customer Experience,New York NY,EMP-5212,Melissa Martinez,Manager,Customer Experience,EMP-5033,Amanda Ramirez,Matrix,0,1,4,56,13,8.56,3,NONE,2021-12-17,25,Y,2026-02-07,Bi-Weekly,4.86,6.2
REL-0895,EMP-7651,Christopher Hill,Team Lead,Marketing,Austin TX,EMP-5344,James Nguyen,Manager,Marketing,EMP-5398,Karen Perez,Matrix,0,2,4,17,4,5.56,5,EMP-5086,2020-01-28,55,Y,2026-03-01,Monthly,5.05,6.36
REL-0896,EMP-7297,Stephanie Sanchez,Team Lead,Legal & Compliance,Denver CO,EMP-5367,Susan Jackson,Senior Manager,Legal & Compliance,EMP-5032,Kimberly Wright,Dotted-Line,0,2,10,14,3,3.4,1,EMP-5251,2018-08-14,6,N,2026-06-11,Ad Hoc,2.24,8.83
REL-0897,EMP-7900,Melissa Martinez,Manager,Customer Experience,Seattle WA,EMP-5373,Deborah Taylor,Senior Manager,Customer Experience,EMP-5049,Thomas Green,Direct,3,3,11,26,14,7.38,1,EMP-5314,2018-08-13,44,Y,2026-02-21,Monthly,3.69,4.24
REL-0898,EMP-7647,Andrew Carter,Individual Contributor,Customer Experience,Boston MA,EMP-5373,Deborah Taylor,Senior Manager,Customer Experience,EMP-5368,Ashley Robinson,Matrix,0,1,10,60,1,2.53,5,NONE,2020-04-22,40,Y,2026-04-11,Monthly,9.05,5.16
REL-0899,EMP-8454,Maria Miller,Manager,Sales,Austin TX,EMP-5001,Linda Jackson,C-Suite,Sales,NONE,N/A,Dotted-Line,16,3,0,42,11,2.9,3,EMP-5279,2025-10-23,47,Y,2026-03-08,Bi-Weekly,6.56,3.47
REL-0900,EMP-6129,Karen Brown,Manager,Engineering,San Francisco CA,EMP-5235,Joshua Adams,Director,Engineering,EMP-5035,Stephanie Moore,Direct,12,3,3,73,4,8.9,0,NONE,2023-12-30,70,Y,2026-04-05,Ad Hoc,8.12,7.4
REL-0901,EMP-8078,Ashley Clark,Team Lead,Legal & Compliance,Boston MA,EMP-5124,Sarah King,C-Suite,Legal & Compliance,NONE,N/A,Dotted-Line,0,2,5,46,2,1.11,4,EMP-5219,2022-03-05,57,Y,2026-02-27,Monthly,3.12,9.27
REL-0902,EMP-8377,Melissa Miller,Manager,Operations,Austin TX,EMP-5208,Charles Robinson,Senior Manager,Operations,EMP-5259,Michelle Baker,Matrix,9,3,10,47,2,6.15,0,EMP-5140,2024-08-18,39,Y,2026-01-29,Weekly,7.22,8.64
REL-0903,EMP-8703,Stephanie Moore,SVP,Operations,Boston MA,EMP-5196,David Thomas,C-Suite,People & HR,NONE,N/A,Matrix,10,7,5,77,17,9.75,3,NONE,2022-06-17,7,N,2026-02-18,Weekly,8.0,3.37
REL-0904,EMP-6223,Edward Hernandez,Senior Manager,People & HR,Atlanta GA,EMP-5049,Thomas Green,Director,People & HR,EMP-5024,Joseph Nelson,Matrix,9,4,4,40,8,9.32,0,EMP-5318,2025-08-03,1,Y,2026-06-16,Bi-Weekly,5.06,3.86
REL-0905,EMP-7169,Patricia Lopez,Individual Contributor,Engineering,Austin TX,EMP-5319,Dorothy Gonzalez,Senior Manager,Engineering,EMP-5001,Linda Jackson,Dotted-Line,0,1,1,2,2,5.05,0,NONE,2021-06-06,51,Y,2026-03-23,Weekly,5.76,4.62
REL-0906,EMP-8893,Paul Garcia,Individual Contributor,Customer Experience,Chicago IL,EMP-5007,Richard Hall,Manager,Customer Experience,EMP-5300,Thomas Hernandez,Matrix,0,1,8,16,12,7.83,0,EMP-5099,2020-09-14,64,Y,2026-01-23,Weekly,5.43,4.41
REL-0907,EMP-7444,Kevin Jackson,Individual Contributor,Customer Experience,Frisco TX,EMP-5024,Joseph Nelson,VP,Customer Experience,EMP-5196,David Thomas,Matrix,0,1,5,67,19,4.49,5,EMP-5371,2021-01-09,50,Y,2026-05-14,Weekly,2.12,5.94
REL-0908,EMP-8186,William Martinez,Individual Contributor,Legal & Compliance,Frisco TX,EMP-5232,Ashley Lewis,Senior Manager,Legal & Compliance,EMP-5272,Jessica Harris,Direct,0,1,7,11,0,9.88,1,NONE,2018-08-29,8,Y,2026-05-18,Ad Hoc,9.37,9.02
REL-0909,EMP-8914,Anthony Baker,Team Lead,Legal & Compliance,Frisco TX,EMP-5256,Amanda Hill,Director,Legal & Compliance,EMP-5199,Edward Thompson,Direct,0,2,1,29,18,3.89,1,EMP-5264,2021-04-29,44,Y,2026-01-10,Ad Hoc,5.09,5.1
REL-0910,EMP-8348,Thomas Moore,Senior Manager,Sales,Remote,EMP-5001,Linda Jackson,C-Suite,Sales,NONE,N/A,Matrix,7,4,2,0,5,1.12,2,NONE,2020-10-21,61,Y,2026-04-18,Bi-Weekly,5.99,7.62
REL-0911,EMP-6656,Brian Martin,Manager,Data Science,Seattle WA,EMP-5239,Jennifer Rodriguez,VP,Data Science,EMP-5050,Jennifer Jones,Matrix,17,3,11,5,14,9.0,1,NONE,2021-07-27,33,N,2026-01-16,Ad Hoc,5.6,7.43
REL-0912,EMP-7136,Donald Wilson,Senior Manager,Customer Experience,Denver CO,EMP-5024,Joseph Nelson,VP,Customer Experience,EMP-5001,Linda Jackson,Direct,5,4,1,22,14,4.53,4,NONE,2020-06-25,56,Y,2026-01-09,Weekly,2.04,6.67
REL-0913,EMP-8218,Stephanie Roberts,Team Lead,Customer Experience,Frisco TX,EMP-5373,Deborah Taylor,Senior Manager,Customer Experience,EMP-5198,Anthony Smith,Matrix,0,2,7,72,15,9.69,4,NONE,2022-06-05,51,N,2026-01-22,Weekly,6.78,9.45
REL-0914,EMP-8379,Jennifer Hall,Director,People & HR,San Francisco CA,EMP-5196,David Thomas,C-Suite,People & HR,NONE,N/A,Matrix,12,5,1,13,8,1.86,4,NONE,2018-12-12,17,N,2026-05-05,Bi-Weekly,8.03,7.01
REL-0915,EMP-7533,James Smith,Individual Contributor,People & HR,San Francisco CA,EMP-5086,Robert White,Manager,People & HR,EMP-5305,Christopher Thomas,Matrix,0,1,12,12,20,8.21,0,NONE,2025-09-17,65,Y,2026-03-06,Monthly,3.57,6.67
REL-0916,EMP-7919,Kimberly Harris,Individual Contributor,People & HR,Frisco TX,EMP-5198,Anthony Smith,Director,People & HR,EMP-5368,Ashley Robinson,Direct,0,1,1,62,15,1.24,3,NONE,2023-10-23,50,Y,2026-04-23,Ad Hoc,2.69,6.53
REL-0917,EMP-6342,Brian Roberts,Team Lead,Engineering,New York NY,EMP-5319,Dorothy Gonzalez,Senior Manager,Engineering,EMP-5398,Karen Perez,Dotted-Line,0,2,6,53,4,1.65,3,NONE,2024-11-27,30,Y,2026-06-05,Weekly,5.12,4.43
REL-0918,EMP-6262,Maria Williams,Individual Contributor,Engineering,Atlanta GA,EMP-5235,Joshua Adams,Director,Engineering,EMP-5100,Donna Moore,Matrix,0,1,0,13,12,3.12,5,NONE,2019-02-25,60,Y,2026-06-18,Monthly,2.61,8.83
REL-0919,EMP-6135,Susan Martinez,Individual Contributor,Customer Experience,Atlanta GA,EMP-5087,Joseph Jackson,Manager,Customer Experience,EMP-5136,Joseph Harris,Dotted-Line,0,1,4,61,7,5.84,4,NONE,2022-02-13,43,Y,2026-05-01,Weekly,2.28,4.04
REL-0920,EMP-8188,Donald Martinez,Individual Contributor,Engineering,Austin TX,EMP-5050,Jennifer Jones,C-Suite,Engineering,NONE,N/A,Matrix,0,1,4,71,13,7.27,5,EMP-5201,2024-07-01,8,N,2026-01-10,Bi-Weekly,3.24,6.99
REL-0921,EMP-8266,Robert White,Manager,People & HR,New York NY,EMP-5221,Sarah Taylor,Senior Manager,People & HR,EMP-5289,Thomas Thompson,Matrix,15,3,15,75,20,2.42,1,NONE,2019-02-13,31,Y,2026-05-24,Monthly,4.21,6.49
REL-0922,EMP-7079,George Jackson,VP,Engineering,Boston MA,EMP-5050,Jennifer Jones,C-Suite,Engineering,NONE,N/A,Direct,8,6,6,77,17,3.59,5,EMP-5203,2020-03-07,40,Y,2026-01-30,Weekly,4.35,9.35
REL-0923,EMP-8539,Joseph Nelson,VP,Customer Experience,Frisco TX,EMP-5196,David Thomas,C-Suite,People & HR,NONE,N/A,Dotted-Line,7,6,5,41,18,5.66,1,NONE,2020-07-14,18,Y,2026-05-29,Bi-Weekly,4.34,7.4
REL-0924,EMP-8718,Thomas Moore,Senior Manager,Sales,Remote,EMP-5001,Linda Jackson,C-Suite,Sales,NONE,N/A,Matrix,7,4,2,0,5,1.03,2,NONE,2020-10-21,61,Y,2026-04-18,Bi-Weekly,3.99,7.53
REL-0925,EMP-6004,Donna Davis,Individual Contributor,Product,Denver CO,EMP-5114,Sandra Sanchez,VP,Product,EMP-5124,Sarah King,Matrix,0,1,0,35,13,5.92,5,EMP-5233,2023-10-20,40,Y,2026-05-31,Ad Hoc,7.15,3.46
REL-0926,EMP-8076,Edward Hernandez,Senior Manager,People & HR,Atlanta GA,EMP-5049,Thomas Green,Director,People & HR,EMP-5024,Joseph Nelson,Matrix,9,4,4,40,8,1.69,0,EMP-5318,2025-08-03,1,Y,2026-06-16,Bi-Weekly,7.38,9.99
REL-0927,EMP-6591,Donna Gonzalez,Individual Contributor,Customer Experience,Frisco TX,EMP-5219,Joseph Green,Manager,Customer Experience,EMP-5204,Steven Baker,Direct,0,1,5,52,4,9.52,1,EMP-5270,2024-03-29,22,Y,2026-01-11,Weekly,3.37,7.12
REL-0928,EMP-7467,Steven Perez,Manager,Product,Atlanta GA,EMP-5046,Patricia Young,Senior Manager,Product,EMP-5305,Christopher Thomas,Dotted-Line,17,3,3,24,13,7.91,5,NONE,2024-12-20,61,N,2026-06-16,Monthly,9.64,4.75
REL-0929,EMP-8539,Charles Robinson,Senior Manager,Operations,Denver CO,EMP-5034,Jennifer King,Director,Operations,EMP-5159,Linda Nelson,Matrix,16,4,1,48,13,1.97,3,NONE,2025-12-23,45,Y,2026-06-22,Weekly,7.14,7.24
REL-0930,EMP-8408,Andrew Garcia,Individual Contributor,People & HR,Remote,EMP-5282,Margaret Torres,Senior Manager,People & HR,EMP-5090,Joshua Johnson,Dotted-Line,0,1,8,15,20,6.97,5,NONE,2025-11-20,3,Y,2026-01-28,Monthly,6.49,6.34
REL-0931,EMP-8812,Daniel Young,Team Lead,Sales,Seattle WA,EMP-5229,Linda Rodriguez,Manager,Sales,EMP-5373,Deborah Taylor,Matrix,0,2,9,43,17,6.52,4,EMP-5288,2019-07-28,63,Y,2026-02-22,Bi-Weekly,8.29,7.45
REL-0932,EMP-8317,Brian Robinson,VP,Data Science,Frisco TX,EMP-5124,Sarah King,C-Suite,Legal & Compliance,NONE,N/A,Matrix,7,6,15,66,8,5.19,1,EMP-5071,2022-09-16,43,Y,2026-04-21,Ad Hoc,2.53,7.97
REL-0933,EMP-8787,Joseph Harris,Director,Customer Experience,Seattle WA,EMP-5024,Joseph Nelson,VP,Customer Experience,EMP-5050,Jennifer Jones,Direct,6,5,5,0,4,5.36,3,EMP-5027,2023-09-22,36,Y,2026-03-03,Monthly,8.6,7.32
REL-0934,EMP-7001,Stephanie Rodriguez,Senior Manager,Engineering,Seattle WA,EMP-5260,George Jackson,VP,Engineering,EMP-5050,Jennifer Jones,Matrix,18,4,1,18,10,3.98,5,NONE,2020-11-01,21,N,2026-04-20,Bi-Weekly,9.43,7.93
REL-0935,EMP-6105,David Hernandez,Individual Contributor,Finance,Boston MA,EMP-5338,Linda Rivera,Manager,Finance,EMP-5395,Jessica Taylor,Direct,0,1,1,11,20,5.95,4,NONE,2023-01-22,32,Y,2026-02-04,Weekly,4.76,3.48
REL-0936,EMP-7162,Ashley Lewis,Senior Manager,Legal & Compliance,Austin TX,EMP-5256,Amanda Hill,Director,Legal & Compliance,EMP-5204,Steven Baker,Matrix,1,4,10,55,12,3.41,2,EMP-5230,2025-12-16,40,N,2026-04-19,Monthly,9.02,4.88
REL-0937,EMP-8956,Paul Jackson,Manager,Marketing,Chicago IL,EMP-5097,Steven Garcia,Director,Marketing,EMP-5239,Jennifer Rodriguez,Direct,15,3,0,22,18,6.37,4,EMP-5250,2019-02-27,47,Y,2026-04-11,Weekly,7.73,6.19
REL-0938,EMP-6373,Elizabeth Williams,Senior Manager,Product,Frisco TX,EMP-5240,Edward Thomas,Director,Product,EMP-5100,Donna Moore,Direct,5,4,7,72,16,4.45,3,NONE,2020-03-02,58,Y,2026-03-30,Monthly,4.12,3.82
REL-0939,EMP-8353,Deborah Torres,Director,People & HR,Boston MA,EMP-5196,David Thomas,C-Suite,People & HR,NONE,N/A,Dotted-Line,10,5,14,7,16,5.69,2,EMP-5313,2020-07-09,51,N,2026-04-20,Monthly,7.16,4.68
REL-0940,EMP-6044,Joshua Martin,Team Lead,Marketing,Boston MA,EMP-5348,Richard Thomas,Senior Manager,Marketing,EMP-5200,Matthew King,Dotted-Line,0,2,8,72,6,8.01,5,NONE,2024-12-06,15,Y,2026-04-04,Weekly,7.17,8.64
REL-0941,EMP-7981,Christopher Thomas,VP,Engineering,Remote,EMP-5050,Jennifer Jones,C-Suite,Engineering,NONE,N/A,Matrix,17,6,7,69,19,9.63,0,NONE,2026-01-27,2,N,2026-02-28,Weekly,6.42,4.03
REL-0942,EMP-7047,Karen Adams,Team Lead,Product,Remote,EMP-5094,Kimberly Lopez,Director,Product,EMP-5124,Sarah King,Dotted-Line,0,2,9,73,0,6.08,1,EMP-5021,2023-12-18,35,Y,2026-01-06,Weekly,9.33,4.46
REL-0943,EMP-8271,Sarah Baker,Manager,Sales,Frisco TX,EMP-5003,Jessica Johnson,Senior Manager,Sales,EMP-5217,Sandra Perez,Matrix,17,3,9,61,0,7.04,2,NONE,2024-05-22,66,Y,2026-02-01,Bi-Weekly,4.74,5.87
REL-0944,EMP-7476,Margaret Lopez,Manager,Engineering,Denver CO,EMP-5293,Amanda Lewis,Senior Manager,Engineering,EMP-5235,Joshua Adams,Dotted-Line,8,3,12,20,15,8.12,3,EMP-5146,2019-12-05,9,N,2026-03-07,Bi-Weekly,7.61,8.58
REL-0945,EMP-8347,George Johnson,Individual Contributor,Sales,Denver CO,EMP-5229,Linda Rodriguez,Manager,Sales,EMP-5072,Charles Perez,Dotted-Line,0,1,8,15,1,5.32,2,EMP-5272,2020-04-12,63,Y,2026-06-26,Ad Hoc,3.36,9.41
REL-0946,EMP-8059,Maria Hill,Individual Contributor,People & HR,Chicago IL,EMP-5312,Robert Green,Manager,People & HR,EMP-5032,Kimberly Wright,Dotted-Line,0,1,1,18,18,6.92,3,NONE,2022-06-24,3,Y,2026-01-09,Ad Hoc,9.61,6.51
REL-0947,EMP-7881,Melissa Flores,Individual Contributor,Legal & Compliance,Remote,EMP-5124,Sarah King,C-Suite,Legal & Compliance,NONE,N/A,Dotted-Line,0,1,10,43,20,7.5,3,EMP-5149,2026-01-07,14,N,2026-02-13,Ad Hoc,7.53,4.95
REL-0948,EMP-6630,Deborah Taylor,Senior Manager,Customer Experience,Austin TX,EMP-5024,Joseph Nelson,VP,Customer Experience,EMP-5035,Stephanie Moore,Matrix,1,4,3,28,1,7.1,2,NONE,2021-10-15,56,Y,2026-03-29,Ad Hoc,7.71,7.04
REL-0949,EMP-8175,Steven Mitchell,Team Lead,Engineering,Seattle WA,EMP-5135,Jennifer Williams,Manager,Engineering,EMP-5024,Joseph Nelson,Matrix,0,2,13,13,6,4.0,4,EMP-5360,2025-12-06,69,Y,2026-06-09,Ad Hoc,2.27,5.01
REL-0950,EMP-8340,Joseph Nelson,VP,Customer Experience,Frisco TX,EMP-5196,David Thomas,C-Suite,People & HR,NONE,N/A,Dotted-Line,7,6,5,41,18,6.96,1,NONE,2020-07-14,18,Y,2026-05-29,Bi-Weekly,4.04,9.12
REL-0951,EMP-8625,Brian Taylor,Individual Contributor,People & HR,San Francisco CA,EMP-5361,Jennifer Campbell,Manager,People & HR,EMP-5357,Emily Wright,Dotted-Line,0,1,12,5,15,4.29,3,EMP-5162,2023-07-03,64,Y,2026-03-31,Weekly,8.16,8.4
REL-0952,EMP-6022,Daniel Martin,Team Lead,Marketing,Atlanta GA,EMP-5058,Amanda Wilson,Senior Manager,Marketing,EMP-5305,Christopher Thomas,Dotted-Line,0,2,2,42,6,7.22,0,NONE,2020-09-16,45,Y,2026-03-02,Bi-Weekly,9.43,7.95
REL-0953,EMP-7765,Joseph Moore,Team Lead,Sales,San Francisco CA,EMP-5229,Linda Rodriguez,Manager,Sales,EMP-5130,Linda Hall,Matrix,0,2,2,7,2,6.57,1,EMP-5095,2018-05-09,21,Y,2026-03-10,Bi-Weekly,2.67,3.14
REL-0954,EMP-7305,Margaret Taylor,Senior Manager,Product,Atlanta GA,EMP-5094,Kimberly Lopez,Director,Product,EMP-5001,Linda Jackson,Matrix,14,4,4,39,7,4.36,0,NONE,2019-06-16,26,Y,2026-01-19,Monthly,9.18,4.63
REL-0955,EMP-6487,Thomas Lee,Individual Contributor,Finance,Chicago IL,EMP-5147,Ronald Hall,Manager,Finance,EMP-5018,Jennifer Johnson,Matrix,0,1,13,21,6,9.42,3,NONE,2022-11-13,1,Y,2026-06-08,Monthly,4.72,9.44
REL-0956,EMP-7734,Paul King,Individual Contributor,Sales,Chicago IL,EMP-5018,Jennifer Johnson,Director,Sales,EMP-5114,Sandra Sanchez,Matrix,0,1,7,7,6,5.84,1,EMP-5053,2025-10-28,69,Y,2026-02-14,Ad Hoc,2.1,6.67
REL-0957,EMP-8146,Brian Martin,Manager,Data Science,Seattle WA,EMP-5239,Jennifer Rodriguez,VP,Data Science,EMP-5050,Jennifer Jones,Matrix,17,3,11,5,14,4.92,1,NONE,2021-07-27,33,N,2026-01-16,Ad Hoc,4.59,3.65
REL-0958,EMP-7826,Karen Brown,Manager,Engineering,San Francisco CA,EMP-5235,Joshua Adams,Director,Engineering,EMP-5035,Stephanie Moore,Direct,12,3,3,73,4,7.66,0,NONE,2023-12-30,70,Y,2026-04-05,Ad Hoc,3.71,4.0
REL-0959,EMP-8123,Patricia Young,Senior Manager,Product,Atlanta GA,EMP-5240,Edward Thomas,Director,Product,EMP-5204,Steven Baker,Direct,5,4,6,22,17,2.5,1,NONE,2025-09-15,66,Y,2026-06-19,Monthly,4.54,6.91
REL-0960,EMP-7762,Margaret Lopez,Manager,Engineering,Denver CO,EMP-5293,Amanda Lewis,Senior Manager,Engineering,EMP-5235,Joshua Adams,Dotted-Line,8,3,12,20,15,8.14,3,EMP-5146,2019-12-05,9,N,2026-03-07,Bi-Weekly,3.2,9.24
REL-0961,EMP-8868,Mark Thomas,Individual Contributor,Legal & Compliance,Chicago IL,EMP-5272,Jessica Harris,Director,Legal & Compliance,EMP-5239,Jennifer Rodriguez,Direct,0,1,13,44,2,8.28,1,EMP-5215,2020-06-21,6,N,2026-03-13,Weekly,9.05,6.81
REL-0962,EMP-8823,Ronald Davis,Manager,Operations,Boston MA,EMP-5188,William Johnson,Senior Manager,Operations,EMP-5310,Kimberly Mitchell,Matrix,6,3,12,66,16,4.3,2,NONE,2022-07-26,19,N,2026-04-24,Bi-Weekly,2.69,6.28
REL-0963,EMP-7476,Edward Rivera,Individual Contributor,Operations,New York NY,EMP-5072,Charles Perez,Director,Operations,EMP-5100,Donna Moore,Matrix,0,1,6,47,2,3.5,3,NONE,2018-10-26,8,Y,2026-01-25,Weekly,7.26,5.64
REL-0964,EMP-6649,Barbara Ramirez,Individual Contributor,Product,Denver CO,EMP-5148,John Rodriguez,Manager,Product,EMP-5373,Deborah Taylor,Dotted-Line,0,1,13,46,15,1.62,0,EMP-5212,2024-06-06,46,Y,2026-04-27,Monthly,2.03,4.58
REL-0965,EMP-7669,Donna Davis,Individual Contributor,Operations,Atlanta GA,EMP-5170,Kevin Williams,Senior Manager,Operations,EMP-5035,Stephanie Moore,Matrix,0,1,4,9,3,6.54,4,NONE,2025-12-16,12,Y,2026-06-18,Ad Hoc,3.16,7.98
REL-0966,EMP-8843,Donna Lee,Individual Contributor,Data Science,Seattle WA,EMP-5234,Nancy Adams,Manager,Data Science,EMP-5024,Joseph Nelson,Matrix,0,1,12,62,16,2.47,5,EMP-5197,2023-12-04,3,Y,2026-06-08,Weekly,4.59,7.4
REL-0967,EMP-8351,Karen Adams,Team Lead,Product,Remote,EMP-5094,Kimberly Lopez,Director,Product,EMP-5124,Sarah King,Dotted-Line,0,2,9,73,0,9.36,1,EMP-5021,2023-12-18,35,Y,2026-01-06,Weekly,2.28,9.42
REL-0968,EMP-7410,Sarah Williams,Individual Contributor,Legal & Compliance,Austin TX,EMP-5272,Jessica Harris,Director,Legal & Compliance,EMP-5001,Linda Jackson,Direct,0,1,12,77,2,2.08,0,EMP-5032,2025-04-25,15,Y,2026-01-10,Weekly,9.49,5.43
REL-0969,EMP-6792,Susan Sanchez,Manager,Operations,Boston MA,EMP-5337,George Campbell,Director,Operations,EMP-5204,Steven Baker,Dotted-Line,12,3,13,36,3,8.79,3,EMP-5042,2025-12-28,63,Y,2026-05-09,Weekly,5.97,7.9
REL-0970,EMP-7431,Mark Jackson,Manager,Product,Boston MA,EMP-5383,Andrew Ramirez,Director,Product,EMP-5305,Christopher Thomas,Dotted-Line,8,3,14,3,16,7.54,0,EMP-5220,2018-08-30,48,Y,2026-02-04,Monthly,6.24,9.93
REL-0971,EMP-6701,Paul Garcia,Individual Contributor,Customer Experience,Chicago IL,EMP-5007,Richard Hall,Manager,Customer Experience,EMP-5300,Thomas Hernandez,Matrix,0,1,8,16,12,4.26,0,EMP-5099,2020-09-14,64,Y,2026-01-23,Weekly,8.59,5.26
REL-0972,EMP-6175,Amanda Hill,Director,Legal & Compliance,Remote,EMP-5124,Sarah King,C-Suite,Legal & Compliance,NONE,N/A,Direct,10,5,4,4,18,8.5,2,EMP-5279,2020-04-30,24,Y,2026-06-03,Monthly,3.94,4.57
REL-0973,EMP-6372,Susan Wright,Individual Contributor,Marketing,Frisco TX,EMP-5097,Steven Garcia,Director,Marketing,EMP-5196,David Thomas,Matrix,0,1,3,71,0,3.63,3,EMP-5115,2019-08-11,21,Y,2026-05-13,Weekly,9.96,8.16
REL-0974,EMP-7495,Daniel Sanchez,Team Lead,Sales,Chicago IL,EMP-5013,Joseph Torres,Manager,Sales,EMP-5081,Edward Hernandez,Matrix,0,2,12,70,7,2.21,0,NONE,2019-08-16,19,Y,2026-02-13,Weekly,7.98,9.25
REL-0975,EMP-6270,Melissa Lewis,Individual Contributor,Product,Atlanta GA,EMP-5085,Donald Lewis,Manager,Product,EMP-5239,Jennifer Rodriguez,Direct,0,1,7,62,3,5.94,3,NONE,2020-09-01,32,N,2026-03-01,Ad Hoc,3.28,6.66
REL-0976,EMP-8983,Karen Adams,Team Lead,Product,Remote,EMP-5094,Kimberly Lopez,Director,Product,EMP-5124,Sarah King,Dotted-Line,0,2,9,73,0,4.32,1,EMP-5021,2023-12-18,35,Y,2026-01-06,Weekly,7.14,5.07
REL-0977,EMP-7259,Dorothy Gonzalez,Senior Manager,Engineering,Atlanta GA,EMP-5305,Christopher Thomas,VP,Engineering,EMP-5001,Linda Jackson,Matrix,8,4,11,10,6,4.62,5,EMP-5012,2022-05-08,48,N,2026-03-12,Monthly,4.77,6.97
REL-0978,EMP-8735,Stephanie Roberts,Team Lead,Customer Experience,Frisco TX,EMP-5373,Deborah Taylor,Senior Manager,Customer Experience,EMP-5198,Anthony Smith,Matrix,0,2,7,72,15,8.51,4,NONE,2022-06-05,51,N,2026-01-22,Weekly,7.09,7.19
REL-0979,EMP-6969,Anthony Smith,Director,People & HR,Denver CO,EMP-5196,David Thomas,C-Suite,People & HR,NONE,N/A,Direct,14,5,8,24,2,6.04,1,NONE,2021-01-26,45,N,2026-05-13,Monthly,2.06,3.31
REL-0980,EMP-8173,Maria Lopez,Individual Contributor,Finance,New York NY,EMP-5294,Robert Gonzalez,Manager,Finance,EMP-5259,Michelle Baker,Direct,0,1,15,72,9,3.86,5,EMP-5186,2018-09-06,38,Y,2026-06-14,Monthly,3.15,5.06
REL-0981,EMP-8552,Edward Thomas,Director,Product,Seattle WA,EMP-5114,Sandra Sanchez,VP,Product,EMP-5035,Stephanie Moore,Matrix,13,5,5,54,15,1.36,1,NONE,2025-08-31,47,N,2026-06-12,Weekly,8.28,8.38
REL-0982,EMP-7356,Michelle Hall,VP,Engineering,Denver CO,EMP-5050,Jennifer Jones,C-Suite,Engineering,NONE,N/A,Direct,6,6,15,52,2,7.72,4,EMP-5053,2019-03-17,61,Y,2026-05-13,Ad Hoc,8.71,5.96
REL-0983,EMP-6699,Paul Gonzalez,Individual Contributor,Engineering,Boston MA,EMP-5293,Amanda Lewis,Senior Manager,Engineering,EMP-5001,Linda Jackson,Dotted-Line,0,1,9,59,5,8.14,5,EMP-5253,2025-10-09,55,Y,2026-02-09,Bi-Weekly,9.01,9.1
REL-0984,EMP-7896,Nancy Wright,Team Lead,Sales,Frisco TX,EMP-5345,John Adams,Manager,Sales,EMP-5287,Mark Sanchez,Dotted-Line,0,2,8,53,6,1.21,3,EMP-5383,2025-03-28,66,N,2026-04-20,Bi-Weekly,7.84,9.09
REL-0985,EMP-8059,Joshua Johnson,Director,Product,New York NY,EMP-5114,Sandra Sanchez,VP,Product,EMP-5001,Linda Jackson,Dotted-Line,16,5,3,26,4,1.56,4,EMP-5329,2019-05-24,72,Y,2026-06-04,Weekly,7.61,9.94
REL-0986,EMP-6330,Betty Hill,Manager,People & HR,Boston MA,EMP-5198,Anthony Smith,Director,People & HR,EMP-5024,Joseph Nelson,Matrix,6,3,13,26,1,8.95,2,NONE,2021-06-12,63,N,2026-03-05,Ad Hoc,2.36,9.73
REL-0987,EMP-8910,Michelle Hall,VP,Engineering,Denver CO,EMP-5050,Jennifer Jones,C-Suite,Engineering,NONE,N/A,Direct,6,6,15,52,2,2.89,4,EMP-5053,2019-03-17,61,Y,2026-05-13,Ad Hoc,3.46,3.5
REL-0988,EMP-6881,Donna Ramirez,Individual Contributor,Legal & Compliance,Seattle WA,EMP-5340,Patricia Young,Manager,Legal & Compliance,EMP-5293,Amanda Lewis,Dotted-Line,0,1,4,68,11,3.28,3,EMP-5349,2024-02-11,41,Y,2026-02-27,Ad Hoc,2.91,8.64
REL-0989,EMP-7171,Michelle Hill,Manager,Product,Austin TX,EMP-5090,Joshua Johnson,Director,Product,EMP-5080,Michelle Hall,Direct,8,3,13,11,20,3.51,0,NONE,2020-04-08,14,Y,2026-06-06,Monthly,8.74,3.36
REL-0990,EMP-8875,Betty Carter,Individual Contributor,Marketing,Seattle WA,EMP-5302,Patricia Walker,Senior Manager,Marketing,EMP-5260,George Jackson,Matrix,0,1,14,60,18,1.09,1,EMP-5160,2024-09-09,39,N,2026-06-02,Weekly,3.05,5.32
REL-0991,EMP-6157,Robert Rodriguez,Individual Contributor,Finance,Seattle WA,EMP-5075,Kevin Ramirez,Manager,Finance,EMP-5154,Deborah Torres,Matrix,0,1,3,56,5,4.49,3,NONE,2021-08-26,55,Y,2026-04-15,Monthly,4.63,8.84
REL-0992,EMP-8036,Jennifer Campbell,Manager,People & HR,Seattle WA,EMP-5154,Deborah Torres,Director,People & HR,EMP-5080,Michelle Hall,Direct,7,3,4,49,13,6.79,5,NONE,2021-05-30,40,N,2026-03-11,Ad Hoc,5.09,9.01
REL-0993,EMP-8647,Patricia Young,Manager,Legal & Compliance,Seattle WA,EMP-5232,Ashley Lewis,Senior Manager,Legal & Compliance,EMP-5024,Joseph Nelson,Direct,9,3,13,14,10,4.74,2,NONE,2020-03-29,37,N,2026-02-03,Weekly,4.87,9.55
REL-0994,EMP-8617,Melissa Flores,Individual Contributor,Legal & Compliance,Remote,EMP-5124,Sarah King,C-Suite,Legal & Compliance,NONE,N/A,Dotted-Line,0,1,10,43,20,9.7,3,EMP-5149,2026-01-07,14,N,2026-02-13,Ad Hoc,3.7,8.79
REL-0995,EMP-8228,Steven Mitchell,Team Lead,Engineering,Seattle WA,EMP-5135,Jennifer Williams,Manager,Engineering,EMP-5024,Joseph Nelson,Matrix,0,2,13,13,6,4.39,4,EMP-5360,2025-12-06,69,Y,2026-06-09,Ad Hoc,2.71,6.94
REL-0996,EMP-6746,Ronald Davis,Manager,Operations,Boston MA,EMP-5188,William Johnson,Senior Manager,Operations,EMP-5310,Kimberly Mitchell,Matrix,6,3,12,66,16,7.32,2,NONE,2022-07-26,19,N,2026-04-24,Bi-Weekly,6.28,7.22
REL-0997,EMP-6049,Jennifer Torres,Individual Contributor,People & HR,New York NY,EMP-5190,Betty Hill,Manager,People & HR,EMP-5382,Maria Smith,Matrix,0,1,5,78,9,5.59,5,NONE,2025-06-14,12,Y,2026-06-21,Bi-Weekly,4.91,7.39
REL-0998,EMP-6891,Robert Green,Manager,People & HR,San Francisco CA,EMP-5200,Matthew King,Director,People & HR,EMP-5199,Edward Thompson,Direct,1,3,13,43,2,3.07,5,EMP-5036,2023-01-10,54,Y,2026-01-23,Bi-Weekly,8.53,4.29
REL-0999,EMP-7350,David Mitchell,Individual Contributor,Customer Experience,San Francisco CA,EMP-5043,Nancy Brown,Manager,Customer Experience,EMP-5256,Amanda Hill,Direct,0,1,14,73,8,5.98,0,EMP-5336,2020-03-03,46,Y,2026-04-03,Bi-Weekly,4.23,7.08
REL-1000,EMP-6427,Joshua Martin,Individual Contributor,Sales,Frisco TX,EMP-5229,Linda Rodriguez,Manager,Sales,EMP-5090,Joshua Johnson,Direct,0,1,4,43,1,2.12,1,EMP-5005,2022-02-09,49,Y,2026-05-16,Ad Hoc,5.07,9.05
REL-1001,EMP-7173,Edward Thomas,Director,Product,Seattle WA,EMP-5114,Sandra Sanchez,VP,Product,EMP-5035,Stephanie Moore,Matrix,13,5,5,54,15,2.88,1,NONE,2025-08-31,47,N,2026-06-12,Weekly,8.87,7.13
REL-1002,EMP-8492,Andrew Rivera,Team Lead,Legal & Compliance,Frisco TX,EMP-5232,Ashley Lewis,Senior Manager,Legal & Compliance,EMP-5171,Nancy Jones,Matrix,0,2,13,47,12,1.38,1,EMP-5322,2023-02-14,60,Y,2026-06-29,Bi-Weekly,9.54,6.24
REL-1003,EMP-7771,George Adams,Individual Contributor,Data Science,San Francisco CA,EMP-5038,Brian Martin,Manager,Data Science,EMP-5302,Patricia Walker,Matrix,0,1,5,9,6,4.02,4,EMP-5038,2024-02-01,55,Y,2026-05-09,Monthly,3.52,5.31
REL-1004,EMP-6273,Margaret Taylor,Senior Manager,Product,Atlanta GA,EMP-5094,Kimberly Lopez,Director,Product,EMP-5001,Linda Jackson,Matrix,14,4,4,39,7,7.07,0,NONE,2019-06-16,26,Y,2026-01-19,Monthly,6.57,7.97
REL-1005,EMP-6073,Kimberly Jackson,Individual Contributor,Legal & Compliance,Atlanta GA,EMP-5272,Jessica Harris,Director,Legal & Compliance,EMP-5305,Christopher Thomas,Matrix,0,1,7,8,17,9.89,2,NONE,2024-12-17,2,Y,2026-06-13,Ad Hoc,2.31,7.6
REL-1006,EMP-8965,Stephanie Nguyen,Individual Contributor,Marketing,Atlanta GA,EMP-5033,Amanda Ramirez,Senior Manager,Marketing,EMP-5171,Nancy Jones,Direct,0,1,14,71,0,7.77,0,NONE,2022-09-16,65,N,2026-01-10,Bi-Weekly,6.88,5.59
REL-1007,EMP-7501,Nancy Wright,Team Lead,Sales,Frisco TX,EMP-5345,John Adams,Manager,Sales,EMP-5287,Mark Sanchez,Dotted-Line,0,2,8,53,6,2.21,3,EMP-5383,2025-03-28,66,N,2026-04-20,Bi-Weekly,9.56,4.64
REL-1008,EMP-8818,Maria Smith,Senior Manager,Product,Seattle WA,EMP-5383,Andrew Ramirez,Director,Product,EMP-5159,Linda Nelson,Dotted-Line,1,4,13,51,8,2.9,2,NONE,2023-03-10,28,Y,2026-04-16,Weekly,2.71,8.11
REL-1009,EMP-7767,Robert Allen,Senior Manager,Finance,New York NY,EMP-5231,Sarah Martin,VP,Finance,EMP-5124,Sarah King,Direct,13,4,9,23,18,3.38,4,NONE,2023-02-13,12,Y,2026-04-23,Bi-Weekly,6.85,3.62
REL-1010,EMP-6098,Kevin Jackson,Individual Contributor,Customer Experience,Frisco TX,EMP-5024,Joseph Nelson,VP,Customer Experience,EMP-5196,David Thomas,Matrix,0,1,5,67,19,8.23,5,EMP-5371,2021-01-09,50,Y,2026-05-14,Weekly,8.07,4.08
REL-1011,EMP-7536,Anthony Baker,Team Lead,Operations,New York NY,EMP-5072,Charles Perez,Director,Operations,EMP-5050,Jennifer Jones,Direct,0,2,4,8,2,9.87,4,NONE,2022-07-03,63,Y,2026-02-25,Monthly,7.15,3.05
REL-1012,EMP-7783,Michael Gonzalez,Team Lead,Customer Experience,Remote,EMP-5087,Joseph Jackson,Manager,Customer Experience,EMP-5090,Joshua Johnson,Matrix,0,2,9,24,6,2.05,5,EMP-5304,2018-07-02,51,Y,2026-05-15,Monthly,3.02,8.03
REL-1013,EMP-8842,Richard Hall,Manager,Customer Experience,Boston MA,EMP-5136,Joseph Harris,Director,Customer Experience,EMP-5024,Joseph Nelson,Matrix,11,3,0,77,16,1.99,1,NONE,2022-01-26,23,Y,2026-04-14,Ad Hoc,6.31,7.79
REL-1014,EMP-8914,Andrew Ramirez,Director,Product,Frisco TX,EMP-5114,Sandra Sanchez,VP,Product,EMP-5196,David Thomas,Matrix,4,5,12,22,14,5.55,3,NONE,2024-02-22,56,N,2026-04-03,Ad Hoc,9.46,8.78
REL-1015,EMP-7088,Dorothy Carter,Individual Contributor,Sales,New York NY,EMP-5001,Linda Jackson,C-Suite,Sales,NONE,N/A,Dotted-Line,0,1,1,2,2,1.43,4,EMP-5240,2024-10-28,19,N,2026-04-25,Ad Hoc,3.79,4.25
REL-1016,EMP-8893,Joseph Robinson,Individual Contributor,Customer Experience,San Francisco CA,EMP-5377,Maria Rodriguez,Manager,Customer Experience,EMP-5221,Sarah Taylor,Direct,0,1,13,28,8,2.19,4,EMP-5002,2021-02-26,1,Y,2026-04-17,Weekly,5.94,8.19
REL-1017,EMP-6750,Richard Johnson,Individual Contributor,Legal & Compliance,Boston MA,EMP-5068,Mark Baker,Manager,Legal & Compliance,EMP-5048,Stephanie Rodriguez,Dotted-Line,0,1,15,31,14,3.41,1,NONE,2023-06-09,61,N,2026-03-27,Bi-Weekly,8.03,9.15
REL-1018,EMP-6437,Kevin Williams,Senior Manager,Operations,Frisco TX,EMP-5130,Linda Hall,Director,Operations,EMP-5199,Edward Thompson,Matrix,8,4,2,41,4,3.72,0,NONE,2019-11-08,35,Y,2026-03-14,Ad Hoc,3.49,7.16
REL-1019,EMP-7363,Thomas Moore,Senior Manager,Sales,Remote,EMP-5001,Linda Jackson,C-Suite,Sales,NONE,N/A,Matrix,7,4,2,0,5,6.22,2,NONE,2020-10-21,61,Y,2026-04-18,Bi-Weekly,7.08,6.64
REL-1020,EMP-8688,Robert Gonzalez,Individual Contributor,Marketing,Frisco TX,EMP-5097,Steven Garcia,Director,Marketing,EMP-5305,Christopher Thomas,Direct,0,1,14,5,0,2.47,0,NONE,2023-04-29,23,Y,2026-04-01,Ad Hoc,9.5,7.1
REL-1021,EMP-8716,George Campbell,Director,Operations,Chicago IL,EMP-5035,Stephanie Moore,SVP,Operations,EMP-5124,Sarah King,Matrix,3,5,9,76,6,6.57,4,NONE,2023-11-07,60,N,2026-03-15,Weekly,6.03,8.89
REL-1022,EMP-8288,Betty Rodriguez,Individual Contributor,Legal & Compliance,Boston MA,EMP-5054,Andrew Ramirez,Manager,Legal & Compliance,EMP-5383,Andrew Ramirez,Matrix,0,1,6,73,1,1.27,5,EMP-5136,2020-12-19,43,N,2026-02-09,Bi-Weekly,5.42,6.56
REL-1023,EMP-8251,Maria Smith,Senior Manager,Product,Seattle WA,EMP-5383,Andrew Ramirez,Director,Product,EMP-5159,Linda Nelson,Dotted-Line,1,4,13,51,8,1.59,2,NONE,2023-03-10,28,Y,2026-04-16,Weekly,6.44,4.84
REL-1024,EMP-6360,Edward Nelson,Individual Contributor,Finance,San Francisco CA,EMP-5294,Robert Gonzalez,Manager,Finance,EMP-5293,Amanda Lewis,Dotted-Line,0,1,6,9,17,8.48,0,NONE,2018-04-10,5,Y,2026-01-25,Monthly,9.83,5.96
REL-1025,EMP-6907,Linda Rivera,Manager,Finance,Atlanta GA,EMP-5030,Robert Allen,Senior Manager,Finance,EMP-5259,Michelle Baker,Dotted-Line,18,3,4,35,3,6.7,1,EMP-5142,2022-07-22,5,Y,2026-02-17,Weekly,5.28,9.9
REL-1026,EMP-6904,Linda Martinez,Individual Contributor,Engineering,Seattle WA,EMP-5214,Karen Brown,Manager,Engineering,EMP-5131,Brian Brown,Dotted-Line,0,1,1,48,12,3.46,4,EMP-5106,2020-06-08,13,N,2026-04-08,Monthly,8.21,5.33
REL-1027,EMP-6846,John Torres,Manager,Legal & Compliance,Boston MA,EMP-5367,Susan Jackson,Senior Manager,Legal & Compliance,EMP-5217,Sandra Perez,Dotted-Line,10,3,11,17,0,4.82,5,NONE,2025-06-11,63,N,2026-01-12,Bi-Weekly,6.77,9.89
REL-1028,EMP-7038,John Walker,Individual Contributor,Marketing,Austin TX,EMP-5097,Steven Garcia,Director,Marketing,EMP-5199,Edward Thompson,Direct,0,1,12,10,0,2.68,3,EMP-5386,2024-11-10,65,N,2026-01-15,Monthly,6.33,9.16
REL-1029,EMP-8375,Maria Smith,Senior Manager,Product,Seattle WA,EMP-5383,Andrew Ramirez,Director,Product,EMP-5159,Linda Nelson,Dotted-Line,1,4,13,51,8,2.67,2,NONE,2023-03-10,28,Y,2026-04-16,Weekly,4.95,8.64
REL-1030,EMP-6440,Robert Carter,Team Lead,Operations,Denver CO,EMP-5208,Charles Robinson,Senior Manager,Operations,EMP-5240,Edward Thomas,Matrix,0,2,12,74,0,1.01,2,EMP-5178,2020-04-02,44,Y,2026-04-01,Weekly,8.46,9.51
REL-1031,EMP-7119,Thomas Thompson,Director,Product,Seattle WA,EMP-5114,Sandra Sanchez,VP,Product,EMP-5196,David Thomas,Dotted-Line,8,5,5,8,10,6.1,1,NONE,2020-02-26,39,Y,2026-06-10,Ad Hoc,5.8,5.12
REL-1032,EMP-6929,Patricia Lopez,Individual Contributor,Engineering,Austin TX,EMP-5319,Dorothy Gonzalez,Senior Manager,Engineering,EMP-5001,Linda Jackson,Dotted-Line,0,1,1,2,2,8.28,0,NONE,2021-06-06,51,Y,2026-03-23,Weekly,7.2,6.64
REL-1033,EMP-8692,George Jackson,VP,Engineering,Boston MA,EMP-5050,Jennifer Jones,C-Suite,Engineering,NONE,N/A,Direct,8,6,6,77,17,9.81,5,EMP-5203,2020-03-07,40,Y,2026-01-30,Weekly,5.41,4.72
REL-1034,EMP-7899,Anthony Wilson,Team Lead,Data Science,Atlanta GA,EMP-5152,Kimberly Walker,Manager,Data Science,EMP-5373,Deborah Taylor,Dotted-Line,0,2,1,67,8,9.79,0,NONE,2025-06-11,38,Y,2026-03-15,Monthly,9.46,6.21
REL-1035,EMP-8978,Richard Carter,Individual Contributor,Marketing,Austin TX,EMP-5302,Patricia Walker,Senior Manager,Marketing,EMP-5090,Joshua Johnson,Dotted-Line,0,1,3,42,9,3.73,1,EMP-5314,2021-03-02,6,N,2026-03-20,Weekly,8.44,7.25
REL-1036,EMP-6332,Kimberly Walker,Manager,Data Science,Austin TX,EMP-5021,Brian Robinson,VP,Data Science,EMP-5001,Linda Jackson,Dotted-Line,7,3,1,79,15,8.39,3,NONE,2023-11-16,3,Y,2026-03-26,Weekly,7.87,7.93
REL-1037,EMP-7044,Richard Hernandez,Individual Contributor,Customer Experience,Denver CO,EMP-5040,Michelle Flores,Manager,Customer Experience,EMP-5188,William Johnson,Dotted-Line,0,1,0,42,13,5.31,0,NONE,2024-01-29,43,Y,2026-04-02,Bi-Weekly,8.34,6.87
REL-1038,EMP-6378,Jennifer Wright,Individual Contributor,Customer Experience,New York NY,EMP-5212,Melissa Martinez,Manager,Customer Experience,EMP-5396,Elizabeth Williams,Dotted-Line,0,1,3,66,3,8.2,1,EMP-5132,2020-10-05,9,Y,2026-03-27,Monthly,3.43,7.53
REL-1039,EMP-8543,Maria Smith,Senior Manager,Product,Seattle WA,EMP-5383,Andrew Ramirez,Director,Product,EMP-5159,Linda Nelson,Dotted-Line,1,4,13,51,8,4.24,2,NONE,2023-03-10,28,Y,2026-04-16,Weekly,6.17,3.29
REL-1040,EMP-8798,Jessica Johnson,Senior Manager,Sales,San Francisco CA,EMP-5018,Jennifer Johnson,Director,Sales,EMP-5159,Linda Nelson,Matrix,13,4,1,14,17,8.24,5,NONE,2022-05-26,38,Y,2026-04-10,Monthly,3.71,5.31
REL-1041,EMP-8234,John Walker,Individual Contributor,Marketing,Austin TX,EMP-5097,Steven Garcia,Director,Marketing,EMP-5199,Edward Thompson,Direct,0,1,12,10,0,3.14,3,EMP-5386,2024-11-10,65,N,2026-01-15,Monthly,5.39,6.03
REL-1042,EMP-7095,Nancy Adams,Manager,Data Science,Atlanta GA,EMP-5106,Margaret Rodriguez,Senior Manager,Data Science,EMP-5050,Jennifer Jones,Direct,3,3,9,46,4,2.45,4,NONE,2025-03-09,39,N,2026-01-11,Ad Hoc,2.23,4.42
REL-1043,EMP-6852,John Adams,Manager,Sales,Atlanta GA,EMP-5003,Jessica Johnson,Senior Manager,Sales,EMP-5305,Christopher Thomas,Dotted-Line,10,3,1,14,20,5.65,4,NONE,2019-05-08,17,N,2026-05-09,Bi-Weekly,3.89,3.2
REL-1044,EMP-7273,Jessica Flores,Manager,People & HR,Chicago IL,EMP-5398,Karen Perez,Director,People & HR,EMP-5050,Jennifer Jones,Dotted-Line,5,3,10,50,19,9.66,1,EMP-5367,2022-04-04,2,Y,2026-05-27,Bi-Weekly,5.36,5.7
REL-1045,EMP-8807,Jessica Flores,Manager,People & HR,Chicago IL,EMP-5398,Karen Perez,Director,People & HR,EMP-5050,Jennifer Jones,Dotted-Line,5,3,10,50,19,8.32,1,EMP-5367,2022-04-04,2,Y,2026-05-27,Bi-Weekly,7.6,4.97
REL-1046,EMP-7835,Deborah Rivera,Individual Contributor,Engineering,Denver CO,EMP-5145,Margaret Lopez,Manager,Engineering,EMP-5368,Ashley Robinson,Matrix,0,1,13,11,11,7.57,2,EMP-5234,2021-03-19,53,Y,2026-04-04,Weekly,9.21,9.65
REL-1047,EMP-8320,Maria Williams,Individual Contributor,Engineering,Atlanta GA,EMP-5235,Joshua Adams,Director,Engineering,EMP-5100,Donna Moore,Matrix,0,1,0,13,12,2.9,5,NONE,2019-02-25,60,Y,2026-06-18,Monthly,7.28,3.23
REL-1048,EMP-6530,Sarah Smith,Individual Contributor,Marketing,New York NY,EMP-5042,George Rodriguez,Manager,Marketing,EMP-5171,Nancy Jones,Direct,0,1,6,18,15,1.34,3,NONE,2024-05-14,58,N,2026-05-05,Bi-Weekly,4.72,9.53
REL-1049,EMP-7220,Ronald Clark,Individual Contributor,Legal & Compliance,Austin TX,EMP-5186,Susan Ramirez,Manager,Legal & Compliance,EMP-5058,Amanda Wilson,Direct,0,1,6,62,19,2.61,5,EMP-5004,2020-03-19,57,Y,2026-06-08,Ad Hoc,6.59,3.58
REL-1050,EMP-7981,Christopher Campbell,Team Lead,Operations,Austin TX,EMP-5149,Steven Johnson,Manager,Operations,EMP-5302,Patricia Walker,Matrix,0,2,13,16,16,9.66,0,NONE,2020-12-05,35,Y,2026-01-16,Bi-Weekly,8.44,3.35
REL-1051,EMP-8518,Susan Clark,Manager,Data Science,San Francisco CA,EMP-5239,Jennifer Rodriguez,VP,Data Science,EMP-5050,Jennifer Jones,Direct,6,3,12,15,4,6.95,4,NONE,2020-05-21,49,Y,2026-06-17,Ad Hoc,6.56,7.26
REL-1052,EMP-6654,Richard Thomas,Senior Manager,Marketing,Boston MA,EMP-5217,Sandra Perez,Director,Marketing,EMP-5199,Edward Thompson,Direct,4,4,14,40,9,7.59,0,NONE,2025-05-29,60,N,2026-04-01,Weekly,8.76,9.86
REL-1053,EMP-7140,Emily Lewis,Team Lead,Customer Experience,Atlanta GA,EMP-5132,Susan Nelson,Manager,Customer Experience,EMP-5272,Jessica Harris,Matrix,0,2,5,20,11,5.63,2,EMP-5090,2019-05-27,34,N,2026-03-22,Ad Hoc,5.38,3.74
REL-1054,EMP-8832,Sarah Nguyen,Senior Manager,Customer Experience,Seattle WA,EMP-5136,Joseph Harris,Director,Customer Experience,EMP-5196,David Thomas,Dotted-Line,18,4,13,30,2,5.9,5,NONE,2021-08-08,25,Y,2026-05-02,Bi-Weekly,6.59,4.04
REL-1055,EMP-6094,Steven Mitchell,Team Lead,Engineering,Seattle WA,EMP-5135,Jennifer Williams,Manager,Engineering,EMP-5024,Joseph Nelson,Matrix,0,2,13,13,6,3.48,4,EMP-5360,2025-12-06,69,Y,2026-06-09,Ad Hoc,5.48,8.17
REL-1056,EMP-7341,Sandra Davis,Individual Contributor,Data Science,Atlanta GA,EMP-5329,Susan Clark,Manager,Data Science,EMP-5367,Susan Jackson,Dotted-Line,0,1,9,63,14,7.48,1,NONE,2018-08-18,58,Y,2026-02-20,Ad Hoc,8.92,8.89
REL-1057,EMP-8005,Christopher Baker,Individual Contributor,Marketing,Seattle WA,EMP-5082,Jessica Thompson,Manager,Marketing,EMP-5032,Kimberly Wright,Dotted-Line,0,1,2,65,6,8.07,1,NONE,2021-05-16,14,Y,2026-05-22,Ad Hoc,7.89,5.86
REL-1058,EMP-7138,Michelle Hall,VP,Engineering,Denver CO,EMP-5050,Jennifer Jones,C-Suite,Engineering,NONE,N/A,Direct,6,6,15,52,2,8.0,4,EMP-5053,2019-03-17,61,Y,2026-05-13,Ad Hoc,3.92,9.97
REL-1059,EMP-6241,Dorothy Gonzalez,Senior Manager,Engineering,Atlanta GA,EMP-5305,Christopher Thomas,VP,Engineering,EMP-5001,Linda Jackson,Matrix,8,4,11,10,6,1.43,5,EMP-5012,2022-05-08,48,N,2026-03-12,Monthly,3.91,8.74
REL-1060,EMP-7084,Susan Harris,Director,Engineering,Austin TX,EMP-5310,Kimberly Mitchell,VP,Engineering,EMP-5196,David Thomas,Direct,2,5,3,79,7,1.71,3,EMP-5357,2024-02-08,48,Y,2026-01-23,Bi-Weekly,9.25,3.94
REL-1061,EMP-8909,Donna Thompson,Senior Manager,Engineering,Austin TX,EMP-5310,Kimberly Mitchell,VP,Engineering,EMP-5050,Jennifer Jones,Matrix,13,4,1,44,10,2.41,0,NONE,2021-08-09,24,N,2026-03-29,Ad Hoc,5.37,4.39
REL-1062,EMP-7682,Ronald Allen,Individual Contributor,Legal & Compliance,Frisco TX,EMP-5124,Sarah King,C-Suite,Legal & Compliance,NONE,N/A,Direct,0,1,0,56,18,4.16,2,EMP-5383,2018-05-06,40,Y,2026-05-23,Weekly,9.18,9.46
REL-1063,EMP-7706,Linda Thompson,Individual Contributor,Operations,San Francisco CA,EMP-5130,Linda Hall,Director,Operations,EMP-5260,George Jackson,Direct,0,1,14,38,0,4.34,5,NONE,2019-10-04,44,Y,2026-05-16,Weekly,9.02,9.95
REL-1064,EMP-7377,James Jones,Team Lead,Legal & Compliance,Chicago IL,EMP-5325,Dorothy Martinez,Manager,Legal & Compliance,EMP-5287,Mark Sanchez,Matrix,0,2,7,2,0,8.36,0,EMP-5029,2022-01-01,44,Y,2026-03-25,Ad Hoc,7.51,4.1
REL-1065,EMP-7677,Robert Allen,Senior Manager,Finance,New York NY,EMP-5231,Sarah Martin,VP,Finance,EMP-5124,Sarah King,Direct,13,4,9,23,18,5.01,4,NONE,2023-02-13,12,Y,2026-04-23,Bi-Weekly,6.89,8.59
REL-1066,EMP-7723,Emily Martinez,Manager,Sales,New York NY,EMP-5003,Jessica Johnson,Senior Manager,Sales,EMP-5114,Sandra Sanchez,Matrix,14,3,6,68,8,7.59,4,NONE,2023-01-30,11,Y,2026-05-26,Bi-Weekly,4.43,8.79
REL-1067,EMP-7639,James King,Individual Contributor,Legal & Compliance,Chicago IL,EMP-5009,Jennifer Miller,Senior Manager,Legal & Compliance,EMP-5259,Michelle Baker,Matrix,0,1,4,63,3,7.02,3,NONE,2024-04-26,15,N,2026-01-20,Monthly,6.89,6.67
REL-1068,EMP-7891,John Lewis,Individual Contributor,Legal & Compliance,New York NY,EMP-5054,Andrew Ramirez,Manager,Legal & Compliance,EMP-5235,Joshua Adams,Direct,0,1,2,1,0,3.62,5,EMP-5167,2025-10-13,17,Y,2026-01-05,Weekly,6.18,9.36
REL-1069,EMP-8936,Karen Perez,Director,People & HR,San Francisco CA,EMP-5196,David Thomas,C-Suite,People & HR,NONE,N/A,Matrix,3,5,2,71,11,2.08,1,NONE,2018-02-21,4,Y,2026-03-25,Bi-Weekly,9.84,7.33
REL-1070,EMP-7191,Amanda Ramirez,Senior Manager,Marketing,Seattle WA,EMP-5217,Sandra Perez,Director,Marketing,EMP-5001,Linda Jackson,Direct,4,4,9,80,1,5.08,1,EMP-5094,2022-06-12,62,Y,2026-05-03,Ad Hoc,8.9,8.88
REL-1071,EMP-6380,Donald Lewis,Manager,Product,Frisco TX,EMP-5094,Kimberly Lopez,Director,Product,EMP-5080,Michelle Hall,Dotted-Line,1,3,5,79,1,2.2,4,NONE,2024-02-01,28,Y,2026-06-06,Weekly,8.34,9.24
REL-1072,EMP-8269,Maria Lee,Individual Contributor,Sales,Frisco TX,EMP-5237,Thomas Moore,Senior Manager,Sales,EMP-5200,Matthew King,Dotted-Line,0,1,3,23,0,5.75,3,NONE,2023-11-08,16,Y,2026-01-10,Ad Hoc,5.6,8.63
REL-1073,EMP-7309,Betty Robinson,Senior Manager,People & HR,New York NY,EMP-5398,Karen Perez,Director,People & HR,EMP-5310,Kimberly Mitchell,Matrix,8,4,15,27,15,2.04,4,EMP-5059,2021-12-29,58,Y,2026-03-19,Ad Hoc,8.61,9.89
REL-1074,EMP-8542,Daniel Adams,Individual Contributor,Data Science,Boston MA,EMP-5261,Joseph Hernandez,Manager,Data Science,EMP-5367,Susan Jackson,Matrix,0,1,7,49,13,2.65,0,NONE,2020-11-23,20,N,2026-03-26,Bi-Weekly,2.52,4.42
REL-1075,EMP-8576,Christopher Campbell,Team Lead,Operations,Austin TX,EMP-5149,Steven Johnson,Manager,Operations,EMP-5302,Patricia Walker,Matrix,0,2,13,16,16,5.59,0,NONE,2020-12-05,35,Y,2026-01-16,Bi-Weekly,3.93,3.78
REL-1076,EMP-7908,Steven Johnson,Manager,Operations,Chicago IL,EMP-5035,Stephanie Moore,SVP,Operations,EMP-5050,Jennifer Jones,Dotted-Line,14,3,8,78,0,7.2,1,NONE,2025-11-24,23,Y,2026-06-15,Ad Hoc,4.45,5.8
REL-1077,EMP-7749,Jennifer Williams,Manager,Engineering,Atlanta GA,EMP-5050,Jennifer Jones,C-Suite,Engineering,NONE,N/A,Dotted-Line,13,3,1,34,16,6.59,5,NONE,2020-09-21,1,N,2026-04-23,Monthly,4.99,9.41
REL-1078,EMP-6131,John Miller,Team Lead,Product,Seattle WA,EMP-5091,Edward Mitchell,Manager,Product,EMP-5282,Margaret Torres,Matrix,0,2,4,61,13,6.98,2,EMP-5165,2025-07-20,52,N,2026-03-12,Monthly,4.08,6.55
REL-1079,EMP-6972,Amanda Hernandez,Senior Manager,Data Science,Chicago IL,EMP-5239,Jennifer Rodriguez,VP,Data Science,EMP-5001,Linda Jackson,Dotted-Line,16,4,4,7,2,6.29,4,EMP-5018,2025-03-15,9,Y,2026-02-05,Monthly,8.72,4.45
REL-1080,EMP-8632,Amanda King,Individual Contributor,People & HR,Seattle WA,EMP-5198,Anthony Smith,Director,People & HR,EMP-5114,Sandra Sanchez,Dotted-Line,0,1,8,69,2,5.07,3,NONE,2026-01-30,3,Y,2026-01-09,Bi-Weekly,4.18,7.24
REL-1081,EMP-6954,James Flores,Individual Contributor,Sales,Austin TX,EMP-5206,Sarah Baker,Manager,Sales,EMP-5052,Donald Wilson,Direct,0,1,10,78,16,4.9,3,NONE,2019-03-07,25,Y,2026-06-03,Weekly,9.09,8.76
REL-1082,EMP-8487,George Jackson,VP,Engineering,Boston MA,EMP-5050,Jennifer Jones,C-Suite,Engineering,NONE,N/A,Direct,8,6,6,77,17,7.38,5,EMP-5203,2020-03-07,40,Y,2026-01-30,Weekly,2.14,8.06
REL-1083,EMP-8048,Paul Garcia,Individual Contributor,Customer Experience,Chicago IL,EMP-5007,Richard Hall,Manager,Customer Experience,EMP-5300,Thomas Hernandez,Matrix,0,1,8,16,12,5.96,0,EMP-5099,2020-09-14,64,Y,2026-01-23,Weekly,9.72,7.68
REL-1084,EMP-7030,Sarah Smith,Individual Contributor,Marketing,New York NY,EMP-5042,George Rodriguez,Manager,Marketing,EMP-5171,Nancy Jones,Direct,0,1,6,18,15,6.64,3,NONE,2024-05-14,58,N,2026-05-05,Bi-Weekly,4.22,5.07
REL-1085,EMP-8537,Nancy Martin,Team Lead,Finance,Denver CO,EMP-5374,Donna Young,Senior Manager,Finance,EMP-5080,Michelle Hall,Matrix,0,2,11,22,5,3.35,0,EMP-5118,2020-03-01,19,Y,2026-04-12,Monthly,3.39,8.36
REL-1086,EMP-6646,Mark Baker,Manager,Legal & Compliance,Austin TX,EMP-5009,Jennifer Miller,Senior Manager,Legal & Compliance,EMP-5159,Linda Nelson,Matrix,17,3,0,10,10,2.91,5,NONE,2026-02-26,8,Y,2026-05-27,Weekly,8.81,8.22
REL-1087,EMP-7264,Amanda Wilson,Senior Manager,Marketing,Remote,EMP-5385,Christopher Ramirez,Director,Marketing,EMP-5305,Christopher Thomas,Dotted-Line,17,4,12,1,16,7.15,4,EMP-5175,2025-02-13,71,Y,2026-02-24,Monthly,3.39,6.09
REL-1088,EMP-7897,Charles Roberts,Individual Contributor,Marketing,Atlanta GA,EMP-5209,Charles Martinez,Manager,Marketing,EMP-5300,Thomas Hernandez,Direct,0,1,14,42,3,8.64,2,EMP-5017,2025-08-17,21,Y,2026-04-24,Monthly,7.16,3.37
REL-1089,EMP-7923,Ashley Clark,Individual Contributor,Product,Seattle WA,EMP-5386,Maria Young,Manager,Product,EMP-5356,Donald Ramirez,Matrix,0,1,3,80,11,2.42,3,NONE,2018-01-05,25,Y,2026-04-06,Ad Hoc,6.91,5.72
REL-1090,EMP-8215,Margaret Wright,Individual Contributor,Customer Experience,Boston MA,EMP-5113,Joshua Campbell,Senior Manager,Customer Experience,EMP-5136,Joseph Harris,Direct,0,1,4,53,4,5.03,2,EMP-5128,2019-01-05,30,N,2026-06-28,Ad Hoc,3.26,7.46
REL-1091,EMP-7165,Robert White,Manager,People & HR,New York NY,EMP-5221,Sarah Taylor,Senior Manager,People & HR,EMP-5289,Thomas Thompson,Matrix,15,3,15,75,20,4.34,1,NONE,2019-02-13,31,Y,2026-05-24,Monthly,8.6,6.73
REL-1092,EMP-6180,Jennifer Robinson,Individual Contributor,Operations,Austin TX,EMP-5149,Steven Johnson,Manager,Operations,EMP-5170,Kevin Williams,Direct,0,1,12,72,14,6.63,2,EMP-5200,2022-06-02,34,Y,2026-02-16,Weekly,2.74,8.4
REL-1093,EMP-7324,Richard Carter,Individual Contributor,Marketing,Austin TX,EMP-5302,Patricia Walker,Senior Manager,Marketing,EMP-5090,Joshua Johnson,Dotted-Line,0,1,3,42,9,4.52,1,EMP-5314,2021-03-02,6,N,2026-03-20,Weekly,5.78,3.14
REL-1094,EMP-7672,Maria Lee,Individual Contributor,Sales,Frisco TX,EMP-5237,Thomas Moore,Senior Manager,Sales,EMP-5200,Matthew King,Dotted-Line,0,1,3,23,0,3.98,3,NONE,2023-11-08,16,Y,2026-01-10,Ad Hoc,4.7,4.94
REL-1095,EMP-6561,Nancy Lopez,Manager,Engineering,Atlanta GA,EMP-5048,Stephanie Rodriguez,Senior Manager,Engineering,EMP-5310,Kimberly Mitchell,Matrix,11,3,4,50,19,4.24,1,NONE,2025-09-04,64,N,2026-02-28,Weekly,2.14,8.57
REL-1096,EMP-8055,Robert Baker,Individual Contributor,Sales,Atlanta GA,EMP-5237,Thomas Moore,Senior Manager,Sales,EMP-5097,Steven Garcia,Direct,0,1,9,27,17,3.46,5,EMP-5006,2025-03-01,38,Y,2026-05-07,Weekly,3.72,3.82
REL-1097,EMP-6345,Sarah Martin,VP,Finance,Seattle WA,EMP-5001,Linda Jackson,C-Suite,Sales,NONE,N/A,Matrix,18,6,1,77,19,8.45,4,EMP-5387,2021-06-27,52,N,2026-02-28,Bi-Weekly,8.99,8.75
REL-1098,EMP-8027,Elizabeth Clark,Individual Contributor,People & HR,New York NY,EMP-5176,Amanda Scott,Senior Manager,People & HR,EMP-5150,Susan Harris,Matrix,0,1,5,11,11,4.04,4,EMP-5312,2019-08-05,29,Y,2026-01-13,Ad Hoc,6.54,9.46
REL-1099,EMP-7332,Brian Taylor,Individual Contributor,People & HR,San Francisco CA,EMP-5361,Jennifer Campbell,Manager,People & HR,EMP-5357,Emily Wright,Dotted-Line,0,1,12,5,15,4.2,3,EMP-5162,2023-07-03,64,Y,2026-03-31,Weekly,8.62,8.43
REL-1100,EMP-8575,Nancy Martin,Team Lead,Finance,Denver CO,EMP-5374,Donna Young,Senior Manager,Finance,EMP-5080,Michelle Hall,Matrix,0,2,11,22,5,5.41,0,EMP-5118,2020-03-01,19,Y,2026-04-12,Monthly,5.72,7.06
REL-1101,EMP-7751,Andrew Rivera,Team Lead,Legal & Compliance,Frisco TX,EMP-5232,Ashley Lewis,Senior Manager,Legal & Compliance,EMP-5171,Nancy Jones,Matrix,0,2,13,47,12,8.19,1,EMP-5322,2023-02-14,60,Y,2026-06-29,Bi-Weekly,4.96,3.85
REL-1102,EMP-6824,Christopher Nguyen,Team Lead,Marketing,Remote,EMP-5387,Paul Jackson,Manager,Marketing,EMP-5259,Michelle Baker,Matrix,0,2,3,41,14,1.4,2,NONE,2018-04-17,39,N,2026-04-17,Monthly,4.61,4.44
REL-1103,EMP-6396,Amanda Rivera,Individual Contributor,Finance,Atlanta GA,EMP-5338,Linda Rivera,Manager,Finance,EMP-5382,Maria Smith,Direct,0,1,8,5,12,1.32,4,EMP-5183,2023-05-15,39,N,2026-02-08,Monthly,9.46,5.37
REL-1104,EMP-8213,Edward Nelson,Individual Contributor,Finance,San Francisco CA,EMP-5294,Robert Gonzalez,Manager,Finance,EMP-5293,Amanda Lewis,Dotted-Line,0,1,6,9,17,2.11,0,NONE,2018-04-10,5,Y,2026-01-25,Monthly,5.3,4.59
REL-1105,EMP-8003,Matthew Garcia,Individual Contributor,Marketing,New York NY,EMP-5097,Steven Garcia,Director,Marketing,EMP-5231,Sarah Martin,Direct,0,1,0,55,2,4.49,0,EMP-5125,2021-06-10,3,Y,2026-03-14,Monthly,6.82,6.62
REL-1106,EMP-8981,Robert Gonzalez,Manager,Finance,Austin TX,EMP-5374,Donna Young,Senior Manager,Finance,EMP-5196,David Thomas,Dotted-Line,18,3,6,2,20,7.77,4,EMP-5198,2018-06-25,53,Y,2026-05-31,Bi-Weekly,9.18,9.22
REL-1107,EMP-8205,Maria Rodriguez,Manager,Customer Experience,Denver CO,EMP-5052,Donald Wilson,Senior Manager,Customer Experience,EMP-5154,Deborah Torres,Matrix,2,3,10,29,5,7.91,5,EMP-5314,2018-12-22,63,Y,2026-03-14,Bi-Weekly,7.32,5.93
REL-1108,EMP-8954,Steven Johnson,Manager,Operations,Chicago IL,EMP-5035,Stephanie Moore,SVP,Operations,EMP-5050,Jennifer Jones,Dotted-Line,14,3,8,78,0,6.66,1,NONE,2025-11-24,23,Y,2026-06-15,Ad Hoc,7.88,4.01
REL-1109,EMP-7214,Brian Flores,Team Lead,Sales,Boston MA,EMP-5345,John Adams,Manager,Sales,EMP-5150,Susan Harris,Matrix,0,2,6,74,1,6.49,5,NONE,2020-05-28,69,Y,2026-02-06,Monthly,4.95,9.84
REL-1110,EMP-7313,Betty Taylor,Manager,People & HR,Frisco TX,EMP-5347,Jennifer Hall,Director,People & HR,EMP-5368,Ashley Robinson,Direct,6,3,4,29,16,2.71,4,NONE,2023-07-22,60,Y,2026-06-07,Monthly,9.11,9.84
REL-1111,EMP-8405,William Lewis,Team Lead,Legal & Compliance,Denver CO,EMP-5375,John Torres,Manager,Legal & Compliance,EMP-5003,Jessica Johnson,Dotted-Line,0,2,1,46,5,9.69,0,NONE,2024-05-14,64,N,2026-05-10,Bi-Weekly,6.13,4.41
REL-1112,EMP-6709,Edward Thompson,VP,Data Science,Remote,EMP-5196,David Thomas,C-Suite,People & HR,NONE,N/A,Matrix,5,6,14,11,0,6.59,0,NONE,2023-04-04,63,Y,2026-06-09,Weekly,2.89,4.79
REL-1113,EMP-8825,Sarah Wright,Manager,Engineering,Remote,EMP-5080,Michelle Hall,VP,Engineering,EMP-5124,Sarah King,Dotted-Line,18,3,13,47,6,1.08,4,NONE,2023-10-21,63,N,2026-03-12,Weekly,6.78,8.53
REL-1114,EMP-7997,Jennifer Jones,C-Suite,Engineering,Atlanta GA,NONE,N/A,N/A,N/A,NONE,N/A,Direct,17,8,9,60,5,9.51,1,EMP-5283,2020-08-20,32,N,2026-04-13,Monthly,2.32,7.45
REL-1115,EMP-8973,Mark Mitchell,Individual Contributor,Data Science,Boston MA,EMP-5204,Steven Baker,VP,Data Science,EMP-5035,Stephanie Moore,Direct,0,1,5,1,13,5.75,5,NONE,2020-09-27,23,Y,2026-06-18,Weekly,9.08,8.35
REL-1116,EMP-8967,Susan Ramirez,Manager,Legal & Compliance,Atlanta GA,EMP-5009,Jennifer Miller,Senior Manager,Legal & Compliance,EMP-5383,Andrew Ramirez,Matrix,15,3,14,22,14,6.46,4,NONE,2018-03-12,32,N,2026-03-26,Monthly,6.97,4.94
REL-1117,EMP-8919,Daniel Sanchez,Team Lead,Sales,Chicago IL,EMP-5013,Joseph Torres,Manager,Sales,EMP-5081,Edward Hernandez,Matrix,0,2,12,70,7,4.19,0,NONE,2019-08-16,19,Y,2026-02-13,Weekly,3.09,3.31
REL-1118,EMP-6419,Edward Hernandez,Senior Manager,People & HR,Atlanta GA,EMP-5049,Thomas Green,Director,People & HR,EMP-5024,Joseph Nelson,Matrix,9,4,4,40,8,7.94,0,EMP-5318,2025-08-03,1,Y,2026-06-16,Bi-Weekly,8.5,4.24
REL-1119,EMP-8773,Melissa Martinez,Manager,Customer Experience,Seattle WA,EMP-5373,Deborah Taylor,Senior Manager,Customer Experience,EMP-5049,Thomas Green,Direct,3,3,11,26,14,6.07,1,EMP-5314,2018-08-13,44,Y,2026-02-21,Monthly,2.92,4.08
REL-1120,EMP-8323,Jennifer Miller,Senior Manager,Legal & Compliance,Boston MA,EMP-5256,Amanda Hill,Director,Legal & Compliance,EMP-5035,Stephanie Moore,Direct,1,4,9,41,7,3.72,1,NONE,2018-06-07,23,N,2026-03-25,Monthly,8.21,3.98
REL-1121,EMP-8757,Michael Baker,Individual Contributor,Legal & Compliance,New York NY,EMP-5063,Emily King,Manager,Legal & Compliance,EMP-5021,Brian Robinson,Dotted-Line,0,1,11,78,11,3.17,3,EMP-5193,2021-03-11,1,N,2026-04-02,Weekly,7.18,5.46
REL-1122,EMP-8298,John Adams,Manager,Sales,Atlanta GA,EMP-5003,Jessica Johnson,Senior Manager,Sales,EMP-5305,Christopher Thomas,Dotted-Line,10,3,1,14,20,4.62,4,NONE,2019-05-08,17,N,2026-05-09,Bi-Weekly,7.4,8.14
REL-1123,EMP-6032,Melissa Lewis,Individual Contributor,Product,Atlanta GA,EMP-5085,Donald Lewis,Manager,Product,EMP-5239,Jennifer Rodriguez,Direct,0,1,7,62,3,7.93,3,NONE,2020-09-01,32,N,2026-03-01,Ad Hoc,8.84,8.37
REL-1124,EMP-6207,Ashley Lewis,Senior Manager,Legal & Compliance,Austin TX,EMP-5256,Amanda Hill,Director,Legal & Compliance,EMP-5204,Steven Baker,Matrix,1,4,10,55,12,8.97,2,EMP-5230,2025-12-16,40,N,2026-04-19,Monthly,9.86,6.65
REL-1125,EMP-8612,Kimberly Lewis,Individual Contributor,Legal & Compliance,Boston MA,EMP-5367,Susan Jackson,Senior Manager,Legal & Compliance,EMP-5150,Susan Harris,Matrix,0,1,6,46,10,9.94,2,NONE,2019-09-02,60,N,2026-02-12,Monthly,6.3,3.5
REL-1126,EMP-7062,Brian Robinson,VP,Data Science,Frisco TX,EMP-5124,Sarah King,C-Suite,Legal & Compliance,NONE,N/A,Matrix,7,6,15,66,8,6.88,1,EMP-5071,2022-09-16,43,Y,2026-04-21,Ad Hoc,7.33,6.01
REL-1127,EMP-7605,Steven Torres,Manager,Sales,Austin TX,EMP-5237,Thomas Moore,Senior Manager,Sales,EMP-5072,Charles Perez,Direct,3,3,4,68,5,9.32,5,NONE,2019-06-08,42,N,2026-04-06,Ad Hoc,8.1,4.45
REL-1128,EMP-8713,Nancy Jones,Director,Operations,Remote,EMP-5035,Stephanie Moore,SVP,Operations,EMP-5124,Sarah King,Matrix,14,5,11,43,9,6.5,2,EMP-5308,2021-02-17,12,Y,2026-01-02,Bi-Weekly,3.82,3.13
REL-1129,EMP-6937,Robert Young,Individual Contributor,Legal & Compliance,San Francisco CA,EMP-5063,Emily King,Manager,Legal & Compliance,EMP-5368,Ashley Robinson,Matrix,0,1,14,71,9,1.75,3,NONE,2024-08-08,66,Y,2026-06-14,Bi-Weekly,4.87,3.55
REL-1130,EMP-6750,Kimberly Walker,Manager,Data Science,Austin TX,EMP-5021,Brian Robinson,VP,Data Science,EMP-5001,Linda Jackson,Dotted-Line,7,3,1,79,15,6.14,3,NONE,2023-11-16,3,Y,2026-03-26,Weekly,2.89,6.15
REL-1131,EMP-6287,Joshua Adams,Director,Engineering,New York NY,EMP-5080,Michelle Hall,VP,Engineering,EMP-5124,Sarah King,Matrix,3,5,12,29,9,2.17,0,EMP-5223,2020-02-22,59,Y,2026-01-29,Weekly,5.32,7.52
REL-1132,EMP-6173,Barbara Smith,Team Lead,Marketing,Denver CO,EMP-5155,Linda White,Manager,Marketing,EMP-5018,Jennifer Johnson,Dotted-Line,0,2,9,9,11,7.87,5,NONE,2024-08-28,5,Y,2026-05-28,Weekly,7.75,8.31
REL-1133,EMP-6210,Donna Davis,Individual Contributor,Product,Denver CO,EMP-5114,Sandra Sanchez,VP,Product,EMP-5124,Sarah King,Matrix,0,1,0,35,13,1.29,5,EMP-5233,2023-10-20,40,Y,2026-05-31,Ad Hoc,3.44,3.67
REL-1134,EMP-7304,Michelle Baker,Director,Marketing,Remote,EMP-5100,Donna Moore,VP,Marketing,EMP-5050,Jennifer Jones,Direct,12,5,4,57,1,1.42,1,NONE,2022-10-05,47,Y,2026-02-10,Ad Hoc,2.18,3.25
REL-1135,EMP-8885,John Carter,Senior Manager,Engineering,Frisco TX,EMP-5050,Jennifer Jones,C-Suite,Engineering,NONE,N/A,Matrix,11,4,10,10,9,9.68,1,EMP-5373,2024-06-22,11,N,2026-06-04,Weekly,8.63,3.05
REL-1136,EMP-6850,William Lewis,Team Lead,Legal & Compliance,Denver CO,EMP-5375,John Torres,Manager,Legal & Compliance,EMP-5003,Jessica Johnson,Dotted-Line,0,2,1,46,5,3.98,0,NONE,2024-05-14,64,N,2026-05-10,Bi-Weekly,5.72,8.86
REL-1137,EMP-7690,Robert Walker,Individual Contributor,Legal & Compliance,New York NY,EMP-5256,Amanda Hill,Director,Legal & Compliance,EMP-5001,Linda Jackson,Dotted-Line,0,1,1,7,16,2.02,5,NONE,2025-09-14,15,N,2026-03-12,Weekly,8.45,7.99
REL-1138,EMP-7810,Emily Anderson,Team Lead,Sales,Austin TX,EMP-5192,Kevin Green,Manager,Sales,EMP-5003,Jessica Johnson,Direct,0,2,3,71,4,4.5,1,EMP-5106,2021-06-17,19,Y,2026-01-27,Ad Hoc,3.24,4.68
REL-1139,EMP-7984,Stephanie Sanchez,Team Lead,Legal & Compliance,Denver CO,EMP-5367,Susan Jackson,Senior Manager,Legal & Compliance,EMP-5032,Kimberly Wright,Dotted-Line,0,2,10,14,3,6.22,1,EMP-5251,2018-08-14,6,N,2026-06-11,Ad Hoc,9.94,7.18
REL-1140,EMP-8678,Charles Allen,Individual Contributor,Product,Denver CO,EMP-5240,Edward Thomas,Director,Product,EMP-5100,Donna Moore,Matrix,0,1,14,36,13,3.31,0,EMP-5130,2018-12-07,23,Y,2026-02-26,Monthly,2.93,8.46
REL-1141,EMP-8547,Joseph Robinson,Individual Contributor,Customer Experience,San Francisco CA,EMP-5377,Maria Rodriguez,Manager,Customer Experience,EMP-5221,Sarah Taylor,Direct,0,1,13,28,8,7.12,4,EMP-5002,2021-02-26,1,Y,2026-04-17,Weekly,5.45,3.13
REL-1142,EMP-8161,Ashley Clark,Team Lead,Legal & Compliance,Boston MA,EMP-5124,Sarah King,C-Suite,Legal & Compliance,NONE,N/A,Dotted-Line,0,2,5,46,2,3.19,4,EMP-5219,2022-03-05,57,Y,2026-02-27,Monthly,7.91,4.35
REL-1143,EMP-6122,Anthony Garcia,Individual Contributor,Marketing,Atlanta GA,EMP-5376,Elizabeth Green,Manager,Marketing,EMP-5300,Thomas Hernandez,Dotted-Line,0,1,13,53,1,4.07,1,EMP-5185,2021-06-17,17,N,2026-03-07,Monthly,3.06,4.77
REL-1144,EMP-8509,Barbara Ramirez,Individual Contributor,People & HR,Seattle WA,EMP-5347,Jennifer Hall,Director,People & HR,EMP-5124,Sarah King,Direct,0,1,4,66,6,5.18,5,NONE,2022-01-21,1,Y,2026-03-26,Ad Hoc,6.69,5.11
REL-1145,EMP-6075,Donna Gonzalez,Individual Contributor,Customer Experience,Frisco TX,EMP-5219,Joseph Green,Manager,Customer Experience,EMP-5204,Steven Baker,Direct,0,1,5,52,4,3.08,1,EMP-5270,2024-03-29,22,Y,2026-01-11,Weekly,6.4,9.4
REL-1146,EMP-7094,James Smith,Individual Contributor,People & HR,San Francisco CA,EMP-5086,Robert White,Manager,People & HR,EMP-5305,Christopher Thomas,Matrix,0,1,12,12,20,2.54,0,NONE,2025-09-17,65,Y,2026-03-06,Monthly,2.7,7.02
REL-1147,EMP-6110,Linda Martinez,Individual Contributor,Engineering,Seattle WA,EMP-5214,Karen Brown,Manager,Engineering,EMP-5131,Brian Brown,Dotted-Line,0,1,1,48,12,1.76,4,EMP-5106,2020-06-08,13,N,2026-04-08,Monthly,3.3,7.73
REL-1148,EMP-7922,Richard Hernandez,Individual Contributor,Customer Experience,Denver CO,EMP-5040,Michelle Flores,Manager,Customer Experience,EMP-5188,William Johnson,Dotted-Line,0,1,0,42,13,1.72,0,NONE,2024-01-29,43,Y,2026-04-02,Bi-Weekly,3.64,5.91
REL-1149,EMP-7952,Robert Walker,Individual Contributor,Legal & Compliance,New York NY,EMP-5256,Amanda Hill,Director,Legal & Compliance,EMP-5001,Linda Jackson,Dotted-Line,0,1,1,7,16,4.64,5,NONE,2025-09-14,15,N,2026-03-12,Weekly,3.89,10.0
REL-1150,EMP-6362,David Thomas,C-Suite,People & HR,Austin TX,NONE,N/A,N/A,N/A,NONE,N/A,Dotted-Line,2,8,13,2,6,4.41,2,NONE,2023-01-14,31,N,2026-04-24,Bi-Weekly,5.57,7.35
REL-1151,EMP-8886,Susan Nelson,Manager,Customer Experience,San Francisco CA,EMP-5052,Donald Wilson,Senior Manager,Customer Experience,EMP-5159,Linda Nelson,Dotted-Line,1,3,15,9,8,9.78,0,EMP-5090,2025-01-22,24,Y,2026-01-06,Bi-Weekly,6.61,3.43
REL-1152,EMP-8662,Matthew White,Individual Contributor,Operations,San Francisco CA,EMP-5069,Matthew Perez,Manager,Operations,EMP-5396,Elizabeth Williams,Dotted-Line,0,1,8,47,15,1.23,1,NONE,2021-08-09,53,Y,2026-05-14,Monthly,3.6,9.61
REL-1153,EMP-7850,Karen Adams,Team Lead,Product,Remote,EMP-5094,Kimberly Lopez,Director,Product,EMP-5124,Sarah King,Dotted-Line,0,2,9,73,0,6.16,1,EMP-5021,2023-12-18,35,Y,2026-01-06,Weekly,4.06,4.14
REL-1154,EMP-8980,Ronald Torres,Individual Contributor,Data Science,New York NY,EMP-5261,Joseph Hernandez,Manager,Data Science,EMP-5379,John Carter,Direct,0,1,8,10,4,5.47,0,EMP-5279,2021-09-18,10,Y,2026-02-11,Bi-Weekly,4.68,8.5
REL-1155,EMP-7659,Maria Rodriguez,Manager,Customer Experience,Denver CO,EMP-5052,Donald Wilson,Senior Manager,Customer Experience,EMP-5154,Deborah Torres,Matrix,2,3,10,29,5,5.99,5,EMP-5314,2018-12-22,63,Y,2026-03-14,Bi-Weekly,3.81,4.95
REL-1156,EMP-8782,Christopher Lee,Individual Contributor,Sales,Chicago IL,EMP-5229,Linda Rodriguez,Manager,Sales,EMP-5171,Nancy Jones,Matrix,0,1,13,20,10,3.67,2,EMP-5342,2018-12-18,42,Y,2026-02-05,Monthly,6.21,4.89
REL-1157,EMP-8757,Edward Taylor,Manager,Engineering,Atlanta GA,EMP-5260,George Jackson,VP,Engineering,EMP-5124,Sarah King,Direct,4,3,14,49,19,4.42,0,EMP-5293,2023-09-05,72,Y,2026-04-22,Bi-Weekly,2.92,3.93
REL-1158,EMP-8130,Ashley Clark,Individual Contributor,Product,Seattle WA,EMP-5386,Maria Young,Manager,Product,EMP-5356,Donald Ramirez,Matrix,0,1,3,80,11,9.28,3,NONE,2018-01-05,25,Y,2026-04-06,Ad Hoc,6.89,4.74
REL-1159,EMP-6189,Joshua Martin,Team Lead,Marketing,Boston MA,EMP-5348,Richard Thomas,Senior Manager,Marketing,EMP-5200,Matthew King,Dotted-Line,0,2,8,72,6,9.45,5,NONE,2024-12-06,15,Y,2026-04-04,Weekly,5.08,9.85
REL-1160,EMP-6410,Brian Taylor,Individual Contributor,Data Science,Austin TX,EMP-5261,Joseph Hernandez,Manager,Data Science,EMP-5009,Jennifer Miller,Dotted-Line,0,1,5,59,14,2.35,3,NONE,2021-12-13,9,Y,2026-06-10,Weekly,8.11,9.94
REL-1161,EMP-7094,Thomas Lee,Individual Contributor,Finance,Chicago IL,EMP-5147,Ronald Hall,Manager,Finance,EMP-5018,Jennifer Johnson,Matrix,0,1,13,21,6,9.88,3,NONE,2022-11-13,1,Y,2026-06-08,Monthly,3.83,9.96
REL-1162,EMP-8620,Joseph Robinson,Individual Contributor,Customer Experience,San Francisco CA,EMP-5377,Maria Rodriguez,Manager,Customer Experience,EMP-5221,Sarah Taylor,Direct,0,1,13,28,8,7.41,4,EMP-5002,2021-02-26,1,Y,2026-04-17,Weekly,8.06,3.16
REL-1163,EMP-7541,John Walker,Individual Contributor,Marketing,Austin TX,EMP-5097,Steven Garcia,Director,Marketing,EMP-5199,Edward Thompson,Direct,0,1,12,10,0,2.42,3,EMP-5386,2024-11-10,65,N,2026-01-15,Monthly,8.1,8.11
REL-1164,EMP-7129,Michael Baker,Individual Contributor,Legal & Compliance,New York NY,EMP-5063,Emily King,Manager,Legal & Compliance,EMP-5021,Brian Robinson,Dotted-Line,0,1,11,78,11,3.84,3,EMP-5193,2021-03-11,1,N,2026-04-02,Weekly,8.64,4.38
REL-1165,EMP-6947,Ashley Robinson,VP,Finance,Frisco TX,EMP-5124,Sarah King,C-Suite,Legal & Compliance,NONE,N/A,Matrix,4,6,6,30,1,6.09,3,EMP-5381,2024-11-08,37,Y,2026-02-13,Ad Hoc,7.2,7.19
REL-1166,EMP-6688,Barbara Harris,Individual Contributor,Legal & Compliance,New York NY,EMP-5367,Susan Jackson,Senior Manager,Legal & Compliance,EMP-5124,Sarah King,Matrix,0,1,15,74,5,3.79,0,EMP-5135,2025-10-17,15,N,2026-01-30,Ad Hoc,8.72,6.7
REL-1167,EMP-8605,Dorothy Gonzalez,Senior Manager,Engineering,Atlanta GA,EMP-5305,Christopher Thomas,VP,Engineering,EMP-5001,Linda Jackson,Matrix,8,4,11,10,6,9.51,5,EMP-5012,2022-05-08,48,N,2026-03-12,Monthly,2.11,5.75
REL-1168,EMP-8651,Donna Davis,Individual Contributor,Operations,Atlanta GA,EMP-5170,Kevin Williams,Senior Manager,Operations,EMP-5035,Stephanie Moore,Matrix,0,1,4,9,3,7.36,4,NONE,2025-12-16,12,Y,2026-06-18,Ad Hoc,7.38,7.4
REL-1169,EMP-8205,Daniel Martin,Team Lead,Marketing,Atlanta GA,EMP-5058,Amanda Wilson,Senior Manager,Marketing,EMP-5305,Christopher Thomas,Dotted-Line,0,2,2,42,6,2.41,0,NONE,2020-09-16,45,Y,2026-03-02,Bi-Weekly,7.32,3.48
REL-1170,EMP-8707,Ronald Allen,Individual Contributor,Legal & Compliance,Frisco TX,EMP-5124,Sarah King,C-Suite,Legal & Compliance,NONE,N/A,Direct,0,1,0,56,18,9.7,2,EMP-5383,2018-05-06,40,Y,2026-05-23,Weekly,4.8,5.11
REL-1171,EMP-8552,Daniel Adams,Individual Contributor,Data Science,Boston MA,EMP-5261,Joseph Hernandez,Manager,Data Science,EMP-5367,Susan Jackson,Matrix,0,1,7,49,13,1.86,0,NONE,2020-11-23,20,N,2026-03-26,Bi-Weekly,4.41,4.1
REL-1172,EMP-7936,Carol Flores,Team Lead,People & HR,San Francisco CA,EMP-5081,Edward Hernandez,Senior Manager,People & HR,EMP-5090,Joshua Johnson,Matrix,0,2,5,30,6,6.25,0,EMP-5288,2024-07-03,14,Y,2026-06-29,Weekly,5.76,7.92
REL-1173,EMP-8048,Anthony Smith,Director,People & HR,Denver CO,EMP-5196,David Thomas,C-Suite,People & HR,NONE,N/A,Direct,14,5,8,24,2,9.32,1,NONE,2021-01-26,45,N,2026-05-13,Monthly,3.27,4.68
REL-1174,EMP-8374,Stephanie Moore,Individual Contributor,Product,Chicago IL,EMP-5386,Maria Young,Manager,Product,EMP-5385,Christopher Ramirez,Matrix,0,1,14,67,11,5.39,4,NONE,2019-08-02,29,N,2026-04-25,Weekly,8.55,5.92
REL-1175,EMP-8771,Thomas Thompson,Director,Product,Seattle WA,EMP-5114,Sandra Sanchez,VP,Product,EMP-5196,David Thomas,Dotted-Line,8,5,5,8,10,7.08,1,NONE,2020-02-26,39,Y,2026-06-10,Ad Hoc,5.04,5.78
REL-1176,EMP-7903,Steven Perez,Manager,Product,Atlanta GA,EMP-5046,Patricia Young,Senior Manager,Product,EMP-5305,Christopher Thomas,Dotted-Line,17,3,3,24,13,6.96,5,NONE,2024-12-20,61,N,2026-06-16,Monthly,6.35,5.32
REL-1177,EMP-6507,Christopher Lewis,Individual Contributor,Marketing,Denver CO,EMP-5387,Paul Jackson,Manager,Marketing,EMP-5080,Michelle Hall,Matrix,0,1,8,54,7,5.43,0,NONE,2018-06-29,51,N,2026-02-12,Monthly,7.55,8.12
REL-1178,EMP-6778,Robert Green,Manager,People & HR,San Francisco CA,EMP-5200,Matthew King,Director,People & HR,EMP-5199,Edward Thompson,Direct,1,3,13,43,2,7.13,5,EMP-5036,2023-01-10,54,Y,2026-01-23,Bi-Weekly,6.38,4.49
REL-1179,EMP-7378,Edward Thomas,Director,Product,Seattle WA,EMP-5114,Sandra Sanchez,VP,Product,EMP-5035,Stephanie Moore,Matrix,13,5,5,54,15,6.77,1,NONE,2025-08-31,47,N,2026-06-12,Weekly,5.28,5.63
REL-1180,EMP-6470,Nancy Wright,Team Lead,Sales,Frisco TX,EMP-5345,John Adams,Manager,Sales,EMP-5287,Mark Sanchez,Dotted-Line,0,2,8,53,6,3.27,3,EMP-5383,2025-03-28,66,N,2026-04-20,Bi-Weekly,3.27,7.07
REL-1181,EMP-7602,Richard Thomas,Senior Manager,Marketing,Boston MA,EMP-5217,Sandra Perez,Director,Marketing,EMP-5199,Edward Thompson,Direct,4,4,14,40,9,2.46,0,NONE,2025-05-29,60,N,2026-04-01,Weekly,6.88,8.38
REL-1182,EMP-8752,Christopher Campbell,Team Lead,Operations,Austin TX,EMP-5149,Steven Johnson,Manager,Operations,EMP-5302,Patricia Walker,Matrix,0,2,13,16,16,3.92,0,NONE,2020-12-05,35,Y,2026-01-16,Bi-Weekly,5.06,5.3
REL-1183,EMP-8513,Robert Green,Manager,People & HR,San Francisco CA,EMP-5200,Matthew King,Director,People & HR,EMP-5199,Edward Thompson,Direct,1,3,13,43,2,2.9,5,EMP-5036,2023-01-10,54,Y,2026-01-23,Bi-Weekly,4.6,8.1
REL-1184,EMP-7362,Sandra Johnson,Individual Contributor,Data Science,Austin TX,EMP-5199,Edward Thompson,VP,Data Science,EMP-5124,Sarah King,Direct,0,1,6,75,18,7.35,4,NONE,2023-12-06,39,Y,2026-04-02,Monthly,5.32,8.18
REL-1185,EMP-6306,Jessica Thompson,Manager,Marketing,Austin TX,EMP-5259,Michelle Baker,Director,Marketing,EMP-5024,Joseph Nelson,Matrix,16,3,4,21,18,8.44,2,NONE,2021-12-15,53,N,2026-02-28,Bi-Weekly,3.39,8.17
REL-1186,EMP-6145,Christopher Hill,Team Lead,Marketing,Austin TX,EMP-5344,James Nguyen,Manager,Marketing,EMP-5398,Karen Perez,Matrix,0,2,4,17,4,5.58,5,EMP-5086,2020-01-28,55,Y,2026-03-01,Monthly,6.87,5.72
REL-1187,EMP-6452,Susan Martinez,Individual Contributor,Customer Experience,Atlanta GA,EMP-5087,Joseph Jackson,Manager,Customer Experience,EMP-5136,Joseph Harris,Dotted-Line,0,1,4,61,7,6.34,4,NONE,2022-02-13,43,Y,2026-05-01,Weekly,7.49,4.5
REL-1188,EMP-7837,Donna Thompson,Senior Manager,Engineering,Austin TX,EMP-5310,Kimberly Mitchell,VP,Engineering,EMP-5050,Jennifer Jones,Matrix,13,4,1,44,10,5.79,0,NONE,2021-08-09,24,N,2026-03-29,Ad Hoc,5.04,8.92
REL-1189,EMP-6063,Richard Allen,Individual Contributor,Product,San Francisco CA,EMP-5360,Michelle Hill,Manager,Product,EMP-5237,Thomas Moore,Direct,0,1,4,43,11,3.0,1,NONE,2024-06-07,6,N,2026-03-08,Ad Hoc,8.03,6.29
REL-1190,EMP-8603,Patricia Walker,Senior Manager,Marketing,Denver CO,EMP-5100,Donna Moore,VP,Marketing,EMP-5050,Jennifer Jones,Dotted-Line,7,4,13,48,20,5.54,3,EMP-5365,2020-12-06,70,Y,2026-03-07,Weekly,8.15,3.39
REL-1191,EMP-6991,Kevin Williams,Individual Contributor,Operations,Frisco TX,EMP-5149,Steven Johnson,Manager,Operations,EMP-5249,David Allen,Matrix,0,1,5,67,12,6.3,5,EMP-5326,2021-06-13,49,N,2026-05-21,Ad Hoc,5.1,4.41
REL-1192,EMP-7931,Carol Adams,Individual Contributor,Marketing,Remote,EMP-5100,Donna Moore,VP,Marketing,EMP-5196,David Thomas,Direct,0,1,13,1,2,7.84,2,EMP-5134,2024-05-31,31,N,2026-01-29,Bi-Weekly,9.1,9.08
REL-1193,EMP-8497,Donna Moore,VP,Marketing,New York NY,EMP-5001,Linda Jackson,C-Suite,Sales,NONE,N/A,Direct,16,6,5,77,1,3.93,3,NONE,2023-11-03,60,Y,2026-06-27,Ad Hoc,8.36,3.23
REL-1194,EMP-8424,Mark Sanchez,Senior Manager,Operations,San Francisco CA,EMP-5035,Stephanie Moore,SVP,Operations,EMP-5124,Sarah King,Direct,11,4,4,64,6,6.62,2,NONE,2019-10-26,30,N,2026-05-09,Weekly,8.0,5.64
REL-1195,EMP-7024,Carol Smith,Individual Contributor,Product,Denver CO,EMP-5395,Jessica Taylor,Senior Manager,Product,EMP-5171,Nancy Jones,Dotted-Line,0,1,5,59,5,7.9,3,EMP-5162,2021-12-05,56,Y,2026-04-10,Bi-Weekly,4.43,7.64
REL-1196,EMP-7724,Karen Perez,Director,People & HR,San Francisco CA,EMP-5196,David Thomas,C-Suite,People & HR,NONE,N/A,Matrix,3,5,2,71,11,7.41,1,NONE,2018-02-21,4,Y,2026-03-25,Bi-Weekly,6.49,9.43
REL-1197,EMP-6707,Margaret Rodriguez,Senior Manager,Data Science,Seattle WA,EMP-5239,Jennifer Rodriguez,VP,Data Science,EMP-5196,David Thomas,Matrix,1,4,12,49,12,6.95,2,NONE,2023-10-10,35,N,2026-04-05,Ad Hoc,3.46,9.34
REL-1198,EMP-6656,Brian Roberts,Team Lead,Engineering,New York NY,EMP-5319,Dorothy Gonzalez,Senior Manager,Engineering,EMP-5398,Karen Perez,Dotted-Line,0,2,6,53,4,6.49,3,NONE,2024-11-27,30,Y,2026-06-05,Weekly,9.1,5.89
REL-1199,EMP-7718,Anthony Garcia,Individual Contributor,Marketing,Atlanta GA,EMP-5376,Elizabeth Green,Manager,Marketing,EMP-5300,Thomas Hernandez,Dotted-Line,0,1,13,53,1,4.37,1,EMP-5185,2021-06-17,17,N,2026-03-07,Monthly,7.98,8.95
REL-1200,EMP-7383,Robert Gonzalez,Manager,Finance,Austin TX,EMP-5374,Donna Young,Senior Manager,Finance,EMP-5196,David Thomas,Dotted-Line,18,3,6,2,20,2.16,4,EMP-5198,2018-06-25,53,Y,2026-05-31,Bi-Weekly,7.7,6.59
