Calibration_Record_ID,Employee_ID,Employee_Name,Department,Job_Level,Job_Family,Location,Manager_ID,Calibration_Session,Calibration_Year,Performance_Rating,Performance_Rating_Numeric,Prior_Year_Performance_Rating,Rating_Change_YoY,Potential_Rating,Nine_Box_Placement,Flight_Risk,Retention_Risk_Score,Succession_Readiness,Calibration_Status,Manager_Proposed_Rating,Calibration_Adjusted,Adjustment_Direction,Recommended_Merit_Increase_Pct,Bonus_Payout_Pct,Promotion_Recommended,PIP_Initiated,Key_Strength_1,Key_Strength_2,Development_Area,Employee_Tenure_Years,Time_In_Current_Role_Years,Compa_Ratio,Last_Promotion_Date,Diversity_Flag,Equitable_Pay_Flag,HR_Comments
CAL-7000,EMP-5000,Barbara Thomas,Data Science,SVP,Data Science,Atlanta GA,EMP-5019,Q1 2025 Mid-Year,2025,4 - Exceeds Expectations,4,3 - Meets Expectations,Improved,Watch List,Balanced Contributor,High,4.49,Not Applicable,Pending Manager Review,3 - Meets Expectations,No,Upward,4.1,7.69,No,No,Collaboration,Team Building,Prioritization,16.8,1.0,0.889,2023-08-19,Person with Disability,Within Range,Flagged for retention risk.
CAL-7001,EMP-5001,Robert Davis,Finance,Team Lead,Finance,Boston MA,EMP-5006,Q3 2026 Annual,2026,3 - Meets Expectations,3,3 - Meets Expectations,Stable,Needs Coaching,Balanced Contributor,Low,8.58,Ready 1-2 Years,Pending Manager Review,3 - Meets Expectations,No,No Change,2.54,4.78,No,No,Communication,Process Improvement,Cross-Functional Collaboration,8.3,6.7,0.797,2018-08-18,Veteran,Below Range,New to role - calibration advisory only.
CAL-7002,EMP-5002,Barbara Brown,Marketing,Individual Contributor,Marketing,Seattle WA,EMP-5031,Q3 2026 Annual,2026,3 - Meets Expectations,3,5 - Exceptional,Declined,Needs Coaching,Balanced Contributor,Low,4.53,Not Applicable,Calibration Complete,3 - Meets Expectations,No,No Change,2.39,2.88,No,No,Innovation,Project Delivery,Delegation,14.2,5.8,1.134,2018-05-26,Veteran,Above Range,Flagged for retention risk.
CAL-7003,EMP-5003,Sandra Davis,Sales,Individual Contributor,Sales,San Francisco CA,EMP-5025,Q1 2026 Mid-Year,2026,3 - Meets Expectations,3,3 - Meets Expectations,Stable,Watch List,Balanced Contributor,Low,7.13,Ready 3-5 Years,Calibration Complete,3 - Meets Expectations,No,No Change,2.31,5.72,No,No,Analytical Rigor,Problem Solving,Strategic Vision,4.0,2.5,1.151,2019-05-13,Person with Disability,Within Range,High potential validated by skip-level.
CAL-7004,EMP-5004,Margaret Wilson,Finance,Senior Manager,Finance,Austin TX,EMP-5030,Q3 2026 Annual,2026,5 - Exceptional,5,3 - Meets Expectations,Improved,Solid Performer,Balanced Contributor,Medium,4.95,Ready Now,Calibration Complete,3 - Meets Expectations,No,Downward,7.31,6.8,Yes,No,Leadership,Project Delivery,Technical Depth,1.0,7.7,1.186,2025-05-06,Veteran,Above Range,New to role - calibration advisory only.
CAL-7005,EMP-5005,David Johnson,Engineering,Director,Engineering,Remote,EMP-5026,Q3 2025 Annual,2025,1 - Does Not Meet,1,3 - Meets Expectations,Declined,Solid Performer,Balanced Contributor,High,7.12,Ready Now,Calibration Complete,3 - Meets Expectations,No,No Change,0.0,0.0,No,Yes,Adaptability,Mentoring,Strategic Vision,11.1,1.1,1.035,2018-04-03,Veteran,Within Range,Calibration adjusted after group review.
CAL-7006,EMP-5006,Mark Williams,Legal & Compliance,Individual Contributor,Legal & Compliance,Boston MA,EMP-5004,Q3 2025 Annual,2025,2 - Partially Meets,2,2 - Partially Meets,Stable,Solid Performer,Balanced Contributor,High,3.29,Ready Now,Calibration Complete,5 - Exceptional,No,Downward,1.73,1.48,No,No,Communication,Problem Solving,Cross-Functional Collaboration,1.7,5.9,1.241,2024-06-03,URM,Below Range,High potential validated by skip-level.
CAL-7007,EMP-5007,Michael Hernandez,Marketing,Individual Contributor,Marketing,Boston MA,EMP-5039,Q3 2026 Annual,2026,2 - Partially Meets,2,3 - Meets Expectations,Declined,Watch List,Balanced Contributor,Medium,5.3,Ready 1-2 Years,Pending Manager Review,3 - Meets Expectations,No,Upward,1.71,3.19,No,No,Adaptability,Stakeholder Mgmt,Prioritization,6.4,6.1,0.908,2023-05-13,URM,Above Range,New to role - calibration advisory only.
CAL-7008,EMP-5008,Jennifer Wilson,Finance,Individual Contributor,Finance,New York NY,EMP-5000,Q3 2026 Annual,2026,3 - Meets Expectations,3,3 - Meets Expectations,Stable,High Potential,Emerging Talent,Medium,8.47,Ready Now,Finalized,3 - Meets Expectations,Yes,No Change,2.83,2.28,No,No,Adaptability,Process Improvement,Executive Presence,6.9,2.8,1.081,2022-02-11,Person with Disability,Above Range,New to role - calibration advisory only.
CAL-7009,EMP-5009,Patricia Martinez,Customer Experience,Individual Contributor,Customer Experience,Austin TX,EMP-5025,Q3 2025 Annual,2025,5 - Exceptional,5,5 - Exceptional,Stable,Solid Performer,Balanced Contributor,High,3.48,Ready 1-2 Years,Pending Manager Review,2 - Partially Meets,No,No Change,7.14,7.44,No,No,Technical Excellence,Process Improvement,Technical Depth,8.1,8.3,0.83,2021-12-20,Person with Disability,Below Range,Flagged for retention risk.
CAL-7010,EMP-5010,Elizabeth Johnson,Product,Manager,Product,Seattle WA,EMP-5048,Q1 2026 Mid-Year,2026,3 - Meets Expectations,3,4 - Exceeds Expectations,Declined,Watch List,Balanced Contributor,High,2.05,Ready 3-5 Years,Pending Manager Review,1 - Does Not Meet,No,No Change,3.15,6.39,No,No,Leadership,Mentoring,Strategic Vision,15.0,2.7,1.206,2021-12-09,No Flag,Within Range,Calibration adjusted after group review.
CAL-7011,EMP-5011,Elizabeth Anderson,Finance,Team Lead,Finance,Remote,EMP-5037,Q1 2026 Mid-Year,2026,4 - Exceeds Expectations,4,3 - Meets Expectations,Improved,Needs Coaching,Balanced Contributor,High,4.58,Ready 3-5 Years,Calibration Complete,2 - Partially Meets,No,No Change,4.68,7.91,No,No,Strategic Thinking,Process Improvement,Strategic Vision,9.3,5.1,1.097,2024-12-20,Gender Minority,Within Range,New to role - calibration advisory only.
CAL-7012,EMP-5012,Thomas Moore,Finance,VP,Finance,San Francisco CA,EMP-5016,Q3 2025 Annual,2025,3 - Meets Expectations,3,3 - Meets Expectations,Stable,High Potential,Emerging Talent,Medium,6.94,Ready 1-2 Years,Calibration Complete,3 - Meets Expectations,Yes,No Change,3.47,3.83,No,No,Innovation,Stakeholder Mgmt,Delegation,16.0,9.6,1.1,2019-12-01,Gender Minority,Above Range,PIP recommended post calibration.
CAL-7013,EMP-5013,William Miller,Customer Experience,Individual Contributor,Customer Experience,Frisco TX,EMP-5011,Q3 2026 Annual,2026,2 - Partially Meets,2,4 - Exceeds Expectations,Declined,Growth Potential,Inconsistent Player,Medium,9.6,Ready Now,Pending Manager Review,3 - Meets Expectations,No,No Change,1.78,1.52,No,No,Execution,Process Improvement,Communication Clarity,14.0,2.9,1.079,2020-03-22,Veteran,Above Range,High potential validated by skip-level.
CAL-7014,EMP-5014,Sarah Gonzalez,People & HR,Individual Contributor,People & HR,Atlanta GA,EMP-5013,Q3 2025 Annual,2025,5 - Exceptional,5,4 - Exceeds Expectations,Improved,Solid Performer,Balanced Contributor,Low,1.96,Ready Now,Calibration Complete,3 - Meets Expectations,No,Upward,6.9,7.59,No,No,Adaptability,Stakeholder Mgmt,Prioritization,15.5,1.4,1.212,2020-08-14,Gender Minority,Below Range,Calibration adjusted after group review.
CAL-7015,EMP-5015,Anthony Jackson,Data Science,Team Lead,Data Science,Austin TX,EMP-5005,Q3 2025 Annual,2025,2 - Partially Meets,2,1 - Does Not Meet,Improved,Growth Potential,Inconsistent Player,Medium,6.7,Ready 1-2 Years,Finalized,2 - Partially Meets,Yes,No Change,0.05,0.09,No,No,Leadership,Stakeholder Mgmt,Prioritization,7.3,9.3,1.039,2021-06-07,Person with Disability,Within Range,
CAL-7016,EMP-5016,Patricia Davis,People & HR,Team Lead,People & HR,Atlanta GA,EMP-5005,Q1 2025 Mid-Year,2025,3 - Meets Expectations,3,2 - Partially Meets,Improved,Solid Performer,Backbone,High,8.36,Ready 1-2 Years,Pending Manager Review,3 - Meets Expectations,No,No Change,2.81,2.56,No,No,Customer Focus,Team Building,Prioritization,9.0,1.5,1.221,2022-11-23,URM,Above Range,PIP recommended post calibration.
CAL-7017,EMP-5017,Daniel Miller,Marketing,Senior Manager,Marketing,Remote,EMP-5014,Q1 2026 Mid-Year,2026,3 - Meets Expectations,3,3 - Meets Expectations,Stable,High Potential,Emerging Talent,Low,2.9,Ready 3-5 Years,Pending Manager Review,3 - Meets Expectations,No,Upward,2.8,2.53,No,No,Customer Focus,Project Delivery,Executive Presence,17.6,2.1,1.032,2018-01-21,Veteran,Above Range,High potential validated by skip-level.
CAL-7018,EMP-5018,Mark Lopez,Finance,Individual Contributor,Finance,Chicago IL,EMP-5048,Q3 2026 Annual,2026,5 - Exceptional,5,4 - Exceeds Expectations,Improved,Solid Performer,Balanced Contributor,High,3.11,Not Applicable,Finalized,3 - Meets Expectations,No,Upward,6.24,13.04,No,No,Collaboration,Stakeholder Mgmt,Communication Clarity,14.1,5.5,1.064,2025-10-12,Veteran,Below Range,New to role - calibration advisory only.
CAL-7019,EMP-5019,Robert Thomas,Engineering,Senior Manager,Engineering,Frisco TX,EMP-5000,Q3 2025 Annual,2025,3 - Meets Expectations,3,4 - Exceeds Expectations,Declined,Solid Performer,Backbone,High,9.15,Ready 1-2 Years,Calibration Complete,2 - Partially Meets,No,No Change,2.97,5.69,No,No,Adaptability,Results Orientation,Strategic Vision,9.5,0.6,1.108,2025-11-11,Gender Minority,Within Range,PIP recommended post calibration.
CAL-7020,EMP-5020,James Lopez,Marketing,Individual Contributor,Marketing,Chicago IL,EMP-5035,Q3 2025 Annual,2025,3 - Meets Expectations,3,3 - Meets Expectations,Stable,Growth Potential,Balanced Contributor,Low,6.96,Ready 1-2 Years,Finalized,4 - Exceeds Expectations,No,No Change,3.36,8.05,No,No,Communication,Problem Solving,People Management,10.4,8.3,1.056,2021-08-26,No Flag,Below Range,Flagged for retention risk.
CAL-7021,EMP-5021,Barbara Rodriguez,Legal & Compliance,Manager,Legal & Compliance,Frisco TX,EMP-5016,Q3 2026 Annual,2026,4 - Exceeds Expectations,4,2 - Partially Meets,Improved,Needs Coaching,Balanced Contributor,Low,1.75,Not Applicable,Finalized,1 - Does Not Meet,Yes,No Change,3.59,5.01,No,No,Adaptability,Problem Solving,Prioritization,4.6,9.4,1.25,2025-01-31,Person with Disability,Within Range,Flagged for retention risk.
CAL-7022,EMP-5022,James Wilson,Customer Experience,Senior Manager,Customer Experience,Remote,EMP-5017,Q3 2025 Annual,2025,4 - Exceeds Expectations,4,3 - Meets Expectations,Improved,Growth Potential,Core Contributor,Low,9.92,Ready 1-2 Years,Finalized,2 - Partially Meets,No,Downward,4.97,5.03,No,No,Analytical Rigor,Team Building,People Management,11.3,4.5,1.105,2023-07-17,Gender Minority,Above Range,High potential validated by skip-level.
CAL-7023,EMP-5023,Nancy Thomas,Product,Individual Contributor,Product,Frisco TX,EMP-5048,Q3 2025 Annual,2025,1 - Does Not Meet,1,2 - Partially Meets,Declined,High Potential,Balanced Contributor,Low,4.04,Not Applicable,Finalized,3 - Meets Expectations,No,Upward,0.0,0.0,No,Yes,Leadership,Team Building,Executive Presence,10.2,2.7,1.178,2023-11-19,URM,Below Range,Consistent performer over 3 cycles.
CAL-7024,EMP-5024,Michael Garcia,Data Science,Director,Data Science,Chicago IL,EMP-5004,Q3 2025 Annual,2025,2 - Partially Meets,2,3 - Meets Expectations,Declined,Solid Performer,Balanced Contributor,High,6.17,Ready 3-5 Years,Pending Manager Review,3 - Meets Expectations,No,Downward,0.99,0.96,No,No,Communication,Project Delivery,Strategic Vision,14.1,9.5,1.061,2021-05-03,No Flag,Below Range,New to role - calibration advisory only.
CAL-7025,EMP-5025,Matthew Martin,Engineering,Director,Engineering,New York NY,EMP-5005,Q3 2026 Annual,2026,3 - Meets Expectations,3,1 - Does Not Meet,Improved,Growth Potential,Balanced Contributor,High,6.97,Ready 1-2 Years,Finalized,4 - Exceeds Expectations,Yes,No Change,3.11,5.17,No,No,Customer Focus,Process Improvement,Cross-Functional Collaboration,15.7,3.5,0.976,2023-03-27,Gender Minority,Above Range,Calibration adjusted after group review.
CAL-7026,EMP-5026,Maria Thomas,Marketing,Manager,Marketing,Chicago IL,EMP-5015,Q1 2026 Mid-Year,2026,3 - Meets Expectations,3,3 - Meets Expectations,Stable,High Potential,Emerging Talent,High,1.89,Ready 1-2 Years,Finalized,5 - Exceptional,No,Downward,2.97,6.91,No,No,Collaboration,Stakeholder Mgmt,Executive Presence,11.3,4.8,0.878,2022-08-11,Person with Disability,Above Range,
CAL-7027,EMP-5027,Betty Lopez,Legal & Compliance,Team Lead,Legal & Compliance,San Francisco CA,EMP-5050,Q1 2026 Mid-Year,2026,3 - Meets Expectations,3,3 - Meets Expectations,Stable,Needs Coaching,Balanced Contributor,Medium,9.7,Ready 3-5 Years,Finalized,3 - Meets Expectations,No,No Change,3.09,3.66,No,No,Customer Focus,Team Building,Prioritization,9.5,1.5,0.769,2019-02-18,URM,Below Range,Consistent performer over 3 cycles.
CAL-7028,EMP-5028,Jessica Martinez,Engineering,Team Lead,Engineering,Boston MA,EMP-5024,Q1 2025 Mid-Year,2025,4 - Exceeds Expectations,4,3 - Meets Expectations,Improved,Solid Performer,Balanced Contributor,Low,1.28,Ready Now,Finalized,2 - Partially Meets,No,Upward,4.64,9.94,No,No,Strategic Thinking,Problem Solving,Delegation,3.2,3.3,0.922,2023-05-26,No Flag,Below Range,
CAL-7029,EMP-5029,Matthew Martinez,Product,Individual Contributor,Product,Frisco TX,EMP-5021,Q3 2025 Annual,2025,1 - Does Not Meet,1,2 - Partially Meets,Declined,Needs Coaching,Underperformer,Low,8.32,Ready 1-2 Years,Calibration Complete,2 - Partially Meets,Yes,Downward,0.0,0.0,No,Yes,Execution,Mentoring,Communication Clarity,8.4,6.7,1.198,2020-09-13,URM,Within Range,Flagged for retention risk.
CAL-7030,EMP-5030,Sandra Garcia,Product,Individual Contributor,Product,Chicago IL,EMP-5020,Q1 2025 Mid-Year,2025,4 - Exceeds Expectations,4,4 - Exceeds Expectations,Stable,Growth Potential,Core Contributor,Medium,7.36,Ready 1-2 Years,Pending Manager Review,3 - Meets Expectations,No,Upward,5.01,11.52,No,No,Collaboration,Mentoring,Communication Clarity,10.1,9.4,1.049,2023-08-04,Person with Disability,Above Range,Flagged for retention risk.
CAL-7031,EMP-5031,Richard Anderson,People & HR,Individual Contributor,People & HR,Denver CO,EMP-5012,Q3 2026 Annual,2026,3 - Meets Expectations,3,4 - Exceeds Expectations,Declined,Solid Performer,Backbone,High,6.97,Ready 1-2 Years,Calibration Complete,1 - Does Not Meet,No,No Change,2.97,2.42,No,No,Execution,Mentoring,Prioritization,16.2,8.1,1.049,2021-01-19,URM,Within Range,New to role - calibration advisory only.
CAL-7032,EMP-5032,Margaret Williams,Legal & Compliance,Individual Contributor,Legal & Compliance,Remote,EMP-5028,Q1 2026 Mid-Year,2026,4 - Exceeds Expectations,4,4 - Exceeds Expectations,Stable,Solid Performer,Balanced Contributor,Medium,4.54,Not Applicable,Pending Manager Review,5 - Exceptional,No,No Change,5.41,6.07,Yes,No,Execution,Stakeholder Mgmt,Prioritization,12.5,8.3,1.233,2020-09-09,No Flag,Below Range,Consistent performer over 3 cycles.
CAL-7033,EMP-5033,Betty Smith,Product,Senior Manager,Product,Austin TX,EMP-5036,Q1 2025 Mid-Year,2025,4 - Exceeds Expectations,4,4 - Exceeds Expectations,Stable,Growth Potential,Core Contributor,Low,1.58,Ready 1-2 Years,Calibration Complete,4 - Exceeds Expectations,No,No Change,4.27,7.52,No,No,Communication,Problem Solving,Technical Depth,2.6,6.7,1.339,2019-12-26,No Flag,Below Range,Consistent performer over 3 cycles.
CAL-7034,EMP-5034,Christopher Lopez,Operations,Senior Manager,Operations,Atlanta GA,EMP-5004,Q3 2026 Annual,2026,2 - Partially Meets,2,2 - Partially Meets,Stable,Growth Potential,Inconsistent Player,High,4.09,Ready Now,Finalized,4 - Exceeds Expectations,No,No Change,1.91,1.7,No,No,Strategic Thinking,Problem Solving,Technical Depth,3.7,6.7,1.158,2022-01-03,Gender Minority,Below Range,High potential validated by skip-level.
CAL-7035,EMP-5035,Matthew Rodriguez,Data Science,Manager,Data Science,Boston MA,EMP-5037,Q1 2025 Mid-Year,2025,4 - Exceeds Expectations,4,3 - Meets Expectations,Improved,High Potential,Future Leader,High,4.34,Not Applicable,Finalized,1 - Does Not Meet,No,No Change,4.38,8.31,No,No,Execution,Mentoring,Executive Presence,3.4,2.5,1.249,2020-12-17,No Flag,Above Range,High potential validated by skip-level.
CAL-7036,EMP-5036,Robert Taylor,Legal & Compliance,Manager,Legal & Compliance,Seattle WA,EMP-5017,Q1 2026 Mid-Year,2026,4 - Exceeds Expectations,4,2 - Partially Meets,Improved,Needs Coaching,Balanced Contributor,Medium,8.74,Ready 1-2 Years,Pending Manager Review,3 - Meets Expectations,No,Downward,4.41,5.64,Yes,No,Analytical Rigor,Project Delivery,Executive Presence,14.0,8.3,0.888,2018-08-16,URM,Below Range,Consistent performer over 3 cycles.
CAL-7037,EMP-5037,Michael Taylor,Marketing,Individual Contributor,Marketing,Remote,EMP-5021,Q1 2025 Mid-Year,2025,3 - Meets Expectations,3,3 - Meets Expectations,Stable,Solid Performer,Backbone,High,4.37,Ready 3-5 Years,Finalized,3 - Meets Expectations,No,No Change,2.54,2.27,No,No,Technical Excellence,Team Building,Prioritization,18.5,6.0,1.302,2020-07-24,Person with Disability,Above Range,
CAL-7038,EMP-5038,Mark Jones,Marketing,Team Lead,Marketing,San Francisco CA,EMP-5050,Q1 2026 Mid-Year,2026,3 - Meets Expectations,3,3 - Meets Expectations,Stable,Growth Potential,Balanced Contributor,Low,2.97,Not Applicable,Finalized,3 - Meets Expectations,Yes,No Change,2.01,2.77,No,No,Adaptability,Team Building,People Management,15.8,1.4,0.961,2019-06-18,URM,Within Range,Calibration adjusted after group review.
CAL-7039,EMP-5039,Jennifer Miller,Marketing,VP,Marketing,Boston MA,EMP-5010,Q3 2025 Annual,2025,1 - Does Not Meet,1,1 - Does Not Meet,Stable,Needs Coaching,Underperformer,Medium,6.65,Not Applicable,Calibration Complete,2 - Partially Meets,No,No Change,0.0,0.0,No,Yes,Collaboration,Mentoring,Delegation,4.1,9.8,1.197,2021-08-17,Veteran,Within Range,Flagged for retention risk.
CAL-7040,EMP-5040,John Martin,Operations,Director,Operations,San Francisco CA,EMP-5015,Q1 2025 Mid-Year,2025,3 - Meets Expectations,3,4 - Exceeds Expectations,Declined,Needs Coaching,Balanced Contributor,Low,7.69,Ready 3-5 Years,Pending Manager Review,3 - Meets Expectations,No,No Change,3.11,6.91,No,No,Leadership,Team Building,Prioritization,2.6,6.7,0.795,2018-07-15,Gender Minority,Above Range,Calibration adjusted after group review.
CAL-7041,EMP-5041,Margaret Smith,Sales,Senior Manager,Sales,Boston MA,EMP-5013,Q1 2026 Mid-Year,2026,3 - Meets Expectations,3,3 - Meets Expectations,Stable,Needs Coaching,Balanced Contributor,High,3.74,Not Applicable,Finalized,3 - Meets Expectations,No,No Change,2.77,5.53,No,No,Customer Focus,Results Orientation,Communication Clarity,5.9,5.3,0.804,2022-12-27,Person with Disability,Below Range,
CAL-7042,EMP-5042,Betty Williams,Marketing,Individual Contributor,Marketing,Atlanta GA,EMP-5033,Q1 2025 Mid-Year,2025,3 - Meets Expectations,3,3 - Meets Expectations,Stable,High Potential,Emerging Talent,Low,4.59,Ready 3-5 Years,Finalized,3 - Meets Expectations,Yes,No Change,2.59,6.16,No,No,Strategic Thinking,Team Building,Cross-Functional Collaboration,10.4,7.1,1.171,2023-07-03,No Flag,Below Range,New to role - calibration advisory only.
CAL-7043,EMP-5043,Jennifer Moore,Legal & Compliance,VP,Legal & Compliance,Remote,EMP-5027,Q3 2025 Annual,2025,3 - Meets Expectations,3,1 - Does Not Meet,Improved,Solid Performer,Backbone,Medium,2.34,Ready 3-5 Years,Finalized,3 - Meets Expectations,No,No Change,3.16,6.21,No,No,Collaboration,Results Orientation,Strategic Vision,7.5,1.6,0.877,2020-06-04,No Flag,Below Range,Strong calibration supported by peers.
CAL-7044,EMP-5044,Sarah Hernandez,Legal & Compliance,Individual Contributor,Legal & Compliance,Boston MA,EMP-5036,Q1 2025 Mid-Year,2025,3 - Meets Expectations,3,4 - Exceeds Expectations,Declined,Growth Potential,Balanced Contributor,High,9.22,Ready 3-5 Years,Calibration Complete,4 - Exceeds Expectations,No,No Change,3.28,4.94,No,No,Execution,Project Delivery,Executive Presence,12.1,2.6,0.778,2019-12-09,URM,Within Range,Flagged for retention risk.
CAL-7045,EMP-5045,Jessica Garcia,Data Science,Manager,Data Science,San Francisco CA,EMP-5013,Q1 2025 Mid-Year,2025,2 - Partially Meets,2,3 - Meets Expectations,Declined,Solid Performer,Balanced Contributor,Low,4.48,Not Applicable,Pending Manager Review,4 - Exceeds Expectations,Yes,No Change,1.4,1.41,No,No,Customer Focus,Stakeholder Mgmt,Communication Clarity,10.4,4.6,1.284,2022-01-22,Person with Disability,Above Range,New to role - calibration advisory only.
CAL-7046,EMP-5046,Margaret Jackson,People & HR,Manager,People & HR,San Francisco CA,EMP-5041,Q1 2025 Mid-Year,2025,3 - Meets Expectations,3,3 - Meets Expectations,Stable,High Potential,Emerging Talent,Medium,8.2,Not Applicable,Pending Manager Review,2 - Partially Meets,No,No Change,2.72,4.78,No,No,Customer Focus,Process Improvement,Delegation,13.1,6.8,0.91,2021-03-01,Veteran,Within Range,
CAL-7047,EMP-5047,Jennifer Anderson,Legal & Compliance,Senior Manager,Legal & Compliance,Austin TX,EMP-5009,Q1 2026 Mid-Year,2026,3 - Meets Expectations,3,3 - Meets Expectations,Stable,Solid Performer,Backbone,Low,9.31,Ready 1-2 Years,Pending Manager Review,3 - Meets Expectations,No,No Change,2.68,3.86,No,No,Analytical Rigor,Results Orientation,Communication Clarity,11.1,3.0,0.893,2025-03-11,Person with Disability,Within Range,Strong calibration supported by peers.
CAL-7048,EMP-5048,Linda Martin,Marketing,Team Lead,Marketing,Denver CO,EMP-5021,Q1 2026 Mid-Year,2026,3 - Meets Expectations,3,4 - Exceeds Expectations,Declined,Solid Performer,Backbone,Low,1.72,Not Applicable,Finalized,2 - Partially Meets,No,No Change,2.65,4.41,No,No,Strategic Thinking,Data-Driven,Cross-Functional Collaboration,14.1,3.3,1.203,2021-01-21,Gender Minority,Above Range,PIP recommended post calibration.
CAL-7049,EMP-5049,Betty Davis,Product,Team Lead,Product,Chicago IL,EMP-5000,Q3 2025 Annual,2025,4 - Exceeds Expectations,4,4 - Exceeds Expectations,Stable,Needs Coaching,Balanced Contributor,Low,6.96,Ready Now,Finalized,3 - Meets Expectations,No,Downward,4.82,5.95,Yes,No,Innovation,Data-Driven,Communication Clarity,9.2,4.9,0.814,2025-06-23,URM,Within Range,PIP recommended post calibration.
CAL-7050,EMP-5050,Matthew Brown,People & HR,Individual Contributor,People & HR,Atlanta GA,EMP-5021,Q1 2026 Mid-Year,2026,1 - Does Not Meet,1,4 - Exceeds Expectations,Declined,Growth Potential,Balanced Contributor,High,1.39,Not Applicable,Pending Manager Review,3 - Meets Expectations,No,Downward,0.0,0.0,No,No,Strategic Thinking,Process Improvement,Cross-Functional Collaboration,16.8,2.7,0.916,2025-12-24,URM,Below Range,
CAL-7051,EMP-5051,Jennifer Taylor,Product,Team Lead,Product,Chicago IL,EMP-5037,Q1 2025 Mid-Year,2025,4 - Exceeds Expectations,4,2 - Partially Meets,Improved,Growth Potential,Core Contributor,Medium,3.66,Ready 1-2 Years,Calibration Complete,3 - Meets Expectations,No,No Change,3.78,6.25,No,No,Leadership,Process Improvement,Technical Depth,7.1,9.3,1.256,2021-08-21,Veteran,Within Range,PIP recommended post calibration.
CAL-7052,EMP-5052,Mark Thomas,Product,Team Lead,Product,Austin TX,EMP-5048,Q3 2026 Annual,2026,3 - Meets Expectations,3,3 - Meets Expectations,Stable,Growth Potential,Balanced Contributor,Low,6.11,Ready 3-5 Years,Pending Manager Review,1 - Does Not Meet,No,No Change,3.34,7.83,No,No,Communication,Mentoring,Strategic Vision,17.0,7.6,0.981,2018-10-02,URM,Above Range,Consistent performer over 3 cycles.
CAL-7053,EMP-5053,John Moore,Legal & Compliance,Manager,Legal & Compliance,Frisco TX,EMP-5043,Q3 2026 Annual,2026,3 - Meets Expectations,3,3 - Meets Expectations,Stable,Solid Performer,Backbone,Low,5.17,Ready Now,Pending Manager Review,4 - Exceeds Expectations,No,No Change,3.45,4.33,No,No,Leadership,Problem Solving,Prioritization,3.2,8.5,1.004,2024-03-10,URM,Below Range,New to role - calibration advisory only.
CAL-7054,EMP-5054,Mark Lopez,Customer Experience,Director,Customer Experience,Austin TX,EMP-5043,Q3 2026 Annual,2026,3 - Meets Expectations,3,4 - Exceeds Expectations,Declined,Solid Performer,Backbone,Low,5.68,Ready 1-2 Years,Finalized,3 - Meets Expectations,No,No Change,3.22,4.46,No,No,Technical Excellence,Mentoring,Cross-Functional Collaboration,8.7,4.6,1.263,2023-07-15,Person with Disability,Within Range,Strong calibration supported by peers.
CAL-7055,EMP-5055,Karen Anderson,Data Science,Manager,Data Science,New York NY,EMP-5010,Q1 2025 Mid-Year,2025,2 - Partially Meets,2,1 - Does Not Meet,Improved,Needs Coaching,Needs Development,High,9.52,Ready 3-5 Years,Calibration Complete,3 - Meets Expectations,No,No Change,0.98,1.81,No,No,Strategic Thinking,Results Orientation,People Management,4.2,0.6,0.971,2024-03-29,Veteran,Within Range,Consistent performer over 3 cycles.
CAL-7056,EMP-5056,Sandra Lopez,Sales,Team Lead,Sales,Seattle WA,EMP-5049,Q1 2025 Mid-Year,2025,1 - Does Not Meet,1,4 - Exceeds Expectations,Declined,Needs Coaching,Underperformer,Low,3.73,Ready 1-2 Years,Pending Manager Review,4 - Exceeds Expectations,No,Downward,0.0,0.0,No,Yes,Strategic Thinking,Problem Solving,Delegation,7.0,0.9,1.262,2022-01-16,Veteran,Below Range,
CAL-7057,EMP-5057,David Martinez,Marketing,Senior Manager,Marketing,New York NY,EMP-5012,Q3 2025 Annual,2025,3 - Meets Expectations,3,5 - Exceptional,Declined,Watch List,Balanced Contributor,Low,3.39,Ready 1-2 Years,Pending Manager Review,3 - Meets Expectations,No,No Change,2.77,2.57,No,No,Analytical Rigor,Stakeholder Mgmt,Strategic Vision,16.1,5.4,0.757,2020-02-02,URM,Above Range,Consistent performer over 3 cycles.
CAL-7058,EMP-5058,David Thomas,Sales,Manager,Sales,Seattle WA,EMP-5045,Q3 2026 Annual,2026,2 - Partially Meets,2,2 - Partially Meets,Stable,Growth Potential,Inconsistent Player,Medium,6.01,Ready Now,Finalized,4 - Exceeds Expectations,Yes,Downward,0.94,2.12,No,No,Customer Focus,Project Delivery,Prioritization,8.7,0.5,1.16,2023-11-13,Gender Minority,Above Range,
CAL-7059,EMP-5059,Christopher Moore,Finance,Individual Contributor,Finance,Austin TX,EMP-5010,Q3 2026 Annual,2026,3 - Meets Expectations,3,3 - Meets Expectations,Stable,Growth Potential,Balanced Contributor,Medium,7.99,Ready 3-5 Years,Finalized,2 - Partially Meets,Yes,No Change,3.17,7.49,No,No,Customer Focus,Stakeholder Mgmt,Technical Depth,14.1,6.3,1.063,2019-10-19,No Flag,Below Range,Flagged for retention risk.
CAL-7060,EMP-5060,Ashley Davis,Engineering,Manager,Engineering,Denver CO,EMP-5013,Q3 2025 Annual,2025,3 - Meets Expectations,3,2 - Partially Meets,Improved,Solid Performer,Backbone,Medium,8.83,Ready 3-5 Years,Finalized,3 - Meets Expectations,No,Downward,2.12,2.71,No,No,Communication,Results Orientation,Cross-Functional Collaboration,5.9,2.8,1.119,2023-01-31,Gender Minority,Below Range,Strong calibration supported by peers.
CAL-7061,EMP-5061,Maria Martinez,Legal & Compliance,Individual Contributor,Legal & Compliance,Chicago IL,EMP-5004,Q1 2026 Mid-Year,2026,1 - Does Not Meet,1,4 - Exceeds Expectations,Declined,Solid Performer,Balanced Contributor,Low,7.86,Ready Now,Pending Manager Review,3 - Meets Expectations,No,Upward,0.0,0.0,No,No,Innovation,Team Building,Strategic Vision,16.5,4.1,0.914,2025-08-10,Veteran,Within Range,
CAL-7062,EMP-5062,Sarah Martin,Customer Experience,Individual Contributor,Customer Experience,Denver CO,EMP-5006,Q1 2025 Mid-Year,2025,3 - Meets Expectations,3,4 - Exceeds Expectations,Declined,Solid Performer,Backbone,Low,1.08,Not Applicable,Calibration Complete,3 - Meets Expectations,No,No Change,2.53,5.17,No,No,Leadership,Mentoring,Executive Presence,2.1,2.7,0.779,2021-02-19,No Flag,Below Range,Flagged for retention risk.
CAL-7063,EMP-5063,Robert Jackson,Operations,Individual Contributor,Operations,New York NY,EMP-5015,Q1 2025 Mid-Year,2025,3 - Meets Expectations,3,3 - Meets Expectations,Stable,Solid Performer,Backbone,Medium,9.03,Ready Now,Finalized,4 - Exceeds Expectations,No,Upward,3.25,3.34,No,No,Innovation,Results Orientation,Prioritization,12.0,7.4,0.893,2019-12-16,No Flag,Within Range,PIP recommended post calibration.
CAL-7064,EMP-5064,Sarah Rodriguez,Sales,Individual Contributor,Sales,New York NY,EMP-5031,Q1 2026 Mid-Year,2026,3 - Meets Expectations,3,3 - Meets Expectations,Stable,Watch List,Balanced Contributor,Low,1.32,Not Applicable,Finalized,3 - Meets Expectations,No,No Change,2.18,4.17,No,No,Leadership,Process Improvement,Delegation,10.2,9.1,1.218,2021-03-12,Person with Disability,Within Range,New to role - calibration advisory only.
CAL-7065,EMP-5065,Christopher Johnson,Customer Experience,Individual Contributor,Customer Experience,Boston MA,EMP-5022,Q3 2026 Annual,2026,3 - Meets Expectations,3,4 - Exceeds Expectations,Declined,Growth Potential,Balanced Contributor,High,4.06,Ready 1-2 Years,Finalized,5 - Exceptional,No,No Change,3.31,6.72,No,No,Strategic Thinking,Data-Driven,Strategic Vision,0.6,7.4,1.236,2022-02-10,No Flag,Within Range,Calibration adjusted after group review.
CAL-7066,EMP-5066,James Davis,People & HR,Individual Contributor,People & HR,Atlanta GA,EMP-5026,Q1 2026 Mid-Year,2026,3 - Meets Expectations,3,2 - Partially Meets,Improved,Needs Coaching,Balanced Contributor,High,5.33,Not Applicable,Pending Manager Review,3 - Meets Expectations,No,No Change,3.37,5.83,No,No,Innovation,Project Delivery,Cross-Functional Collaboration,11.1,8.4,1.321,2021-03-26,Gender Minority,Above Range,
CAL-7067,EMP-5067,Sarah Anderson,Data Science,VP,Data Science,New York NY,EMP-5048,Q1 2025 Mid-Year,2025,4 - Exceeds Expectations,4,2 - Partially Meets,Improved,High Potential,Future Leader,High,6.02,Ready 3-5 Years,Calibration Complete,3 - Meets Expectations,No,No Change,4.18,9.52,No,No,Analytical Rigor,Problem Solving,Executive Presence,10.1,3.3,1.11,2021-01-22,Person with Disability,Below Range,Flagged for retention risk.
CAL-7068,EMP-5068,Maria Johnson,Finance,Senior Manager,Finance,New York NY,EMP-5044,Q3 2025 Annual,2025,3 - Meets Expectations,3,2 - Partially Meets,Improved,Growth Potential,Balanced Contributor,Medium,1.05,Ready 1-2 Years,Pending Manager Review,5 - Exceptional,Yes,No Change,2.64,5.87,No,No,Innovation,Problem Solving,People Management,15.2,8.0,1.201,2020-04-25,URM,Above Range,PIP recommended post calibration.
CAL-7069,EMP-5069,Matthew Davis,Operations,Director,Operations,Austin TX,EMP-5033,Q3 2025 Annual,2025,3 - Meets Expectations,3,3 - Meets Expectations,Stable,Solid Performer,Backbone,Medium,2.82,Ready 1-2 Years,Calibration Complete,3 - Meets Expectations,No,No Change,2.64,4.71,No,No,Analytical Rigor,Stakeholder Mgmt,People Management,10.5,8.6,1.136,2021-01-18,URM,Below Range,PIP recommended post calibration.
CAL-7070,EMP-5070,David Smith,Data Science,Director,Data Science,Frisco TX,EMP-5015,Q3 2025 Annual,2025,2 - Partially Meets,2,2 - Partially Meets,Stable,Solid Performer,Balanced Contributor,High,5.65,Ready 1-2 Years,Finalized,5 - Exceptional,No,No Change,0.47,1.12,No,No,Analytical Rigor,Mentoring,Strategic Vision,15.9,7.0,0.886,2020-02-01,URM,Within Range,Consistent performer over 3 cycles.
CAL-7071,EMP-5071,Richard Jackson,Customer Experience,Manager,Customer Experience,Remote,EMP-5025,Q1 2026 Mid-Year,2026,2 - Partially Meets,2,2 - Partially Meets,Stable,Needs Coaching,Needs Development,Medium,4.26,Ready 3-5 Years,Finalized,2 - Partially Meets,No,No Change,0.72,1.66,No,No,Analytical Rigor,Mentoring,Strategic Vision,8.7,3.9,1.3,2022-04-10,No Flag,Above Range,Consistent performer over 3 cycles.
CAL-7072,EMP-5072,Betty Martin,Finance,Individual Contributor,Finance,Denver CO,EMP-5045,Q1 2026 Mid-Year,2026,3 - Meets Expectations,3,4 - Exceeds Expectations,Declined,Solid Performer,Backbone,Low,9.31,Ready 3-5 Years,Calibration Complete,4 - Exceeds Expectations,No,No Change,2.95,6.0,No,No,Collaboration,Results Orientation,Executive Presence,17.5,4.2,1.156,2021-01-30,Veteran,Below Range,Flagged for retention risk.
CAL-7073,EMP-5073,Richard Martin,Customer Experience,Manager,Customer Experience,Remote,EMP-5050,Q3 2025 Annual,2025,3 - Meets Expectations,3,4 - Exceeds Expectations,Declined,High Potential,Emerging Talent,Low,3.33,Not Applicable,Finalized,4 - Exceeds Expectations,No,Upward,2.39,5.69,No,No,Analytical Rigor,Problem Solving,Communication Clarity,4.8,4.6,1.211,2025-11-04,Gender Minority,Within Range,PIP recommended post calibration.
CAL-7074,EMP-5074,Michael Taylor,Finance,Individual Contributor,Finance,San Francisco CA,EMP-5000,Q1 2025 Mid-Year,2025,2 - Partially Meets,2,3 - Meets Expectations,Declined,Solid Performer,Balanced Contributor,High,3.81,Ready Now,Finalized,3 - Meets Expectations,No,Downward,1.02,2.18,No,No,Strategic Thinking,Team Building,Cross-Functional Collaboration,13.3,2.0,0.899,2024-02-21,Gender Minority,Above Range,
CAL-7075,EMP-5075,Margaret Garcia,People & HR,Team Lead,People & HR,San Francisco CA,EMP-5012,Q1 2026 Mid-Year,2026,1 - Does Not Meet,1,1 - Does Not Meet,Stable,Solid Performer,Balanced Contributor,Low,1.72,Not Applicable,Finalized,1 - Does Not Meet,No,No Change,0.0,0.0,No,Yes,Leadership,Stakeholder Mgmt,Prioritization,5.4,5.1,1.323,2021-12-07,URM,Above Range,Calibration adjusted after group review.
CAL-7076,EMP-5076,Betty Miller,Marketing,Director,Marketing,Frisco TX,EMP-5033,Q3 2025 Annual,2025,2 - Partially Meets,2,2 - Partially Meets,Stable,High Potential,Balanced Contributor,Low,9.22,Ready 1-2 Years,Pending Manager Review,3 - Meets Expectations,No,Upward,0.89,1.02,No,No,Analytical Rigor,Results Orientation,Prioritization,0.5,5.0,1.058,2018-02-06,Gender Minority,Within Range,Flagged for retention risk.
CAL-7077,EMP-5077,William Gonzalez,People & HR,Individual Contributor,People & HR,Seattle WA,EMP-5032,Q1 2026 Mid-Year,2026,3 - Meets Expectations,3,4 - Exceeds Expectations,Declined,Needs Coaching,Balanced Contributor,High,9.65,Not Applicable,Finalized,5 - Exceptional,No,Downward,3.03,7.23,No,No,Adaptability,Mentoring,Executive Presence,12.3,1.9,1.02,2023-11-28,Person with Disability,Above Range,New to role - calibration advisory only.
CAL-7078,EMP-5078,Joseph Davis,Sales,Individual Contributor,Sales,Frisco TX,EMP-5011,Q1 2026 Mid-Year,2026,5 - Exceptional,5,3 - Meets Expectations,Improved,High Potential,Star,Low,1.58,Not Applicable,Calibration Complete,4 - Exceeds Expectations,Yes,Downward,6.44,15.05,No,No,Strategic Thinking,Mentoring,Delegation,19.9,7.4,0.993,2024-08-03,Veteran,Within Range,
CAL-7079,EMP-5079,John Rodriguez,Legal & Compliance,Director,Legal & Compliance,Atlanta GA,EMP-5000,Q1 2025 Mid-Year,2025,5 - Exceptional,5,3 - Meets Expectations,Improved,Growth Potential,High Performer,Medium,1.86,Not Applicable,Pending Manager Review,4 - Exceeds Expectations,No,Downward,7.28,7.45,No,No,Analytical Rigor,Data-Driven,Executive Presence,9.4,6.6,1.325,2022-04-07,Gender Minority,Within Range,New to role - calibration advisory only.
CAL-7080,EMP-5080,Barbara Garcia,Product,SVP,Product,New York NY,EMP-5012,Q3 2025 Annual,2025,3 - Meets Expectations,3,4 - Exceeds Expectations,Declined,Solid Performer,Backbone,Medium,6.33,Ready 3-5 Years,Finalized,2 - Partially Meets,No,No Change,3.39,6.76,No,No,Analytical Rigor,Data-Driven,Executive Presence,10.9,5.0,1.155,2023-06-03,No Flag,Above Range,PIP recommended post calibration.
CAL-7081,EMP-5081,Susan Jackson,Product,Senior Manager,Product,Chicago IL,EMP-5018,Q1 2025 Mid-Year,2025,2 - Partially Meets,2,1 - Does Not Meet,Improved,Solid Performer,Balanced Contributor,High,5.48,Ready 3-5 Years,Calibration Complete,2 - Partially Meets,Yes,No Change,1.9,2.2,No,No,Strategic Thinking,Results Orientation,Executive Presence,14.5,3.3,0.902,2022-11-26,Person with Disability,Above Range,Flagged for retention risk.
CAL-7082,EMP-5082,Ashley Moore,Product,Senior Manager,Product,Seattle WA,EMP-5005,Q3 2025 Annual,2025,1 - Does Not Meet,1,4 - Exceeds Expectations,Declined,Growth Potential,Balanced Contributor,High,6.62,Ready Now,Finalized,3 - Meets Expectations,No,Downward,0.0,0.0,No,No,Innovation,Stakeholder Mgmt,Cross-Functional Collaboration,8.4,7.9,0.957,2024-11-04,No Flag,Below Range,High potential validated by skip-level.
CAL-7083,EMP-5083,Christopher Rodriguez,People & HR,Individual Contributor,People & HR,San Francisco CA,EMP-5037,Q1 2026 Mid-Year,2026,3 - Meets Expectations,3,3 - Meets Expectations,Stable,Needs Coaching,Balanced Contributor,Medium,8.1,Ready 3-5 Years,Calibration Complete,4 - Exceeds Expectations,No,No Change,2.89,3.73,No,No,Communication,Mentoring,Cross-Functional Collaboration,5.7,9.1,0.943,2020-09-08,Person with Disability,Below Range,Strong calibration supported by peers.
CAL-7084,EMP-5084,Linda Miller,Marketing,Senior Manager,Marketing,Frisco TX,EMP-5042,Q3 2025 Annual,2025,1 - Does Not Meet,1,3 - Meets Expectations,Declined,Needs Coaching,Underperformer,High,5.21,Ready 3-5 Years,Finalized,5 - Exceptional,Yes,No Change,0.0,0.0,No,No,Customer Focus,Mentoring,People Management,6.9,3.7,1.321,2019-01-03,Veteran,Within Range,Strong calibration supported by peers.
CAL-7085,EMP-5085,Joseph Miller,Legal & Compliance,Individual Contributor,Legal & Compliance,Seattle WA,EMP-5011,Q1 2026 Mid-Year,2026,3 - Meets Expectations,3,4 - Exceeds Expectations,Declined,Needs Coaching,Balanced Contributor,Medium,1.7,Ready Now,Pending Manager Review,4 - Exceeds Expectations,No,Downward,2.62,3.03,No,No,Communication,Stakeholder Mgmt,Prioritization,3.9,6.5,1.29,2018-08-31,URM,Below Range,High potential validated by skip-level.
CAL-7086,EMP-5086,John Davis,Marketing,Team Lead,Marketing,Remote,EMP-5050,Q3 2026 Annual,2026,3 - Meets Expectations,3,2 - Partially Meets,Improved,Growth Potential,Balanced Contributor,High,2.62,Ready 1-2 Years,Finalized,3 - Meets Expectations,No,No Change,3.31,5.02,No,No,Strategic Thinking,Project Delivery,Executive Presence,4.3,6.5,1.108,2021-08-27,No Flag,Below Range,
CAL-7087,EMP-5087,Maria Martinez,Sales,SVP,Sales,Chicago IL,EMP-5016,Q1 2026 Mid-Year,2026,4 - Exceeds Expectations,4,4 - Exceeds Expectations,Stable,Growth Potential,Core Contributor,Medium,1.22,Not Applicable,Pending Manager Review,3 - Meets Expectations,No,No Change,4.27,7.12,No,No,Technical Excellence,Data-Driven,Delegation,17.9,4.5,1.068,2018-12-30,Veteran,Within Range,
CAL-7088,EMP-5088,Nancy Martin,Customer Experience,Team Lead,Customer Experience,San Francisco CA,EMP-5001,Q1 2025 Mid-Year,2025,4 - Exceeds Expectations,4,3 - Meets Expectations,Improved,High Potential,Future Leader,Medium,1.51,Not Applicable,Finalized,3 - Meets Expectations,Yes,Upward,4.54,4.65,No,No,Strategic Thinking,Problem Solving,Cross-Functional Collaboration,3.5,6.3,0.754,2025-06-11,URM,Above Range,New to role - calibration advisory only.
CAL-7089,EMP-5089,Richard Rodriguez,Data Science,Individual Contributor,Data Science,Boston MA,EMP-5015,Q3 2026 Annual,2026,4 - Exceeds Expectations,4,3 - Meets Expectations,Improved,Needs Coaching,Balanced Contributor,Low,1.81,Ready 1-2 Years,Calibration Complete,4 - Exceeds Expectations,Yes,Downward,5.07,6.12,No,No,Adaptability,Team Building,Strategic Vision,6.1,9.4,1.28,2022-08-13,Gender Minority,Above Range,New to role - calibration advisory only.
CAL-7090,EMP-5090,Charles Miller,Finance,VP,Finance,Austin TX,EMP-5016,Q3 2025 Annual,2025,4 - Exceeds Expectations,4,3 - Meets Expectations,Improved,Solid Performer,Balanced Contributor,Medium,5.7,Ready 1-2 Years,Finalized,4 - Exceeds Expectations,No,No Change,3.78,4.5,Yes,No,Leadership,Process Improvement,Executive Presence,7.7,4.4,1.339,2021-07-23,Gender Minority,Below Range,Consistent performer over 3 cycles.
CAL-7091,EMP-5091,Sandra Miller,Product,VP,Product,Frisco TX,EMP-5022,Q1 2026 Mid-Year,2026,3 - Meets Expectations,3,2 - Partially Meets,Improved,Watch List,Balanced Contributor,Low,9.06,Ready 3-5 Years,Finalized,2 - Partially Meets,No,No Change,2.75,5.17,No,No,Innovation,Stakeholder Mgmt,Technical Depth,10.7,8.0,1.063,2023-01-05,Person with Disability,Below Range,Consistent performer over 3 cycles.
CAL-7092,EMP-5092,Sandra Brown,Engineering,Senior Manager,Engineering,New York NY,EMP-5008,Q3 2025 Annual,2025,3 - Meets Expectations,3,4 - Exceeds Expectations,Declined,Growth Potential,Balanced Contributor,Medium,1.01,Not Applicable,Calibration Complete,4 - Exceeds Expectations,No,Upward,2.19,4.73,No,No,Execution,Project Delivery,Strategic Vision,4.5,9.1,1.346,2021-02-09,URM,Below Range,Calibration adjusted after group review.
CAL-7093,EMP-5093,Ashley Anderson,Customer Experience,Individual Contributor,Customer Experience,Remote,EMP-5014,Q1 2025 Mid-Year,2025,4 - Exceeds Expectations,4,4 - Exceeds Expectations,Stable,Growth Potential,Core Contributor,High,1.02,Not Applicable,Finalized,2 - Partially Meets,No,Downward,3.68,3.61,No,No,Technical Excellence,Data-Driven,Strategic Vision,15.4,3.9,0.917,2022-07-15,Gender Minority,Below Range,High potential validated by skip-level.
CAL-7094,EMP-5094,Robert Garcia,Finance,SVP,Finance,Austin TX,EMP-5046,Q1 2025 Mid-Year,2025,4 - Exceeds Expectations,4,3 - Meets Expectations,Improved,High Potential,Future Leader,High,9.46,Not Applicable,Calibration Complete,3 - Meets Expectations,No,No Change,4.65,4.47,No,No,Strategic Thinking,Team Building,Delegation,6.6,4.5,1.112,2018-06-04,Veteran,Within Range,Strong calibration supported by peers.
CAL-7095,EMP-5095,Robert Thomas,Marketing,Individual Contributor,Marketing,Boston MA,EMP-5020,Q3 2025 Annual,2025,2 - Partially Meets,2,1 - Does Not Meet,Improved,High Potential,Balanced Contributor,Medium,4.73,Ready 3-5 Years,Finalized,1 - Does Not Meet,No,No Change,1.85,3.44,No,No,Leadership,Process Improvement,Delegation,17.1,3.8,0.932,2025-08-07,Person with Disability,Below Range,New to role - calibration advisory only.
CAL-7096,EMP-5096,Thomas Martinez,Data Science,Individual Contributor,Data Science,Boston MA,EMP-5016,Q1 2025 Mid-Year,2025,3 - Meets Expectations,3,4 - Exceeds Expectations,Declined,High Potential,Emerging Talent,High,4.7,Not Applicable,Calibration Complete,4 - Exceeds Expectations,No,Downward,2.42,2.04,No,No,Innovation,Process Improvement,Prioritization,9.8,7.5,1.124,2022-12-27,URM,Within Range,PIP recommended post calibration.
CAL-7097,EMP-5097,Matthew Wilson,Engineering,Manager,Engineering,Austin TX,EMP-5014,Q1 2026 Mid-Year,2026,4 - Exceeds Expectations,4,3 - Meets Expectations,Improved,High Potential,Future Leader,High,6.72,Ready Now,Pending Manager Review,5 - Exceptional,No,No Change,4.23,3.89,No,No,Communication,Stakeholder Mgmt,Cross-Functional Collaboration,13.3,6.4,1.186,2022-12-20,Veteran,Within Range,
CAL-7098,EMP-5098,Susan Johnson,People & HR,Individual Contributor,People & HR,Austin TX,EMP-5019,Q1 2025 Mid-Year,2025,3 - Meets Expectations,3,3 - Meets Expectations,Stable,Growth Potential,Balanced Contributor,Medium,9.68,Ready 1-2 Years,Finalized,4 - Exceeds Expectations,No,Upward,3.27,6.3,No,No,Adaptability,Results Orientation,People Management,13.9,1.6,1.17,2021-11-29,URM,Above Range,Calibration adjusted after group review.
CAL-7099,EMP-5099,Sandra Brown,Marketing,Senior Manager,Marketing,Atlanta GA,EMP-5049,Q3 2025 Annual,2025,4 - Exceeds Expectations,4,2 - Partially Meets,Improved,Solid Performer,Balanced Contributor,Medium,5.05,Ready Now,Finalized,2 - Partially Meets,Yes,Downward,4.85,11.59,No,No,Leadership,Problem Solving,Prioritization,5.6,6.9,0.826,2022-05-11,URM,Within Range,Calibration adjusted after group review.
CAL-7100,EMP-5100,Margaret Johnson,Legal & Compliance,Individual Contributor,Legal & Compliance,Frisco TX,EMP-5034,Q1 2025 Mid-Year,2025,3 - Meets Expectations,3,4 - Exceeds Expectations,Declined,Solid Performer,Backbone,Low,9.67,Ready 3-5 Years,Calibration Complete,5 - Exceptional,No,No Change,2.61,5.76,No,No,Analytical Rigor,Problem Solving,Strategic Vision,8.9,9.0,0.94,2021-06-19,URM,Above Range,New to role - calibration advisory only.
CAL-7101,EMP-5101,John Hernandez,Data Science,Manager,Data Science,Austin TX,EMP-5028,Q1 2026 Mid-Year,2026,2 - Partially Meets,2,3 - Meets Expectations,Declined,Needs Coaching,Needs Development,Low,1.81,Ready 1-2 Years,Finalized,2 - Partially Meets,Yes,No Change,1.04,1.98,No,No,Strategic Thinking,Team Building,Delegation,16.8,4.3,0.936,2018-11-14,Gender Minority,Below Range,Calibration adjusted after group review.
CAL-7102,EMP-5102,Sarah Wilson,Sales,Manager,Sales,Chicago IL,EMP-5049,Q1 2026 Mid-Year,2026,4 - Exceeds Expectations,4,4 - Exceeds Expectations,Stable,Solid Performer,Balanced Contributor,High,1.15,Ready 3-5 Years,Finalized,1 - Does Not Meet,Yes,No Change,4.48,5.97,No,No,Strategic Thinking,Stakeholder Mgmt,Delegation,6.4,3.5,0.967,2020-02-17,Person with Disability,Below Range,Strong calibration supported by peers.
CAL-7103,EMP-5103,Betty Martinez,Engineering,Director,Engineering,Austin TX,EMP-5032,Q1 2025 Mid-Year,2025,1 - Does Not Meet,1,3 - Meets Expectations,Declined,Needs Coaching,Underperformer,Medium,5.8,Ready 1-2 Years,Finalized,2 - Partially Meets,No,Upward,0.0,0.0,No,Yes,Leadership,Results Orientation,Delegation,10.0,7.8,0.853,2020-03-20,No Flag,Below Range,
CAL-7104,EMP-5104,Thomas Hernandez,Product,Individual Contributor,Product,New York NY,EMP-5036,Q1 2025 Mid-Year,2025,3 - Meets Expectations,3,5 - Exceptional,Declined,Solid Performer,Backbone,Low,5.63,Ready 3-5 Years,Calibration Complete,3 - Meets Expectations,No,No Change,2.91,7.1,No,No,Adaptability,Results Orientation,Delegation,4.7,5.5,1.05,2018-04-21,Veteran,Above Range,PIP recommended post calibration.
CAL-7105,EMP-5105,William Martin,People & HR,Individual Contributor,People & HR,Chicago IL,EMP-5040,Q3 2026 Annual,2026,4 - Exceeds Expectations,4,3 - Meets Expectations,Improved,High Potential,Future Leader,High,3.13,Not Applicable,Pending Manager Review,3 - Meets Expectations,No,No Change,4.91,10.72,No,No,Technical Excellence,Stakeholder Mgmt,Communication Clarity,14.8,5.2,0.803,2021-05-13,No Flag,Above Range,High potential validated by skip-level.
CAL-7106,EMP-5106,Nancy Lopez,Engineering,Individual Contributor,Engineering,Seattle WA,EMP-5033,Q1 2025 Mid-Year,2025,5 - Exceptional,5,3 - Meets Expectations,Improved,Growth Potential,High Performer,High,5.22,Ready Now,Calibration Complete,1 - Does Not Meet,No,No Change,6.05,13.04,No,No,Collaboration,Results Orientation,Technical Depth,13.9,1.6,0.843,2024-12-19,Gender Minority,Above Range,Calibration adjusted after group review.
CAL-7107,EMP-5107,Thomas Miller,Customer Experience,Manager,Customer Experience,Atlanta GA,EMP-5008,Q3 2025 Annual,2025,3 - Meets Expectations,3,5 - Exceptional,Declined,Solid Performer,Backbone,High,8.33,Ready Now,Finalized,4 - Exceeds Expectations,No,No Change,2.91,4.53,No,No,Leadership,Project Delivery,Communication Clarity,8.3,2.7,1.15,2025-08-08,Person with Disability,Below Range,Consistent performer over 3 cycles.
CAL-7108,EMP-5108,Margaret Thomas,Marketing,Team Lead,Marketing,Atlanta GA,EMP-5022,Q3 2025 Annual,2025,3 - Meets Expectations,3,3 - Meets Expectations,Stable,High Potential,Emerging Talent,Medium,2.32,Ready 3-5 Years,Finalized,3 - Meets Expectations,Yes,No Change,2.12,2.06,No,No,Analytical Rigor,Results Orientation,Communication Clarity,7.8,6.3,0.783,2019-07-24,URM,Above Range,PIP recommended post calibration.
CAL-7109,EMP-5109,Patricia Wilson,Legal & Compliance,Senior Manager,Legal & Compliance,Austin TX,EMP-5042,Q1 2025 Mid-Year,2025,5 - Exceptional,5,2 - Partially Meets,Improved,Growth Potential,High Performer,Medium,1.03,Ready 1-2 Years,Finalized,3 - Meets Expectations,No,No Change,6.14,12.59,Yes,No,Customer Focus,Problem Solving,Strategic Vision,3.0,8.3,0.974,2022-06-10,URM,Within Range,Flagged for retention risk.
CAL-7110,EMP-5110,Jessica Rodriguez,People & HR,Individual Contributor,People & HR,Seattle WA,EMP-5038,Q1 2026 Mid-Year,2026,2 - Partially Meets,2,3 - Meets Expectations,Declined,Growth Potential,Inconsistent Player,Low,1.34,Ready Now,Finalized,4 - Exceeds Expectations,No,Upward,0.48,0.89,No,No,Analytical Rigor,Stakeholder Mgmt,People Management,4.8,7.9,0.986,2020-01-05,Gender Minority,Within Range,New to role - calibration advisory only.
CAL-7111,EMP-5111,Matthew Brown,Operations,Individual Contributor,Operations,San Francisco CA,EMP-5042,Q3 2026 Annual,2026,5 - Exceptional,5,4 - Exceeds Expectations,Improved,Growth Potential,High Performer,High,4.07,Not Applicable,Finalized,4 - Exceeds Expectations,No,No Change,5.11,9.38,Yes,No,Innovation,Data-Driven,Technical Depth,3.8,1.9,1.287,2023-03-19,No Flag,Within Range,Consistent performer over 3 cycles.
CAL-7112,EMP-5112,Joseph Thomas,Engineering,Team Lead,Engineering,San Francisco CA,EMP-5024,Q3 2026 Annual,2026,2 - Partially Meets,2,4 - Exceeds Expectations,Declined,Solid Performer,Balanced Contributor,Medium,9.72,Ready 1-2 Years,Finalized,3 - Meets Expectations,No,Upward,0.15,0.33,No,No,Technical Excellence,Mentoring,Technical Depth,2.7,1.2,1.292,2021-02-21,No Flag,Above Range,High potential validated by skip-level.
CAL-7113,EMP-5113,Jessica Martinez,Finance,Manager,Finance,Austin TX,EMP-5019,Q3 2025 Annual,2025,3 - Meets Expectations,3,3 - Meets Expectations,Stable,Solid Performer,Backbone,Medium,4.89,Ready Now,Pending Manager Review,2 - Partially Meets,Yes,No Change,2.32,3.99,No,No,Technical Excellence,Team Building,Prioritization,15.1,4.2,0.92,2025-12-07,Gender Minority,Within Range,Flagged for retention risk.
CAL-7114,EMP-5114,Daniel Martinez,Engineering,Director,Engineering,Frisco TX,EMP-5018,Q3 2025 Annual,2025,2 - Partially Meets,2,4 - Exceeds Expectations,Declined,Solid Performer,Balanced Contributor,Low,5.99,Ready 3-5 Years,Finalized,3 - Meets Expectations,No,Upward,0.65,1.46,No,No,Strategic Thinking,Results Orientation,Delegation,18.7,7.3,0.858,2025-06-12,URM,Within Range,New to role - calibration advisory only.
CAL-7115,EMP-5115,Joseph Anderson,Marketing,Individual Contributor,Marketing,Chicago IL,EMP-5002,Q1 2025 Mid-Year,2025,4 - Exceeds Expectations,4,2 - Partially Meets,Improved,Watch List,Balanced Contributor,Low,6.88,Ready Now,Pending Manager Review,3 - Meets Expectations,No,Upward,4.52,7.32,No,No,Innovation,Data-Driven,Strategic Vision,11.1,9.4,0.772,2018-10-25,Veteran,Within Range,Strong calibration supported by peers.
CAL-7116,EMP-5116,James Lopez,Data Science,Individual Contributor,Data Science,Chicago IL,EMP-5015,Q3 2025 Annual,2025,3 - Meets Expectations,3,4 - Exceeds Expectations,Declined,High Potential,Emerging Talent,Low,9.07,Ready Now,Pending Manager Review,4 - Exceeds Expectations,No,No Change,3.03,3.86,No,No,Customer Focus,Problem Solving,Executive Presence,7.3,3.0,0.886,2022-02-07,Gender Minority,Above Range,Strong calibration supported by peers.
CAL-7117,EMP-5117,Barbara Taylor,Data Science,Team Lead,Data Science,Atlanta GA,EMP-5010,Q3 2026 Annual,2026,3 - Meets Expectations,3,3 - Meets Expectations,Stable,Growth Potential,Balanced Contributor,Low,2.75,Ready Now,Finalized,3 - Meets Expectations,No,Downward,3.1,4.93,No,No,Analytical Rigor,Team Building,Cross-Functional Collaboration,10.8,2.0,0.881,2019-10-30,Person with Disability,Below Range,New to role - calibration advisory only.
CAL-7118,EMP-5118,Richard Rodriguez,Customer Experience,Senior Manager,Customer Experience,New York NY,EMP-5048,Q3 2025 Annual,2025,3 - Meets Expectations,3,3 - Meets Expectations,Stable,Needs Coaching,Balanced Contributor,Medium,3.96,Not Applicable,Pending Manager Review,2 - Partially Meets,No,Upward,2.9,6.26,No,No,Analytical Rigor,Data-Driven,Communication Clarity,18.4,9.7,0.868,2019-01-12,URM,Below Range,PIP recommended post calibration.
CAL-7119,EMP-5119,Christopher Brown,Customer Experience,Manager,Customer Experience,Frisco TX,EMP-5049,Q3 2026 Annual,2026,3 - Meets Expectations,3,1 - Does Not Meet,Improved,Needs Coaching,Balanced Contributor,Low,3.19,Ready 3-5 Years,Pending Manager Review,2 - Partially Meets,No,No Change,2.77,4.42,No,No,Collaboration,Results Orientation,Technical Depth,15.0,9.9,0.916,2024-10-21,Gender Minority,Below Range,Strong calibration supported by peers.
CAL-7120,EMP-5120,Margaret Martinez,People & HR,Manager,People & HR,Seattle WA,EMP-5017,Q1 2025 Mid-Year,2025,3 - Meets Expectations,3,3 - Meets Expectations,Stable,Solid Performer,Backbone,High,3.14,Not Applicable,Calibration Complete,3 - Meets Expectations,Yes,No Change,2.77,6.52,No,No,Collaboration,Data-Driven,Cross-Functional Collaboration,5.4,9.2,0.821,2020-08-10,Gender Minority,Within Range,
CAL-7121,EMP-5121,Michael Brown,Marketing,Team Lead,Marketing,Boston MA,EMP-5014,Q3 2025 Annual,2025,4 - Exceeds Expectations,4,3 - Meets Expectations,Improved,Growth Potential,Core Contributor,Low,1.17,Ready 1-2 Years,Finalized,2 - Partially Meets,No,No Change,4.74,4.33,No,No,Strategic Thinking,Problem Solving,Executive Presence,6.5,2.7,1.309,2023-12-26,Person with Disability,Within Range,
CAL-7122,EMP-5122,Sandra Miller,Data Science,Individual Contributor,Data Science,Seattle WA,EMP-5027,Q3 2025 Annual,2025,3 - Meets Expectations,3,2 - Partially Meets,Improved,High Potential,Emerging Talent,Medium,1.74,Not Applicable,Finalized,3 - Meets Expectations,No,No Change,2.14,4.12,No,No,Collaboration,Project Delivery,Delegation,17.0,1.4,1.196,2019-08-27,Veteran,Within Range,Calibration adjusted after group review.
CAL-7123,EMP-5123,Anthony Jones,Legal & Compliance,Team Lead,Legal & Compliance,Boston MA,EMP-5012,Q3 2025 Annual,2025,3 - Meets Expectations,3,3 - Meets Expectations,Stable,Growth Potential,Balanced Contributor,Medium,7.49,Not Applicable,Pending Manager Review,3 - Meets Expectations,No,No Change,3.39,8.31,No,No,Customer Focus,Team Building,Strategic Vision,3.1,7.1,0.949,2023-12-11,Person with Disability,Above Range,Flagged for retention risk.
CAL-7124,EMP-5124,Elizabeth Jackson,Data Science,Manager,Data Science,Frisco TX,EMP-5013,Q3 2026 Annual,2026,3 - Meets Expectations,3,3 - Meets Expectations,Stable,Solid Performer,Backbone,High,1.2,Ready Now,Finalized,4 - Exceeds Expectations,Yes,No Change,3.25,6.31,No,No,Analytical Rigor,Mentoring,Cross-Functional Collaboration,5.3,1.5,0.976,2025-04-05,Veteran,Above Range,High potential validated by skip-level.
CAL-7125,EMP-5125,William Brown,Marketing,Individual Contributor,Marketing,Austin TX,EMP-5043,Q1 2025 Mid-Year,2025,3 - Meets Expectations,3,5 - Exceptional,Declined,High Potential,Emerging Talent,Low,3.23,Not Applicable,Pending Manager Review,2 - Partially Meets,No,No Change,3.01,3.73,No,No,Strategic Thinking,Results Orientation,Executive Presence,4.5,6.8,0.845,2025-06-26,URM,Within Range,Flagged for retention risk.
CAL-7126,EMP-5126,Karen Johnson,Operations,Senior Manager,Operations,Seattle WA,EMP-5004,Q1 2026 Mid-Year,2026,5 - Exceptional,5,2 - Partially Meets,Improved,Needs Coaching,Balanced Contributor,High,4.36,Ready 1-2 Years,Pending Manager Review,2 - Partially Meets,No,Upward,7.84,13.68,No,No,Innovation,Stakeholder Mgmt,Strategic Vision,14.6,4.6,1.005,2025-02-08,Person with Disability,Below Range,Strong calibration supported by peers.
CAL-7127,EMP-5127,Jennifer Williams,Operations,Manager,Operations,San Francisco CA,EMP-5004,Q3 2025 Annual,2025,3 - Meets Expectations,3,2 - Partially Meets,Improved,Solid Performer,Backbone,High,9.98,Ready 3-5 Years,Calibration Complete,3 - Meets Expectations,No,Downward,2.29,2.61,No,No,Customer Focus,Mentoring,Strategic Vision,4.6,6.2,1.159,2024-05-19,Veteran,Within Range,Calibration adjusted after group review.
CAL-7128,EMP-5128,Matthew Jackson,Customer Experience,Individual Contributor,Customer Experience,Frisco TX,EMP-5034,Q3 2026 Annual,2026,2 - Partially Meets,2,2 - Partially Meets,Stable,Growth Potential,Inconsistent Player,Low,2.5,Ready Now,Finalized,5 - Exceptional,No,Upward,1.94,2.81,No,No,Innovation,Process Improvement,Cross-Functional Collaboration,1.8,5.4,1.222,2022-11-05,URM,Within Range,Calibration adjusted after group review.
CAL-7129,EMP-5129,Matthew Williams,Product,Individual Contributor,Product,Seattle WA,EMP-5006,Q1 2026 Mid-Year,2026,3 - Meets Expectations,3,5 - Exceptional,Declined,Solid Performer,Backbone,Medium,5.79,Ready 3-5 Years,Finalized,4 - Exceeds Expectations,Yes,Downward,2.67,5.08,No,No,Collaboration,Process Improvement,Delegation,9.1,3.1,1.233,2023-03-24,Gender Minority,Within Range,Calibration adjusted after group review.
CAL-7130,EMP-5130,Joseph Moore,People & HR,Individual Contributor,People & HR,Remote,EMP-5026,Q1 2026 Mid-Year,2026,3 - Meets Expectations,3,3 - Meets Expectations,Stable,Needs Coaching,Balanced Contributor,Medium,8.16,Ready 3-5 Years,Calibration Complete,3 - Meets Expectations,Yes,No Change,2.25,3.25,No,No,Communication,Data-Driven,Prioritization,10.4,2.2,1.338,2024-06-30,Person with Disability,Within Range,Strong calibration supported by peers.
CAL-7131,EMP-5131,Margaret Jackson,Legal & Compliance,Senior Manager,Legal & Compliance,Chicago IL,EMP-5035,Q3 2025 Annual,2025,1 - Does Not Meet,1,3 - Meets Expectations,Declined,High Potential,Balanced Contributor,Low,4.16,Ready 1-2 Years,Finalized,5 - Exceptional,No,No Change,0.0,0.0,No,No,Technical Excellence,Project Delivery,Cross-Functional Collaboration,15.6,5.8,1.079,2023-07-01,Gender Minority,Within Range,
CAL-7132,EMP-5132,Jessica Martinez,Customer Experience,Manager,Customer Experience,Chicago IL,EMP-5049,Q1 2025 Mid-Year,2025,4 - Exceeds Expectations,4,3 - Meets Expectations,Improved,Solid Performer,Balanced Contributor,Medium,2.91,Ready 3-5 Years,Finalized,3 - Meets Expectations,Yes,Upward,4.49,5.75,No,No,Strategic Thinking,Stakeholder Mgmt,Prioritization,0.6,6.6,1.187,2018-06-07,Veteran,Below Range,Flagged for retention risk.
CAL-7133,EMP-5133,Michael Martinez,Product,VP,Product,Boston MA,EMP-5004,Q3 2026 Annual,2026,3 - Meets Expectations,3,3 - Meets Expectations,Stable,Growth Potential,Balanced Contributor,High,4.96,Not Applicable,Finalized,5 - Exceptional,Yes,No Change,2.32,5.74,No,No,Analytical Rigor,Project Delivery,Prioritization,16.6,8.1,0.83,2018-04-16,No Flag,Within Range,Strong calibration supported by peers.
CAL-7134,EMP-5134,Karen Hernandez,People & HR,Team Lead,People & HR,New York NY,EMP-5038,Q3 2025 Annual,2025,4 - Exceeds Expectations,4,4 - Exceeds Expectations,Stable,Growth Potential,Core Contributor,Low,4.16,Not Applicable,Finalized,5 - Exceptional,No,Upward,5.03,5.02,No,No,Strategic Thinking,Project Delivery,Strategic Vision,7.0,7.8,0.904,2020-12-03,URM,Within Range,PIP recommended post calibration.
CAL-7135,EMP-5135,Mark Miller,Marketing,Senior Manager,Marketing,Boston MA,EMP-5038,Q1 2025 Mid-Year,2025,3 - Meets Expectations,3,2 - Partially Meets,Improved,Growth Potential,Balanced Contributor,Low,2.57,Ready 1-2 Years,Pending Manager Review,1 - Does Not Meet,Yes,Downward,3.14,7.3,No,No,Analytical Rigor,Project Delivery,Technical Depth,1.0,9.9,0.895,2023-03-27,Person with Disability,Above Range,High potential validated by skip-level.
CAL-7136,EMP-5136,Ashley Johnson,Legal & Compliance,Director,Legal & Compliance,Boston MA,EMP-5007,Q3 2026 Annual,2026,3 - Meets Expectations,3,4 - Exceeds Expectations,Declined,Growth Potential,Balanced Contributor,Medium,7.35,Ready 1-2 Years,Calibration Complete,3 - Meets Expectations,No,No Change,2.27,4.45,No,No,Execution,Results Orientation,Delegation,13.5,3.1,0.92,2023-07-26,Person with Disability,Above Range,Consistent performer over 3 cycles.
CAL-7137,EMP-5137,Betty Jones,Customer Experience,Manager,Customer Experience,Chicago IL,EMP-5007,Q3 2026 Annual,2026,5 - Exceptional,5,2 - Partially Meets,Improved,Solid Performer,Balanced Contributor,Low,8.17,Ready 1-2 Years,Pending Manager Review,3 - Meets Expectations,No,No Change,5.09,7.47,Yes,No,Adaptability,Mentoring,Communication Clarity,16.7,2.8,0.803,2021-03-12,Person with Disability,Below Range,
CAL-7138,EMP-5138,Sandra Gonzalez,Customer Experience,Senior Manager,Customer Experience,Chicago IL,EMP-5032,Q3 2026 Annual,2026,5 - Exceptional,5,3 - Meets Expectations,Improved,High Potential,Star,Low,9.86,Not Applicable,Finalized,3 - Meets Expectations,No,No Change,7.89,19.42,Yes,No,Analytical Rigor,Project Delivery,Executive Presence,1.4,3.9,1.112,2018-08-17,Person with Disability,Within Range,
CAL-7139,EMP-5139,William Johnson,Operations,Individual Contributor,Operations,Boston MA,EMP-5038,Q3 2026 Annual,2026,4 - Exceeds Expectations,4,4 - Exceeds Expectations,Stable,Growth Potential,Core Contributor,Low,7.21,Ready 3-5 Years,Calibration Complete,5 - Exceptional,No,No Change,5.11,6.95,No,No,Execution,Team Building,Executive Presence,18.4,9.3,1.038,2022-05-28,Veteran,Above Range,High potential validated by skip-level.
CAL-7140,EMP-5140,Thomas Smith,Sales,Individual Contributor,Sales,Boston MA,EMP-5011,Q3 2025 Annual,2025,3 - Meets Expectations,3,3 - Meets Expectations,Stable,Growth Potential,Balanced Contributor,Medium,2.29,Ready 3-5 Years,Finalized,5 - Exceptional,No,No Change,3.36,5.15,No,No,Collaboration,Team Building,Executive Presence,8.3,3.1,0.989,2020-06-17,URM,Within Range,Consistent performer over 3 cycles.
CAL-7141,EMP-5141,Sarah Brown,Finance,Manager,Finance,Denver CO,EMP-5017,Q3 2026 Annual,2026,4 - Exceeds Expectations,4,1 - Does Not Meet,Improved,Solid Performer,Balanced Contributor,Low,5.23,Ready 1-2 Years,Finalized,3 - Meets Expectations,No,No Change,3.78,4.06,No,No,Technical Excellence,Results Orientation,Prioritization,15.9,6.0,0.814,2020-10-22,Veteran,Within Range,Consistent performer over 3 cycles.
CAL-7142,EMP-5142,Sarah Lopez,Legal & Compliance,Senior Manager,Legal & Compliance,New York NY,EMP-5039,Q3 2025 Annual,2025,5 - Exceptional,5,3 - Meets Expectations,Improved,Growth Potential,High Performer,Low,7.37,Ready Now,Calibration Complete,3 - Meets Expectations,No,Upward,5.29,5.98,No,No,Analytical Rigor,Process Improvement,Delegation,11.9,7.4,1.148,2018-06-15,Gender Minority,Within Range,Flagged for retention risk.
CAL-7143,EMP-5143,Anthony Williams,Data Science,Senior Manager,Data Science,Atlanta GA,EMP-5033,Q1 2025 Mid-Year,2025,5 - Exceptional,5,3 - Meets Expectations,Improved,Needs Coaching,Balanced Contributor,High,9.87,Ready 3-5 Years,Calibration Complete,2 - Partially Meets,No,No Change,7.01,10.6,Yes,No,Analytical Rigor,Results Orientation,People Management,16.7,2.0,0.94,2025-04-18,No Flag,Within Range,Strong calibration supported by peers.
CAL-7144,EMP-5144,James Anderson,Product,Director,Product,Seattle WA,EMP-5015,Q3 2026 Annual,2026,4 - Exceeds Expectations,4,1 - Does Not Meet,Improved,Growth Potential,Core Contributor,Low,5.88,Ready 3-5 Years,Pending Manager Review,3 - Meets Expectations,No,No Change,4.43,8.65,Yes,No,Adaptability,Results Orientation,People Management,6.4,9.2,1.083,2021-06-30,Veteran,Above Range,High potential validated by skip-level.
CAL-7145,EMP-5145,Susan Martinez,Marketing,Senior Manager,Marketing,Remote,EMP-5008,Q1 2025 Mid-Year,2025,3 - Meets Expectations,3,3 - Meets Expectations,Stable,Solid Performer,Backbone,Medium,7.67,Ready 3-5 Years,Finalized,3 - Meets Expectations,No,No Change,3.37,7.51,No,No,Innovation,Problem Solving,People Management,6.9,2.4,0.878,2021-03-23,Person with Disability,Below Range,
CAL-7146,EMP-5146,Elizabeth Gonzalez,Customer Experience,Individual Contributor,Customer Experience,Denver CO,EMP-5010,Q1 2025 Mid-Year,2025,3 - Meets Expectations,3,4 - Exceeds Expectations,Declined,High Potential,Emerging Talent,Low,8.97,Not Applicable,Finalized,5 - Exceptional,No,No Change,3.0,3.24,No,No,Collaboration,Project Delivery,Cross-Functional Collaboration,3.6,4.8,1.282,2021-10-20,Person with Disability,Within Range,
CAL-7147,EMP-5147,Nancy Moore,Engineering,Individual Contributor,Engineering,Seattle WA,EMP-5036,Q1 2026 Mid-Year,2026,4 - Exceeds Expectations,4,2 - Partially Meets,Improved,Watch List,Balanced Contributor,Low,1.86,Ready 3-5 Years,Pending Manager Review,4 - Exceeds Expectations,No,No Change,4.18,6.12,Yes,No,Collaboration,Process Improvement,Delegation,18.2,4.8,0.752,2018-01-22,No Flag,Below Range,New to role - calibration advisory only.
CAL-7148,EMP-5148,Margaret Smith,People & HR,Director,People & HR,Frisco TX,EMP-5017,Q3 2026 Annual,2026,4 - Exceeds Expectations,4,3 - Meets Expectations,Improved,Solid Performer,Balanced Contributor,Medium,2.75,Not Applicable,Pending Manager Review,1 - Does Not Meet,No,No Change,4.44,7.94,No,No,Technical Excellence,Results Orientation,Cross-Functional Collaboration,3.9,5.3,0.842,2021-04-10,Gender Minority,Above Range,
CAL-7149,EMP-5149,Christopher Moore,Data Science,Individual Contributor,Data Science,Atlanta GA,EMP-5029,Q3 2025 Annual,2025,3 - Meets Expectations,3,4 - Exceeds Expectations,Declined,Watch List,Balanced Contributor,Medium,8.83,Ready Now,Finalized,5 - Exceptional,No,No Change,2.77,4.6,No,No,Analytical Rigor,Team Building,Delegation,6.0,7.4,1.274,2021-10-28,Gender Minority,Within Range,New to role - calibration advisory only.
CAL-7150,EMP-5150,Joseph Moore,Finance,Individual Contributor,Finance,Denver CO,EMP-5004,Q3 2026 Annual,2026,3 - Meets Expectations,3,1 - Does Not Meet,Improved,High Potential,Emerging Talent,High,2.13,Not Applicable,Finalized,3 - Meets Expectations,No,No Change,2.11,2.29,No,No,Execution,Stakeholder Mgmt,Technical Depth,15.8,0.8,0.779,2021-11-14,Veteran,Within Range,New to role - calibration advisory only.
CAL-7151,EMP-5151,Ashley Anderson,Operations,Manager,Operations,Seattle WA,EMP-5001,Q1 2026 Mid-Year,2026,5 - Exceptional,5,4 - Exceeds Expectations,Improved,High Potential,Star,Low,2.08,Ready 3-5 Years,Pending Manager Review,2 - Partially Meets,No,Downward,7.44,18.46,Yes,No,Execution,Results Orientation,Prioritization,14.1,6.7,0.82,2021-04-04,URM,Below Range,Calibration adjusted after group review.
CAL-7152,EMP-5152,Elizabeth Martinez,Operations,Senior Manager,Operations,Atlanta GA,EMP-5002,Q1 2026 Mid-Year,2026,3 - Meets Expectations,3,5 - Exceptional,Declined,Growth Potential,Balanced Contributor,Low,6.88,Ready 3-5 Years,Finalized,5 - Exceptional,Yes,No Change,2.76,6.15,No,No,Adaptability,Results Orientation,Communication Clarity,12.8,2.7,0.963,2022-10-27,Veteran,Within Range,PIP recommended post calibration.
CAL-7153,EMP-5153,Betty Gonzalez,Legal & Compliance,Director,Legal & Compliance,Boston MA,EMP-5044,Q1 2026 Mid-Year,2026,3 - Meets Expectations,3,3 - Meets Expectations,Stable,Solid Performer,Backbone,High,8.78,Ready Now,Finalized,4 - Exceeds Expectations,No,No Change,2.05,2.61,No,No,Collaboration,Project Delivery,Delegation,14.4,9.7,0.999,2025-08-17,No Flag,Within Range,Strong calibration supported by peers.
CAL-7154,EMP-5154,Ashley Thomas,Marketing,Individual Contributor,Marketing,Remote,EMP-5027,Q1 2025 Mid-Year,2025,3 - Meets Expectations,3,2 - Partially Meets,Improved,Needs Coaching,Balanced Contributor,Medium,9.1,Not Applicable,Calibration Complete,1 - Does Not Meet,No,No Change,2.42,2.13,No,No,Collaboration,Mentoring,Delegation,13.3,9.2,1.188,2021-09-16,URM,Below Range,High potential validated by skip-level.
CAL-7155,EMP-5155,Sandra Lopez,Marketing,Individual Contributor,Marketing,Atlanta GA,EMP-5027,Q3 2026 Annual,2026,3 - Meets Expectations,3,3 - Meets Expectations,Stable,Solid Performer,Backbone,Low,8.37,Ready 3-5 Years,Pending Manager Review,3 - Meets Expectations,No,No Change,2.84,2.27,No,No,Analytical Rigor,Process Improvement,Cross-Functional Collaboration,11.8,3.2,1.023,2024-05-02,URM,Above Range,PIP recommended post calibration.
CAL-7156,EMP-5156,Maria Garcia,Engineering,Manager,Engineering,Chicago IL,EMP-5018,Q1 2026 Mid-Year,2026,3 - Meets Expectations,3,3 - Meets Expectations,Stable,Watch List,Balanced Contributor,Medium,8.56,Ready 1-2 Years,Finalized,4 - Exceeds Expectations,No,Downward,2.3,3.96,No,No,Adaptability,Problem Solving,Strategic Vision,8.8,9.4,0.975,2020-03-31,URM,Below Range,PIP recommended post calibration.
CAL-7157,EMP-5157,Ashley Smith,Legal & Compliance,Individual Contributor,Legal & Compliance,Frisco TX,EMP-5029,Q1 2025 Mid-Year,2025,3 - Meets Expectations,3,3 - Meets Expectations,Stable,High Potential,Emerging Talent,Medium,1.62,Ready 3-5 Years,Pending Manager Review,3 - Meets Expectations,No,No Change,2.36,2.99,No,No,Strategic Thinking,Process Improvement,Cross-Functional Collaboration,7.4,7.9,0.961,2022-03-30,Gender Minority,Within Range,PIP recommended post calibration.
CAL-7158,EMP-5158,Susan Johnson,Sales,Team Lead,Sales,Austin TX,EMP-5018,Q1 2025 Mid-Year,2025,5 - Exceptional,5,4 - Exceeds Expectations,Improved,Solid Performer,Balanced Contributor,High,4.84,Ready 3-5 Years,Pending Manager Review,2 - Partially Meets,Yes,No Change,7.14,12.37,No,No,Communication,Project Delivery,Executive Presence,8.4,9.1,1.285,2021-09-04,Veteran,Below Range,Strong calibration supported by peers.
CAL-7159,EMP-5159,Joseph Rodriguez,Marketing,VP,Marketing,Seattle WA,EMP-5046,Q3 2026 Annual,2026,3 - Meets Expectations,3,4 - Exceeds Expectations,Declined,Needs Coaching,Balanced Contributor,High,4.37,Ready Now,Finalized,2 - Partially Meets,No,No Change,2.3,5.44,No,No,Customer Focus,Process Improvement,People Management,2.7,2.3,1.102,2019-11-22,Person with Disability,Within Range,Calibration adjusted after group review.
CAL-7160,EMP-5160,Linda Anderson,Engineering,Manager,Engineering,Chicago IL,EMP-5025,Q3 2025 Annual,2025,4 - Exceeds Expectations,4,5 - Exceptional,Declined,Solid Performer,Balanced Contributor,Low,9.69,Ready Now,Finalized,2 - Partially Meets,No,No Change,5.49,12.19,No,No,Analytical Rigor,Stakeholder Mgmt,Strategic Vision,18.3,6.8,1.302,2023-12-29,Veteran,Below Range,Consistent performer over 3 cycles.
CAL-7161,EMP-5161,Barbara Garcia,Legal & Compliance,Individual Contributor,Legal & Compliance,San Francisco CA,EMP-5049,Q3 2026 Annual,2026,2 - Partially Meets,2,2 - Partially Meets,Stable,Solid Performer,Balanced Contributor,Medium,4.78,Ready 1-2 Years,Calibration Complete,5 - Exceptional,No,No Change,0.94,1.88,No,No,Strategic Thinking,Problem Solving,Executive Presence,1.7,8.2,0.828,2024-11-21,URM,Below Range,New to role - calibration advisory only.
CAL-7162,EMP-5162,Sarah Martinez,Customer Experience,Manager,Customer Experience,Chicago IL,EMP-5011,Q1 2026 Mid-Year,2026,2 - Partially Meets,2,4 - Exceeds Expectations,Declined,Growth Potential,Inconsistent Player,High,5.66,Ready 1-2 Years,Pending Manager Review,3 - Meets Expectations,No,Downward,1.91,2.35,No,No,Adaptability,Project Delivery,Technical Depth,12.8,0.9,0.88,2025-04-05,Veteran,Above Range,Consistent performer over 3 cycles.
CAL-7163,EMP-5163,Richard Taylor,Finance,VP,Finance,Boston MA,EMP-5022,Q3 2025 Annual,2025,3 - Meets Expectations,3,2 - Partially Meets,Improved,Needs Coaching,Balanced Contributor,Low,2.06,Ready 3-5 Years,Finalized,3 - Meets Expectations,No,No Change,2.89,3.82,No,No,Analytical Rigor,Data-Driven,Executive Presence,18.8,2.9,0.866,2022-04-27,URM,Below Range,
CAL-7164,EMP-5164,John Martin,Operations,Individual Contributor,Operations,Atlanta GA,EMP-5026,Q1 2025 Mid-Year,2025,3 - Meets Expectations,3,4 - Exceeds Expectations,Declined,High Potential,Emerging Talent,Low,7.16,Not Applicable,Finalized,3 - Meets Expectations,Yes,No Change,2.72,6.62,No,No,Analytical Rigor,Stakeholder Mgmt,Strategic Vision,5.3,4.7,1.17,2023-02-24,Gender Minority,Above Range,Calibration adjusted after group review.
CAL-7165,EMP-5165,Anthony Taylor,Operations,Senior Manager,Operations,Austin TX,EMP-5024,Q1 2026 Mid-Year,2026,3 - Meets Expectations,3,4 - Exceeds Expectations,Declined,Solid Performer,Backbone,High,6.28,Ready 3-5 Years,Finalized,5 - Exceptional,Yes,No Change,2.04,3.71,No,No,Execution,Data-Driven,Cross-Functional Collaboration,12.8,4.9,1.03,2024-02-03,URM,Below Range,Calibration adjusted after group review.
CAL-7166,EMP-5166,Matthew Davis,Operations,Manager,Operations,Remote,EMP-5030,Q3 2025 Annual,2025,1 - Does Not Meet,1,2 - Partially Meets,Declined,High Potential,Balanced Contributor,High,4.58,Not Applicable,Finalized,3 - Meets Expectations,Yes,No Change,0.0,0.0,No,Yes,Customer Focus,Data-Driven,People Management,17.9,7.2,0.984,2019-10-18,Gender Minority,Above Range,Calibration adjusted after group review.
CAL-7167,EMP-5167,Michael Martin,Engineering,Team Lead,Engineering,Boston MA,EMP-5049,Q1 2025 Mid-Year,2025,4 - Exceeds Expectations,4,3 - Meets Expectations,Improved,High Potential,Future Leader,Low,4.11,Ready 3-5 Years,Finalized,2 - Partially Meets,No,No Change,4.78,7.7,No,No,Adaptability,Process Improvement,Communication Clarity,10.0,7.6,0.752,2018-01-31,Gender Minority,Within Range,New to role - calibration advisory only.
CAL-7168,EMP-5168,Maria Taylor,Finance,Team Lead,Finance,Chicago IL,EMP-5014,Q3 2025 Annual,2025,2 - Partially Meets,2,3 - Meets Expectations,Declined,Solid Performer,Balanced Contributor,Low,9.8,Ready 3-5 Years,Finalized,3 - Meets Expectations,No,No Change,0.71,1.03,No,No,Analytical Rigor,Results Orientation,Cross-Functional Collaboration,5.4,4.8,1.075,2019-01-08,Veteran,Below Range,New to role - calibration advisory only.
CAL-7169,EMP-5169,Karen Davis,Finance,Individual Contributor,Finance,Denver CO,EMP-5005,Q1 2026 Mid-Year,2026,4 - Exceeds Expectations,4,1 - Does Not Meet,Improved,High Potential,Future Leader,Low,8.6,Not Applicable,Finalized,3 - Meets Expectations,Yes,No Change,4.18,4.19,No,No,Analytical Rigor,Team Building,Cross-Functional Collaboration,16.3,7.2,1.2,2021-12-28,No Flag,Above Range,Consistent performer over 3 cycles.
CAL-7170,EMP-5170,Maria Davis,Customer Experience,Manager,Customer Experience,Seattle WA,EMP-5046,Q1 2025 Mid-Year,2025,3 - Meets Expectations,3,2 - Partially Meets,Improved,Needs Coaching,Balanced Contributor,Low,5.42,Ready 3-5 Years,Pending Manager Review,2 - Partially Meets,No,No Change,2.28,4.06,No,No,Communication,Project Delivery,Strategic Vision,14.6,0.6,1.172,2025-12-07,URM,Above Range,New to role - calibration advisory only.
CAL-7171,EMP-5171,William Lopez,Finance,Senior Manager,Finance,Austin TX,EMP-5033,Q3 2026 Annual,2026,4 - Exceeds Expectations,4,4 - Exceeds Expectations,Stable,Watch List,Balanced Contributor,High,7.5,Ready 1-2 Years,Finalized,3 - Meets Expectations,Yes,Upward,3.72,5.44,No,No,Strategic Thinking,Results Orientation,Prioritization,8.0,6.8,0.903,2020-07-30,No Flag,Above Range,New to role - calibration advisory only.
CAL-7172,EMP-5172,Maria Moore,Legal & Compliance,Director,Legal & Compliance,Denver CO,EMP-5043,Q3 2025 Annual,2025,2 - Partially Meets,2,3 - Meets Expectations,Declined,Growth Potential,Inconsistent Player,Low,8.09,Ready 3-5 Years,Pending Manager Review,2 - Partially Meets,No,No Change,0.4,0.71,No,No,Collaboration,Process Improvement,Communication Clarity,12.6,7.9,1.215,2019-08-27,Person with Disability,Below Range,New to role - calibration advisory only.
CAL-7173,EMP-5173,Maria Brown,Engineering,Individual Contributor,Engineering,Frisco TX,EMP-5046,Q1 2026 Mid-Year,2026,4 - Exceeds Expectations,4,3 - Meets Expectations,Improved,Needs Coaching,Balanced Contributor,Medium,3.45,Ready Now,Calibration Complete,3 - Meets Expectations,No,No Change,4.35,10.63,No,No,Communication,Problem Solving,Executive Presence,2.0,0.5,0.932,2018-05-23,URM,Within Range,Calibration adjusted after group review.
CAL-7174,EMP-5174,Elizabeth Thomas,Customer Experience,Director,Customer Experience,Remote,EMP-5004,Q3 2026 Annual,2026,3 - Meets Expectations,3,1 - Does Not Meet,Improved,Growth Potential,Balanced Contributor,Low,5.56,Ready Now,Pending Manager Review,1 - Does Not Meet,Yes,No Change,2.13,3.03,No,No,Execution,Project Delivery,Technical Depth,2.6,8.0,1.105,2020-01-05,Veteran,Within Range,High potential validated by skip-level.
CAL-7175,EMP-5175,Susan Jackson,Product,Individual Contributor,Product,Frisco TX,EMP-5022,Q3 2026 Annual,2026,3 - Meets Expectations,3,5 - Exceptional,Declined,Growth Potential,Balanced Contributor,Low,3.02,Ready Now,Finalized,3 - Meets Expectations,No,No Change,3.42,7.98,No,No,Communication,Team Building,Executive Presence,12.5,2.0,1.274,2018-03-24,Person with Disability,Below Range,
CAL-7176,EMP-5176,Richard Johnson,Data Science,Manager,Data Science,Boston MA,EMP-5003,Q1 2025 Mid-Year,2025,3 - Meets Expectations,3,4 - Exceeds Expectations,Declined,Solid Performer,Backbone,Medium,1.44,Ready Now,Pending Manager Review,4 - Exceeds Expectations,Yes,Upward,2.09,1.85,No,No,Strategic Thinking,Results Orientation,Technical Depth,16.1,5.0,1.225,2019-10-14,Person with Disability,Below Range,
CAL-7177,EMP-5177,Michael Jones,Sales,Individual Contributor,Sales,Austin TX,EMP-5012,Q1 2026 Mid-Year,2026,3 - Meets Expectations,3,3 - Meets Expectations,Stable,Growth Potential,Balanced Contributor,Low,1.54,Ready Now,Finalized,5 - Exceptional,Yes,No Change,3.41,4.08,No,No,Customer Focus,Project Delivery,Strategic Vision,2.4,4.8,1.311,2021-01-06,Veteran,Below Range,Calibration adjusted after group review.
CAL-7178,EMP-5178,Matthew Davis,Finance,Manager,Finance,San Francisco CA,EMP-5019,Q3 2025 Annual,2025,3 - Meets Expectations,3,2 - Partially Meets,Improved,Growth Potential,Balanced Contributor,Medium,2.53,Ready Now,Pending Manager Review,3 - Meets Expectations,No,No Change,2.5,2.08,No,No,Execution,Data-Driven,Technical Depth,18.4,3.4,1.148,2018-05-19,URM,Below Range,High potential validated by skip-level.
CAL-7179,EMP-5179,Robert Brown,Sales,Individual Contributor,Sales,Chicago IL,EMP-5010,Q3 2025 Annual,2025,3 - Meets Expectations,3,4 - Exceeds Expectations,Declined,Needs Coaching,Balanced Contributor,Low,7.34,Ready 3-5 Years,Finalized,2 - Partially Meets,Yes,No Change,3.31,4.75,No,No,Analytical Rigor,Results Orientation,Prioritization,14.5,8.3,1.278,2024-09-08,URM,Above Range,Flagged for retention risk.
CAL-7180,EMP-5180,Jessica Moore,Marketing,Senior Manager,Marketing,Seattle WA,EMP-5024,Q3 2025 Annual,2025,3 - Meets Expectations,3,5 - Exceptional,Declined,Solid Performer,Backbone,High,7.68,Ready 3-5 Years,Calibration Complete,3 - Meets Expectations,No,Upward,2.34,5.53,No,No,Customer Focus,Project Delivery,Cross-Functional Collaboration,8.9,7.3,0.871,2024-07-24,No Flag,Within Range,Consistent performer over 3 cycles.
CAL-7181,EMP-5181,Richard Jackson,Finance,SVP,Finance,Boston MA,EMP-5017,Q1 2025 Mid-Year,2025,4 - Exceeds Expectations,4,5 - Exceptional,Declined,High Potential,Future Leader,Low,1.01,Not Applicable,Finalized,3 - Meets Expectations,Yes,No Change,5.45,4.69,No,No,Customer Focus,Project Delivery,Technical Depth,3.9,2.5,1.009,2021-03-30,No Flag,Within Range,New to role - calibration advisory only.
CAL-7182,EMP-5182,Susan Brown,Finance,Individual Contributor,Finance,Denver CO,EMP-5022,Q1 2026 Mid-Year,2026,2 - Partially Meets,2,5 - Exceptional,Declined,High Potential,Balanced Contributor,Low,4.65,Not Applicable,Finalized,4 - Exceeds Expectations,No,No Change,0.03,0.04,No,No,Leadership,Problem Solving,Strategic Vision,17.7,4.3,0.78,2025-04-04,Person with Disability,Above Range,Calibration adjusted after group review.
CAL-7183,EMP-5183,Nancy Miller,People & HR,VP,People & HR,Remote,EMP-5025,Q3 2026 Annual,2026,3 - Meets Expectations,3,3 - Meets Expectations,Stable,High Potential,Emerging Talent,Medium,9.35,Ready Now,Finalized,2 - Partially Meets,No,Downward,2.5,3.12,No,No,Communication,Results Orientation,Prioritization,4.7,7.0,0.755,2024-12-14,URM,Below Range,
CAL-7184,EMP-5184,John Moore,Product,Individual Contributor,Product,Chicago IL,EMP-5048,Q3 2026 Annual,2026,2 - Partially Meets,2,1 - Does Not Meet,Improved,High Potential,Balanced Contributor,Medium,6.92,Ready 1-2 Years,Calibration Complete,3 - Meets Expectations,No,No Change,1.97,4.19,No,No,Collaboration,Mentoring,Prioritization,11.2,6.3,0.836,2020-07-29,Person with Disability,Above Range,PIP recommended post calibration.
CAL-7185,EMP-5185,Linda Hernandez,Product,Director,Product,Chicago IL,EMP-5025,Q3 2026 Annual,2026,2 - Partially Meets,2,3 - Meets Expectations,Declined,Solid Performer,Balanced Contributor,Medium,6.93,Ready 3-5 Years,Calibration Complete,1 - Does Not Meet,No,Upward,1.56,3.14,No,No,Execution,Results Orientation,Strategic Vision,11.3,7.7,1.023,2020-08-26,Veteran,Below Range,Flagged for retention risk.
CAL-7186,EMP-5186,Anthony Rodriguez,Customer Experience,Manager,Customer Experience,San Francisco CA,EMP-5050,Q3 2026 Annual,2026,3 - Meets Expectations,3,3 - Meets Expectations,Stable,Watch List,Balanced Contributor,High,9.9,Ready 3-5 Years,Pending Manager Review,3 - Meets Expectations,No,No Change,3.07,7.4,No,No,Adaptability,Process Improvement,Strategic Vision,17.5,7.9,1.048,2020-03-10,URM,Within Range,
CAL-7187,EMP-5187,Matthew Davis,Engineering,Manager,Engineering,San Francisco CA,EMP-5021,Q1 2026 Mid-Year,2026,3 - Meets Expectations,3,3 - Meets Expectations,Stable,Growth Potential,Balanced Contributor,Medium,8.43,Not Applicable,Finalized,4 - Exceeds Expectations,No,No Change,3.12,2.71,No,No,Customer Focus,Team Building,Communication Clarity,19.2,7.9,1.08,2018-07-04,Veteran,Above Range,Calibration adjusted after group review.
CAL-7188,EMP-5188,Linda Gonzalez,Operations,Individual Contributor,Operations,Atlanta GA,EMP-5031,Q3 2025 Annual,2025,2 - Partially Meets,2,5 - Exceptional,Declined,High Potential,Balanced Contributor,High,2.26,Ready 3-5 Years,Pending Manager Review,3 - Meets Expectations,No,No Change,1.64,2.64,No,No,Adaptability,Stakeholder Mgmt,Executive Presence,2.3,8.2,0.917,2025-07-27,No Flag,Below Range,PIP recommended post calibration.
CAL-7189,EMP-5189,Joseph Garcia,Sales,Manager,Sales,Atlanta GA,EMP-5023,Q3 2025 Annual,2025,3 - Meets Expectations,3,2 - Partially Meets,Improved,Solid Performer,Backbone,Low,2.23,Ready Now,Finalized,4 - Exceeds Expectations,No,No Change,3.09,6.89,No,No,Communication,Problem Solving,Strategic Vision,2.2,6.5,1.053,2019-09-25,URM,Below Range,Consistent performer over 3 cycles.
CAL-7190,EMP-5190,James Davis,Sales,Director,Sales,Frisco TX,EMP-5046,Q1 2025 Mid-Year,2025,4 - Exceeds Expectations,4,2 - Partially Meets,Improved,Solid Performer,Balanced Contributor,Medium,9.73,Ready Now,Finalized,3 - Meets Expectations,No,No Change,4.18,3.83,No,No,Leadership,Project Delivery,Strategic Vision,1.3,5.3,1.057,2021-10-30,Gender Minority,Within Range,Flagged for retention risk.
CAL-7191,EMP-5191,Christopher Martin,Engineering,Individual Contributor,Engineering,Remote,EMP-5038,Q3 2026 Annual,2026,2 - Partially Meets,2,2 - Partially Meets,Stable,Solid Performer,Balanced Contributor,Medium,5.08,Ready 3-5 Years,Finalized,5 - Exceptional,No,No Change,1.55,3.79,No,No,Customer Focus,Stakeholder Mgmt,Prioritization,3.4,4.8,1.32,2021-08-31,Person with Disability,Above Range,High potential validated by skip-level.
CAL-7192,EMP-5192,Daniel Davis,Sales,Senior Manager,Sales,San Francisco CA,EMP-5044,Q3 2025 Annual,2025,2 - Partially Meets,2,2 - Partially Meets,Stable,Needs Coaching,Needs Development,Low,9.08,Ready 1-2 Years,Finalized,3 - Meets Expectations,No,Downward,0.44,1.03,No,No,Technical Excellence,Team Building,People Management,17.7,3.9,0.861,2025-04-17,URM,Above Range,High potential validated by skip-level.
CAL-7193,EMP-5193,Christopher Johnson,Sales,SVP,Sales,Seattle WA,EMP-5026,Q1 2026 Mid-Year,2026,4 - Exceeds Expectations,4,2 - Partially Meets,Improved,Solid Performer,Balanced Contributor,Medium,8.05,Ready 1-2 Years,Calibration Complete,3 - Meets Expectations,No,No Change,4.16,6.54,No,No,Communication,Stakeholder Mgmt,People Management,18.2,5.3,1.322,2020-11-01,URM,Below Range,Consistent performer over 3 cycles.
CAL-7194,EMP-5194,Maria Davis,People & HR,Senior Manager,People & HR,San Francisco CA,EMP-5038,Q3 2026 Annual,2026,3 - Meets Expectations,3,3 - Meets Expectations,Stable,Needs Coaching,Balanced Contributor,Low,7.79,Not Applicable,Calibration Complete,3 - Meets Expectations,No,Upward,3.38,8.05,No,No,Execution,Mentoring,Strategic Vision,8.1,2.0,0.819,2022-08-23,Person with Disability,Within Range,
CAL-7195,EMP-5195,Joseph Williams,Marketing,Individual Contributor,Marketing,Seattle WA,EMP-5043,Q3 2026 Annual,2026,3 - Meets Expectations,3,3 - Meets Expectations,Stable,Solid Performer,Backbone,Low,8.84,Ready 1-2 Years,Pending Manager Review,2 - Partially Meets,No,No Change,2.36,3.2,No,No,Customer Focus,Process Improvement,People Management,19.0,5.9,0.962,2018-03-23,Gender Minority,Above Range,High potential validated by skip-level.
CAL-7196,EMP-5196,Mark Jones,Engineering,Team Lead,Engineering,Austin TX,EMP-5025,Q1 2025 Mid-Year,2025,4 - Exceeds Expectations,4,3 - Meets Expectations,Improved,Solid Performer,Balanced Contributor,High,9.79,Not Applicable,Finalized,3 - Meets Expectations,No,No Change,4.35,7.44,No,No,Technical Excellence,Data-Driven,Prioritization,17.7,1.5,0.869,2022-02-08,Veteran,Below Range,
CAL-7197,EMP-5197,Susan Thomas,Sales,Individual Contributor,Sales,Seattle WA,EMP-5042,Q1 2026 Mid-Year,2026,3 - Meets Expectations,3,4 - Exceeds Expectations,Declined,Growth Potential,Balanced Contributor,Low,2.85,Ready 3-5 Years,Finalized,5 - Exceptional,No,No Change,3.2,2.78,No,No,Customer Focus,Data-Driven,People Management,18.2,2.1,0.881,2025-08-05,Person with Disability,Below Range,Consistent performer over 3 cycles.
CAL-7198,EMP-5198,Thomas Martin,Sales,Director,Sales,Denver CO,EMP-5012,Q3 2025 Annual,2025,3 - Meets Expectations,3,3 - Meets Expectations,Stable,Growth Potential,Balanced Contributor,Low,2.56,Not Applicable,Calibration Complete,5 - Exceptional,No,Upward,3.42,7.42,No,No,Collaboration,Data-Driven,Communication Clarity,14.1,2.4,0.761,2024-04-18,URM,Within Range,Flagged for retention risk.
CAL-7199,EMP-5199,Linda Taylor,Engineering,Individual Contributor,Engineering,Atlanta GA,EMP-5023,Q1 2026 Mid-Year,2026,3 - Meets Expectations,3,4 - Exceeds Expectations,Declined,Growth Potential,Balanced Contributor,Medium,3.59,Ready Now,Finalized,4 - Exceeds Expectations,Yes,Downward,2.71,6.76,No,No,Communication,Results Orientation,Prioritization,11.9,2.5,0.82,2023-01-05,Veteran,Below Range,Calibration adjusted after group review.
CAL-7200,EMP-5200,Susan Lopez,Product,Team Lead,Product,San Francisco CA,EMP-5030,Q1 2026 Mid-Year,2026,5 - Exceptional,5,3 - Meets Expectations,Improved,High Potential,Star,Low,9.58,Not Applicable,Pending Manager Review,4 - Exceeds Expectations,No,No Change,5.97,9.35,No,No,Execution,Mentoring,Prioritization,2.3,2.2,0.894,2020-11-15,Veteran,Above Range,High potential validated by skip-level.
CAL-7201,EMP-5201,Michael Garcia,Operations,Individual Contributor,Operations,Denver CO,EMP-5035,Q1 2025 Mid-Year,2025,2 - Partially Meets,2,2 - Partially Meets,Stable,Needs Coaching,Needs Development,Low,9.9,Ready 3-5 Years,Calibration Complete,2 - Partially Meets,Yes,Upward,1.84,1.76,No,No,Adaptability,Mentoring,Delegation,1.8,5.7,0.84,2018-01-23,Veteran,Below Range,New to role - calibration advisory only.
CAL-7202,EMP-5202,Maria Lopez,Finance,Team Lead,Finance,New York NY,EMP-5005,Q3 2026 Annual,2026,4 - Exceeds Expectations,4,3 - Meets Expectations,Improved,Needs Coaching,Balanced Contributor,Medium,9.73,Not Applicable,Finalized,4 - Exceeds Expectations,No,Downward,4.29,6.47,Yes,No,Strategic Thinking,Process Improvement,Strategic Vision,13.9,4.7,1.315,2025-10-17,No Flag,Within Range,
CAL-7203,EMP-5203,John Johnson,Finance,Manager,Finance,San Francisco CA,EMP-5026,Q1 2025 Mid-Year,2025,2 - Partially Meets,2,4 - Exceeds Expectations,Declined,Solid Performer,Balanced Contributor,Low,9.56,Ready Now,Finalized,5 - Exceptional,No,No Change,1.28,2.42,No,No,Customer Focus,Mentoring,Strategic Vision,0.8,1.2,1.318,2018-09-27,Person with Disability,Above Range,Flagged for retention risk.
CAL-7204,EMP-5204,Christopher Davis,Legal & Compliance,Individual Contributor,Legal & Compliance,Boston MA,EMP-5033,Q1 2026 Mid-Year,2026,2 - Partially Meets,2,4 - Exceeds Expectations,Declined,Watch List,Balanced Contributor,Low,8.67,Ready 1-2 Years,Finalized,3 - Meets Expectations,No,No Change,1.71,3.82,No,No,Strategic Thinking,Team Building,People Management,19.4,4.0,1.17,2019-01-05,Person with Disability,Above Range,Consistent performer over 3 cycles.
CAL-7205,EMP-5205,Margaret Martin,Marketing,Manager,Marketing,Austin TX,EMP-5009,Q1 2025 Mid-Year,2025,5 - Exceptional,5,3 - Meets Expectations,Improved,Growth Potential,High Performer,Medium,9.04,Ready 1-2 Years,Pending Manager Review,3 - Meets Expectations,No,No Change,5.83,6.7,No,No,Strategic Thinking,Project Delivery,Executive Presence,14.2,1.7,1.256,2024-04-17,URM,Below Range,PIP recommended post calibration.
CAL-7206,EMP-5206,Jessica Jackson,Product,Individual Contributor,Product,Atlanta GA,EMP-5022,Q1 2025 Mid-Year,2025,3 - Meets Expectations,3,2 - Partially Meets,Improved,Solid Performer,Backbone,Medium,7.94,Ready 3-5 Years,Calibration Complete,3 - Meets Expectations,Yes,No Change,3.11,7.24,No,No,Customer Focus,Project Delivery,Communication Clarity,5.1,2.9,1.243,2020-01-22,Person with Disability,Within Range,
CAL-7207,EMP-5207,Robert Smith,Finance,Individual Contributor,Finance,Chicago IL,EMP-5042,Q1 2025 Mid-Year,2025,3 - Meets Expectations,3,1 - Does Not Meet,Improved,Solid Performer,Backbone,Medium,8.34,Ready 3-5 Years,Finalized,1 - Does Not Meet,No,Downward,2.3,3.0,No,No,Innovation,Data-Driven,Delegation,11.1,1.6,1.123,2019-03-18,Gender Minority,Below Range,High potential validated by skip-level.
CAL-7208,EMP-5208,Sarah Martin,Product,Team Lead,Product,Chicago IL,EMP-5024,Q3 2026 Annual,2026,3 - Meets Expectations,3,2 - Partially Meets,Improved,Watch List,Balanced Contributor,Medium,8.27,Ready 1-2 Years,Finalized,5 - Exceptional,No,Upward,3.11,3.59,No,No,Innovation,Results Orientation,Strategic Vision,4.2,7.6,0.831,2019-12-14,Gender Minority,Below Range,Strong calibration supported by peers.
CAL-7209,EMP-5209,John Garcia,Legal & Compliance,Individual Contributor,Legal & Compliance,Chicago IL,EMP-5038,Q3 2026 Annual,2026,2 - Partially Meets,2,3 - Meets Expectations,Declined,Growth Potential,Inconsistent Player,Low,5.84,Ready 3-5 Years,Finalized,4 - Exceeds Expectations,No,Upward,0.75,0.94,No,No,Leadership,Results Orientation,Cross-Functional Collaboration,1.9,0.6,0.951,2022-07-17,No Flag,Below Range,Strong calibration supported by peers.
CAL-7210,EMP-5210,Nancy Taylor,People & HR,Team Lead,People & HR,Seattle WA,EMP-5005,Q1 2026 Mid-Year,2026,4 - Exceeds Expectations,4,4 - Exceeds Expectations,Stable,Growth Potential,Core Contributor,High,9.0,Ready 3-5 Years,Pending Manager Review,1 - Does Not Meet,No,No Change,5.12,9.01,No,No,Customer Focus,Results Orientation,Delegation,1.7,1.1,1.056,2020-10-02,Veteran,Above Range,PIP recommended post calibration.
CAL-7211,EMP-5211,Nancy Thomas,Product,Individual Contributor,Product,Boston MA,EMP-5007,Q3 2025 Annual,2025,4 - Exceeds Expectations,4,3 - Meets Expectations,Improved,Solid Performer,Balanced Contributor,Low,6.2,Ready 3-5 Years,Finalized,2 - Partially Meets,No,No Change,5.11,12.59,No,No,Innovation,Team Building,People Management,9.1,1.7,1.198,2024-11-01,Person with Disability,Below Range,High potential validated by skip-level.
CAL-7212,EMP-5212,Sandra Gonzalez,Marketing,Individual Contributor,Marketing,Seattle WA,EMP-5048,Q1 2025 Mid-Year,2025,2 - Partially Meets,2,3 - Meets Expectations,Declined,High Potential,Balanced Contributor,Medium,8.31,Not Applicable,Pending Manager Review,2 - Partially Meets,No,Downward,0.67,0.83,No,No,Strategic Thinking,Results Orientation,Prioritization,17.3,4.2,0.987,2019-04-22,URM,Within Range,
CAL-7213,EMP-5213,Sarah Jackson,Customer Experience,Individual Contributor,Customer Experience,Denver CO,EMP-5018,Q1 2025 Mid-Year,2025,4 - Exceeds Expectations,4,3 - Meets Expectations,Improved,Growth Potential,Core Contributor,Low,9.86,Ready 1-2 Years,Calibration Complete,3 - Meets Expectations,No,Downward,5.13,5.24,No,No,Customer Focus,Stakeholder Mgmt,People Management,8.4,9.0,1.321,2020-05-10,Person with Disability,Below Range,Calibration adjusted after group review.
CAL-7214,EMP-5214,Barbara Miller,Operations,VP,Operations,Frisco TX,EMP-5001,Q3 2026 Annual,2026,3 - Meets Expectations,3,1 - Does Not Meet,Improved,Watch List,Balanced Contributor,High,9.76,Not Applicable,Pending Manager Review,4 - Exceeds Expectations,No,No Change,3.48,4.47,No,No,Technical Excellence,Team Building,Executive Presence,11.3,3.0,1.003,2018-11-23,No Flag,Below Range,New to role - calibration advisory only.
CAL-7215,EMP-5215,Ashley Gonzalez,Customer Experience,Individual Contributor,Customer Experience,Denver CO,EMP-5003,Q1 2026 Mid-Year,2026,2 - Partially Meets,2,3 - Meets Expectations,Declined,High Potential,Balanced Contributor,Low,7.61,Ready 1-2 Years,Finalized,2 - Partially Meets,No,No Change,1.13,2.62,No,No,Execution,Results Orientation,Executive Presence,14.4,5.7,0.977,2018-09-10,No Flag,Above Range,Consistent performer over 3 cycles.
CAL-7216,EMP-5216,William Rodriguez,Data Science,Senior Manager,Data Science,San Francisco CA,EMP-5023,Q3 2025 Annual,2025,3 - Meets Expectations,3,3 - Meets Expectations,Stable,Needs Coaching,Balanced Contributor,Low,1.67,Ready Now,Calibration Complete,3 - Meets Expectations,Yes,No Change,2.27,2.95,No,No,Strategic Thinking,Data-Driven,Cross-Functional Collaboration,14.7,0.5,1.313,2020-09-22,No Flag,Above Range,PIP recommended post calibration.
CAL-7217,EMP-5217,Thomas Jackson,Product,Team Lead,Product,Chicago IL,EMP-5011,Q3 2025 Annual,2025,2 - Partially Meets,2,3 - Meets Expectations,Declined,Solid Performer,Balanced Contributor,Low,4.54,Ready 3-5 Years,Finalized,3 - Meets Expectations,No,No Change,1.17,2.88,No,No,Leadership,Project Delivery,Technical Depth,4.2,7.6,1.231,2021-05-17,Person with Disability,Above Range,Consistent performer over 3 cycles.
CAL-7218,EMP-5218,Anthony Smith,Product,Manager,Product,Denver CO,EMP-5023,Q3 2025 Annual,2025,3 - Meets Expectations,3,3 - Meets Expectations,Stable,High Potential,Emerging Talent,Medium,4.5,Ready 1-2 Years,Finalized,3 - Meets Expectations,No,No Change,3.17,6.44,No,No,Collaboration,Team Building,Prioritization,7.4,2.2,1.309,2019-01-29,Veteran,Above Range,Flagged for retention risk.
CAL-7219,EMP-5219,Michael Brown,Finance,Team Lead,Finance,Boston MA,EMP-5013,Q1 2025 Mid-Year,2025,1 - Does Not Meet,1,3 - Meets Expectations,Declined,Needs Coaching,Underperformer,Low,4.33,Ready 3-5 Years,Pending Manager Review,3 - Meets Expectations,No,No Change,0.0,0.0,No,Yes,Adaptability,Mentoring,Strategic Vision,11.2,8.8,0.766,2025-07-06,URM,Within Range,
CAL-7220,EMP-5220,David Martinez,People & HR,Manager,People & HR,Austin TX,EMP-5026,Q1 2025 Mid-Year,2025,4 - Exceeds Expectations,4,2 - Partially Meets,Improved,High Potential,Future Leader,Low,5.09,Not Applicable,Calibration Complete,3 - Meets Expectations,No,No Change,4.02,4.55,Yes,No,Execution,Stakeholder Mgmt,Executive Presence,19.6,6.7,1.047,2018-11-02,Gender Minority,Above Range,Flagged for retention risk.
CAL-7221,EMP-5221,Elizabeth Garcia,Legal & Compliance,Team Lead,Legal & Compliance,Austin TX,EMP-5035,Q3 2026 Annual,2026,4 - Exceeds Expectations,4,3 - Meets Expectations,Improved,Solid Performer,Balanced Contributor,Low,2.93,Ready 1-2 Years,Finalized,4 - Exceeds Expectations,Yes,No Change,4.93,11.39,No,No,Technical Excellence,Team Building,Communication Clarity,11.1,2.2,1.262,2021-12-25,URM,Below Range,PIP recommended post calibration.
CAL-7222,EMP-5222,Sandra Taylor,Legal & Compliance,Team Lead,Legal & Compliance,Seattle WA,EMP-5009,Q3 2026 Annual,2026,2 - Partially Meets,2,2 - Partially Meets,Stable,Solid Performer,Balanced Contributor,Low,2.9,Ready 1-2 Years,Finalized,3 - Meets Expectations,No,Upward,1.91,2.33,No,No,Analytical Rigor,Mentoring,Prioritization,1.1,8.4,1.321,2023-05-12,URM,Above Range,New to role - calibration advisory only.
CAL-7223,EMP-5223,Richard Smith,Finance,Manager,Finance,Chicago IL,EMP-5035,Q1 2026 Mid-Year,2026,3 - Meets Expectations,3,3 - Meets Expectations,Stable,Needs Coaching,Balanced Contributor,Medium,8.91,Not Applicable,Pending Manager Review,2 - Partially Meets,No,No Change,2.58,5.32,No,No,Customer Focus,Stakeholder Mgmt,Delegation,15.4,9.5,0.899,2025-07-08,No Flag,Above Range,
CAL-7224,EMP-5224,David Anderson,Engineering,Team Lead,Engineering,Atlanta GA,EMP-5013,Q3 2025 Annual,2025,5 - Exceptional,5,2 - Partially Meets,Improved,Growth Potential,High Performer,Low,2.63,Ready 1-2 Years,Finalized,3 - Meets Expectations,No,Downward,7.98,12.68,Yes,No,Technical Excellence,Mentoring,Executive Presence,10.9,4.2,0.84,2019-05-24,URM,Within Range,Consistent performer over 3 cycles.
CAL-7225,EMP-5225,Betty Williams,People & HR,SVP,People & HR,Boston MA,EMP-5038,Q1 2026 Mid-Year,2026,2 - Partially Meets,2,4 - Exceeds Expectations,Declined,High Potential,Balanced Contributor,Low,5.49,Ready 1-2 Years,Finalized,2 - Partially Meets,No,No Change,0.06,0.14,No,No,Customer Focus,Team Building,Technical Depth,14.1,1.6,0.872,2021-01-11,Person with Disability,Below Range,Strong calibration supported by peers.
CAL-7226,EMP-5226,Sarah Anderson,People & HR,Manager,People & HR,Denver CO,EMP-5031,Q3 2026 Annual,2026,4 - Exceeds Expectations,4,1 - Does Not Meet,Improved,Growth Potential,Core Contributor,Low,4.06,Ready 3-5 Years,Pending Manager Review,5 - Exceptional,Yes,No Change,3.85,3.93,No,No,Adaptability,Problem Solving,Prioritization,11.9,9.5,0.813,2021-10-12,No Flag,Within Range,Calibration adjusted after group review.
CAL-7227,EMP-5227,William Taylor,Finance,Individual Contributor,Finance,Chicago IL,EMP-5027,Q1 2025 Mid-Year,2025,4 - Exceeds Expectations,4,3 - Meets Expectations,Improved,Needs Coaching,Balanced Contributor,High,7.13,Ready 1-2 Years,Finalized,4 - Exceeds Expectations,No,No Change,5.04,9.26,Yes,No,Collaboration,Team Building,Delegation,19.5,5.0,1.321,2024-02-07,Person with Disability,Below Range,Flagged for retention risk.
CAL-7228,EMP-5228,David Anderson,Engineering,Individual Contributor,Engineering,Chicago IL,EMP-5016,Q1 2026 Mid-Year,2026,3 - Meets Expectations,3,3 - Meets Expectations,Stable,Growth Potential,Balanced Contributor,Low,7.39,Ready 3-5 Years,Pending Manager Review,5 - Exceptional,No,No Change,3.34,5.96,No,No,Communication,Results Orientation,Technical Depth,7.0,3.9,1.181,2023-12-12,URM,Below Range,Strong calibration supported by peers.
CAL-7229,EMP-5229,Linda Taylor,Engineering,Director,Engineering,Denver CO,EMP-5039,Q1 2025 Mid-Year,2025,3 - Meets Expectations,3,1 - Does Not Meet,Improved,Solid Performer,Backbone,Medium,3.23,Ready Now,Finalized,3 - Meets Expectations,No,No Change,2.74,5.65,No,No,Innovation,Mentoring,Communication Clarity,1.5,0.9,1.056,2024-11-15,Person with Disability,Below Range,New to role - calibration advisory only.
CAL-7230,EMP-5230,Thomas Hernandez,Marketing,Team Lead,Marketing,New York NY,EMP-5013,Q1 2026 Mid-Year,2026,2 - Partially Meets,2,5 - Exceptional,Declined,Growth Potential,Inconsistent Player,Low,5.55,Not Applicable,Pending Manager Review,3 - Meets Expectations,No,No Change,0.5,0.51,No,No,Leadership,Data-Driven,Executive Presence,12.2,4.9,0.974,2024-03-29,Gender Minority,Within Range,New to role - calibration advisory only.
CAL-7231,EMP-5231,Jessica Brown,Engineering,Manager,Engineering,Frisco TX,EMP-5005,Q3 2025 Annual,2025,5 - Exceptional,5,2 - Partially Meets,Improved,Watch List,Balanced Contributor,High,3.17,Ready 3-5 Years,Pending Manager Review,5 - Exceptional,No,No Change,5.11,6.23,No,No,Customer Focus,Mentoring,People Management,6.4,7.4,1.3,2019-05-03,Person with Disability,Within Range,
CAL-7232,EMP-5232,Jessica Miller,Data Science,Senior Manager,Data Science,Frisco TX,EMP-5042,Q1 2025 Mid-Year,2025,2 - Partially Meets,2,1 - Does Not Meet,Improved,Solid Performer,Balanced Contributor,Low,2.64,Ready 1-2 Years,Finalized,3 - Meets Expectations,No,No Change,0.9,1.72,No,No,Customer Focus,Project Delivery,Prioritization,17.4,7.0,1.223,2024-04-29,Gender Minority,Within Range,High potential validated by skip-level.
CAL-7233,EMP-5233,Sarah Garcia,Finance,Team Lead,Finance,San Francisco CA,EMP-5045,Q3 2025 Annual,2025,2 - Partially Meets,2,4 - Exceeds Expectations,Declined,Needs Coaching,Needs Development,High,3.8,Ready 1-2 Years,Finalized,3 - Meets Expectations,Yes,Downward,1.82,4.49,No,No,Collaboration,Project Delivery,Technical Depth,19.5,7.0,1.175,2021-03-16,Person with Disability,Above Range,High potential validated by skip-level.
CAL-7234,EMP-5234,Betty Jackson,Marketing,Senior Manager,Marketing,Atlanta GA,EMP-5004,Q3 2026 Annual,2026,3 - Meets Expectations,3,3 - Meets Expectations,Stable,Solid Performer,Backbone,Medium,1.22,Ready 1-2 Years,Pending Manager Review,5 - Exceptional,No,No Change,2.96,3.01,No,No,Customer Focus,Project Delivery,Prioritization,11.7,8.8,1.184,2022-07-26,Person with Disability,Below Range,High potential validated by skip-level.
CAL-7235,EMP-5235,Daniel Jackson,Legal & Compliance,Manager,Legal & Compliance,Austin TX,EMP-5031,Q1 2025 Mid-Year,2025,4 - Exceeds Expectations,4,3 - Meets Expectations,Improved,Needs Coaching,Balanced Contributor,Medium,3.7,Ready 1-2 Years,Pending Manager Review,2 - Partially Meets,Yes,Downward,4.25,4.77,Yes,No,Leadership,Stakeholder Mgmt,Technical Depth,11.5,1.7,1.227,2022-06-11,Veteran,Within Range,High potential validated by skip-level.
CAL-7236,EMP-5236,Sandra Brown,Finance,Manager,Finance,Chicago IL,EMP-5037,Q3 2025 Annual,2025,5 - Exceptional,5,3 - Meets Expectations,Improved,Solid Performer,Balanced Contributor,Medium,8.84,Ready Now,Finalized,4 - Exceeds Expectations,No,Downward,7.01,8.64,No,No,Communication,Problem Solving,People Management,15.6,1.9,1.166,2019-09-07,Gender Minority,Below Range,Strong calibration supported by peers.
CAL-7237,EMP-5237,Linda Smith,Operations,Individual Contributor,Operations,Denver CO,EMP-5036,Q3 2026 Annual,2026,2 - Partially Meets,2,2 - Partially Meets,Stable,Solid Performer,Balanced Contributor,High,7.6,Not Applicable,Finalized,3 - Meets Expectations,No,No Change,1.7,4.12,No,No,Analytical Rigor,Data-Driven,Technical Depth,6.6,4.5,0.876,2019-04-08,URM,Below Range,Consistent performer over 3 cycles.
CAL-7238,EMP-5238,Betty Wilson,Operations,Senior Manager,Operations,Remote,EMP-5003,Q1 2026 Mid-Year,2026,1 - Does Not Meet,1,4 - Exceeds Expectations,Declined,Growth Potential,Balanced Contributor,Low,7.21,Not Applicable,Pending Manager Review,5 - Exceptional,No,No Change,0.0,0.0,No,No,Innovation,Stakeholder Mgmt,Strategic Vision,3.7,9.0,0.933,2024-09-21,Person with Disability,Within Range,Consistent performer over 3 cycles.
CAL-7239,EMP-5239,Betty Johnson,Marketing,Director,Marketing,Austin TX,EMP-5026,Q1 2026 Mid-Year,2026,5 - Exceptional,5,2 - Partially Meets,Improved,Growth Potential,High Performer,Low,9.27,Ready Now,Calibration Complete,5 - Exceptional,No,No Change,5.06,5.12,No,No,Execution,Project Delivery,Strategic Vision,4.3,8.3,1.3,2023-03-16,URM,Within Range,Calibration adjusted after group review.
CAL-7240,EMP-5240,Mark Johnson,Product,Team Lead,Product,Austin TX,EMP-5030,Q1 2025 Mid-Year,2025,3 - Meets Expectations,3,3 - Meets Expectations,Stable,Growth Potential,Balanced Contributor,Medium,5.48,Ready 1-2 Years,Calibration Complete,3 - Meets Expectations,No,No Change,2.11,3.01,No,No,Execution,Results Orientation,Cross-Functional Collaboration,11.2,9.9,1.183,2018-01-07,URM,Above Range,Consistent performer over 3 cycles.
CAL-7241,EMP-5241,Nancy Anderson,Customer Experience,Team Lead,Customer Experience,Chicago IL,EMP-5022,Q3 2026 Annual,2026,4 - Exceeds Expectations,4,4 - Exceeds Expectations,Stable,Solid Performer,Balanced Contributor,Medium,5.72,Not Applicable,Pending Manager Review,3 - Meets Expectations,No,No Change,4.72,8.72,No,No,Customer Focus,Process Improvement,Prioritization,17.0,6.9,0.816,2020-03-03,Gender Minority,Below Range,Consistent performer over 3 cycles.
CAL-7242,EMP-5242,Thomas Gonzalez,Finance,Senior Manager,Finance,Atlanta GA,EMP-5008,Q1 2026 Mid-Year,2026,4 - Exceeds Expectations,4,3 - Meets Expectations,Improved,Watch List,Balanced Contributor,Medium,4.87,Ready Now,Calibration Complete,5 - Exceptional,No,No Change,5.08,10.47,No,No,Collaboration,Process Improvement,People Management,12.8,1.8,0.809,2018-05-06,Veteran,Within Range,Calibration adjusted after group review.
CAL-7243,EMP-5243,Matthew Anderson,Data Science,Director,Data Science,Seattle WA,EMP-5045,Q1 2025 Mid-Year,2025,3 - Meets Expectations,3,2 - Partially Meets,Improved,Solid Performer,Backbone,Low,6.11,Ready Now,Calibration Complete,3 - Meets Expectations,No,No Change,3.27,5.84,No,No,Leadership,Problem Solving,Cross-Functional Collaboration,5.9,1.6,1.087,2019-07-03,URM,Within Range,Calibration adjusted after group review.
CAL-7244,EMP-5244,Jennifer Miller,Data Science,Senior Manager,Data Science,Chicago IL,EMP-5036,Q1 2026 Mid-Year,2026,3 - Meets Expectations,3,3 - Meets Expectations,Stable,Needs Coaching,Balanced Contributor,Medium,5.19,Ready 3-5 Years,Finalized,4 - Exceeds Expectations,No,No Change,3.21,3.5,No,No,Customer Focus,Team Building,Cross-Functional Collaboration,9.2,5.1,0.954,2021-03-27,Gender Minority,Below Range,PIP recommended post calibration.
CAL-7245,EMP-5245,Richard Garcia,Legal & Compliance,Manager,Legal & Compliance,Seattle WA,EMP-5024,Q1 2025 Mid-Year,2025,3 - Meets Expectations,3,1 - Does Not Meet,Improved,Solid Performer,Backbone,Low,3.43,Ready 3-5 Years,Calibration Complete,3 - Meets Expectations,No,No Change,2.04,4.72,No,No,Adaptability,Team Building,Delegation,19.3,5.2,1.29,2019-11-22,No Flag,Below Range,
CAL-7246,EMP-5246,Betty Brown,Data Science,Team Lead,Data Science,Frisco TX,EMP-5044,Q1 2026 Mid-Year,2026,2 - Partially Meets,2,3 - Meets Expectations,Declined,High Potential,Balanced Contributor,Low,2.44,Ready 1-2 Years,Finalized,3 - Meets Expectations,No,No Change,0.6,0.7,No,No,Technical Excellence,Process Improvement,Delegation,6.4,1.4,1.306,2023-04-02,URM,Below Range,Strong calibration supported by peers.
CAL-7247,EMP-5247,Sarah Davis,Engineering,Team Lead,Engineering,Atlanta GA,EMP-5012,Q3 2026 Annual,2026,4 - Exceeds Expectations,4,5 - Exceptional,Declined,Solid Performer,Balanced Contributor,Low,4.84,Ready 1-2 Years,Finalized,3 - Meets Expectations,Yes,Downward,4.93,7.78,No,No,Adaptability,Results Orientation,Communication Clarity,2.4,3.2,0.899,2024-10-24,Gender Minority,Above Range,Consistent performer over 3 cycles.
CAL-7248,EMP-5248,John Brown,Customer Experience,Individual Contributor,Customer Experience,San Francisco CA,EMP-5044,Q1 2026 Mid-Year,2026,3 - Meets Expectations,3,3 - Meets Expectations,Stable,Watch List,Balanced Contributor,Medium,2.63,Ready 3-5 Years,Finalized,4 - Exceeds Expectations,No,No Change,2.67,5.69,No,No,Collaboration,Process Improvement,Communication Clarity,6.4,2.3,0.988,2025-11-17,Person with Disability,Below Range,New to role - calibration advisory only.
CAL-7249,EMP-5249,Charles Miller,Operations,Manager,Operations,Atlanta GA,EMP-5042,Q1 2025 Mid-Year,2025,3 - Meets Expectations,3,4 - Exceeds Expectations,Declined,Solid Performer,Backbone,Medium,5.66,Not Applicable,Finalized,3 - Meets Expectations,No,No Change,2.67,2.53,No,No,Adaptability,Data-Driven,Delegation,9.4,6.3,0.988,2025-07-06,No Flag,Below Range,High potential validated by skip-level.
CAL-7250,EMP-5250,Thomas Jackson,Engineering,Manager,Engineering,Atlanta GA,EMP-5045,Q3 2025 Annual,2025,3 - Meets Expectations,3,2 - Partially Meets,Improved,Growth Potential,Balanced Contributor,Low,2.11,Ready 3-5 Years,Finalized,3 - Meets Expectations,No,No Change,2.84,3.14,No,No,Leadership,Project Delivery,Executive Presence,19.6,6.2,0.91,2021-06-23,Gender Minority,Below Range,Strong calibration supported by peers.
CAL-7251,EMP-5251,Daniel Hernandez,Marketing,Individual Contributor,Marketing,Denver CO,EMP-5017,Q1 2025 Mid-Year,2025,2 - Partially Meets,2,1 - Does Not Meet,Improved,Solid Performer,Balanced Contributor,Low,4.84,Not Applicable,Finalized,2 - Partially Meets,No,Upward,0.67,1.46,No,No,Strategic Thinking,Process Improvement,Strategic Vision,18.2,9.3,0.995,2022-12-05,Person with Disability,Above Range,Flagged for retention risk.
CAL-7252,EMP-5252,Anthony Hernandez,Customer Experience,Individual Contributor,Customer Experience,Austin TX,EMP-5017,Q1 2025 Mid-Year,2025,4 - Exceeds Expectations,4,3 - Meets Expectations,Improved,Needs Coaching,Balanced Contributor,High,3.85,Ready Now,Finalized,5 - Exceptional,No,Downward,4.51,5.99,Yes,No,Leadership,Mentoring,Technical Depth,7.3,4.9,1.204,2021-12-31,Person with Disability,Below Range,High potential validated by skip-level.
CAL-7253,EMP-5253,David Johnson,Finance,Individual Contributor,Finance,Remote,EMP-5018,Q1 2026 Mid-Year,2026,4 - Exceeds Expectations,4,3 - Meets Expectations,Improved,Solid Performer,Balanced Contributor,Medium,4.52,Ready 1-2 Years,Calibration Complete,1 - Does Not Meet,No,No Change,4.47,5.65,No,No,Collaboration,Stakeholder Mgmt,Prioritization,13.0,7.4,0.83,2018-01-09,URM,Within Range,PIP recommended post calibration.
CAL-7254,EMP-5254,Betty Jones,Engineering,Individual Contributor,Engineering,Denver CO,EMP-5034,Q3 2025 Annual,2025,3 - Meets Expectations,3,2 - Partially Meets,Improved,Solid Performer,Backbone,High,4.84,Ready 3-5 Years,Calibration Complete,3 - Meets Expectations,No,No Change,3.38,2.95,No,No,Customer Focus,Data-Driven,Delegation,19.5,3.4,1.291,2021-09-17,Person with Disability,Within Range,Strong calibration supported by peers.
CAL-7255,EMP-5255,Barbara Williams,Engineering,Individual Contributor,Engineering,Remote,EMP-5024,Q1 2026 Mid-Year,2026,1 - Does Not Meet,1,3 - Meets Expectations,Declined,Growth Potential,Balanced Contributor,High,5.93,Ready 3-5 Years,Finalized,4 - Exceeds Expectations,No,No Change,0.0,0.0,No,Yes,Customer Focus,Project Delivery,Communication Clarity,9.9,9.0,1.157,2023-04-22,Veteran,Below Range,Calibration adjusted after group review.
CAL-7256,EMP-5256,Thomas Hernandez,Operations,Manager,Operations,Boston MA,EMP-5024,Q3 2025 Annual,2025,3 - Meets Expectations,3,2 - Partially Meets,Improved,Watch List,Balanced Contributor,High,2.24,Ready 1-2 Years,Calibration Complete,4 - Exceeds Expectations,Yes,No Change,2.22,1.88,No,No,Analytical Rigor,Data-Driven,Communication Clarity,10.3,9.3,1.167,2019-10-19,Person with Disability,Below Range,Calibration adjusted after group review.
CAL-7257,EMP-5257,Charles Williams,Data Science,Manager,Data Science,Denver CO,EMP-5008,Q3 2026 Annual,2026,5 - Exceptional,5,5 - Exceptional,Stable,Needs Coaching,Balanced Contributor,Medium,9.07,Ready Now,Finalized,2 - Partially Meets,No,No Change,5.63,8.8,No,No,Communication,Process Improvement,Delegation,11.7,8.8,1.175,2022-05-28,URM,Above Range,Strong calibration supported by peers.
CAL-7258,EMP-5258,Linda Jackson,Sales,Manager,Sales,New York NY,EMP-5036,Q1 2025 Mid-Year,2025,3 - Meets Expectations,3,3 - Meets Expectations,Stable,Solid Performer,Backbone,Medium,4.45,Not Applicable,Calibration Complete,3 - Meets Expectations,No,No Change,3.13,7.14,No,No,Communication,Data-Driven,Cross-Functional Collaboration,7.3,7.3,1.24,2023-05-10,URM,Above Range,High potential validated by skip-level.
CAL-7259,EMP-5259,Richard Hernandez,Customer Experience,Manager,Customer Experience,Seattle WA,EMP-5032,Q1 2025 Mid-Year,2025,3 - Meets Expectations,3,2 - Partially Meets,Improved,Solid Performer,Backbone,Medium,4.36,Ready Now,Calibration Complete,3 - Meets Expectations,Yes,Upward,3.48,6.67,No,No,Analytical Rigor,Results Orientation,Technical Depth,9.7,5.6,1.334,2021-07-16,Person with Disability,Below Range,Consistent performer over 3 cycles.
CAL-7260,EMP-5260,Jennifer Smith,Engineering,Team Lead,Engineering,Remote,EMP-5047,Q3 2026 Annual,2026,3 - Meets Expectations,3,2 - Partially Meets,Improved,Growth Potential,Balanced Contributor,Low,8.83,Not Applicable,Pending Manager Review,5 - Exceptional,Yes,Downward,2.42,5.32,No,No,Customer Focus,Process Improvement,Executive Presence,15.0,9.0,1.042,2024-08-05,URM,Below Range,New to role - calibration advisory only.
CAL-7261,EMP-5261,David Johnson,Product,Manager,Product,Seattle WA,EMP-5046,Q1 2026 Mid-Year,2026,2 - Partially Meets,2,5 - Exceptional,Declined,Watch List,Balanced Contributor,Low,2.87,Ready 3-5 Years,Finalized,2 - Partially Meets,No,No Change,1.02,1.71,No,No,Collaboration,Project Delivery,Prioritization,6.9,5.1,1.209,2023-01-16,Gender Minority,Within Range,Calibration adjusted after group review.
CAL-7262,EMP-5262,Michael Martinez,Engineering,Team Lead,Engineering,Atlanta GA,EMP-5021,Q3 2026 Annual,2026,2 - Partially Meets,2,4 - Exceeds Expectations,Declined,High Potential,Balanced Contributor,Low,3.33,Ready 1-2 Years,Finalized,3 - Meets Expectations,No,Upward,0.07,0.13,No,No,Analytical Rigor,Stakeholder Mgmt,People Management,9.6,9.7,1.317,2021-10-07,No Flag,Below Range,High potential validated by skip-level.
CAL-7263,EMP-5263,Robert Jones,Legal & Compliance,Director,Legal & Compliance,Remote,EMP-5036,Q3 2025 Annual,2025,2 - Partially Meets,2,2 - Partially Meets,Stable,Growth Potential,Inconsistent Player,Low,6.6,Ready 1-2 Years,Pending Manager Review,1 - Does Not Meet,Yes,No Change,0.17,0.21,No,No,Adaptability,Process Improvement,Strategic Vision,9.3,9.0,0.833,2023-05-18,Gender Minority,Within Range,Calibration adjusted after group review.
CAL-7264,EMP-5264,Margaret Brown,Finance,Individual Contributor,Finance,San Francisco CA,EMP-5042,Q3 2026 Annual,2026,2 - Partially Meets,2,5 - Exceptional,Declined,Solid Performer,Balanced Contributor,Low,7.06,Ready 3-5 Years,Finalized,3 - Meets Expectations,No,Upward,1.02,2.41,No,No,Analytical Rigor,Process Improvement,Cross-Functional Collaboration,1.8,8.0,1.142,2025-05-08,Person with Disability,Above Range,High potential validated by skip-level.
CAL-7265,EMP-5265,Sandra Moore,Product,Individual Contributor,Product,Austin TX,EMP-5033,Q1 2026 Mid-Year,2026,3 - Meets Expectations,3,3 - Meets Expectations,Stable,High Potential,Emerging Talent,High,4.98,Ready Now,Finalized,2 - Partially Meets,No,Downward,3.45,5.35,No,No,Innovation,Stakeholder Mgmt,Communication Clarity,3.9,6.1,0.982,2022-09-10,Gender Minority,Within Range,New to role - calibration advisory only.
CAL-7266,EMP-5266,David Martinez,Marketing,Manager,Marketing,Seattle WA,EMP-5035,Q1 2026 Mid-Year,2026,5 - Exceptional,5,5 - Exceptional,Stable,Solid Performer,Balanced Contributor,Medium,1.67,Ready Now,Finalized,3 - Meets Expectations,No,Downward,5.66,10.82,Yes,No,Leadership,Stakeholder Mgmt,Prioritization,14.6,5.1,1.239,2022-09-29,No Flag,Within Range,Calibration adjusted after group review.
CAL-7267,EMP-5267,David Smith,Data Science,Team Lead,Data Science,Frisco TX,EMP-5050,Q1 2025 Mid-Year,2025,3 - Meets Expectations,3,4 - Exceeds Expectations,Declined,Watch List,Balanced Contributor,High,1.38,Ready 1-2 Years,Finalized,2 - Partially Meets,Yes,Downward,3.3,5.53,No,No,Technical Excellence,Stakeholder Mgmt,Delegation,16.9,8.8,0.784,2021-03-23,No Flag,Below Range,Calibration adjusted after group review.
CAL-7268,EMP-5268,Nancy Anderson,People & HR,Team Lead,People & HR,Boston MA,EMP-5024,Q3 2025 Annual,2025,5 - Exceptional,5,1 - Does Not Meet,Improved,High Potential,Star,Medium,2.69,Ready 1-2 Years,Calibration Complete,3 - Meets Expectations,No,No Change,6.44,9.35,Yes,No,Strategic Thinking,Team Building,Communication Clarity,9.9,3.8,1.287,2018-06-26,Veteran,Within Range,Calibration adjusted after group review.
CAL-7269,EMP-5269,James Gonzalez,Sales,Individual Contributor,Sales,Seattle WA,EMP-5037,Q1 2026 Mid-Year,2026,4 - Exceeds Expectations,4,1 - Does Not Meet,Improved,Watch List,Balanced Contributor,Low,3.61,Ready 1-2 Years,Calibration Complete,2 - Partially Meets,Yes,Upward,4.77,7.33,Yes,No,Strategic Thinking,Project Delivery,Executive Presence,6.3,7.8,1.04,2018-04-29,Gender Minority,Below Range,New to role - calibration advisory only.
CAL-7270,EMP-5270,Maria Thomas,Sales,Individual Contributor,Sales,Seattle WA,EMP-5025,Q1 2025 Mid-Year,2025,3 - Meets Expectations,3,2 - Partially Meets,Improved,Growth Potential,Balanced Contributor,Low,7.25,Ready Now,Finalized,3 - Meets Expectations,No,Upward,3.27,5.91,No,No,Analytical Rigor,Team Building,Cross-Functional Collaboration,13.5,2.5,1.087,2024-01-10,No Flag,Within Range,New to role - calibration advisory only.
CAL-7271,EMP-5271,Susan Thomas,Sales,Individual Contributor,Sales,Boston MA,EMP-5028,Q3 2025 Annual,2025,5 - Exceptional,5,3 - Meets Expectations,Improved,Needs Coaching,Balanced Contributor,Low,5.16,Not Applicable,Calibration Complete,4 - Exceeds Expectations,No,No Change,7.18,17.93,Yes,No,Collaboration,Mentoring,Prioritization,17.2,9.5,1.348,2024-07-29,URM,Below Range,
CAL-7272,EMP-5272,Matthew Thomas,Customer Experience,Individual Contributor,Customer Experience,Chicago IL,EMP-5026,Q1 2026 Mid-Year,2026,4 - Exceeds Expectations,4,2 - Partially Meets,Improved,Needs Coaching,Balanced Contributor,Low,8.96,Ready 3-5 Years,Finalized,4 - Exceeds Expectations,Yes,Upward,3.62,4.38,Yes,No,Communication,Project Delivery,People Management,13.5,1.8,0.919,2022-01-24,Veteran,Above Range,
CAL-7273,EMP-5273,John Jones,Data Science,Individual Contributor,Data Science,Austin TX,EMP-5028,Q3 2025 Annual,2025,5 - Exceptional,5,3 - Meets Expectations,Improved,Solid Performer,Balanced Contributor,Medium,1.12,Ready 1-2 Years,Finalized,3 - Meets Expectations,No,No Change,5.14,10.96,No,No,Execution,Data-Driven,Technical Depth,10.8,6.2,0.796,2021-02-15,Gender Minority,Below Range,High potential validated by skip-level.
CAL-7274,EMP-5274,William Jackson,Marketing,Senior Manager,Marketing,Remote,EMP-5044,Q3 2026 Annual,2026,5 - Exceptional,5,2 - Partially Meets,Improved,Growth Potential,High Performer,Medium,8.82,Not Applicable,Finalized,3 - Meets Expectations,Yes,No Change,6.1,11.99,No,No,Strategic Thinking,Mentoring,Communication Clarity,7.2,4.8,1.26,2019-08-28,URM,Below Range,New to role - calibration advisory only.
CAL-7275,EMP-5275,Elizabeth Moore,Engineering,Individual Contributor,Engineering,New York NY,EMP-5015,Q3 2026 Annual,2026,3 - Meets Expectations,3,1 - Does Not Meet,Improved,Solid Performer,Backbone,Medium,8.6,Ready 3-5 Years,Pending Manager Review,1 - Does Not Meet,Yes,No Change,3.31,7.68,No,No,Analytical Rigor,Results Orientation,Technical Depth,4.6,7.2,1.25,2019-03-05,Veteran,Below Range,PIP recommended post calibration.
CAL-7276,EMP-5276,Karen Williams,Finance,Individual Contributor,Finance,Remote,EMP-5044,Q1 2026 Mid-Year,2026,4 - Exceeds Expectations,4,2 - Partially Meets,Improved,Solid Performer,Balanced Contributor,Low,9.47,Ready 3-5 Years,Finalized,2 - Partially Meets,No,No Change,4.5,7.44,No,No,Analytical Rigor,Problem Solving,Prioritization,6.9,8.8,1.07,2024-05-14,Veteran,Within Range,New to role - calibration advisory only.
CAL-7277,EMP-5277,John Jackson,Operations,Manager,Operations,New York NY,EMP-5048,Q1 2026 Mid-Year,2026,3 - Meets Expectations,3,4 - Exceeds Expectations,Declined,Growth Potential,Balanced Contributor,Medium,6.48,Ready Now,Finalized,4 - Exceeds Expectations,Yes,No Change,3.36,8.38,No,No,Customer Focus,Process Improvement,Communication Clarity,18.6,5.3,0.887,2023-08-04,Person with Disability,Above Range,
CAL-7278,EMP-5278,Jennifer Wilson,Sales,Individual Contributor,Sales,Seattle WA,EMP-5047,Q1 2026 Mid-Year,2026,2 - Partially Meets,2,3 - Meets Expectations,Declined,Growth Potential,Inconsistent Player,High,6.58,Ready 3-5 Years,Calibration Complete,4 - Exceeds Expectations,Yes,No Change,1.34,1.85,No,No,Technical Excellence,Mentoring,Prioritization,10.2,2.4,1.247,2023-04-23,Veteran,Within Range,
CAL-7279,EMP-5279,Ashley Anderson,Product,Director,Product,Austin TX,EMP-5024,Q3 2026 Annual,2026,2 - Partially Meets,2,1 - Does Not Meet,Improved,Solid Performer,Balanced Contributor,Low,8.88,Not Applicable,Pending Manager Review,5 - Exceptional,Yes,No Change,0.74,1.17,No,No,Strategic Thinking,Team Building,Prioritization,6.5,7.9,1.095,2023-11-25,Person with Disability,Below Range,Consistent performer over 3 cycles.
CAL-7280,EMP-5280,Sarah Jones,Engineering,Individual Contributor,Engineering,Atlanta GA,EMP-5017,Q3 2025 Annual,2025,3 - Meets Expectations,3,2 - Partially Meets,Improved,Solid Performer,Backbone,Medium,7.84,Ready 3-5 Years,Finalized,1 - Does Not Meet,No,No Change,2.44,5.68,No,No,Analytical Rigor,Project Delivery,Communication Clarity,19.8,5.9,0.888,2018-10-25,Veteran,Below Range,Calibration adjusted after group review.
CAL-7281,EMP-5281,Jessica Davis,Finance,Manager,Finance,New York NY,EMP-5031,Q3 2025 Annual,2025,3 - Meets Expectations,3,2 - Partially Meets,Improved,Growth Potential,Balanced Contributor,Low,3.43,Not Applicable,Calibration Complete,2 - Partially Meets,Yes,No Change,2.73,5.71,No,No,Leadership,Results Orientation,Cross-Functional Collaboration,13.8,6.8,1.117,2021-02-24,No Flag,Below Range,Calibration adjusted after group review.
CAL-7282,EMP-5282,Nancy Williams,Customer Experience,Individual Contributor,Customer Experience,Frisco TX,EMP-5020,Q3 2025 Annual,2025,2 - Partially Meets,2,4 - Exceeds Expectations,Declined,Solid Performer,Balanced Contributor,Low,5.58,Ready Now,Finalized,4 - Exceeds Expectations,Yes,No Change,0.72,0.59,No,No,Customer Focus,Process Improvement,Technical Depth,4.9,3.1,1.276,2018-06-16,URM,Above Range,Flagged for retention risk.
CAL-7283,EMP-5283,Sandra Gonzalez,Operations,Manager,Operations,Frisco TX,EMP-5028,Q1 2026 Mid-Year,2026,3 - Meets Expectations,3,3 - Meets Expectations,Stable,Needs Coaching,Balanced Contributor,Low,1.28,Not Applicable,Pending Manager Review,2 - Partially Meets,Yes,No Change,2.5,4.1,No,No,Leadership,Problem Solving,Prioritization,16.2,8.3,0.833,2018-05-08,URM,Above Range,
CAL-7284,EMP-5284,Jessica Thomas,Operations,Team Lead,Operations,Remote,EMP-5024,Q3 2025 Annual,2025,2 - Partially Meets,2,5 - Exceptional,Declined,Needs Coaching,Needs Development,Low,7.55,Ready Now,Calibration Complete,3 - Meets Expectations,Yes,No Change,0.85,1.38,No,No,Collaboration,Project Delivery,Prioritization,11.2,6.4,0.902,2020-07-29,Veteran,Below Range,Flagged for retention risk.
CAL-7285,EMP-5285,Christopher Johnson,Data Science,Team Lead,Data Science,Remote,EMP-5001,Q3 2025 Annual,2025,2 - Partially Meets,2,3 - Meets Expectations,Declined,Watch List,Balanced Contributor,Medium,6.67,Ready 3-5 Years,Finalized,3 - Meets Expectations,No,Downward,1.53,1.56,No,No,Leadership,Team Building,Strategic Vision,12.6,8.8,1.018,2018-11-15,URM,Above Range,New to role - calibration advisory only.
CAL-7286,EMP-5286,Jessica Wilson,Data Science,Individual Contributor,Data Science,Frisco TX,EMP-5048,Q3 2026 Annual,2026,5 - Exceptional,5,2 - Partially Meets,Improved,Watch List,Balanced Contributor,High,3.42,Not Applicable,Pending Manager Review,3 - Meets Expectations,Yes,No Change,7.84,8.14,Yes,No,Communication,Data-Driven,Prioritization,18.7,1.8,0.932,2024-03-22,Person with Disability,Above Range,Calibration adjusted after group review.
CAL-7287,EMP-5287,Barbara Brown,Sales,Senior Manager,Sales,Frisco TX,EMP-5031,Q3 2026 Annual,2026,3 - Meets Expectations,3,1 - Does Not Meet,Improved,Solid Performer,Backbone,Medium,4.25,Ready 3-5 Years,Finalized,3 - Meets Expectations,No,No Change,2.98,5.61,No,No,Innovation,Team Building,Technical Depth,5.0,4.6,0.872,2021-11-07,URM,Below Range,Strong calibration supported by peers.
CAL-7288,EMP-5288,Richard Taylor,Data Science,Individual Contributor,Data Science,San Francisco CA,EMP-5027,Q1 2025 Mid-Year,2025,3 - Meets Expectations,3,2 - Partially Meets,Improved,Needs Coaching,Balanced Contributor,Low,3.02,Ready 3-5 Years,Calibration Complete,3 - Meets Expectations,Yes,No Change,2.94,7.08,No,No,Customer Focus,Team Building,Communication Clarity,18.7,2.8,1.073,2020-11-03,URM,Above Range,
CAL-7289,EMP-5289,Betty Thomas,Legal & Compliance,SVP,Legal & Compliance,Atlanta GA,EMP-5006,Q1 2026 Mid-Year,2026,2 - Partially Meets,2,2 - Partially Meets,Stable,Watch List,Balanced Contributor,Low,7.27,Ready Now,Finalized,3 - Meets Expectations,No,No Change,1.22,2.72,No,No,Technical Excellence,Mentoring,Delegation,12.5,6.4,1.082,2019-01-16,Person with Disability,Within Range,PIP recommended post calibration.
CAL-7290,EMP-5290,Margaret Lopez,Sales,Individual Contributor,Sales,San Francisco CA,EMP-5000,Q3 2026 Annual,2026,5 - Exceptional,5,4 - Exceeds Expectations,Improved,High Potential,Star,High,7.7,Ready Now,Finalized,1 - Does Not Meet,Yes,No Change,6.77,5.76,Yes,No,Strategic Thinking,Mentoring,Communication Clarity,10.2,6.7,1.123,2023-12-17,Gender Minority,Within Range,High potential validated by skip-level.
CAL-7291,EMP-5291,Michael Davis,Data Science,Individual Contributor,Data Science,Boston MA,EMP-5042,Q1 2025 Mid-Year,2025,2 - Partially Meets,2,4 - Exceeds Expectations,Declined,Growth Potential,Inconsistent Player,High,3.93,Ready Now,Pending Manager Review,3 - Meets Expectations,No,No Change,1.58,2.37,No,No,Strategic Thinking,Data-Driven,Delegation,1.2,3.5,0.793,2022-10-29,Gender Minority,Above Range,Consistent performer over 3 cycles.
CAL-7292,EMP-5292,Patricia Williams,People & HR,Individual Contributor,People & HR,Austin TX,EMP-5021,Q1 2026 Mid-Year,2026,3 - Meets Expectations,3,3 - Meets Expectations,Stable,Growth Potential,Balanced Contributor,Low,8.07,Not Applicable,Pending Manager Review,2 - Partially Meets,Yes,No Change,2.57,4.7,No,No,Strategic Thinking,Results Orientation,Delegation,10.6,5.0,0.941,2022-07-25,No Flag,Within Range,Calibration adjusted after group review.
CAL-7293,EMP-5293,John Johnson,Legal & Compliance,Team Lead,Legal & Compliance,New York NY,EMP-5048,Q1 2025 Mid-Year,2025,3 - Meets Expectations,3,1 - Does Not Meet,Improved,Needs Coaching,Balanced Contributor,Low,1.46,Not Applicable,Finalized,4 - Exceeds Expectations,No,Downward,2.68,6.19,No,No,Technical Excellence,Data-Driven,Delegation,10.8,7.7,1.263,2024-03-17,No Flag,Within Range,Calibration adjusted after group review.
CAL-7294,EMP-5294,Daniel Davis,Legal & Compliance,VP,Legal & Compliance,San Francisco CA,EMP-5023,Q3 2025 Annual,2025,3 - Meets Expectations,3,2 - Partially Meets,Improved,Needs Coaching,Balanced Contributor,Low,2.2,Ready Now,Calibration Complete,3 - Meets Expectations,No,No Change,2.3,4.86,No,No,Collaboration,Project Delivery,People Management,16.4,3.5,1.087,2019-03-16,Gender Minority,Within Range,PIP recommended post calibration.
CAL-7295,EMP-5295,Barbara Wilson,Engineering,Individual Contributor,Engineering,New York NY,EMP-5000,Q1 2025 Mid-Year,2025,4 - Exceeds Expectations,4,3 - Meets Expectations,Improved,Solid Performer,Balanced Contributor,High,8.21,Ready 3-5 Years,Pending Manager Review,2 - Partially Meets,No,Downward,4.82,5.38,No,No,Collaboration,Data-Driven,Technical Depth,7.1,1.9,0.989,2025-02-15,URM,Within Range,Flagged for retention risk.
CAL-7296,EMP-5296,Jessica Jones,Product,Senior Manager,Product,Atlanta GA,EMP-5013,Q3 2026 Annual,2026,3 - Meets Expectations,3,3 - Meets Expectations,Stable,Solid Performer,Backbone,Low,3.4,Ready 1-2 Years,Finalized,3 - Meets Expectations,Yes,Downward,2.33,3.37,No,No,Analytical Rigor,Process Improvement,Strategic Vision,19.4,9.5,1.195,2025-06-13,URM,Within Range,Flagged for retention risk.
CAL-7297,EMP-5297,David Wilson,Legal & Compliance,Senior Manager,Legal & Compliance,Austin TX,EMP-5011,Q1 2026 Mid-Year,2026,3 - Meets Expectations,3,3 - Meets Expectations,Stable,Growth Potential,Balanced Contributor,High,7.5,Not Applicable,Pending Manager Review,3 - Meets Expectations,No,No Change,2.43,5.81,No,No,Collaboration,Results Orientation,Technical Depth,7.2,3.0,0.984,2023-03-13,Veteran,Above Range,Flagged for retention risk.
CAL-7298,EMP-5298,Thomas Taylor,Marketing,Director,Marketing,Chicago IL,EMP-5040,Q3 2025 Annual,2025,5 - Exceptional,5,3 - Meets Expectations,Improved,High Potential,Star,Low,2.75,Ready 3-5 Years,Calibration Complete,3 - Meets Expectations,Yes,Upward,5.03,9.82,No,No,Communication,Mentoring,Communication Clarity,19.6,3.7,1.174,2022-04-19,Gender Minority,Above Range,High potential validated by skip-level.
CAL-7299,EMP-5299,Elizabeth Hernandez,Engineering,Individual Contributor,Engineering,Chicago IL,EMP-5023,Q1 2025 Mid-Year,2025,3 - Meets Expectations,3,3 - Meets Expectations,Stable,Growth Potential,Balanced Contributor,High,8.51,Ready Now,Finalized,4 - Exceeds Expectations,No,No Change,2.08,3.58,No,No,Communication,Data-Driven,People Management,11.1,4.3,1.316,2022-10-09,Gender Minority,Below Range,Consistent performer over 3 cycles.
CAL-7300,EMP-5300,Jennifer Brown,People & HR,Team Lead,People & HR,Frisco TX,EMP-5040,Q3 2025 Annual,2025,4 - Exceeds Expectations,4,3 - Meets Expectations,Improved,Growth Potential,Core Contributor,Medium,5.33,Not Applicable,Calibration Complete,4 - Exceeds Expectations,No,No Change,3.67,4.69,No,No,Technical Excellence,Team Building,Strategic Vision,0.6,7.1,1.183,2024-04-23,Person with Disability,Below Range,Calibration adjusted after group review.
CAL-7301,EMP-5301,Susan Gonzalez,Sales,Manager,Sales,San Francisco CA,EMP-5023,Q3 2025 Annual,2025,3 - Meets Expectations,3,4 - Exceeds Expectations,Declined,Needs Coaching,Balanced Contributor,Low,2.64,Ready Now,Finalized,5 - Exceptional,Yes,Downward,3.15,7.56,No,No,Execution,Mentoring,Prioritization,9.1,2.2,1.195,2023-03-08,No Flag,Below Range,Consistent performer over 3 cycles.
CAL-7302,EMP-5302,Matthew Anderson,Marketing,VP,Marketing,Chicago IL,EMP-5037,Q1 2026 Mid-Year,2026,4 - Exceeds Expectations,4,3 - Meets Expectations,Improved,Growth Potential,Core Contributor,High,9.64,Ready Now,Finalized,2 - Partially Meets,No,No Change,3.6,5.37,No,No,Collaboration,Stakeholder Mgmt,Communication Clarity,17.7,4.7,1.068,2019-01-16,URM,Above Range,Calibration adjusted after group review.
CAL-7303,EMP-5303,Margaret Thomas,Operations,Manager,Operations,Austin TX,EMP-5039,Q3 2025 Annual,2025,2 - Partially Meets,2,3 - Meets Expectations,Declined,Growth Potential,Inconsistent Player,High,1.93,Ready 3-5 Years,Calibration Complete,3 - Meets Expectations,No,No Change,1.99,2.64,No,No,Adaptability,Mentoring,People Management,16.4,5.7,1.145,2023-04-02,Person with Disability,Within Range,PIP recommended post calibration.
CAL-7304,EMP-5304,Jennifer Martin,Sales,Manager,Sales,Chicago IL,EMP-5036,Q3 2025 Annual,2025,2 - Partially Meets,2,4 - Exceeds Expectations,Declined,High Potential,Balanced Contributor,Low,2.33,Ready 3-5 Years,Calibration Complete,3 - Meets Expectations,Yes,No Change,0.46,0.66,No,No,Customer Focus,Problem Solving,People Management,15.4,2.5,1.212,2021-12-12,URM,Below Range,Strong calibration supported by peers.
CAL-7305,EMP-5305,Joseph Smith,Data Science,Manager,Data Science,Atlanta GA,EMP-5029,Q3 2026 Annual,2026,3 - Meets Expectations,3,2 - Partially Meets,Improved,Watch List,Balanced Contributor,Low,9.11,Not Applicable,Calibration Complete,4 - Exceeds Expectations,No,No Change,2.79,4.87,No,No,Customer Focus,Data-Driven,Cross-Functional Collaboration,7.2,5.0,0.925,2024-05-16,Veteran,Below Range,High potential validated by skip-level.
CAL-7306,EMP-5306,Thomas Martinez,Engineering,SVP,Engineering,Austin TX,EMP-5015,Q3 2026 Annual,2026,3 - Meets Expectations,3,4 - Exceeds Expectations,Declined,Watch List,Balanced Contributor,High,3.46,Not Applicable,Finalized,2 - Partially Meets,No,Upward,2.12,4.2,No,No,Customer Focus,Project Delivery,Prioritization,15.7,7.7,1.275,2023-06-26,URM,Within Range,Consistent performer over 3 cycles.
CAL-7307,EMP-5307,Charles Miller,Customer Experience,Individual Contributor,Customer Experience,Denver CO,EMP-5031,Q1 2026 Mid-Year,2026,3 - Meets Expectations,3,4 - Exceeds Expectations,Declined,Solid Performer,Backbone,Low,6.41,Ready Now,Calibration Complete,3 - Meets Expectations,No,No Change,3.47,5.33,No,No,Strategic Thinking,Process Improvement,Executive Presence,3.0,6.0,0.925,2022-02-28,Veteran,Below Range,Consistent performer over 3 cycles.
CAL-7308,EMP-5308,Sandra Taylor,Engineering,Individual Contributor,Engineering,San Francisco CA,EMP-5046,Q1 2025 Mid-Year,2025,4 - Exceeds Expectations,4,4 - Exceeds Expectations,Stable,Growth Potential,Core Contributor,Medium,1.69,Ready Now,Calibration Complete,3 - Meets Expectations,No,No Change,4.32,7.23,No,No,Analytical Rigor,Problem Solving,Prioritization,12.5,8.1,1.149,2018-09-11,Veteran,Above Range,PIP recommended post calibration.
CAL-7309,EMP-5309,David Lopez,People & HR,Director,People & HR,Remote,EMP-5037,Q3 2026 Annual,2026,4 - Exceeds Expectations,4,3 - Meets Expectations,Improved,Solid Performer,Balanced Contributor,Low,1.62,Not Applicable,Finalized,2 - Partially Meets,Yes,Downward,4.72,6.22,No,No,Analytical Rigor,Process Improvement,Delegation,4.2,1.5,0.93,2023-12-07,Veteran,Within Range,Calibration adjusted after group review.
CAL-7310,EMP-5310,Sandra Martinez,Sales,Senior Manager,Sales,Remote,EMP-5002,Q1 2025 Mid-Year,2025,2 - Partially Meets,2,5 - Exceptional,Declined,Solid Performer,Balanced Contributor,Low,4.35,Ready Now,Pending Manager Review,4 - Exceeds Expectations,No,No Change,0.36,0.34,No,No,Execution,Project Delivery,Prioritization,16.6,9.9,0.76,2021-06-14,Gender Minority,Above Range,Consistent performer over 3 cycles.
CAL-7311,EMP-5311,Betty Taylor,People & HR,Individual Contributor,People & HR,Frisco TX,EMP-5013,Q1 2026 Mid-Year,2026,3 - Meets Expectations,3,4 - Exceeds Expectations,Declined,Growth Potential,Balanced Contributor,Low,5.75,Not Applicable,Pending Manager Review,3 - Meets Expectations,No,No Change,2.84,6.96,No,No,Leadership,Stakeholder Mgmt,People Management,18.7,4.2,1.261,2022-11-01,URM,Above Range,New to role - calibration advisory only.
CAL-7312,EMP-5312,Linda Taylor,Customer Experience,SVP,Customer Experience,Remote,EMP-5035,Q3 2025 Annual,2025,4 - Exceeds Expectations,4,3 - Meets Expectations,Improved,Needs Coaching,Balanced Contributor,Medium,9.17,Not Applicable,Finalized,4 - Exceeds Expectations,No,No Change,3.73,8.53,Yes,No,Customer Focus,Process Improvement,People Management,6.8,1.5,0.84,2019-12-22,No Flag,Above Range,Calibration adjusted after group review.
CAL-7313,EMP-5313,Ashley Smith,Engineering,Manager,Engineering,Boston MA,EMP-5028,Q1 2026 Mid-Year,2026,1 - Does Not Meet,1,2 - Partially Meets,Declined,High Potential,Balanced Contributor,High,5.21,Ready 1-2 Years,Finalized,2 - Partially Meets,No,No Change,0.0,0.0,No,Yes,Technical Excellence,Project Delivery,Communication Clarity,7.2,0.9,1.115,2020-04-15,URM,Above Range,
CAL-7314,EMP-5314,Sarah Johnson,Engineering,Individual Contributor,Engineering,Chicago IL,EMP-5023,Q3 2025 Annual,2025,3 - Meets Expectations,3,3 - Meets Expectations,Stable,High Potential,Emerging Talent,Low,4.86,Not Applicable,Finalized,2 - Partially Meets,No,Upward,2.17,5.01,No,No,Innovation,Project Delivery,Delegation,6.8,8.3,1.017,2021-11-02,Gender Minority,Within Range,High potential validated by skip-level.
CAL-7315,EMP-5315,Patricia Miller,Legal & Compliance,Manager,Legal & Compliance,San Francisco CA,EMP-5024,Q1 2025 Mid-Year,2025,2 - Partially Meets,2,4 - Exceeds Expectations,Declined,Solid Performer,Balanced Contributor,Low,8.49,Ready 3-5 Years,Calibration Complete,3 - Meets Expectations,Yes,No Change,0.35,0.38,No,No,Adaptability,Mentoring,Prioritization,4.3,5.3,0.997,2025-10-02,Veteran,Below Range,Calibration adjusted after group review.
CAL-7316,EMP-5316,Linda Moore,Finance,Director,Finance,New York NY,EMP-5042,Q3 2026 Annual,2026,3 - Meets Expectations,3,3 - Meets Expectations,Stable,Solid Performer,Backbone,Low,1.82,Ready 1-2 Years,Calibration Complete,5 - Exceptional,No,Upward,3.36,4.69,No,No,Execution,Process Improvement,Communication Clarity,0.9,1.9,1.105,2020-12-01,Veteran,Below Range,High potential validated by skip-level.
CAL-7317,EMP-5317,Karen Moore,Finance,Director,Finance,Atlanta GA,EMP-5045,Q1 2026 Mid-Year,2026,3 - Meets Expectations,3,4 - Exceeds Expectations,Declined,Solid Performer,Backbone,Medium,1.42,Ready 3-5 Years,Finalized,4 - Exceeds Expectations,No,Upward,3.15,7.75,No,No,Customer Focus,Stakeholder Mgmt,People Management,9.2,3.9,1.261,2018-09-16,No Flag,Below Range,Strong calibration supported by peers.
CAL-7318,EMP-5318,Margaret Williams,Product,Senior Manager,Product,Chicago IL,EMP-5030,Q3 2026 Annual,2026,5 - Exceptional,5,4 - Exceeds Expectations,Improved,Needs Coaching,Balanced Contributor,Low,4.4,Ready 1-2 Years,Finalized,3 - Meets Expectations,Yes,No Change,7.96,14.37,No,No,Technical Excellence,Stakeholder Mgmt,Communication Clarity,18.3,8.8,0.973,2018-05-19,Person with Disability,Above Range,High potential validated by skip-level.
CAL-7319,EMP-5319,Ashley Taylor,Customer Experience,Team Lead,Customer Experience,San Francisco CA,EMP-5011,Q3 2026 Annual,2026,4 - Exceeds Expectations,4,2 - Partially Meets,Improved,Solid Performer,Balanced Contributor,Low,8.92,Ready 3-5 Years,Finalized,4 - Exceeds Expectations,No,Downward,3.78,6.32,No,No,Adaptability,Data-Driven,Technical Depth,19.6,8.8,0.921,2023-05-15,Veteran,Above Range,PIP recommended post calibration.
CAL-7320,EMP-5320,Susan Jackson,Customer Experience,Individual Contributor,Customer Experience,San Francisco CA,EMP-5025,Q3 2025 Annual,2025,2 - Partially Meets,2,5 - Exceptional,Declined,Solid Performer,Balanced Contributor,Low,5.18,Ready 1-2 Years,Finalized,3 - Meets Expectations,No,No Change,0.14,0.3,No,No,Execution,Mentoring,Cross-Functional Collaboration,7.2,2.1,0.752,2022-10-06,No Flag,Within Range,Strong calibration supported by peers.
CAL-7321,EMP-5321,Anthony Martinez,People & HR,Individual Contributor,People & HR,San Francisco CA,EMP-5020,Q3 2025 Annual,2025,2 - Partially Meets,2,3 - Meets Expectations,Declined,Growth Potential,Inconsistent Player,Low,3.01,Ready Now,Calibration Complete,3 - Meets Expectations,No,No Change,1.05,2.04,No,No,Leadership,Data-Driven,People Management,3.9,3.6,0.803,2020-07-21,Gender Minority,Below Range,High potential validated by skip-level.
CAL-7322,EMP-5322,Mark Johnson,Marketing,Individual Contributor,Marketing,San Francisco CA,EMP-5022,Q3 2025 Annual,2025,4 - Exceeds Expectations,4,2 - Partially Meets,Improved,Needs Coaching,Balanced Contributor,High,8.78,Ready 1-2 Years,Calibration Complete,3 - Meets Expectations,No,No Change,3.53,5.94,No,No,Customer Focus,Problem Solving,Executive Presence,2.5,5.4,0.89,2020-02-27,No Flag,Within Range,
CAL-7323,EMP-5323,Susan Thomas,Finance,Individual Contributor,Finance,Seattle WA,EMP-5048,Q1 2025 Mid-Year,2025,4 - Exceeds Expectations,4,2 - Partially Meets,Improved,Growth Potential,Core Contributor,Low,9.46,Not Applicable,Finalized,4 - Exceeds Expectations,No,Upward,4.72,7.72,No,No,Leadership,Stakeholder Mgmt,People Management,20.0,2.0,1.276,2021-10-13,Gender Minority,Above Range,
CAL-7324,EMP-5324,Daniel Jackson,Finance,Director,Finance,Chicago IL,EMP-5000,Q1 2026 Mid-Year,2026,3 - Meets Expectations,3,3 - Meets Expectations,Stable,Growth Potential,Balanced Contributor,Low,9.07,Not Applicable,Finalized,4 - Exceeds Expectations,Yes,No Change,2.48,3.16,No,No,Analytical Rigor,Problem Solving,Communication Clarity,19.0,2.0,1.256,2023-05-05,No Flag,Above Range,Consistent performer over 3 cycles.
CAL-7325,EMP-5325,Sarah Martinez,Sales,SVP,Sales,Denver CO,EMP-5008,Q1 2026 Mid-Year,2026,3 - Meets Expectations,3,3 - Meets Expectations,Stable,Solid Performer,Backbone,High,9.09,Ready Now,Finalized,2 - Partially Meets,No,No Change,2.49,4.05,No,No,Communication,Problem Solving,Strategic Vision,9.6,2.1,1.086,2019-05-24,No Flag,Within Range,
CAL-7326,EMP-5326,Robert Miller,Data Science,Team Lead,Data Science,Denver CO,EMP-5042,Q3 2026 Annual,2026,1 - Does Not Meet,1,3 - Meets Expectations,Declined,Solid Performer,Balanced Contributor,Low,6.63,Ready 3-5 Years,Pending Manager Review,3 - Meets Expectations,No,No Change,0.0,0.0,No,Yes,Communication,Problem Solving,Executive Presence,12.2,5.0,0.766,2022-02-18,No Flag,Within Range,Strong calibration supported by peers.
CAL-7327,EMP-5327,Anthony Taylor,Data Science,Individual Contributor,Data Science,Denver CO,EMP-5041,Q1 2025 Mid-Year,2025,2 - Partially Meets,2,3 - Meets Expectations,Declined,Growth Potential,Inconsistent Player,High,6.29,Not Applicable,Calibration Complete,2 - Partially Meets,No,Downward,0.44,0.74,No,No,Communication,Process Improvement,Prioritization,14.5,6.3,1.067,2024-08-22,URM,Above Range,PIP recommended post calibration.
CAL-7328,EMP-5328,Barbara Garcia,Finance,Individual Contributor,Finance,New York NY,EMP-5030,Q3 2025 Annual,2025,4 - Exceeds Expectations,4,4 - Exceeds Expectations,Stable,Needs Coaching,Balanced Contributor,Medium,7.23,Not Applicable,Finalized,3 - Meets Expectations,No,No Change,4.06,5.19,No,No,Leadership,Project Delivery,Executive Presence,12.9,2.4,1.203,2025-05-16,Veteran,Below Range,PIP recommended post calibration.
CAL-7329,EMP-5329,Sarah Johnson,People & HR,Manager,People & HR,San Francisco CA,EMP-5033,Q1 2025 Mid-Year,2025,4 - Exceeds Expectations,4,5 - Exceptional,Declined,Solid Performer,Balanced Contributor,High,9.3,Ready 1-2 Years,Pending Manager Review,3 - Meets Expectations,Yes,No Change,3.97,4.81,No,No,Strategic Thinking,Problem Solving,Cross-Functional Collaboration,13.2,5.4,0.888,2019-03-27,Person with Disability,Above Range,New to role - calibration advisory only.
CAL-7330,EMP-5330,Sarah Williams,Product,Individual Contributor,Product,Atlanta GA,EMP-5032,Q3 2026 Annual,2026,3 - Meets Expectations,3,4 - Exceeds Expectations,Declined,Needs Coaching,Balanced Contributor,Low,3.96,Not Applicable,Finalized,3 - Meets Expectations,No,No Change,3.07,4.78,No,No,Communication,Stakeholder Mgmt,Cross-Functional Collaboration,13.3,5.7,1.232,2019-06-06,URM,Below Range,Consistent performer over 3 cycles.
CAL-7331,EMP-5331,William Johnson,Customer Experience,Individual Contributor,Customer Experience,Seattle WA,EMP-5012,Q3 2025 Annual,2025,3 - Meets Expectations,3,3 - Meets Expectations,Stable,High Potential,Emerging Talent,Low,5.35,Not Applicable,Pending Manager Review,3 - Meets Expectations,No,Upward,2.31,4.26,No,No,Communication,Project Delivery,Technical Depth,17.0,5.5,0.987,2021-04-18,No Flag,Above Range,High potential validated by skip-level.
CAL-7332,EMP-5332,Mark Taylor,Product,Manager,Product,Austin TX,EMP-5034,Q1 2025 Mid-Year,2025,3 - Meets Expectations,3,4 - Exceeds Expectations,Declined,Growth Potential,Balanced Contributor,Low,3.78,Ready 3-5 Years,Finalized,4 - Exceeds Expectations,No,No Change,2.31,4.59,No,No,Execution,Mentoring,Prioritization,15.3,1.9,0.939,2020-08-06,Person with Disability,Above Range,Flagged for retention risk.
CAL-7333,EMP-5333,Maria Moore,People & HR,Director,People & HR,Remote,EMP-5008,Q3 2025 Annual,2025,1 - Does Not Meet,1,3 - Meets Expectations,Declined,Watch List,Risk,High,9.13,Ready 1-2 Years,Pending Manager Review,3 - Meets Expectations,Yes,No Change,0.0,0.0,No,Yes,Analytical Rigor,Problem Solving,Delegation,19.7,6.7,1.342,2023-08-28,Gender Minority,Above Range,New to role - calibration advisory only.
CAL-7334,EMP-5334,William Williams,Legal & Compliance,Individual Contributor,Legal & Compliance,Denver CO,EMP-5028,Q1 2025 Mid-Year,2025,3 - Meets Expectations,3,3 - Meets Expectations,Stable,Growth Potential,Balanced Contributor,Low,4.82,Not Applicable,Finalized,3 - Meets Expectations,No,Downward,2.21,3.43,No,No,Adaptability,Project Delivery,Prioritization,3.0,3.3,0.97,2022-09-21,Person with Disability,Within Range,Calibration adjusted after group review.
CAL-7335,EMP-5335,Anthony Smith,Marketing,Director,Marketing,Seattle WA,EMP-5025,Q1 2025 Mid-Year,2025,5 - Exceptional,5,2 - Partially Meets,Improved,Growth Potential,High Performer,High,4.43,Ready 3-5 Years,Pending Manager Review,3 - Meets Expectations,No,No Change,7.57,14.37,No,No,Strategic Thinking,Results Orientation,Executive Presence,1.1,2.9,0.928,2025-10-02,No Flag,Below Range,Flagged for retention risk.
CAL-7336,EMP-5336,Patricia Martinez,Finance,Team Lead,Finance,San Francisco CA,EMP-5034,Q3 2026 Annual,2026,3 - Meets Expectations,3,1 - Does Not Meet,Improved,Watch List,Balanced Contributor,Low,6.29,Ready 1-2 Years,Calibration Complete,3 - Meets Expectations,No,No Change,2.65,5.5,No,No,Innovation,Problem Solving,Technical Depth,18.0,8.0,0.807,2021-05-08,No Flag,Within Range,Consistent performer over 3 cycles.
CAL-7337,EMP-5337,James Miller,Data Science,VP,Data Science,Atlanta GA,EMP-5002,Q3 2026 Annual,2026,5 - Exceptional,5,4 - Exceeds Expectations,Improved,Solid Performer,Balanced Contributor,Low,5.0,Not Applicable,Finalized,4 - Exceeds Expectations,Yes,No Change,7.39,10.41,Yes,No,Strategic Thinking,Project Delivery,Prioritization,14.3,9.8,1.204,2018-03-08,Veteran,Within Range,Calibration adjusted after group review.
CAL-7338,EMP-5338,Linda Brown,Finance,Manager,Finance,San Francisco CA,EMP-5028,Q3 2025 Annual,2025,2 - Partially Meets,2,1 - Does Not Meet,Improved,High Potential,Balanced Contributor,Low,9.47,Not Applicable,Calibration Complete,3 - Meets Expectations,No,Upward,0.74,0.79,No,No,Communication,Stakeholder Mgmt,Strategic Vision,8.9,8.0,0.931,2018-04-29,URM,Above Range,Strong calibration supported by peers.
CAL-7339,EMP-5339,Ashley Jackson,Operations,Senior Manager,Operations,Frisco TX,EMP-5032,Q3 2026 Annual,2026,3 - Meets Expectations,3,3 - Meets Expectations,Stable,Solid Performer,Backbone,Medium,7.26,Ready 1-2 Years,Calibration Complete,3 - Meets Expectations,No,No Change,2.7,4.49,No,No,Analytical Rigor,Process Improvement,Cross-Functional Collaboration,4.1,3.9,0.984,2018-05-20,Person with Disability,Within Range,Calibration adjusted after group review.
CAL-7340,EMP-5340,Thomas Smith,Legal & Compliance,Team Lead,Legal & Compliance,Atlanta GA,EMP-5020,Q1 2025 Mid-Year,2025,5 - Exceptional,5,4 - Exceeds Expectations,Improved,High Potential,Star,Low,7.41,Ready Now,Finalized,3 - Meets Expectations,No,No Change,5.65,4.67,No,No,Communication,Data-Driven,Prioritization,16.9,4.5,0.843,2020-06-02,Person with Disability,Within Range,
CAL-7341,EMP-5341,Matthew Anderson,Legal & Compliance,Individual Contributor,Legal & Compliance,Austin TX,EMP-5021,Q1 2025 Mid-Year,2025,3 - Meets Expectations,3,5 - Exceptional,Declined,Growth Potential,Balanced Contributor,High,3.3,Ready 3-5 Years,Calibration Complete,3 - Meets Expectations,No,Upward,2.13,3.45,No,No,Technical Excellence,Problem Solving,Technical Depth,16.4,9.8,1.135,2020-09-14,Person with Disability,Within Range,Strong calibration supported by peers.
CAL-7342,EMP-5342,Patricia Smith,Data Science,Individual Contributor,Data Science,Austin TX,EMP-5044,Q3 2026 Annual,2026,5 - Exceptional,5,4 - Exceeds Expectations,Improved,Growth Potential,High Performer,Low,8.74,Ready 1-2 Years,Calibration Complete,3 - Meets Expectations,No,No Change,7.16,9.95,No,No,Innovation,Results Orientation,Cross-Functional Collaboration,17.9,8.0,1.337,2025-05-27,Gender Minority,Below Range,
CAL-7343,EMP-5343,Daniel Garcia,Customer Experience,Individual Contributor,Customer Experience,Austin TX,EMP-5037,Q1 2025 Mid-Year,2025,2 - Partially Meets,2,3 - Meets Expectations,Declined,Needs Coaching,Needs Development,Medium,8.06,Not Applicable,Finalized,4 - Exceeds Expectations,No,No Change,0.1,0.11,No,No,Collaboration,Results Orientation,Communication Clarity,18.3,1.4,1.216,2022-02-07,URM,Above Range,
CAL-7344,EMP-5344,Joseph Martin,Customer Experience,Team Lead,Customer Experience,Boston MA,EMP-5027,Q1 2026 Mid-Year,2026,3 - Meets Expectations,3,3 - Meets Expectations,Stable,Needs Coaching,Balanced Contributor,High,4.0,Not Applicable,Calibration Complete,2 - Partially Meets,No,No Change,2.89,4.82,No,No,Innovation,Data-Driven,Prioritization,10.4,4.2,0.851,2024-08-05,Person with Disability,Below Range,Calibration adjusted after group review.
CAL-7345,EMP-5345,Anthony Davis,Operations,Director,Operations,Remote,EMP-5030,Q3 2026 Annual,2026,3 - Meets Expectations,3,3 - Meets Expectations,Stable,Needs Coaching,Balanced Contributor,Low,1.71,Ready 1-2 Years,Calibration Complete,2 - Partially Meets,No,Downward,2.09,2.6,No,No,Innovation,Process Improvement,Communication Clarity,0.6,4.2,0.777,2019-10-11,Gender Minority,Above Range,PIP recommended post calibration.
CAL-7346,EMP-5346,Susan Jackson,Sales,Team Lead,Sales,Austin TX,EMP-5009,Q1 2025 Mid-Year,2025,2 - Partially Meets,2,4 - Exceeds Expectations,Declined,Solid Performer,Balanced Contributor,High,7.14,Not Applicable,Finalized,4 - Exceeds Expectations,No,No Change,0.39,0.92,No,No,Technical Excellence,Stakeholder Mgmt,Cross-Functional Collaboration,17.5,6.5,1.065,2024-12-22,No Flag,Within Range,Calibration adjusted after group review.
CAL-7347,EMP-5347,Mark Williams,Finance,Individual Contributor,Finance,Boston MA,EMP-5049,Q3 2025 Annual,2025,3 - Meets Expectations,3,3 - Meets Expectations,Stable,Needs Coaching,Balanced Contributor,High,2.57,Ready 3-5 Years,Calibration Complete,4 - Exceeds Expectations,No,No Change,3.29,3.71,No,No,Strategic Thinking,Project Delivery,Communication Clarity,8.8,1.4,1.038,2024-02-03,Gender Minority,Below Range,Strong calibration supported by peers.
CAL-7348,EMP-5348,Joseph Smith,Data Science,Senior Manager,Data Science,Denver CO,EMP-5003,Q1 2026 Mid-Year,2026,3 - Meets Expectations,3,2 - Partially Meets,Improved,High Potential,Emerging Talent,Low,2.53,Not Applicable,Calibration Complete,3 - Meets Expectations,No,No Change,3.29,4.68,No,No,Strategic Thinking,Process Improvement,People Management,3.2,8.8,0.971,2019-11-15,Person with Disability,Within Range,New to role - calibration advisory only.
CAL-7349,EMP-5349,Thomas Hernandez,Engineering,Manager,Engineering,San Francisco CA,EMP-5028,Q1 2026 Mid-Year,2026,4 - Exceeds Expectations,4,2 - Partially Meets,Improved,Growth Potential,Core Contributor,Low,1.3,Ready 3-5 Years,Calibration Complete,3 - Meets Expectations,Yes,No Change,5.22,5.09,No,No,Adaptability,Mentoring,Communication Clarity,6.2,5.4,1.319,2023-04-23,Veteran,Within Range,Strong calibration supported by peers.
CAL-7350,EMP-5350,Robert Martinez,Data Science,Senior Manager,Data Science,Denver CO,EMP-5005,Q3 2025 Annual,2025,5 - Exceptional,5,2 - Partially Meets,Improved,Solid Performer,Balanced Contributor,Low,4.27,Ready Now,Pending Manager Review,3 - Meets Expectations,No,No Change,7.95,9.08,Yes,No,Analytical Rigor,Results Orientation,Technical Depth,9.5,4.8,1.167,2023-11-12,Gender Minority,Below Range,New to role - calibration advisory only.
CAL-7351,EMP-5351,Jessica Jones,Data Science,Manager,Data Science,Chicago IL,EMP-5045,Q1 2025 Mid-Year,2025,5 - Exceptional,5,3 - Meets Expectations,Improved,Solid Performer,Balanced Contributor,Low,1.41,Not Applicable,Finalized,4 - Exceeds Expectations,Yes,Upward,5.49,10.24,No,No,Adaptability,Data-Driven,Cross-Functional Collaboration,1.1,9.7,1.262,2021-11-26,No Flag,Above Range,PIP recommended post calibration.
CAL-7352,EMP-5352,Michael Johnson,Engineering,Manager,Engineering,Seattle WA,EMP-5040,Q3 2026 Annual,2026,3 - Meets Expectations,3,3 - Meets Expectations,Stable,Solid Performer,Backbone,Low,4.94,Not Applicable,Calibration Complete,3 - Meets Expectations,No,No Change,2.76,6.55,No,No,Collaboration,Team Building,Delegation,0.5,8.7,1.032,2024-03-10,Gender Minority,Below Range,New to role - calibration advisory only.
CAL-7353,EMP-5353,Richard Jones,Data Science,Director,Data Science,San Francisco CA,EMP-5036,Q1 2026 Mid-Year,2026,3 - Meets Expectations,3,3 - Meets Expectations,Stable,Solid Performer,Backbone,High,1.23,Not Applicable,Finalized,1 - Does Not Meet,No,Downward,2.97,4.22,No,No,Adaptability,Process Improvement,Strategic Vision,8.3,3.8,0.792,2020-10-17,URM,Within Range,PIP recommended post calibration.
CAL-7354,EMP-5354,Maria Anderson,Data Science,Manager,Data Science,Boston MA,EMP-5018,Q3 2026 Annual,2026,3 - Meets Expectations,3,3 - Meets Expectations,Stable,Solid Performer,Backbone,High,3.71,Ready Now,Calibration Complete,4 - Exceeds Expectations,No,No Change,2.39,2.25,No,No,Adaptability,Results Orientation,Executive Presence,8.3,2.0,1.083,2021-09-12,URM,Above Range,PIP recommended post calibration.
CAL-7355,EMP-5355,Elizabeth Smith,Operations,Team Lead,Operations,Remote,EMP-5050,Q1 2026 Mid-Year,2026,4 - Exceeds Expectations,4,4 - Exceeds Expectations,Stable,High Potential,Future Leader,Low,3.08,Ready 1-2 Years,Calibration Complete,3 - Meets Expectations,No,No Change,4.61,9.47,Yes,No,Leadership,Results Orientation,Delegation,11.1,5.0,0.805,2021-05-24,Gender Minority,Within Range,Consistent performer over 3 cycles.
CAL-7356,EMP-5356,Karen Lopez,Product,Manager,Product,Boston MA,EMP-5049,Q3 2025 Annual,2025,5 - Exceptional,5,3 - Meets Expectations,Improved,Growth Potential,High Performer,Medium,1.24,Ready Now,Pending Manager Review,3 - Meets Expectations,No,No Change,7.08,7.47,No,No,Communication,Results Orientation,Delegation,1.0,8.7,1.101,2020-09-23,URM,Within Range,PIP recommended post calibration.
CAL-7357,EMP-5357,Joseph Johnson,Legal & Compliance,Individual Contributor,Legal & Compliance,Denver CO,EMP-5030,Q1 2025 Mid-Year,2025,4 - Exceeds Expectations,4,4 - Exceeds Expectations,Stable,Growth Potential,Core Contributor,Low,9.87,Ready 1-2 Years,Finalized,5 - Exceptional,Yes,No Change,3.53,5.59,No,No,Technical Excellence,Team Building,Technical Depth,10.9,1.1,1.288,2019-01-24,Veteran,Below Range,High potential validated by skip-level.
CAL-7358,EMP-5358,Elizabeth Thomas,Marketing,Manager,Marketing,San Francisco CA,EMP-5016,Q1 2026 Mid-Year,2026,2 - Partially Meets,2,2 - Partially Meets,Stable,Growth Potential,Inconsistent Player,Low,1.88,Not Applicable,Finalized,3 - Meets Expectations,Yes,Downward,1.24,1.89,No,No,Execution,Data-Driven,Strategic Vision,15.5,8.9,0.791,2020-01-18,Veteran,Below Range,High potential validated by skip-level.
CAL-7359,EMP-5359,Anthony Jackson,Product,Team Lead,Product,Denver CO,EMP-5008,Q1 2026 Mid-Year,2026,5 - Exceptional,5,3 - Meets Expectations,Improved,Growth Potential,High Performer,Low,7.63,Ready Now,Calibration Complete,3 - Meets Expectations,Yes,Downward,7.51,14.65,Yes,No,Innovation,Problem Solving,Cross-Functional Collaboration,19.8,1.1,0.859,2023-10-14,URM,Above Range,Flagged for retention risk.
CAL-7360,EMP-5360,Betty Brown,Finance,Manager,Finance,Remote,EMP-5021,Q3 2026 Annual,2026,3 - Meets Expectations,3,3 - Meets Expectations,Stable,Solid Performer,Backbone,High,7.95,Ready Now,Finalized,3 - Meets Expectations,No,No Change,2.1,3.25,No,No,Analytical Rigor,Team Building,Executive Presence,10.8,8.2,0.987,2023-01-16,Veteran,Below Range,PIP recommended post calibration.
CAL-7361,EMP-5361,Patricia Garcia,Engineering,Individual Contributor,Engineering,Chicago IL,EMP-5006,Q1 2026 Mid-Year,2026,3 - Meets Expectations,3,3 - Meets Expectations,Stable,Solid Performer,Backbone,High,3.88,Ready 1-2 Years,Finalized,4 - Exceeds Expectations,No,Upward,2.47,6.04,No,No,Analytical Rigor,Results Orientation,Communication Clarity,14.8,0.6,1.059,2019-03-24,Gender Minority,Within Range,Flagged for retention risk.
CAL-7362,EMP-5362,Joseph Lopez,Product,Individual Contributor,Product,Chicago IL,EMP-5024,Q1 2025 Mid-Year,2025,3 - Meets Expectations,3,5 - Exceptional,Declined,Watch List,Balanced Contributor,Low,8.01,Ready Now,Finalized,3 - Meets Expectations,No,No Change,3.19,5.45,No,No,Leadership,Data-Driven,Communication Clarity,15.1,1.0,1.35,2024-09-26,No Flag,Within Range,PIP recommended post calibration.
CAL-7363,EMP-5363,Christopher Smith,Data Science,Individual Contributor,Data Science,New York NY,EMP-5050,Q3 2025 Annual,2025,1 - Does Not Meet,1,2 - Partially Meets,Declined,Solid Performer,Balanced Contributor,Low,1.51,Ready Now,Finalized,3 - Meets Expectations,No,No Change,0.0,0.0,No,No,Analytical Rigor,Results Orientation,Technical Depth,2.7,1.7,1.194,2022-12-16,Gender Minority,Above Range,Calibration adjusted after group review.
CAL-7364,EMP-5364,Anthony Thomas,Marketing,Individual Contributor,Marketing,San Francisco CA,EMP-5007,Q1 2025 Mid-Year,2025,2 - Partially Meets,2,3 - Meets Expectations,Declined,Growth Potential,Inconsistent Player,Low,8.54,Ready 1-2 Years,Finalized,3 - Meets Expectations,No,No Change,1.09,1.64,No,No,Leadership,Mentoring,Executive Presence,9.2,4.3,1.326,2021-10-20,No Flag,Above Range,Consistent performer over 3 cycles.
CAL-7365,EMP-5365,David Moore,Customer Experience,Individual Contributor,Customer Experience,Remote,EMP-5021,Q3 2026 Annual,2026,4 - Exceeds Expectations,4,3 - Meets Expectations,Improved,Solid Performer,Balanced Contributor,Medium,1.65,Ready 3-5 Years,Pending Manager Review,2 - Partially Meets,No,No Change,3.78,4.73,No,No,Customer Focus,Project Delivery,Delegation,1.8,4.5,0.863,2024-09-02,Gender Minority,Above Range,Flagged for retention risk.
CAL-7366,EMP-5366,Joseph Garcia,Product,Individual Contributor,Product,Seattle WA,EMP-5005,Q1 2025 Mid-Year,2025,4 - Exceeds Expectations,4,3 - Meets Expectations,Improved,Solid Performer,Balanced Contributor,Low,7.17,Not Applicable,Finalized,3 - Meets Expectations,No,No Change,5.3,5.15,No,No,Collaboration,Project Delivery,People Management,11.5,2.1,0.942,2023-06-14,URM,Within Range,High potential validated by skip-level.
CAL-7367,EMP-5367,Barbara Williams,Finance,Director,Finance,Denver CO,EMP-5004,Q3 2026 Annual,2026,3 - Meets Expectations,3,3 - Meets Expectations,Stable,Solid Performer,Backbone,High,4.58,Not Applicable,Finalized,3 - Meets Expectations,No,No Change,2.34,1.92,No,No,Technical Excellence,Results Orientation,Cross-Functional Collaboration,10.2,3.6,1.285,2022-07-20,Veteran,Within Range,PIP recommended post calibration.
CAL-7368,EMP-5368,Robert Brown,Marketing,Individual Contributor,Marketing,Remote,EMP-5008,Q3 2026 Annual,2026,4 - Exceeds Expectations,4,4 - Exceeds Expectations,Stable,Solid Performer,Balanced Contributor,Medium,2.56,Not Applicable,Finalized,3 - Meets Expectations,No,No Change,5.44,7.85,Yes,No,Technical Excellence,Results Orientation,Executive Presence,19.2,4.6,1.112,2019-09-07,No Flag,Within Range,PIP recommended post calibration.
CAL-7369,EMP-5369,David Williams,Data Science,Manager,Data Science,Seattle WA,EMP-5019,Q1 2025 Mid-Year,2025,3 - Meets Expectations,3,4 - Exceeds Expectations,Declined,Growth Potential,Balanced Contributor,Low,6.28,Ready Now,Finalized,3 - Meets Expectations,No,No Change,2.31,5.43,No,No,Analytical Rigor,Team Building,Strategic Vision,7.9,5.9,1.078,2019-07-11,Veteran,Below Range,New to role - calibration advisory only.
CAL-7370,EMP-5370,Margaret Gonzalez,Product,Individual Contributor,Product,Seattle WA,EMP-5005,Q3 2026 Annual,2026,5 - Exceptional,5,3 - Meets Expectations,Improved,High Potential,Star,Medium,3.19,Ready 3-5 Years,Finalized,3 - Meets Expectations,No,No Change,5.82,5.89,No,No,Execution,Problem Solving,Communication Clarity,7.1,2.0,1.231,2018-05-02,Veteran,Within Range,Calibration adjusted after group review.
CAL-7371,EMP-5371,Matthew Anderson,Product,Team Lead,Product,New York NY,EMP-5037,Q1 2025 Mid-Year,2025,2 - Partially Meets,2,4 - Exceeds Expectations,Declined,Growth Potential,Inconsistent Player,Low,8.38,Ready Now,Calibration Complete,4 - Exceeds Expectations,Yes,Upward,1.5,3.5,No,No,Collaboration,Team Building,Executive Presence,10.8,8.0,0.751,2021-06-24,URM,Below Range,Consistent performer over 3 cycles.
CAL-7372,EMP-5372,Daniel Lopez,Legal & Compliance,SVP,Legal & Compliance,Frisco TX,EMP-5045,Q1 2026 Mid-Year,2026,3 - Meets Expectations,3,2 - Partially Meets,Improved,Growth Potential,Balanced Contributor,Low,6.34,Ready 3-5 Years,Calibration Complete,4 - Exceeds Expectations,No,No Change,2.4,5.75,No,No,Leadership,Stakeholder Mgmt,People Management,11.7,3.2,1.071,2019-07-28,Person with Disability,Below Range,Flagged for retention risk.
CAL-7373,EMP-5373,Elizabeth Davis,Operations,SVP,Operations,Boston MA,EMP-5003,Q1 2025 Mid-Year,2025,4 - Exceeds Expectations,4,2 - Partially Meets,Improved,Needs Coaching,Balanced Contributor,Low,2.17,Ready Now,Finalized,3 - Meets Expectations,No,Upward,3.74,3.5,No,No,Leadership,Project Delivery,Delegation,14.7,3.8,1.089,2020-11-28,Person with Disability,Within Range,PIP recommended post calibration.
CAL-7374,EMP-5374,James Brown,People & HR,Senior Manager,People & HR,Frisco TX,EMP-5041,Q1 2026 Mid-Year,2026,4 - Exceeds Expectations,4,1 - Does Not Meet,Improved,Growth Potential,Core Contributor,Low,2.62,Ready 1-2 Years,Finalized,4 - Exceeds Expectations,Yes,No Change,3.53,6.38,No,No,Innovation,Mentoring,Cross-Functional Collaboration,13.9,3.8,1.045,2022-10-05,No Flag,Above Range,Calibration adjusted after group review.
CAL-7375,EMP-5375,Mark Jackson,People & HR,Individual Contributor,People & HR,San Francisco CA,EMP-5001,Q1 2025 Mid-Year,2025,4 - Exceeds Expectations,4,4 - Exceeds Expectations,Stable,Growth Potential,Core Contributor,Medium,4.55,Ready 1-2 Years,Finalized,3 - Meets Expectations,Yes,No Change,4.64,7.96,No,No,Communication,Stakeholder Mgmt,People Management,17.1,2.3,1.109,2021-07-04,URM,Below Range,Flagged for retention risk.
CAL-7376,EMP-5376,Jessica Miller,Engineering,Manager,Engineering,Austin TX,EMP-5035,Q3 2025 Annual,2025,5 - Exceptional,5,1 - Does Not Meet,Improved,Watch List,Balanced Contributor,Low,6.74,Not Applicable,Pending Manager Review,3 - Meets Expectations,No,No Change,7.74,7.2,No,No,Innovation,Mentoring,People Management,17.4,2.0,0.761,2018-08-19,Person with Disability,Within Range,Strong calibration supported by peers.
CAL-7377,EMP-5377,Robert Anderson,Data Science,Senior Manager,Data Science,Denver CO,EMP-5032,Q1 2026 Mid-Year,2026,3 - Meets Expectations,3,3 - Meets Expectations,Stable,High Potential,Emerging Talent,Low,2.5,Not Applicable,Finalized,3 - Meets Expectations,Yes,No Change,2.93,6.9,No,No,Communication,Project Delivery,People Management,5.4,9.5,1.012,2021-01-23,No Flag,Within Range,High potential validated by skip-level.
CAL-7378,EMP-5378,Sarah Taylor,Finance,Senior Manager,Finance,Remote,EMP-5046,Q3 2026 Annual,2026,2 - Partially Meets,2,3 - Meets Expectations,Declined,High Potential,Balanced Contributor,High,2.54,Ready 3-5 Years,Pending Manager Review,2 - Partially Meets,Yes,No Change,1.82,2.63,No,No,Execution,Team Building,Technical Depth,15.0,9.8,1.314,2025-03-29,No Flag,Within Range,Consistent performer over 3 cycles.
CAL-7379,EMP-5379,Patricia Thomas,Data Science,SVP,Data Science,Frisco TX,EMP-5040,Q1 2026 Mid-Year,2026,5 - Exceptional,5,1 - Does Not Meet,Improved,Needs Coaching,Balanced Contributor,Low,5.72,Ready Now,Pending Manager Review,1 - Does Not Meet,Yes,No Change,6.93,10.38,Yes,No,Collaboration,Project Delivery,People Management,9.7,1.5,1.268,2020-09-10,URM,Above Range,Strong calibration supported by peers.
CAL-7380,EMP-5380,Anthony Anderson,Sales,Senior Manager,Sales,Austin TX,EMP-5018,Q3 2026 Annual,2026,3 - Meets Expectations,3,1 - Does Not Meet,Improved,High Potential,Emerging Talent,High,6.69,Ready 1-2 Years,Finalized,3 - Meets Expectations,No,No Change,2.52,6.19,No,No,Communication,Stakeholder Mgmt,Communication Clarity,5.6,4.8,1.122,2024-12-04,URM,Within Range,Flagged for retention risk.
CAL-7381,EMP-5381,Margaret Lopez,Legal & Compliance,Director,Legal & Compliance,Chicago IL,EMP-5040,Q3 2025 Annual,2025,4 - Exceeds Expectations,4,3 - Meets Expectations,Improved,Solid Performer,Balanced Contributor,Medium,2.06,Ready 3-5 Years,Finalized,4 - Exceeds Expectations,No,No Change,5.15,10.24,No,No,Leadership,Team Building,Technical Depth,5.6,4.4,0.775,2022-07-05,No Flag,Within Range,Flagged for retention risk.
CAL-7382,EMP-5382,Sandra Lopez,Engineering,Individual Contributor,Engineering,Denver CO,EMP-5012,Q1 2025 Mid-Year,2025,4 - Exceeds Expectations,4,4 - Exceeds Expectations,Stable,High Potential,Future Leader,Low,9.5,Not Applicable,Pending Manager Review,3 - Meets Expectations,Yes,No Change,3.68,4.25,No,No,Strategic Thinking,Results Orientation,Delegation,3.7,6.6,1.081,2018-01-19,No Flag,Below Range,PIP recommended post calibration.
CAL-7383,EMP-5383,Margaret Martin,Engineering,Individual Contributor,Engineering,New York NY,EMP-5050,Q1 2025 Mid-Year,2025,3 - Meets Expectations,3,3 - Meets Expectations,Stable,Growth Potential,Balanced Contributor,Medium,8.9,Ready Now,Calibration Complete,3 - Meets Expectations,No,No Change,3.47,3.12,No,No,Adaptability,Process Improvement,Prioritization,8.1,2.8,1.243,2022-06-21,Veteran,Below Range,Calibration adjusted after group review.
CAL-7384,EMP-5384,Daniel Lopez,People & HR,Individual Contributor,People & HR,Seattle WA,EMP-5015,Q1 2026 Mid-Year,2026,2 - Partially Meets,2,3 - Meets Expectations,Declined,Solid Performer,Balanced Contributor,Low,7.14,Ready 3-5 Years,Pending Manager Review,2 - Partially Meets,No,Downward,0.54,0.44,No,No,Communication,Process Improvement,Cross-Functional Collaboration,9.5,2.5,1.221,2023-06-08,Person with Disability,Within Range,Consistent performer over 3 cycles.
CAL-7385,EMP-5385,Michael Garcia,Customer Experience,Director,Customer Experience,San Francisco CA,EMP-5042,Q1 2025 Mid-Year,2025,1 - Does Not Meet,1,5 - Exceptional,Declined,Growth Potential,Balanced Contributor,High,1.87,Ready 1-2 Years,Finalized,2 - Partially Meets,No,No Change,0.0,0.0,No,Yes,Customer Focus,Team Building,Prioritization,18.9,9.2,1.02,2019-03-27,No Flag,Above Range,Calibration adjusted after group review.
CAL-7386,EMP-5386,Christopher Thomas,Finance,Team Lead,Finance,Denver CO,EMP-5003,Q1 2025 Mid-Year,2025,3 - Meets Expectations,3,2 - Partially Meets,Improved,Solid Performer,Backbone,Low,7.0,Not Applicable,Pending Manager Review,2 - Partially Meets,No,No Change,2.9,3.7,No,No,Execution,Stakeholder Mgmt,Technical Depth,16.3,8.4,0.756,2018-04-09,Gender Minority,Above Range,Consistent performer over 3 cycles.
CAL-7387,EMP-5387,David Wilson,Engineering,Manager,Engineering,Seattle WA,EMP-5050,Q1 2025 Mid-Year,2025,3 - Meets Expectations,3,2 - Partially Meets,Improved,Solid Performer,Backbone,Low,4.29,Ready 1-2 Years,Pending Manager Review,2 - Partially Meets,No,Downward,2.99,2.78,No,No,Execution,Project Delivery,Delegation,9.6,5.3,0.924,2024-06-25,URM,Within Range,New to role - calibration advisory only.
CAL-7388,EMP-5388,Jessica Johnson,Data Science,Individual Contributor,Data Science,Chicago IL,EMP-5003,Q1 2026 Mid-Year,2026,5 - Exceptional,5,3 - Meets Expectations,Improved,Watch List,Balanced Contributor,Low,9.44,Ready 1-2 Years,Pending Manager Review,3 - Meets Expectations,No,No Change,7.14,14.94,No,No,Communication,Team Building,Delegation,13.5,7.3,1.004,2018-10-21,Gender Minority,Above Range,PIP recommended post calibration.
CAL-7389,EMP-5389,Susan Williams,Operations,VP,Operations,Boston MA,EMP-5009,Q3 2026 Annual,2026,1 - Does Not Meet,1,3 - Meets Expectations,Declined,Solid Performer,Balanced Contributor,Low,3.15,Ready 1-2 Years,Pending Manager Review,4 - Exceeds Expectations,No,Downward,0.0,0.0,No,No,Adaptability,Project Delivery,Cross-Functional Collaboration,0.6,8.5,0.914,2024-05-13,Veteran,Within Range,Consistent performer over 3 cycles.
CAL-7390,EMP-5390,Barbara Jackson,Marketing,Manager,Marketing,Seattle WA,EMP-5030,Q1 2026 Mid-Year,2026,2 - Partially Meets,2,4 - Exceeds Expectations,Declined,Growth Potential,Inconsistent Player,Medium,6.48,Not Applicable,Calibration Complete,3 - Meets Expectations,No,No Change,0.01,0.02,No,No,Collaboration,Process Improvement,Prioritization,13.5,9.2,0.932,2020-10-15,No Flag,Above Range,
CAL-7391,EMP-5391,Jessica Lopez,Product,Individual Contributor,Product,Atlanta GA,EMP-5003,Q1 2025 Mid-Year,2025,3 - Meets Expectations,3,3 - Meets Expectations,Stable,Solid Performer,Backbone,Low,6.42,Ready 3-5 Years,Finalized,3 - Meets Expectations,No,Downward,2.74,6.61,No,No,Strategic Thinking,Process Improvement,Communication Clarity,0.8,7.5,0.768,2019-07-05,No Flag,Below Range,New to role - calibration advisory only.
CAL-7392,EMP-5392,Charles Rodriguez,Operations,Individual Contributor,Operations,Chicago IL,EMP-5041,Q1 2026 Mid-Year,2026,3 - Meets Expectations,3,3 - Meets Expectations,Stable,Solid Performer,Backbone,Medium,7.94,Ready 3-5 Years,Finalized,5 - Exceptional,No,Upward,2.26,4.42,No,No,Customer Focus,Problem Solving,Communication Clarity,13.4,9.3,1.328,2020-02-26,Veteran,Below Range,New to role - calibration advisory only.
CAL-7393,EMP-5393,James Moore,Marketing,Team Lead,Marketing,Remote,EMP-5029,Q3 2026 Annual,2026,3 - Meets Expectations,3,1 - Does Not Meet,Improved,Solid Performer,Backbone,Low,3.76,Ready 3-5 Years,Pending Manager Review,5 - Exceptional,No,No Change,2.23,5.5,No,No,Strategic Thinking,Process Improvement,People Management,2.0,9.7,0.9,2023-03-20,Veteran,Below Range,Consistent performer over 3 cycles.
CAL-7394,EMP-5394,Robert Miller,Operations,Individual Contributor,Operations,Atlanta GA,EMP-5027,Q1 2026 Mid-Year,2026,2 - Partially Meets,2,4 - Exceeds Expectations,Declined,Growth Potential,Inconsistent Player,Low,2.73,Ready Now,Finalized,2 - Partially Meets,No,Upward,0.47,0.74,No,No,Technical Excellence,Mentoring,Prioritization,19.0,2.0,1.017,2021-12-12,No Flag,Below Range,Flagged for retention risk.
CAL-7395,EMP-5395,William Thomas,Finance,Team Lead,Finance,Frisco TX,EMP-5024,Q3 2026 Annual,2026,1 - Does Not Meet,1,4 - Exceeds Expectations,Declined,Growth Potential,Balanced Contributor,Low,1.62,Ready 1-2 Years,Pending Manager Review,3 - Meets Expectations,No,No Change,0.0,0.0,No,Yes,Adaptability,Mentoring,Delegation,16.9,2.4,1.03,2023-10-03,Veteran,Within Range,Calibration adjusted after group review.
CAL-7396,EMP-5396,Charles Moore,Finance,Individual Contributor,Finance,Frisco TX,EMP-5002,Q3 2025 Annual,2025,2 - Partially Meets,2,3 - Meets Expectations,Declined,High Potential,Balanced Contributor,Medium,4.59,Ready 1-2 Years,Finalized,1 - Does Not Meet,No,No Change,1.91,2.38,No,No,Adaptability,Stakeholder Mgmt,Executive Presence,11.2,6.5,0.816,2024-06-13,URM,Below Range,High potential validated by skip-level.
CAL-7397,EMP-5397,Jessica Jones,Product,SVP,Product,San Francisco CA,EMP-5037,Q3 2025 Annual,2025,3 - Meets Expectations,3,3 - Meets Expectations,Stable,Growth Potential,Balanced Contributor,Low,8.19,Ready Now,Calibration Complete,1 - Does Not Meet,No,No Change,2.41,5.53,No,No,Communication,Data-Driven,Communication Clarity,12.9,6.5,0.757,2023-07-22,Veteran,Below Range,Calibration adjusted after group review.
CAL-7398,EMP-5398,Daniel Thomas,Product,Individual Contributor,Product,Austin TX,EMP-5047,Q1 2025 Mid-Year,2025,5 - Exceptional,5,3 - Meets Expectations,Improved,Solid Performer,Balanced Contributor,Low,3.75,Ready Now,Calibration Complete,3 - Meets Expectations,Yes,No Change,5.35,12.79,Yes,No,Innovation,Problem Solving,People Management,12.5,4.7,0.767,2018-03-04,No Flag,Within Range,Calibration adjusted after group review.
CAL-7399,EMP-5399,Margaret Smith,Sales,Individual Contributor,Sales,Atlanta GA,EMP-5043,Q3 2026 Annual,2026,3 - Meets Expectations,3,5 - Exceptional,Declined,Solid Performer,Backbone,Medium,8.23,Ready 3-5 Years,Pending Manager Review,3 - Meets Expectations,No,Upward,2.13,3.74,No,No,Communication,Team Building,Strategic Vision,6.5,2.2,0.81,2020-05-07,Gender Minority,Within Range,Strong calibration supported by peers.
CAL-7400,EMP-5400,Robert Davis,Product,Individual Contributor,Product,Chicago IL,EMP-5027,Q1 2025 Mid-Year,2025,3 - Meets Expectations,3,4 - Exceeds Expectations,Declined,Needs Coaching,Balanced Contributor,Medium,6.34,Ready 3-5 Years,Calibration Complete,4 - Exceeds Expectations,No,No Change,3.04,7.59,No,No,Strategic Thinking,Mentoring,Technical Depth,8.1,6.3,1.194,2021-11-07,Gender Minority,Within Range,Flagged for retention risk.
CAL-7401,EMP-5401,Charles Wilson,Legal & Compliance,Manager,Legal & Compliance,Denver CO,EMP-5037,Q1 2025 Mid-Year,2025,3 - Meets Expectations,3,4 - Exceeds Expectations,Declined,Needs Coaching,Balanced Contributor,High,3.56,Ready Now,Calibration Complete,3 - Meets Expectations,Yes,No Change,2.64,3.76,No,No,Adaptability,Team Building,Strategic Vision,1.5,2.7,0.837,2018-07-20,Gender Minority,Above Range,Consistent performer over 3 cycles.
CAL-7402,EMP-5402,Sarah Williams,Operations,Team Lead,Operations,Atlanta GA,EMP-5045,Q3 2025 Annual,2025,2 - Partially Meets,2,3 - Meets Expectations,Declined,High Potential,Balanced Contributor,High,3.5,Ready 1-2 Years,Finalized,4 - Exceeds Expectations,Yes,No Change,1.62,3.49,No,No,Leadership,Project Delivery,Delegation,8.7,5.9,0.936,2019-01-02,Gender Minority,Within Range,Consistent performer over 3 cycles.
CAL-7403,EMP-5403,Karen Lopez,Customer Experience,Individual Contributor,Customer Experience,Denver CO,EMP-5004,Q3 2025 Annual,2025,2 - Partially Meets,2,2 - Partially Meets,Stable,Solid Performer,Balanced Contributor,High,7.35,Ready Now,Calibration Complete,3 - Meets Expectations,No,No Change,1.85,4.62,No,No,Communication,Results Orientation,People Management,8.2,5.3,1.06,2021-01-09,Person with Disability,Within Range,Consistent performer over 3 cycles.
CAL-7404,EMP-5404,Sandra Taylor,Product,Individual Contributor,Product,Atlanta GA,EMP-5032,Q3 2025 Annual,2025,3 - Meets Expectations,3,3 - Meets Expectations,Stable,Growth Potential,Balanced Contributor,Medium,3.58,Not Applicable,Finalized,3 - Meets Expectations,Yes,Upward,3.45,6.83,No,No,Leadership,Results Orientation,Delegation,5.5,4.3,1.335,2022-05-28,Veteran,Below Range,New to role - calibration advisory only.
CAL-7405,EMP-5405,Michael Gonzalez,Engineering,Team Lead,Engineering,Atlanta GA,EMP-5046,Q1 2025 Mid-Year,2025,3 - Meets Expectations,3,3 - Meets Expectations,Stable,Needs Coaching,Balanced Contributor,Medium,7.38,Ready 3-5 Years,Calibration Complete,2 - Partially Meets,No,No Change,2.82,5.86,No,No,Strategic Thinking,Process Improvement,Communication Clarity,6.5,4.3,1.105,2019-05-22,Gender Minority,Below Range,Strong calibration supported by peers.
CAL-7406,EMP-5406,James Smith,People & HR,VP,People & HR,Seattle WA,EMP-5027,Q3 2025 Annual,2025,3 - Meets Expectations,3,4 - Exceeds Expectations,Declined,Solid Performer,Backbone,Low,9.51,Ready 3-5 Years,Pending Manager Review,3 - Meets Expectations,No,No Change,3.4,5.49,No,No,Leadership,Team Building,Cross-Functional Collaboration,8.7,0.9,0.779,2020-03-05,URM,Above Range,Strong calibration supported by peers.
CAL-7407,EMP-5407,Jennifer Smith,Operations,Individual Contributor,Operations,Remote,EMP-5013,Q3 2026 Annual,2026,4 - Exceeds Expectations,4,3 - Meets Expectations,Improved,High Potential,Future Leader,High,6.02,Ready 1-2 Years,Finalized,1 - Does Not Meet,No,No Change,5.39,9.8,No,No,Analytical Rigor,Mentoring,Strategic Vision,15.0,5.8,1.124,2025-02-17,Veteran,Above Range,Consistent performer over 3 cycles.
CAL-7408,EMP-5408,Margaret Davis,Legal & Compliance,Senior Manager,Legal & Compliance,San Francisco CA,EMP-5048,Q1 2026 Mid-Year,2026,4 - Exceeds Expectations,4,2 - Partially Meets,Improved,Solid Performer,Balanced Contributor,Low,2.03,Ready 3-5 Years,Finalized,2 - Partially Meets,No,No Change,4.53,6.53,Yes,No,Customer Focus,Results Orientation,People Management,0.9,8.2,1.283,2024-04-22,Gender Minority,Within Range,Strong calibration supported by peers.
CAL-7409,EMP-5409,Sandra Smith,Engineering,Director,Engineering,Boston MA,EMP-5002,Q1 2026 Mid-Year,2026,3 - Meets Expectations,3,3 - Meets Expectations,Stable,Needs Coaching,Balanced Contributor,High,4.58,Ready 1-2 Years,Finalized,4 - Exceeds Expectations,No,Upward,3.24,7.85,No,No,Analytical Rigor,Data-Driven,People Management,2.0,8.5,1.292,2025-05-10,Person with Disability,Below Range,High potential validated by skip-level.
CAL-7410,EMP-5410,Charles Martin,Marketing,Individual Contributor,Marketing,Chicago IL,EMP-5011,Q3 2026 Annual,2026,1 - Does Not Meet,1,3 - Meets Expectations,Declined,Watch List,Risk,High,7.95,Ready 1-2 Years,Finalized,3 - Meets Expectations,No,No Change,0.0,0.0,No,Yes,Execution,Team Building,People Management,18.5,6.2,1.133,2022-12-17,Gender Minority,Within Range,Strong calibration supported by peers.
CAL-7411,EMP-5411,Jennifer Martin,Product,Team Lead,Product,San Francisco CA,EMP-5020,Q1 2025 Mid-Year,2025,3 - Meets Expectations,3,4 - Exceeds Expectations,Declined,High Potential,Emerging Talent,Low,5.22,Not Applicable,Finalized,3 - Meets Expectations,No,No Change,2.95,6.19,No,No,Technical Excellence,Project Delivery,Communication Clarity,3.7,7.7,0.988,2020-02-09,Person with Disability,Below Range,Strong calibration supported by peers.
CAL-7412,EMP-5412,Michael Williams,Sales,Manager,Sales,Chicago IL,EMP-5045,Q1 2026 Mid-Year,2026,4 - Exceeds Expectations,4,1 - Does Not Meet,Improved,Solid Performer,Balanced Contributor,Low,6.73,Ready Now,Finalized,2 - Partially Meets,Yes,Downward,4.61,10.79,No,No,Execution,Problem Solving,Executive Presence,8.6,0.5,1.261,2021-08-17,Person with Disability,Above Range,Consistent performer over 3 cycles.
CAL-7413,EMP-5413,Anthony Miller,Finance,Manager,Finance,New York NY,EMP-5024,Q1 2026 Mid-Year,2026,4 - Exceeds Expectations,4,4 - Exceeds Expectations,Stable,High Potential,Future Leader,Medium,3.8,Not Applicable,Pending Manager Review,4 - Exceeds Expectations,No,No Change,5.05,8.99,Yes,No,Collaboration,Data-Driven,Delegation,0.6,3.3,0.815,2018-01-26,Person with Disability,Above Range,Consistent performer over 3 cycles.
CAL-7414,EMP-5414,Mark Anderson,Data Science,Individual Contributor,Data Science,Remote,EMP-5000,Q1 2025 Mid-Year,2025,3 - Meets Expectations,3,2 - Partially Meets,Improved,Solid Performer,Backbone,High,2.93,Ready 3-5 Years,Finalized,3 - Meets Expectations,Yes,No Change,3.46,6.64,No,No,Analytical Rigor,Problem Solving,Strategic Vision,15.3,2.0,0.821,2020-01-01,Gender Minority,Above Range,Strong calibration supported by peers.
CAL-7415,EMP-5415,Margaret Garcia,Product,Manager,Product,Boston MA,EMP-5024,Q1 2026 Mid-Year,2026,3 - Meets Expectations,3,1 - Does Not Meet,Improved,Needs Coaching,Balanced Contributor,Low,6.08,Ready 1-2 Years,Calibration Complete,3 - Meets Expectations,No,No Change,3.48,7.19,No,No,Innovation,Project Delivery,Communication Clarity,2.5,3.4,1.053,2024-11-28,Gender Minority,Above Range,High potential validated by skip-level.
CAL-7416,EMP-5416,Patricia Anderson,Finance,Manager,Finance,Atlanta GA,EMP-5028,Q1 2025 Mid-Year,2025,3 - Meets Expectations,3,3 - Meets Expectations,Stable,Solid Performer,Backbone,Low,1.73,Ready Now,Pending Manager Review,3 - Meets Expectations,No,No Change,3.23,7.16,No,No,Adaptability,Stakeholder Mgmt,Technical Depth,15.1,1.1,1.129,2023-11-25,Veteran,Within Range,High potential validated by skip-level.
CAL-7417,EMP-5417,Sarah Lopez,Engineering,Individual Contributor,Engineering,New York NY,EMP-5022,Q1 2025 Mid-Year,2025,3 - Meets Expectations,3,3 - Meets Expectations,Stable,Growth Potential,Balanced Contributor,Low,6.5,Ready 1-2 Years,Finalized,1 - Does Not Meet,Yes,Upward,2.77,3.4,No,No,Strategic Thinking,Process Improvement,Cross-Functional Collaboration,7.9,5.1,0.993,2021-02-26,Person with Disability,Above Range,Flagged for retention risk.
CAL-7418,EMP-5418,John Martin,Marketing,Senior Manager,Marketing,Austin TX,EMP-5011,Q3 2025 Annual,2025,5 - Exceptional,5,1 - Does Not Meet,Improved,High Potential,Star,High,7.04,Ready 3-5 Years,Finalized,4 - Exceeds Expectations,Yes,No Change,6.07,7.26,No,No,Collaboration,Problem Solving,Technical Depth,15.1,6.9,0.77,2023-03-19,Gender Minority,Above Range,Calibration adjusted after group review.
CAL-7419,EMP-5419,David Hernandez,Legal & Compliance,Individual Contributor,Legal & Compliance,Chicago IL,EMP-5002,Q3 2026 Annual,2026,4 - Exceeds Expectations,4,2 - Partially Meets,Improved,Growth Potential,Core Contributor,High,5.14,Not Applicable,Pending Manager Review,2 - Partially Meets,No,No Change,3.91,5.32,No,No,Leadership,Problem Solving,Communication Clarity,17.5,9.8,1.063,2024-01-18,Gender Minority,Above Range,New to role - calibration advisory only.
CAL-7420,EMP-5420,Charles Williams,People & HR,Manager,People & HR,San Francisco CA,EMP-5010,Q1 2026 Mid-Year,2026,3 - Meets Expectations,3,3 - Meets Expectations,Stable,High Potential,Emerging Talent,High,1.36,Ready 3-5 Years,Finalized,3 - Meets Expectations,No,Upward,3.13,6.93,No,No,Strategic Thinking,Process Improvement,Prioritization,3.4,1.1,1.035,2018-06-29,URM,Above Range,Strong calibration supported by peers.
CAL-7421,EMP-5421,Michael Anderson,Marketing,VP,Marketing,Austin TX,EMP-5023,Q1 2026 Mid-Year,2026,2 - Partially Meets,2,4 - Exceeds Expectations,Declined,Growth Potential,Inconsistent Player,Low,4.75,Ready Now,Finalized,1 - Does Not Meet,Yes,No Change,0.53,1.22,No,No,Execution,Project Delivery,Strategic Vision,5.9,2.0,1.347,2022-07-05,URM,Above Range,
CAL-7422,EMP-5422,Ashley Martinez,Sales,Team Lead,Sales,Denver CO,EMP-5003,Q1 2025 Mid-Year,2025,3 - Meets Expectations,3,4 - Exceeds Expectations,Declined,Growth Potential,Balanced Contributor,Low,9.38,Not Applicable,Pending Manager Review,3 - Meets Expectations,No,No Change,2.3,4.92,No,No,Innovation,Results Orientation,People Management,19.6,1.5,1.205,2020-01-12,Person with Disability,Below Range,Strong calibration supported by peers.
CAL-7423,EMP-5423,Joseph Williams,Data Science,Individual Contributor,Data Science,Chicago IL,EMP-5009,Q1 2026 Mid-Year,2026,3 - Meets Expectations,3,3 - Meets Expectations,Stable,Needs Coaching,Balanced Contributor,Low,2.72,Ready Now,Finalized,4 - Exceeds Expectations,No,Downward,2.41,2.5,No,No,Innovation,Process Improvement,Strategic Vision,15.9,6.5,1.173,2024-10-19,Person with Disability,Below Range,Consistent performer over 3 cycles.
CAL-7424,EMP-5424,William Miller,People & HR,Individual Contributor,People & HR,Remote,EMP-5027,Q1 2025 Mid-Year,2025,2 - Partially Meets,2,3 - Meets Expectations,Declined,Solid Performer,Balanced Contributor,Low,2.93,Ready 1-2 Years,Calibration Complete,2 - Partially Meets,No,Downward,1.66,1.7,No,No,Strategic Thinking,Mentoring,Technical Depth,6.6,2.7,0.832,2024-02-27,Gender Minority,Below Range,Strong calibration supported by peers.
CAL-7425,EMP-5425,Barbara Garcia,Marketing,Manager,Marketing,Austin TX,EMP-5040,Q3 2026 Annual,2026,3 - Meets Expectations,3,3 - Meets Expectations,Stable,Needs Coaching,Balanced Contributor,Low,1.59,Ready Now,Pending Manager Review,2 - Partially Meets,No,No Change,2.89,3.47,No,No,Communication,Team Building,People Management,16.3,5.3,1.023,2020-05-09,No Flag,Below Range,PIP recommended post calibration.
CAL-7426,EMP-5426,Susan Davis,Customer Experience,Manager,Customer Experience,Frisco TX,EMP-5037,Q1 2025 Mid-Year,2025,3 - Meets Expectations,3,5 - Exceptional,Declined,Growth Potential,Balanced Contributor,Medium,7.63,Ready 3-5 Years,Calibration Complete,3 - Meets Expectations,No,No Change,3.48,6.42,No,No,Analytical Rigor,Results Orientation,Strategic Vision,8.1,1.0,1.02,2023-10-16,Veteran,Below Range,High potential validated by skip-level.
CAL-7427,EMP-5427,Richard Moore,Engineering,Team Lead,Engineering,New York NY,EMP-5020,Q1 2026 Mid-Year,2026,5 - Exceptional,5,3 - Meets Expectations,Improved,Solid Performer,Balanced Contributor,Medium,7.09,Ready 1-2 Years,Finalized,1 - Does Not Meet,No,No Change,7.47,15.36,No,No,Customer Focus,Project Delivery,Communication Clarity,9.3,9.9,1.297,2022-09-30,Person with Disability,Within Range,Strong calibration supported by peers.
CAL-7428,EMP-5428,Linda Thomas,Operations,Individual Contributor,Operations,New York NY,EMP-5033,Q3 2025 Annual,2025,3 - Meets Expectations,3,3 - Meets Expectations,Stable,Solid Performer,Backbone,High,7.25,Ready 1-2 Years,Finalized,2 - Partially Meets,Yes,No Change,3.23,3.98,No,No,Strategic Thinking,Data-Driven,People Management,17.1,8.1,0.957,2021-01-20,No Flag,Within Range,Strong calibration supported by peers.
CAL-7429,EMP-5429,Jessica Davis,Marketing,Manager,Marketing,New York NY,EMP-5038,Q3 2026 Annual,2026,4 - Exceeds Expectations,4,4 - Exceeds Expectations,Stable,Solid Performer,Balanced Contributor,Low,9.6,Ready Now,Pending Manager Review,3 - Meets Expectations,No,No Change,5.01,9.56,No,No,Leadership,Project Delivery,Executive Presence,18.6,4.2,1.329,2022-11-06,Gender Minority,Within Range,Consistent performer over 3 cycles.
CAL-7430,EMP-5430,Anthony Martinez,Marketing,Individual Contributor,Marketing,Atlanta GA,EMP-5036,Q1 2026 Mid-Year,2026,2 - Partially Meets,2,4 - Exceeds Expectations,Declined,Watch List,Balanced Contributor,Low,8.94,Not Applicable,Calibration Complete,3 - Meets Expectations,No,Upward,0.32,0.32,No,No,Strategic Thinking,Data-Driven,Strategic Vision,6.3,9.5,1.33,2019-04-21,Person with Disability,Below Range,Flagged for retention risk.
CAL-7431,EMP-5431,Sandra Brown,People & HR,Manager,People & HR,Remote,EMP-5042,Q3 2025 Annual,2025,5 - Exceptional,5,3 - Meets Expectations,Improved,Growth Potential,High Performer,Low,1.78,Ready Now,Finalized,2 - Partially Meets,No,No Change,7.29,18.09,No,No,Innovation,Project Delivery,Prioritization,7.4,4.9,1.164,2018-01-26,No Flag,Below Range,Calibration adjusted after group review.
CAL-7432,EMP-5432,Margaret Rodriguez,Engineering,Manager,Engineering,Denver CO,EMP-5027,Q3 2026 Annual,2026,3 - Meets Expectations,3,4 - Exceeds Expectations,Declined,Solid Performer,Backbone,Low,2.29,Ready 1-2 Years,Finalized,2 - Partially Meets,No,No Change,2.92,7.16,No,No,Customer Focus,Stakeholder Mgmt,Technical Depth,5.9,3.0,0.754,2019-09-09,No Flag,Below Range,High potential validated by skip-level.
CAL-7433,EMP-5433,Maria Rodriguez,Sales,Individual Contributor,Sales,Remote,EMP-5017,Q1 2025 Mid-Year,2025,3 - Meets Expectations,3,4 - Exceeds Expectations,Declined,Growth Potential,Balanced Contributor,Low,9.26,Ready 1-2 Years,Pending Manager Review,3 - Meets Expectations,No,Upward,2.5,3.14,No,No,Strategic Thinking,Project Delivery,Executive Presence,3.5,8.4,1.281,2025-09-19,Gender Minority,Above Range,PIP recommended post calibration.
CAL-7434,EMP-5434,Charles Moore,Sales,Individual Contributor,Sales,San Francisco CA,EMP-5010,Q3 2025 Annual,2025,1 - Does Not Meet,1,3 - Meets Expectations,Declined,High Potential,Balanced Contributor,Medium,8.54,Ready 3-5 Years,Calibration Complete,4 - Exceeds Expectations,No,Downward,0.0,0.0,No,Yes,Communication,Data-Driven,Strategic Vision,5.5,6.9,0.959,2024-12-16,URM,Within Range,Calibration adjusted after group review.
CAL-7435,EMP-5435,James Taylor,Engineering,Manager,Engineering,Denver CO,EMP-5006,Q1 2025 Mid-Year,2025,4 - Exceeds Expectations,4,3 - Meets Expectations,Improved,Growth Potential,Core Contributor,Medium,2.27,Not Applicable,Finalized,3 - Meets Expectations,Yes,No Change,3.52,5.05,No,No,Customer Focus,Results Orientation,Delegation,15.7,9.4,1.062,2018-12-07,No Flag,Below Range,
CAL-7436,EMP-5436,Matthew Lopez,Data Science,Manager,Data Science,Denver CO,EMP-5049,Q1 2025 Mid-Year,2025,2 - Partially Meets,2,4 - Exceeds Expectations,Declined,Solid Performer,Balanced Contributor,Low,7.2,Ready Now,Calibration Complete,3 - Meets Expectations,Yes,No Change,1.7,1.54,No,No,Collaboration,Problem Solving,Delegation,17.1,2.5,0.916,2025-10-01,URM,Below Range,New to role - calibration advisory only.
CAL-7437,EMP-5437,William Martinez,Sales,Individual Contributor,Sales,Frisco TX,EMP-5027,Q1 2025 Mid-Year,2025,3 - Meets Expectations,3,1 - Does Not Meet,Improved,Growth Potential,Balanced Contributor,Low,2.5,Not Applicable,Finalized,4 - Exceeds Expectations,No,No Change,2.26,5.35,No,No,Customer Focus,Process Improvement,Communication Clarity,18.8,9.4,1.101,2022-06-13,Person with Disability,Below Range,Flagged for retention risk.
CAL-7438,EMP-5438,Daniel Martin,Finance,Team Lead,Finance,Boston MA,EMP-5021,Q1 2025 Mid-Year,2025,5 - Exceptional,5,4 - Exceeds Expectations,Improved,Solid Performer,Balanced Contributor,High,8.26,Ready Now,Finalized,3 - Meets Expectations,No,Upward,6.53,16.06,No,No,Execution,Problem Solving,Communication Clarity,4.4,9.4,0.783,2024-12-12,URM,Above Range,Strong calibration supported by peers.
CAL-7439,EMP-5439,Thomas Wilson,Marketing,Manager,Marketing,Remote,EMP-5035,Q1 2025 Mid-Year,2025,4 - Exceeds Expectations,4,5 - Exceptional,Declined,Growth Potential,Core Contributor,Low,2.44,Ready Now,Finalized,3 - Meets Expectations,No,No Change,3.71,5.3,No,No,Communication,Problem Solving,Delegation,9.3,3.8,0.963,2019-04-05,No Flag,Below Range,Consistent performer over 3 cycles.
CAL-7440,EMP-5440,Anthony Miller,Finance,Director,Finance,Atlanta GA,EMP-5018,Q1 2025 Mid-Year,2025,3 - Meets Expectations,3,1 - Does Not Meet,Improved,Growth Potential,Balanced Contributor,Low,2.98,Ready 3-5 Years,Finalized,3 - Meets Expectations,No,No Change,2.55,5.56,No,No,Communication,Results Orientation,Executive Presence,15.1,7.8,1.126,2022-10-12,Gender Minority,Below Range,Calibration adjusted after group review.
CAL-7441,EMP-5441,Richard Garcia,People & HR,Individual Contributor,People & HR,San Francisco CA,EMP-5032,Q3 2025 Annual,2025,4 - Exceeds Expectations,4,3 - Meets Expectations,Improved,Solid Performer,Balanced Contributor,Medium,2.05,Ready 3-5 Years,Finalized,1 - Does Not Meet,No,Upward,3.9,5.4,No,No,Communication,Problem Solving,People Management,1.5,2.7,1.266,2021-02-20,Person with Disability,Above Range,High potential validated by skip-level.
CAL-7442,EMP-5442,Anthony Anderson,Customer Experience,Manager,Customer Experience,Seattle WA,EMP-5008,Q3 2026 Annual,2026,3 - Meets Expectations,3,3 - Meets Expectations,Stable,High Potential,Emerging Talent,Medium,1.12,Ready Now,Calibration Complete,1 - Does Not Meet,No,Upward,2.3,2.64,No,No,Collaboration,Data-Driven,Strategic Vision,19.2,0.5,0.805,2025-05-28,URM,Below Range,Strong calibration supported by peers.
CAL-7443,EMP-5443,Anthony Rodriguez,Customer Experience,Manager,Customer Experience,San Francisco CA,EMP-5016,Q3 2026 Annual,2026,4 - Exceeds Expectations,4,4 - Exceeds Expectations,Stable,Growth Potential,Core Contributor,Low,2.52,Ready 1-2 Years,Finalized,2 - Partially Meets,No,No Change,3.63,3.56,No,No,Strategic Thinking,Results Orientation,Delegation,1.6,0.9,0.977,2019-12-08,Person with Disability,Within Range,High potential validated by skip-level.
CAL-7444,EMP-5444,Matthew Rodriguez,Data Science,Manager,Data Science,Seattle WA,EMP-5045,Q3 2025 Annual,2025,3 - Meets Expectations,3,4 - Exceeds Expectations,Declined,Solid Performer,Backbone,Low,1.63,Ready Now,Finalized,2 - Partially Meets,Yes,No Change,2.04,1.79,No,No,Leadership,Problem Solving,Executive Presence,7.2,1.8,1.068,2022-04-01,Veteran,Within Range,New to role - calibration advisory only.
CAL-7445,EMP-5445,Betty Miller,Finance,Manager,Finance,San Francisco CA,EMP-5011,Q3 2025 Annual,2025,4 - Exceeds Expectations,4,2 - Partially Meets,Improved,Needs Coaching,Balanced Contributor,Medium,6.35,Ready 1-2 Years,Finalized,4 - Exceeds Expectations,No,No Change,3.71,6.98,No,No,Collaboration,Problem Solving,Communication Clarity,7.0,0.7,0.909,2024-07-09,Person with Disability,Within Range,Consistent performer over 3 cycles.
CAL-7446,EMP-5446,Jennifer Rodriguez,Legal & Compliance,Individual Contributor,Legal & Compliance,San Francisco CA,EMP-5011,Q1 2026 Mid-Year,2026,1 - Does Not Meet,1,1 - Does Not Meet,Stable,Solid Performer,Balanced Contributor,Low,9.75,Ready 3-5 Years,Calibration Complete,4 - Exceeds Expectations,No,No Change,0.0,0.0,No,No,Technical Excellence,Project Delivery,Technical Depth,7.8,7.9,1.283,2025-09-04,Person with Disability,Above Range,PIP recommended post calibration.
CAL-7447,EMP-5447,Patricia Martinez,People & HR,SVP,People & HR,Boston MA,EMP-5002,Q3 2026 Annual,2026,3 - Meets Expectations,3,3 - Meets Expectations,Stable,Needs Coaching,Balanced Contributor,Low,5.99,Ready 1-2 Years,Finalized,4 - Exceeds Expectations,No,No Change,2.37,5.33,No,No,Execution,Problem Solving,Delegation,19.0,3.0,0.913,2021-10-27,No Flag,Above Range,
CAL-7448,EMP-5448,Susan Martinez,Data Science,Manager,Data Science,Chicago IL,EMP-5015,Q1 2026 Mid-Year,2026,3 - Meets Expectations,3,5 - Exceptional,Declined,Solid Performer,Backbone,Low,5.56,Ready 3-5 Years,Pending Manager Review,2 - Partially Meets,No,Downward,3.36,8.01,No,No,Leadership,Mentoring,Prioritization,10.1,1.1,1.338,2024-10-08,Veteran,Above Range,PIP recommended post calibration.
CAL-7449,EMP-5449,Sandra Gonzalez,Sales,Senior Manager,Sales,Atlanta GA,EMP-5004,Q1 2026 Mid-Year,2026,3 - Meets Expectations,3,4 - Exceeds Expectations,Declined,Solid Performer,Backbone,High,6.34,Ready 3-5 Years,Pending Manager Review,3 - Meets Expectations,No,No Change,2.26,3.18,No,No,Innovation,Project Delivery,Strategic Vision,8.3,9.2,0.762,2018-07-02,Veteran,Below Range,High potential validated by skip-level.
CAL-7450,EMP-5450,Christopher Hernandez,Operations,Senior Manager,Operations,Frisco TX,EMP-5014,Q1 2025 Mid-Year,2025,3 - Meets Expectations,3,4 - Exceeds Expectations,Declined,Growth Potential,Balanced Contributor,High,3.73,Not Applicable,Finalized,2 - Partially Meets,No,Upward,2.88,4.42,No,No,Adaptability,Data-Driven,Delegation,6.9,3.9,0.813,2025-04-28,No Flag,Above Range,High potential validated by skip-level.
CAL-7451,EMP-5451,Patricia Garcia,Sales,Team Lead,Sales,Austin TX,EMP-5022,Q3 2026 Annual,2026,3 - Meets Expectations,3,4 - Exceeds Expectations,Declined,Growth Potential,Balanced Contributor,Low,6.96,Ready 1-2 Years,Finalized,3 - Meets Expectations,Yes,No Change,3.46,3.44,No,No,Collaboration,Project Delivery,Cross-Functional Collaboration,17.5,6.7,1.18,2021-11-29,No Flag,Within Range,Consistent performer over 3 cycles.
CAL-7452,EMP-5452,Linda Lopez,Data Science,VP,Data Science,Denver CO,EMP-5048,Q1 2026 Mid-Year,2026,3 - Meets Expectations,3,4 - Exceeds Expectations,Declined,High Potential,Emerging Talent,Low,8.65,Ready Now,Finalized,5 - Exceptional,No,No Change,2.6,6.09,No,No,Analytical Rigor,Data-Driven,Cross-Functional Collaboration,12.5,8.9,1.189,2023-01-03,Veteran,Within Range,High potential validated by skip-level.
CAL-7453,EMP-5453,Ashley Gonzalez,Marketing,Team Lead,Marketing,Frisco TX,EMP-5022,Q1 2026 Mid-Year,2026,3 - Meets Expectations,3,4 - Exceeds Expectations,Declined,Watch List,Balanced Contributor,Low,1.32,Ready 1-2 Years,Finalized,4 - Exceeds Expectations,No,No Change,2.92,6.53,No,No,Technical Excellence,Team Building,Delegation,18.7,7.9,0.802,2020-06-10,Veteran,Below Range,High potential validated by skip-level.
CAL-7454,EMP-5454,Mark Wilson,Engineering,Senior Manager,Engineering,Chicago IL,EMP-5041,Q1 2026 Mid-Year,2026,4 - Exceeds Expectations,4,1 - Does Not Meet,Improved,Solid Performer,Balanced Contributor,High,1.46,Ready 1-2 Years,Pending Manager Review,4 - Exceeds Expectations,Yes,Upward,5.14,7.64,No,No,Execution,Project Delivery,Prioritization,7.0,3.0,1.128,2022-12-31,Gender Minority,Below Range,Flagged for retention risk.
CAL-7455,EMP-5455,Mark Williams,Finance,Team Lead,Finance,Frisco TX,EMP-5028,Q3 2026 Annual,2026,3 - Meets Expectations,3,3 - Meets Expectations,Stable,High Potential,Emerging Talent,Medium,1.68,Not Applicable,Pending Manager Review,3 - Meets Expectations,No,Upward,2.14,3.23,No,No,Technical Excellence,Stakeholder Mgmt,Delegation,1.1,1.2,1.25,2023-04-26,No Flag,Above Range,Calibration adjusted after group review.
CAL-7456,EMP-5456,Sandra Wilson,Legal & Compliance,Individual Contributor,Legal & Compliance,Frisco TX,EMP-5026,Q1 2026 Mid-Year,2026,4 - Exceeds Expectations,4,1 - Does Not Meet,Improved,Solid Performer,Balanced Contributor,Medium,4.87,Ready 3-5 Years,Pending Manager Review,2 - Partially Meets,No,No Change,4.95,7.44,No,No,Adaptability,Data-Driven,Delegation,18.3,8.7,0.865,2019-07-11,No Flag,Above Range,Strong calibration supported by peers.
CAL-7457,EMP-5457,Mark Rodriguez,Product,Manager,Product,New York NY,EMP-5020,Q3 2025 Annual,2025,4 - Exceeds Expectations,4,3 - Meets Expectations,Improved,Solid Performer,Balanced Contributor,Low,9.77,Ready 3-5 Years,Calibration Complete,4 - Exceeds Expectations,No,No Change,5.3,12.37,Yes,No,Leadership,Results Orientation,Technical Depth,2.2,4.5,0.974,2025-11-07,Veteran,Above Range,PIP recommended post calibration.
CAL-7458,EMP-5458,Charles Williams,Marketing,Individual Contributor,Marketing,Frisco TX,EMP-5009,Q1 2025 Mid-Year,2025,5 - Exceptional,5,3 - Meets Expectations,Improved,Growth Potential,High Performer,Low,2.61,Ready 1-2 Years,Pending Manager Review,2 - Partially Meets,No,No Change,6.85,6.18,No,No,Customer Focus,Results Orientation,Technical Depth,1.2,8.7,0.894,2021-02-27,Person with Disability,Below Range,Strong calibration supported by peers.
CAL-7459,EMP-5459,Nancy Rodriguez,Legal & Compliance,VP,Legal & Compliance,Chicago IL,EMP-5021,Q3 2026 Annual,2026,4 - Exceeds Expectations,4,2 - Partially Meets,Improved,Growth Potential,Core Contributor,Low,8.12,Ready 1-2 Years,Calibration Complete,4 - Exceeds Expectations,No,No Change,3.98,3.23,No,No,Customer Focus,Data-Driven,Prioritization,9.7,0.5,1.261,2022-09-10,Gender Minority,Below Range,High potential validated by skip-level.
CAL-7460,EMP-5460,Daniel Smith,People & HR,Individual Contributor,People & HR,Frisco TX,EMP-5045,Q3 2025 Annual,2025,3 - Meets Expectations,3,4 - Exceeds Expectations,Declined,Needs Coaching,Balanced Contributor,Low,9.46,Ready 1-2 Years,Finalized,4 - Exceeds Expectations,No,No Change,2.6,6.43,No,No,Analytical Rigor,Data-Driven,Prioritization,12.2,4.4,1.023,2022-11-30,Person with Disability,Above Range,PIP recommended post calibration.
CAL-7461,EMP-5461,William Anderson,Product,Senior Manager,Product,Seattle WA,EMP-5018,Q1 2025 Mid-Year,2025,4 - Exceeds Expectations,4,3 - Meets Expectations,Improved,Solid Performer,Balanced Contributor,Medium,3.52,Ready Now,Calibration Complete,4 - Exceeds Expectations,No,No Change,3.9,6.56,Yes,No,Execution,Process Improvement,Strategic Vision,12.7,8.1,0.804,2022-04-27,Veteran,Below Range,Calibration adjusted after group review.
CAL-7462,EMP-5462,Thomas Jones,Marketing,Senior Manager,Marketing,Austin TX,EMP-5011,Q1 2026 Mid-Year,2026,2 - Partially Meets,2,3 - Meets Expectations,Declined,Growth Potential,Inconsistent Player,Low,9.22,Ready Now,Pending Manager Review,5 - Exceptional,No,Upward,0.07,0.06,No,No,Technical Excellence,Mentoring,Prioritization,18.9,0.8,0.889,2018-08-19,Person with Disability,Within Range,Calibration adjusted after group review.
CAL-7463,EMP-5463,David Brown,Sales,Director,Sales,Frisco TX,EMP-5017,Q3 2025 Annual,2025,2 - Partially Meets,2,3 - Meets Expectations,Declined,Solid Performer,Balanced Contributor,High,3.01,Ready 1-2 Years,Calibration Complete,3 - Meets Expectations,Yes,No Change,0.35,0.51,No,No,Leadership,Project Delivery,Delegation,18.0,8.4,1.035,2023-07-06,Gender Minority,Within Range,Consistent performer over 3 cycles.
CAL-7464,EMP-5464,Daniel Brown,Engineering,Individual Contributor,Engineering,Remote,EMP-5006,Q1 2025 Mid-Year,2025,4 - Exceeds Expectations,4,4 - Exceeds Expectations,Stable,Needs Coaching,Balanced Contributor,Low,2.92,Ready 3-5 Years,Finalized,3 - Meets Expectations,No,No Change,3.64,7.84,Yes,No,Execution,Project Delivery,Technical Depth,3.2,2.0,0.972,2024-01-14,Veteran,Within Range,New to role - calibration advisory only.
CAL-7465,EMP-5465,Sandra Martin,Data Science,Director,Data Science,Chicago IL,EMP-5010,Q1 2025 Mid-Year,2025,4 - Exceeds Expectations,4,4 - Exceeds Expectations,Stable,Solid Performer,Balanced Contributor,Low,9.78,Not Applicable,Calibration Complete,2 - Partially Meets,No,Downward,4.35,7.0,No,No,Innovation,Project Delivery,Executive Presence,8.2,7.5,1.072,2023-12-20,Veteran,Above Range,Calibration adjusted after group review.
CAL-7466,EMP-5466,Maria Miller,Product,Senior Manager,Product,Austin TX,EMP-5019,Q3 2026 Annual,2026,3 - Meets Expectations,3,2 - Partially Meets,Improved,Growth Potential,Balanced Contributor,High,6.71,Not Applicable,Finalized,5 - Exceptional,No,No Change,2.46,5.84,No,No,Technical Excellence,Problem Solving,Prioritization,16.9,5.9,0.833,2021-11-05,URM,Below Range,Strong calibration supported by peers.
CAL-7467,EMP-5467,Barbara Jones,Operations,Director,Operations,Seattle WA,EMP-5023,Q1 2025 Mid-Year,2025,2 - Partially Meets,2,2 - Partially Meets,Stable,Solid Performer,Balanced Contributor,Low,7.34,Ready 1-2 Years,Finalized,3 - Meets Expectations,No,No Change,1.64,3.47,No,No,Communication,Project Delivery,Technical Depth,10.4,7.0,1.1,2020-10-29,Person with Disability,Within Range,Consistent performer over 3 cycles.
CAL-7468,EMP-5468,Joseph Gonzalez,Customer Experience,VP,Customer Experience,San Francisco CA,EMP-5040,Q3 2026 Annual,2026,3 - Meets Expectations,3,3 - Meets Expectations,Stable,High Potential,Emerging Talent,Medium,6.17,Ready 3-5 Years,Calibration Complete,3 - Meets Expectations,No,No Change,2.59,2.29,No,No,Adaptability,Team Building,Prioritization,0.8,1.8,0.993,2018-08-01,Veteran,Below Range,Calibration adjusted after group review.
CAL-7469,EMP-5469,Matthew Rodriguez,Operations,Individual Contributor,Operations,Frisco TX,EMP-5040,Q3 2026 Annual,2026,3 - Meets Expectations,3,5 - Exceptional,Declined,Needs Coaching,Balanced Contributor,Medium,4.59,Ready 1-2 Years,Finalized,3 - Meets Expectations,No,Upward,2.96,5.35,No,No,Collaboration,Results Orientation,Technical Depth,1.0,1.4,1.227,2024-03-27,Gender Minority,Within Range,PIP recommended post calibration.
CAL-7470,EMP-5470,Ashley Davis,Marketing,Individual Contributor,Marketing,Austin TX,EMP-5024,Q3 2025 Annual,2025,3 - Meets Expectations,3,3 - Meets Expectations,Stable,Needs Coaching,Balanced Contributor,Low,8.94,Ready 3-5 Years,Finalized,1 - Does Not Meet,No,No Change,2.76,4.27,No,No,Technical Excellence,Problem Solving,People Management,5.9,6.6,0.848,2019-05-03,URM,Below Range,Consistent performer over 3 cycles.
CAL-7471,EMP-5471,John Hernandez,Customer Experience,Individual Contributor,Customer Experience,Chicago IL,EMP-5018,Q1 2025 Mid-Year,2025,3 - Meets Expectations,3,5 - Exceptional,Declined,High Potential,Emerging Talent,High,7.56,Ready 1-2 Years,Pending Manager Review,3 - Meets Expectations,No,No Change,2.86,4.82,No,No,Execution,Process Improvement,Strategic Vision,9.0,7.4,1.223,2022-02-28,URM,Within Range,Strong calibration supported by peers.
CAL-7472,EMP-5472,Elizabeth Wilson,Marketing,Senior Manager,Marketing,San Francisco CA,EMP-5034,Q3 2025 Annual,2025,4 - Exceeds Expectations,4,1 - Does Not Meet,Improved,Growth Potential,Core Contributor,High,1.24,Not Applicable,Calibration Complete,3 - Meets Expectations,No,No Change,4.11,5.17,No,No,Analytical Rigor,Data-Driven,People Management,12.5,6.3,0.814,2025-09-14,URM,Within Range,Flagged for retention risk.
CAL-7473,EMP-5473,Richard Taylor,Operations,Director,Operations,Austin TX,EMP-5032,Q1 2026 Mid-Year,2026,2 - Partially Meets,2,4 - Exceeds Expectations,Declined,Solid Performer,Balanced Contributor,Medium,2.93,Ready 1-2 Years,Finalized,3 - Meets Expectations,No,No Change,1.96,3.64,No,No,Analytical Rigor,Process Improvement,People Management,11.4,6.5,0.964,2018-04-16,Veteran,Above Range,Strong calibration supported by peers.
CAL-7474,EMP-5474,David Brown,Operations,Manager,Operations,Austin TX,EMP-5022,Q1 2025 Mid-Year,2025,3 - Meets Expectations,3,3 - Meets Expectations,Stable,Solid Performer,Backbone,High,3.06,Ready 3-5 Years,Pending Manager Review,1 - Does Not Meet,Yes,Downward,2.6,4.28,No,No,Collaboration,Stakeholder Mgmt,Cross-Functional Collaboration,13.8,4.4,0.933,2021-12-03,URM,Within Range,Calibration adjusted after group review.
CAL-7475,EMP-5475,Linda Gonzalez,Product,Individual Contributor,Product,Denver CO,EMP-5038,Q3 2025 Annual,2025,3 - Meets Expectations,3,3 - Meets Expectations,Stable,Needs Coaching,Balanced Contributor,Medium,8.08,Ready 1-2 Years,Finalized,2 - Partially Meets,No,No Change,3.27,5.39,No,No,Adaptability,Project Delivery,Communication Clarity,15.3,9.4,1.314,2020-10-09,Gender Minority,Within Range,Calibration adjusted after group review.
CAL-7476,EMP-5476,Thomas Smith,Operations,Individual Contributor,Operations,Boston MA,EMP-5025,Q1 2026 Mid-Year,2026,3 - Meets Expectations,3,3 - Meets Expectations,Stable,Solid Performer,Backbone,Medium,8.95,Not Applicable,Calibration Complete,3 - Meets Expectations,No,No Change,2.82,3.07,No,No,Adaptability,Data-Driven,Prioritization,2.8,5.2,0.762,2024-05-25,Gender Minority,Above Range,Calibration adjusted after group review.
CAL-7477,EMP-5477,Michael Jones,Sales,Manager,Sales,New York NY,EMP-5010,Q3 2025 Annual,2025,2 - Partially Meets,2,3 - Meets Expectations,Declined,Solid Performer,Balanced Contributor,Low,8.08,Ready 1-2 Years,Finalized,3 - Meets Expectations,No,No Change,1.42,2.4,No,No,Analytical Rigor,Problem Solving,Technical Depth,2.8,4.9,0.958,2019-11-05,No Flag,Above Range,PIP recommended post calibration.
CAL-7478,EMP-5478,Sarah Jackson,Engineering,Team Lead,Engineering,Atlanta GA,EMP-5011,Q3 2025 Annual,2025,2 - Partially Meets,2,3 - Meets Expectations,Declined,Needs Coaching,Needs Development,Low,9.22,Not Applicable,Calibration Complete,3 - Meets Expectations,No,No Change,1.14,2.3,No,No,Communication,Project Delivery,Communication Clarity,7.8,6.3,1.07,2025-03-21,URM,Within Range,New to role - calibration advisory only.
CAL-7479,EMP-5479,Margaret Wilson,Operations,Team Lead,Operations,Atlanta GA,EMP-5046,Q3 2026 Annual,2026,1 - Does Not Meet,1,3 - Meets Expectations,Declined,High Potential,Balanced Contributor,Medium,5.97,Ready 1-2 Years,Finalized,3 - Meets Expectations,No,Upward,0.0,0.0,No,No,Leadership,Stakeholder Mgmt,Delegation,3.5,3.2,0.884,2024-01-23,Person with Disability,Above Range,High potential validated by skip-level.
CAL-7480,EMP-5480,Jessica Wilson,Product,Individual Contributor,Product,Chicago IL,EMP-5047,Q1 2026 Mid-Year,2026,3 - Meets Expectations,3,3 - Meets Expectations,Stable,Solid Performer,Backbone,High,8.97,Ready 1-2 Years,Finalized,4 - Exceeds Expectations,Yes,Upward,2.67,4.56,No,No,Strategic Thinking,Team Building,Delegation,0.6,5.5,0.982,2018-12-21,Veteran,Below Range,Calibration adjusted after group review.
CAL-7481,EMP-5481,Jennifer Garcia,Data Science,Manager,Data Science,New York NY,EMP-5018,Q3 2025 Annual,2025,2 - Partially Meets,2,3 - Meets Expectations,Declined,High Potential,Balanced Contributor,Low,3.05,Not Applicable,Calibration Complete,3 - Meets Expectations,No,No Change,0.07,0.08,No,No,Strategic Thinking,Results Orientation,Technical Depth,14.1,1.3,1.09,2025-06-30,Veteran,Within Range,New to role - calibration advisory only.
CAL-7482,EMP-5482,Matthew Jones,People & HR,Manager,People & HR,New York NY,EMP-5027,Q1 2025 Mid-Year,2025,2 - Partially Meets,2,4 - Exceeds Expectations,Declined,Watch List,Balanced Contributor,Low,1.46,Ready Now,Finalized,1 - Does Not Meet,No,No Change,0.67,1.24,No,No,Collaboration,Stakeholder Mgmt,Executive Presence,7.3,5.7,1.22,2018-03-11,Person with Disability,Above Range,Strong calibration supported by peers.
CAL-7483,EMP-5483,John Johnson,People & HR,Individual Contributor,People & HR,San Francisco CA,EMP-5021,Q1 2026 Mid-Year,2026,2 - Partially Meets,2,2 - Partially Meets,Stable,Needs Coaching,Needs Development,Low,7.21,Ready 3-5 Years,Calibration Complete,2 - Partially Meets,Yes,No Change,1.76,4.19,No,No,Innovation,Project Delivery,Prioritization,11.4,9.4,0.981,2020-02-24,Person with Disability,Above Range,
CAL-7484,EMP-5484,Jessica Taylor,Legal & Compliance,Team Lead,Legal & Compliance,New York NY,EMP-5044,Q3 2026 Annual,2026,3 - Meets Expectations,3,2 - Partially Meets,Improved,Growth Potential,Balanced Contributor,Medium,5.78,Ready 1-2 Years,Calibration Complete,1 - Does Not Meet,No,No Change,2.07,3.93,No,No,Collaboration,Team Building,Communication Clarity,3.1,9.4,0.842,2019-01-14,Gender Minority,Within Range,High potential validated by skip-level.
CAL-7485,EMP-5485,Margaret Martinez,Customer Experience,Team Lead,Customer Experience,Chicago IL,EMP-5027,Q1 2025 Mid-Year,2025,3 - Meets Expectations,3,3 - Meets Expectations,Stable,High Potential,Emerging Talent,High,9.78,Ready 1-2 Years,Pending Manager Review,2 - Partially Meets,Yes,No Change,2.34,3.39,No,No,Leadership,Stakeholder Mgmt,Strategic Vision,9.1,5.6,1.288,2020-12-19,Veteran,Below Range,Strong calibration supported by peers.
CAL-7486,EMP-5486,Betty Williams,Finance,Team Lead,Finance,Frisco TX,EMP-5044,Q1 2026 Mid-Year,2026,2 - Partially Meets,2,4 - Exceeds Expectations,Declined,Solid Performer,Balanced Contributor,Low,7.55,Ready 3-5 Years,Finalized,2 - Partially Meets,No,Upward,1.01,1.46,No,No,Execution,Problem Solving,Prioritization,2.0,5.8,0.955,2022-03-28,Gender Minority,Within Range,New to role - calibration advisory only.
CAL-7487,EMP-5487,Jessica Smith,Customer Experience,Manager,Customer Experience,New York NY,EMP-5016,Q3 2025 Annual,2025,3 - Meets Expectations,3,3 - Meets Expectations,Stable,Needs Coaching,Balanced Contributor,Low,6.27,Ready 1-2 Years,Pending Manager Review,3 - Meets Expectations,No,No Change,2.66,4.11,No,No,Communication,Stakeholder Mgmt,Executive Presence,12.0,2.9,0.93,2023-08-08,URM,Within Range,Consistent performer over 3 cycles.
CAL-7488,EMP-5488,Barbara Johnson,Product,Manager,Product,San Francisco CA,EMP-5020,Q1 2025 Mid-Year,2025,3 - Meets Expectations,3,2 - Partially Meets,Improved,Watch List,Balanced Contributor,Low,8.36,Ready Now,Finalized,3 - Meets Expectations,No,No Change,2.46,3.5,No,No,Communication,Project Delivery,Cross-Functional Collaboration,0.7,7.1,1.009,2025-03-12,Veteran,Above Range,High potential validated by skip-level.
CAL-7489,EMP-5489,Ashley Smith,People & HR,Individual Contributor,People & HR,San Francisco CA,EMP-5049,Q1 2025 Mid-Year,2025,4 - Exceeds Expectations,4,4 - Exceeds Expectations,Stable,High Potential,Future Leader,Low,4.82,Ready 1-2 Years,Pending Manager Review,2 - Partially Meets,No,Upward,5.34,6.61,No,No,Communication,Problem Solving,Strategic Vision,17.8,1.5,0.989,2018-01-02,Veteran,Below Range,Strong calibration supported by peers.
CAL-7490,EMP-5490,William Hernandez,People & HR,Manager,People & HR,Atlanta GA,EMP-5008,Q1 2025 Mid-Year,2025,2 - Partially Meets,2,1 - Does Not Meet,Improved,Growth Potential,Inconsistent Player,Low,5.67,Not Applicable,Finalized,3 - Meets Expectations,No,No Change,0.01,0.01,No,No,Collaboration,Results Orientation,People Management,10.5,7.7,1.245,2025-10-29,Person with Disability,Below Range,PIP recommended post calibration.
CAL-7491,EMP-5491,Jennifer Brown,Customer Experience,Director,Customer Experience,Seattle WA,EMP-5016,Q1 2025 Mid-Year,2025,1 - Does Not Meet,1,3 - Meets Expectations,Declined,Needs Coaching,Underperformer,Low,2.9,Ready Now,Calibration Complete,4 - Exceeds Expectations,No,Upward,0.0,0.0,No,Yes,Execution,Mentoring,Technical Depth,1.5,1.5,1.185,2021-10-07,URM,Above Range,High potential validated by skip-level.
CAL-7492,EMP-5492,Margaret Gonzalez,Marketing,Individual Contributor,Marketing,Remote,EMP-5043,Q1 2026 Mid-Year,2026,4 - Exceeds Expectations,4,2 - Partially Meets,Improved,Solid Performer,Balanced Contributor,Medium,2.82,Ready Now,Finalized,3 - Meets Expectations,No,No Change,5.24,7.9,No,No,Communication,Problem Solving,Communication Clarity,17.3,9.7,1.221,2020-11-17,No Flag,Below Range,Consistent performer over 3 cycles.
CAL-7493,EMP-5493,Linda Anderson,Product,Senior Manager,Product,Frisco TX,EMP-5005,Q1 2026 Mid-Year,2026,5 - Exceptional,5,2 - Partially Meets,Improved,Needs Coaching,Balanced Contributor,Medium,7.25,Not Applicable,Pending Manager Review,1 - Does Not Meet,No,No Change,6.16,8.85,No,No,Execution,Stakeholder Mgmt,Communication Clarity,4.3,8.2,1.208,2018-10-04,No Flag,Within Range,High potential validated by skip-level.
CAL-7494,EMP-5494,Mark Smith,Engineering,Senior Manager,Engineering,Chicago IL,EMP-5019,Q3 2025 Annual,2025,1 - Does Not Meet,1,3 - Meets Expectations,Declined,Solid Performer,Balanced Contributor,High,5.68,Ready 1-2 Years,Finalized,2 - Partially Meets,Yes,No Change,0.0,0.0,No,No,Collaboration,Team Building,People Management,6.5,3.2,1.004,2024-03-22,Gender Minority,Below Range,Flagged for retention risk.
CAL-7495,EMP-5495,Joseph Martin,Engineering,Manager,Engineering,Denver CO,EMP-5047,Q3 2025 Annual,2025,3 - Meets Expectations,3,3 - Meets Expectations,Stable,Growth Potential,Balanced Contributor,Low,9.52,Not Applicable,Pending Manager Review,4 - Exceeds Expectations,Yes,No Change,2.13,1.71,No,No,Customer Focus,Stakeholder Mgmt,Prioritization,0.7,3.1,0.919,2022-03-08,Gender Minority,Within Range,New to role - calibration advisory only.
CAL-7496,EMP-5496,Margaret Davis,Product,Team Lead,Product,New York NY,EMP-5005,Q1 2026 Mid-Year,2026,3 - Meets Expectations,3,4 - Exceeds Expectations,Declined,Solid Performer,Backbone,Medium,1.68,Not Applicable,Finalized,3 - Meets Expectations,Yes,No Change,2.72,3.7,No,No,Technical Excellence,Team Building,Cross-Functional Collaboration,18.7,0.8,1.239,2022-04-10,Veteran,Above Range,
CAL-7497,EMP-5497,Nancy Anderson,Marketing,Individual Contributor,Marketing,Atlanta GA,EMP-5029,Q1 2026 Mid-Year,2026,3 - Meets Expectations,3,4 - Exceeds Expectations,Declined,Growth Potential,Balanced Contributor,Low,3.55,Ready Now,Finalized,2 - Partially Meets,No,No Change,2.19,4.51,No,No,Strategic Thinking,Process Improvement,People Management,2.7,8.1,1.114,2019-08-16,Gender Minority,Above Range,High potential validated by skip-level.
CAL-7498,EMP-5498,Nancy Thomas,Product,Manager,Product,Seattle WA,EMP-5029,Q1 2026 Mid-Year,2026,5 - Exceptional,5,4 - Exceeds Expectations,Improved,Solid Performer,Balanced Contributor,High,7.81,Ready Now,Finalized,4 - Exceeds Expectations,No,No Change,7.47,14.91,No,No,Collaboration,Team Building,Delegation,14.9,0.6,1.027,2024-01-08,URM,Within Range,Strong calibration supported by peers.
CAL-7499,EMP-5499,Michael Williams,People & HR,Individual Contributor,People & HR,Remote,EMP-5041,Q1 2026 Mid-Year,2026,3 - Meets Expectations,3,5 - Exceptional,Declined,Solid Performer,Backbone,High,1.23,Not Applicable,Finalized,3 - Meets Expectations,No,Upward,2.1,3.18,No,No,Innovation,Project Delivery,Cross-Functional Collaboration,12.8,7.6,0.863,2025-08-04,Veteran,Below Range,Flagged for retention risk.
CAL-7500,EMP-5500,Maria Smith,Marketing,Manager,Marketing,Boston MA,EMP-5030,Q1 2026 Mid-Year,2026,2 - Partially Meets,2,3 - Meets Expectations,Declined,Solid Performer,Balanced Contributor,Low,4.76,Ready 1-2 Years,Finalized,3 - Meets Expectations,No,No Change,0.68,1.64,No,No,Execution,Data-Driven,Executive Presence,13.0,6.7,1.186,2020-10-07,Person with Disability,Within Range,
CAL-7501,EMP-5501,Joseph Williams,Finance,Manager,Finance,Atlanta GA,EMP-5039,Q1 2026 Mid-Year,2026,2 - Partially Meets,2,3 - Meets Expectations,Declined,Solid Performer,Balanced Contributor,Low,8.99,Ready Now,Calibration Complete,3 - Meets Expectations,No,No Change,0.75,1.1,No,No,Communication,Data-Driven,Cross-Functional Collaboration,8.6,7.4,0.965,2024-10-14,URM,Below Range,Flagged for retention risk.
CAL-7502,EMP-5502,Margaret Brown,Finance,Senior Manager,Finance,Frisco TX,EMP-5032,Q3 2025 Annual,2025,1 - Does Not Meet,1,3 - Meets Expectations,Declined,Needs Coaching,Underperformer,Medium,7.04,Ready Now,Finalized,5 - Exceptional,Yes,Upward,0.0,0.0,No,Yes,Collaboration,Team Building,Communication Clarity,10.2,7.3,1.006,2024-06-02,Gender Minority,Below Range,PIP recommended post calibration.
CAL-7503,EMP-5503,William Jones,Data Science,Individual Contributor,Data Science,New York NY,EMP-5007,Q1 2025 Mid-Year,2025,4 - Exceeds Expectations,4,3 - Meets Expectations,Improved,Needs Coaching,Balanced Contributor,Medium,9.75,Ready Now,Calibration Complete,4 - Exceeds Expectations,No,No Change,4.15,9.4,No,No,Strategic Thinking,Project Delivery,Strategic Vision,17.2,4.1,1.036,2019-06-06,Person with Disability,Above Range,PIP recommended post calibration.
CAL-7504,EMP-5504,Sandra Anderson,Customer Experience,Senior Manager,Customer Experience,Frisco TX,EMP-5004,Q1 2025 Mid-Year,2025,2 - Partially Meets,2,3 - Meets Expectations,Declined,Watch List,Balanced Contributor,Medium,2.04,Ready 1-2 Years,Pending Manager Review,3 - Meets Expectations,No,Upward,0.09,0.16,No,No,Innovation,Process Improvement,Prioritization,9.6,1.3,1.202,2021-01-28,Veteran,Within Range,High potential validated by skip-level.
CAL-7505,EMP-5505,David Martinez,Data Science,Individual Contributor,Data Science,Seattle WA,EMP-5023,Q3 2025 Annual,2025,2 - Partially Meets,2,3 - Meets Expectations,Declined,Needs Coaching,Needs Development,Medium,8.97,Ready Now,Calibration Complete,4 - Exceeds Expectations,No,Upward,0.48,0.4,No,No,Communication,Problem Solving,Cross-Functional Collaboration,9.9,2.2,1.145,2022-08-08,Person with Disability,Above Range,PIP recommended post calibration.
CAL-7506,EMP-5506,Patricia Rodriguez,Legal & Compliance,Individual Contributor,Legal & Compliance,Frisco TX,EMP-5035,Q1 2026 Mid-Year,2026,2 - Partially Meets,2,3 - Meets Expectations,Declined,Needs Coaching,Needs Development,Medium,3.56,Ready Now,Calibration Complete,3 - Meets Expectations,No,No Change,0.76,1.85,No,No,Collaboration,Stakeholder Mgmt,Executive Presence,16.7,5.0,1.253,2021-05-24,URM,Below Range,Consistent performer over 3 cycles.
CAL-7507,EMP-5507,Patricia Smith,Sales,Manager,Sales,Atlanta GA,EMP-5003,Q3 2026 Annual,2026,4 - Exceeds Expectations,4,2 - Partially Meets,Improved,High Potential,Future Leader,High,1.31,Ready 3-5 Years,Pending Manager Review,3 - Meets Expectations,No,No Change,3.98,9.67,No,No,Execution,Process Improvement,Strategic Vision,17.0,7.5,0.823,2021-03-13,Veteran,Above Range,New to role - calibration advisory only.
CAL-7508,EMP-5508,Maria Thomas,Customer Experience,Individual Contributor,Customer Experience,Remote,EMP-5011,Q3 2025 Annual,2025,3 - Meets Expectations,3,3 - Meets Expectations,Stable,Solid Performer,Backbone,High,3.67,Ready Now,Finalized,3 - Meets Expectations,Yes,No Change,2.96,6.76,No,No,Innovation,Results Orientation,Strategic Vision,12.1,5.0,1.241,2021-03-03,Gender Minority,Within Range,New to role - calibration advisory only.
CAL-7509,EMP-5509,John Anderson,Product,Individual Contributor,Product,Boston MA,EMP-5008,Q3 2026 Annual,2026,2 - Partially Meets,2,2 - Partially Meets,Stable,High Potential,Balanced Contributor,High,1.13,Ready Now,Finalized,3 - Meets Expectations,Yes,No Change,1.07,1.32,No,No,Technical Excellence,Results Orientation,Strategic Vision,8.0,2.0,1.093,2023-01-28,Person with Disability,Below Range,PIP recommended post calibration.
CAL-7510,EMP-5510,Maria Lopez,Customer Experience,VP,Customer Experience,Austin TX,EMP-5049,Q1 2025 Mid-Year,2025,4 - Exceeds Expectations,4,2 - Partially Meets,Improved,Solid Performer,Balanced Contributor,Medium,6.17,Ready 3-5 Years,Finalized,3 - Meets Expectations,Yes,Downward,5.09,12.42,No,No,Collaboration,Process Improvement,Prioritization,13.7,3.3,0.993,2024-02-22,URM,Below Range,Calibration adjusted after group review.
CAL-7511,EMP-5511,Karen Johnson,Customer Experience,Individual Contributor,Customer Experience,Denver CO,EMP-5015,Q3 2026 Annual,2026,3 - Meets Expectations,3,3 - Meets Expectations,Stable,Solid Performer,Backbone,Low,4.49,Ready 1-2 Years,Finalized,3 - Meets Expectations,Yes,No Change,2.26,4.87,No,No,Communication,Process Improvement,Cross-Functional Collaboration,1.8,3.1,1.203,2023-06-23,Person with Disability,Below Range,Strong calibration supported by peers.
CAL-7512,EMP-5512,Nancy Smith,Operations,Individual Contributor,Operations,Austin TX,EMP-5010,Q1 2025 Mid-Year,2025,2 - Partially Meets,2,3 - Meets Expectations,Declined,High Potential,Balanced Contributor,Low,9.0,Ready Now,Calibration Complete,4 - Exceeds Expectations,No,No Change,0.97,1.33,No,No,Adaptability,Problem Solving,Strategic Vision,5.8,9.5,1.26,2021-09-10,Gender Minority,Within Range,Flagged for retention risk.
CAL-7513,EMP-5513,Daniel Smith,People & HR,Individual Contributor,People & HR,Seattle WA,EMP-5026,Q3 2025 Annual,2025,3 - Meets Expectations,3,4 - Exceeds Expectations,Declined,Needs Coaching,Balanced Contributor,High,9.63,Ready 1-2 Years,Finalized,2 - Partially Meets,Yes,No Change,3.12,5.69,No,No,Strategic Thinking,Problem Solving,Prioritization,5.0,7.1,0.789,2022-12-14,Person with Disability,Above Range,Flagged for retention risk.
CAL-7514,EMP-5514,Joseph Martin,Product,Individual Contributor,Product,Denver CO,EMP-5006,Q1 2026 Mid-Year,2026,3 - Meets Expectations,3,2 - Partially Meets,Improved,High Potential,Emerging Talent,High,6.15,Ready Now,Finalized,3 - Meets Expectations,No,No Change,2.09,4.94,No,No,Collaboration,Results Orientation,Technical Depth,19.8,10.0,0.913,2024-07-23,No Flag,Within Range,Calibration adjusted after group review.
CAL-7515,EMP-5515,Nancy Rodriguez,Engineering,Manager,Engineering,San Francisco CA,EMP-5014,Q3 2026 Annual,2026,3 - Meets Expectations,3,3 - Meets Expectations,Stable,Solid Performer,Backbone,Low,6.87,Ready 1-2 Years,Finalized,2 - Partially Meets,No,No Change,2.9,6.61,No,No,Leadership,Mentoring,Cross-Functional Collaboration,19.0,8.6,0.869,2018-10-21,Person with Disability,Below Range,High potential validated by skip-level.
CAL-7516,EMP-5516,Joseph Rodriguez,Engineering,Individual Contributor,Engineering,Remote,EMP-5050,Q1 2026 Mid-Year,2026,3 - Meets Expectations,3,3 - Meets Expectations,Stable,Growth Potential,Balanced Contributor,Medium,7.36,Ready Now,Finalized,3 - Meets Expectations,No,Upward,2.02,4.32,No,No,Strategic Thinking,Results Orientation,Delegation,14.1,2.0,0.949,2022-08-20,Person with Disability,Below Range,New to role - calibration advisory only.
CAL-7517,EMP-5517,Joseph Johnson,Sales,VP,Sales,Boston MA,EMP-5035,Q1 2025 Mid-Year,2025,3 - Meets Expectations,3,1 - Does Not Meet,Improved,Growth Potential,Balanced Contributor,High,4.91,Ready Now,Finalized,1 - Does Not Meet,No,No Change,3.04,4.23,No,No,Adaptability,Project Delivery,Communication Clarity,10.5,5.8,1.132,2018-12-23,Veteran,Below Range,Calibration adjusted after group review.
CAL-7518,EMP-5518,Betty Hernandez,Marketing,SVP,Marketing,Austin TX,EMP-5027,Q3 2026 Annual,2026,3 - Meets Expectations,3,3 - Meets Expectations,Stable,Growth Potential,Balanced Contributor,Low,2.98,Ready 3-5 Years,Finalized,3 - Meets Expectations,No,No Change,3.01,6.42,No,No,Strategic Thinking,Mentoring,Communication Clarity,18.0,2.7,1.331,2025-06-22,URM,Within Range,PIP recommended post calibration.
CAL-7519,EMP-5519,Karen Jackson,Sales,Individual Contributor,Sales,Boston MA,EMP-5039,Q1 2025 Mid-Year,2025,3 - Meets Expectations,3,5 - Exceptional,Declined,High Potential,Emerging Talent,High,7.54,Ready Now,Calibration Complete,2 - Partially Meets,No,No Change,3.24,2.81,No,No,Adaptability,Project Delivery,Prioritization,5.4,3.6,0.938,2024-09-04,No Flag,Above Range,New to role - calibration advisory only.
CAL-7520,EMP-5520,Barbara Rodriguez,Legal & Compliance,Team Lead,Legal & Compliance,Remote,EMP-5049,Q1 2025 Mid-Year,2025,4 - Exceeds Expectations,4,2 - Partially Meets,Improved,Watch List,Balanced Contributor,Low,3.11,Not Applicable,Finalized,3 - Meets Expectations,Yes,No Change,5.25,4.84,Yes,No,Technical Excellence,Process Improvement,Prioritization,14.7,3.5,1.313,2025-12-21,Gender Minority,Above Range,New to role - calibration advisory only.
CAL-7521,EMP-5521,Ashley Taylor,Engineering,Manager,Engineering,New York NY,EMP-5001,Q1 2026 Mid-Year,2026,4 - Exceeds Expectations,4,3 - Meets Expectations,Improved,Growth Potential,Core Contributor,Low,9.61,Not Applicable,Finalized,2 - Partially Meets,No,No Change,4.1,9.33,Yes,No,Leadership,Project Delivery,Executive Presence,19.3,4.9,1.238,2023-03-03,URM,Below Range,High potential validated by skip-level.
CAL-7522,EMP-5522,Betty Hernandez,Marketing,Manager,Marketing,San Francisco CA,EMP-5018,Q3 2025 Annual,2025,2 - Partially Meets,2,3 - Meets Expectations,Declined,Growth Potential,Inconsistent Player,Low,1.0,Ready Now,Finalized,3 - Meets Expectations,No,No Change,0.36,0.71,No,No,Analytical Rigor,Data-Driven,Cross-Functional Collaboration,4.3,9.4,1.209,2025-02-21,No Flag,Above Range,New to role - calibration advisory only.
CAL-7523,EMP-5523,Matthew Smith,Sales,Senior Manager,Sales,Denver CO,EMP-5027,Q3 2026 Annual,2026,3 - Meets Expectations,3,3 - Meets Expectations,Stable,Solid Performer,Backbone,Low,9.96,Ready 3-5 Years,Calibration Complete,5 - Exceptional,Yes,Downward,2.28,4.31,No,No,Execution,Team Building,Strategic Vision,1.9,0.8,0.899,2023-07-24,No Flag,Within Range,Consistent performer over 3 cycles.
CAL-7524,EMP-5524,Sarah Martinez,Engineering,Director,Engineering,New York NY,EMP-5033,Q1 2026 Mid-Year,2026,3 - Meets Expectations,3,3 - Meets Expectations,Stable,Solid Performer,Backbone,Medium,4.08,Not Applicable,Pending Manager Review,4 - Exceeds Expectations,No,Upward,3.5,4.78,No,No,Leadership,Team Building,Communication Clarity,5.6,9.4,1.004,2021-04-22,Person with Disability,Below Range,Consistent performer over 3 cycles.
CAL-7525,EMP-5525,Charles Martin,Marketing,Individual Contributor,Marketing,Seattle WA,EMP-5013,Q3 2026 Annual,2026,3 - Meets Expectations,3,4 - Exceeds Expectations,Declined,Growth Potential,Balanced Contributor,High,1.53,Not Applicable,Finalized,3 - Meets Expectations,Yes,No Change,2.13,4.61,No,No,Adaptability,Stakeholder Mgmt,Communication Clarity,12.8,9.5,0.983,2023-10-10,No Flag,Above Range,New to role - calibration advisory only.
CAL-7526,EMP-5526,Elizabeth Davis,Marketing,Individual Contributor,Marketing,Austin TX,EMP-5049,Q3 2025 Annual,2025,4 - Exceeds Expectations,4,2 - Partially Meets,Improved,Watch List,Balanced Contributor,High,8.64,Ready 3-5 Years,Pending Manager Review,4 - Exceeds Expectations,No,Upward,4.49,10.92,Yes,No,Strategic Thinking,Process Improvement,Strategic Vision,1.1,9.1,1.219,2023-04-19,Gender Minority,Below Range,New to role - calibration advisory only.
CAL-7527,EMP-5527,Mark Rodriguez,Operations,Individual Contributor,Operations,Boston MA,EMP-5020,Q1 2026 Mid-Year,2026,3 - Meets Expectations,3,3 - Meets Expectations,Stable,Solid Performer,Backbone,Low,7.78,Not Applicable,Calibration Complete,3 - Meets Expectations,No,Upward,2.63,2.12,No,No,Technical Excellence,Results Orientation,People Management,3.3,2.9,0.897,2022-06-02,No Flag,Below Range,New to role - calibration advisory only.
CAL-7528,EMP-5528,Daniel Rodriguez,Marketing,Team Lead,Marketing,Atlanta GA,EMP-5045,Q3 2025 Annual,2025,2 - Partially Meets,2,3 - Meets Expectations,Declined,Solid Performer,Balanced Contributor,Low,3.29,Ready 3-5 Years,Pending Manager Review,4 - Exceeds Expectations,No,No Change,0.78,1.95,No,No,Analytical Rigor,Data-Driven,Cross-Functional Collaboration,2.9,3.8,1.052,2023-02-21,No Flag,Above Range,Flagged for retention risk.
CAL-7529,EMP-5529,Elizabeth Davis,Data Science,Team Lead,Data Science,Boston MA,EMP-5023,Q1 2026 Mid-Year,2026,4 - Exceeds Expectations,4,4 - Exceeds Expectations,Stable,Solid Performer,Balanced Contributor,Low,8.46,Ready 3-5 Years,Finalized,4 - Exceeds Expectations,No,No Change,5.09,7.18,No,No,Execution,Team Building,Technical Depth,7.6,3.6,0.961,2023-12-11,Person with Disability,Within Range,PIP recommended post calibration.
CAL-7530,EMP-5530,Susan Garcia,Sales,Individual Contributor,Sales,Austin TX,EMP-5022,Q1 2026 Mid-Year,2026,3 - Meets Expectations,3,4 - Exceeds Expectations,Declined,High Potential,Emerging Talent,Medium,7.56,Not Applicable,Calibration Complete,4 - Exceeds Expectations,No,No Change,2.71,4.12,No,No,Technical Excellence,Results Orientation,Prioritization,6.1,9.6,0.797,2024-12-14,Gender Minority,Above Range,PIP recommended post calibration.
CAL-7531,EMP-5531,Joseph Martin,Engineering,SVP,Engineering,Denver CO,EMP-5037,Q1 2026 Mid-Year,2026,3 - Meets Expectations,3,3 - Meets Expectations,Stable,Needs Coaching,Balanced Contributor,Low,8.44,Ready Now,Pending Manager Review,3 - Meets Expectations,No,Downward,3.35,2.92,No,No,Adaptability,Problem Solving,Prioritization,1.1,0.6,1.17,2023-04-18,Veteran,Below Range,New to role - calibration advisory only.
CAL-7532,EMP-5532,Sandra Wilson,Product,Team Lead,Product,New York NY,EMP-5044,Q3 2025 Annual,2025,4 - Exceeds Expectations,4,5 - Exceptional,Declined,Growth Potential,Core Contributor,Low,9.41,Ready 1-2 Years,Calibration Complete,2 - Partially Meets,Yes,No Change,3.79,8.75,Yes,No,Adaptability,Problem Solving,Executive Presence,2.7,5.6,0.768,2021-06-02,Gender Minority,Within Range,High potential validated by skip-level.
CAL-7533,EMP-5533,David Rodriguez,Product,Manager,Product,New York NY,EMP-5022,Q1 2025 Mid-Year,2025,4 - Exceeds Expectations,4,2 - Partially Meets,Improved,Solid Performer,Balanced Contributor,Low,9.46,Not Applicable,Calibration Complete,3 - Meets Expectations,No,Downward,4.99,5.93,No,No,Analytical Rigor,Process Improvement,Strategic Vision,7.7,2.8,1.27,2021-03-30,Veteran,Within Range,Strong calibration supported by peers.
CAL-7534,EMP-5534,Matthew Garcia,Engineering,Individual Contributor,Engineering,Denver CO,EMP-5049,Q1 2026 Mid-Year,2026,4 - Exceeds Expectations,4,4 - Exceeds Expectations,Stable,Solid Performer,Balanced Contributor,Low,4.71,Ready Now,Calibration Complete,3 - Meets Expectations,No,No Change,5.24,4.47,No,No,Leadership,Stakeholder Mgmt,Delegation,1.6,6.0,0.867,2019-12-10,URM,Above Range,Consistent performer over 3 cycles.
CAL-7535,EMP-5535,Richard Johnson,People & HR,Individual Contributor,People & HR,Denver CO,EMP-5046,Q3 2025 Annual,2025,4 - Exceeds Expectations,4,1 - Does Not Meet,Improved,Solid Performer,Balanced Contributor,High,2.17,Not Applicable,Pending Manager Review,4 - Exceeds Expectations,Yes,No Change,4.27,8.15,No,No,Technical Excellence,Process Improvement,Cross-Functional Collaboration,11.0,8.9,0.867,2024-07-13,No Flag,Below Range,Strong calibration supported by peers.
CAL-7536,EMP-5536,Mark Anderson,Marketing,Team Lead,Marketing,New York NY,EMP-5007,Q1 2025 Mid-Year,2025,3 - Meets Expectations,3,1 - Does Not Meet,Improved,High Potential,Emerging Talent,Low,4.13,Ready 3-5 Years,Pending Manager Review,4 - Exceeds Expectations,No,No Change,3.21,4.31,No,No,Technical Excellence,Results Orientation,Prioritization,16.6,0.6,1.001,2020-09-30,URM,Below Range,Strong calibration supported by peers.
CAL-7537,EMP-5537,Anthony Gonzalez,People & HR,Team Lead,People & HR,San Francisco CA,EMP-5034,Q1 2026 Mid-Year,2026,3 - Meets Expectations,3,4 - Exceeds Expectations,Declined,Needs Coaching,Balanced Contributor,Low,9.29,Ready Now,Finalized,3 - Meets Expectations,No,No Change,2.62,4.43,No,No,Analytical Rigor,Data-Driven,Delegation,13.5,5.1,0.803,2021-12-22,No Flag,Within Range,
CAL-7538,EMP-5538,Joseph Hernandez,Marketing,VP,Marketing,Atlanta GA,EMP-5006,Q3 2025 Annual,2025,1 - Does Not Meet,1,3 - Meets Expectations,Declined,Growth Potential,Balanced Contributor,Low,1.07,Ready 1-2 Years,Pending Manager Review,3 - Meets Expectations,No,No Change,0.0,0.0,No,No,Adaptability,Results Orientation,Technical Depth,10.7,8.7,1.28,2021-05-27,URM,Above Range,PIP recommended post calibration.
CAL-7539,EMP-5539,Sandra Brown,Product,Senior Manager,Product,Denver CO,EMP-5027,Q1 2025 Mid-Year,2025,4 - Exceeds Expectations,4,3 - Meets Expectations,Improved,Solid Performer,Balanced Contributor,Low,7.21,Ready Now,Pending Manager Review,3 - Meets Expectations,No,No Change,5.21,12.54,No,No,Strategic Thinking,Team Building,Communication Clarity,1.4,3.3,0.803,2018-07-05,Veteran,Within Range,Flagged for retention risk.
CAL-7540,EMP-5540,Jessica Gonzalez,People & HR,Individual Contributor,People & HR,San Francisco CA,EMP-5002,Q3 2026 Annual,2026,4 - Exceeds Expectations,4,4 - Exceeds Expectations,Stable,High Potential,Future Leader,Low,4.71,Not Applicable,Finalized,1 - Does Not Meet,Yes,No Change,3.5,8.31,Yes,No,Collaboration,Data-Driven,Cross-Functional Collaboration,1.1,8.4,0.831,2023-06-03,Person with Disability,Above Range,
CAL-7541,EMP-5541,Richard Garcia,Marketing,Team Lead,Marketing,Remote,EMP-5029,Q3 2026 Annual,2026,4 - Exceeds Expectations,4,4 - Exceeds Expectations,Stable,Growth Potential,Core Contributor,High,4.46,Ready 1-2 Years,Finalized,3 - Meets Expectations,No,No Change,3.89,8.12,No,No,Analytical Rigor,Data-Driven,Communication Clarity,13.3,8.3,1.309,2025-09-26,Gender Minority,Below Range,Flagged for retention risk.
CAL-7542,EMP-5542,Patricia Davis,Product,Individual Contributor,Product,Seattle WA,EMP-5020,Q1 2026 Mid-Year,2026,1 - Does Not Meet,1,4 - Exceeds Expectations,Declined,Needs Coaching,Underperformer,Medium,5.02,Ready 3-5 Years,Pending Manager Review,2 - Partially Meets,No,No Change,0.0,0.0,No,Yes,Technical Excellence,Data-Driven,Delegation,16.2,5.4,1.039,2025-09-22,URM,Below Range,Consistent performer over 3 cycles.
CAL-7543,EMP-5543,Robert Jackson,Marketing,Director,Marketing,Frisco TX,EMP-5046,Q3 2026 Annual,2026,2 - Partially Meets,2,3 - Meets Expectations,Declined,High Potential,Balanced Contributor,Medium,2.49,Ready Now,Pending Manager Review,3 - Meets Expectations,No,Upward,0.21,0.51,No,No,Adaptability,Process Improvement,Executive Presence,9.5,2.5,1.197,2021-02-07,Veteran,Within Range,Strong calibration supported by peers.
CAL-7544,EMP-5544,Michael Rodriguez,Legal & Compliance,Manager,Legal & Compliance,Chicago IL,EMP-5006,Q3 2025 Annual,2025,2 - Partially Meets,2,3 - Meets Expectations,Declined,Growth Potential,Inconsistent Player,Low,1.26,Ready Now,Finalized,3 - Meets Expectations,No,Upward,1.0,1.85,No,No,Technical Excellence,Problem Solving,Prioritization,3.6,3.0,1.049,2022-03-23,Veteran,Within Range,Calibration adjusted after group review.
CAL-7545,EMP-5545,Mark Jackson,Finance,Individual Contributor,Finance,Remote,EMP-5033,Q3 2025 Annual,2025,2 - Partially Meets,2,4 - Exceeds Expectations,Declined,Needs Coaching,Needs Development,Low,9.49,Ready 3-5 Years,Calibration Complete,3 - Meets Expectations,No,No Change,0.13,0.3,No,No,Execution,Mentoring,Prioritization,12.3,1.6,1.011,2023-04-13,Person with Disability,Within Range,
CAL-7546,EMP-5546,Patricia Jackson,People & HR,Individual Contributor,People & HR,New York NY,EMP-5033,Q1 2026 Mid-Year,2026,3 - Meets Expectations,3,3 - Meets Expectations,Stable,Growth Potential,Balanced Contributor,High,8.33,Ready 3-5 Years,Finalized,3 - Meets Expectations,No,Upward,2.6,4.49,No,No,Leadership,Team Building,People Management,2.1,6.0,1.044,2024-02-06,URM,Below Range,Consistent performer over 3 cycles.
CAL-7547,EMP-5547,Elizabeth Martinez,Engineering,Team Lead,Engineering,New York NY,EMP-5048,Q3 2025 Annual,2025,4 - Exceeds Expectations,4,3 - Meets Expectations,Improved,Solid Performer,Balanced Contributor,Low,3.5,Ready Now,Pending Manager Review,3 - Meets Expectations,Yes,Downward,3.79,3.53,No,No,Customer Focus,Results Orientation,Communication Clarity,4.8,3.0,0.926,2024-08-03,Gender Minority,Below Range,High potential validated by skip-level.
CAL-7548,EMP-5548,Robert Davis,Operations,Manager,Operations,San Francisco CA,EMP-5028,Q3 2025 Annual,2025,1 - Does Not Meet,1,3 - Meets Expectations,Declined,Needs Coaching,Underperformer,Low,7.04,Ready Now,Pending Manager Review,2 - Partially Meets,Yes,Upward,0.0,0.0,No,No,Communication,Results Orientation,Strategic Vision,11.0,2.3,0.88,2023-01-11,Veteran,Below Range,Flagged for retention risk.
CAL-7549,EMP-5549,Linda Miller,Data Science,VP,Data Science,Remote,EMP-5008,Q3 2026 Annual,2026,1 - Does Not Meet,1,4 - Exceeds Expectations,Declined,Needs Coaching,Underperformer,Medium,8.58,Ready Now,Finalized,3 - Meets Expectations,No,Downward,0.0,0.0,No,Yes,Technical Excellence,Data-Driven,Executive Presence,10.5,1.1,1.122,2018-04-02,Veteran,Above Range,New to role - calibration advisory only.
CAL-7550,EMP-5550,Michael Jones,Finance,Team Lead,Finance,Austin TX,EMP-5013,Q3 2025 Annual,2025,2 - Partially Meets,2,3 - Meets Expectations,Declined,Solid Performer,Balanced Contributor,Medium,1.15,Ready 3-5 Years,Finalized,4 - Exceeds Expectations,No,No Change,1.23,1.84,No,No,Collaboration,Problem Solving,Executive Presence,5.0,9.7,1.241,2018-02-21,No Flag,Below Range,Calibration adjusted after group review.
CAL-7551,EMP-5551,Joseph Wilson,Operations,Individual Contributor,Operations,Frisco TX,EMP-5010,Q1 2025 Mid-Year,2025,3 - Meets Expectations,3,3 - Meets Expectations,Stable,Growth Potential,Balanced Contributor,High,9.46,Ready 1-2 Years,Finalized,3 - Meets Expectations,No,No Change,2.7,4.71,No,No,Execution,Mentoring,Delegation,0.6,4.4,1.293,2018-10-17,Person with Disability,Within Range,High potential validated by skip-level.
CAL-7552,EMP-5552,James Garcia,Sales,Senior Manager,Sales,Boston MA,EMP-5040,Q1 2026 Mid-Year,2026,3 - Meets Expectations,3,3 - Meets Expectations,Stable,Solid Performer,Backbone,High,9.96,Ready 3-5 Years,Finalized,3 - Meets Expectations,No,Upward,2.78,3.15,No,No,Analytical Rigor,Data-Driven,Cross-Functional Collaboration,14.2,0.7,1.29,2019-01-05,No Flag,Above Range,
CAL-7553,EMP-5553,Susan Lopez,Customer Experience,Team Lead,Customer Experience,Chicago IL,EMP-5036,Q3 2026 Annual,2026,1 - Does Not Meet,1,3 - Meets Expectations,Declined,High Potential,Balanced Contributor,Medium,8.72,Ready 3-5 Years,Calibration Complete,4 - Exceeds Expectations,Yes,No Change,0.0,0.0,No,Yes,Strategic Thinking,Data-Driven,Cross-Functional Collaboration,7.8,7.6,1.228,2019-03-04,Person with Disability,Within Range,Consistent performer over 3 cycles.
CAL-7554,EMP-5554,Linda Brown,Engineering,SVP,Engineering,Boston MA,EMP-5023,Q3 2025 Annual,2025,2 - Partially Meets,2,3 - Meets Expectations,Declined,Needs Coaching,Needs Development,Low,8.25,Ready Now,Pending Manager Review,2 - Partially Meets,No,No Change,0.88,1.08,No,No,Adaptability,Data-Driven,Executive Presence,19.0,1.8,0.965,2024-03-09,No Flag,Below Range,Calibration adjusted after group review.
CAL-7555,EMP-5555,James Williams,Finance,Individual Contributor,Finance,New York NY,EMP-5000,Q3 2026 Annual,2026,3 - Meets Expectations,3,4 - Exceeds Expectations,Declined,High Potential,Emerging Talent,Low,4.97,Ready 1-2 Years,Finalized,2 - Partially Meets,No,No Change,2.63,3.9,No,No,Innovation,Team Building,Delegation,6.9,5.5,1.216,2024-10-17,Veteran,Below Range,
CAL-7556,EMP-5556,Patricia Jones,Marketing,Manager,Marketing,Remote,EMP-5039,Q3 2025 Annual,2025,5 - Exceptional,5,4 - Exceeds Expectations,Improved,Watch List,Balanced Contributor,High,1.76,Ready 3-5 Years,Pending Manager Review,3 - Meets Expectations,Yes,No Change,7.01,14.17,Yes,No,Technical Excellence,Stakeholder Mgmt,People Management,4.6,2.0,1.01,2018-12-07,Veteran,Above Range,High potential validated by skip-level.
CAL-7557,EMP-5557,Michael Smith,Customer Experience,Senior Manager,Customer Experience,Atlanta GA,EMP-5036,Q3 2026 Annual,2026,5 - Exceptional,5,3 - Meets Expectations,Improved,Needs Coaching,Balanced Contributor,Medium,1.16,Ready 1-2 Years,Pending Manager Review,5 - Exceptional,No,No Change,6.13,5.35,No,No,Strategic Thinking,Project Delivery,Prioritization,5.7,6.6,1.083,2023-11-07,No Flag,Below Range,Consistent performer over 3 cycles.
CAL-7558,EMP-5558,Christopher Jones,Product,Individual Contributor,Product,Atlanta GA,EMP-5050,Q3 2026 Annual,2026,3 - Meets Expectations,3,3 - Meets Expectations,Stable,Solid Performer,Backbone,High,1.72,Not Applicable,Pending Manager Review,3 - Meets Expectations,No,No Change,3.26,4.99,No,No,Analytical Rigor,Problem Solving,Delegation,4.6,7.0,1.252,2024-07-20,Veteran,Above Range,Strong calibration supported by peers.
CAL-7559,EMP-5559,Ashley Wilson,Sales,Manager,Sales,Seattle WA,EMP-5006,Q3 2025 Annual,2025,3 - Meets Expectations,3,3 - Meets Expectations,Stable,Watch List,Balanced Contributor,Low,6.05,Ready 1-2 Years,Pending Manager Review,2 - Partially Meets,No,No Change,3.5,4.59,No,No,Analytical Rigor,Process Improvement,Delegation,3.9,9.6,1.037,2018-12-03,Person with Disability,Below Range,New to role - calibration advisory only.
CAL-7560,EMP-5560,Sarah Johnson,Engineering,Individual Contributor,Engineering,Frisco TX,EMP-5028,Q1 2026 Mid-Year,2026,3 - Meets Expectations,3,1 - Does Not Meet,Improved,Solid Performer,Backbone,Medium,4.94,Ready 3-5 Years,Finalized,5 - Exceptional,No,No Change,2.43,4.2,No,No,Technical Excellence,Stakeholder Mgmt,Executive Presence,4.5,7.6,0.777,2019-03-02,URM,Below Range,PIP recommended post calibration.
CAL-7561,EMP-5561,Susan Thomas,Marketing,Team Lead,Marketing,Seattle WA,EMP-5025,Q3 2025 Annual,2025,4 - Exceeds Expectations,4,1 - Does Not Meet,Improved,Watch List,Balanced Contributor,High,3.23,Ready 1-2 Years,Pending Manager Review,4 - Exceeds Expectations,No,Downward,3.93,7.66,No,No,Adaptability,Stakeholder Mgmt,People Management,17.6,3.3,0.864,2018-11-23,Veteran,Within Range,High potential validated by skip-level.
CAL-7562,EMP-5562,Charles Martinez,Marketing,Individual Contributor,Marketing,Frisco TX,EMP-5049,Q3 2026 Annual,2026,3 - Meets Expectations,3,1 - Does Not Meet,Improved,Solid Performer,Backbone,High,3.53,Ready Now,Finalized,2 - Partially Meets,Yes,No Change,2.62,6.52,No,No,Leadership,Stakeholder Mgmt,Communication Clarity,11.1,9.6,1.027,2023-01-21,No Flag,Within Range,Strong calibration supported by peers.
CAL-7563,EMP-5563,Mark Smith,Customer Experience,Manager,Customer Experience,San Francisco CA,EMP-5010,Q1 2026 Mid-Year,2026,3 - Meets Expectations,3,4 - Exceeds Expectations,Declined,Growth Potential,Balanced Contributor,Low,3.71,Not Applicable,Finalized,4 - Exceeds Expectations,No,No Change,2.79,6.39,No,No,Leadership,Problem Solving,Delegation,11.4,7.3,1.083,2018-01-27,Person with Disability,Within Range,
CAL-7564,EMP-5564,Matthew Miller,Marketing,Individual Contributor,Marketing,Chicago IL,EMP-5006,Q3 2025 Annual,2025,2 - Partially Meets,2,4 - Exceeds Expectations,Declined,Growth Potential,Inconsistent Player,Low,9.72,Ready Now,Finalized,3 - Meets Expectations,No,No Change,1.63,3.42,No,No,Leadership,Problem Solving,People Management,4.9,1.4,1.168,2018-11-03,No Flag,Below Range,Consistent performer over 3 cycles.
CAL-7565,EMP-5565,Mark Smith,Product,Director,Product,Chicago IL,EMP-5024,Q1 2026 Mid-Year,2026,2 - Partially Meets,2,3 - Meets Expectations,Declined,Solid Performer,Balanced Contributor,Low,7.81,Ready 1-2 Years,Finalized,3 - Meets Expectations,Yes,Upward,1.34,2.67,No,No,Technical Excellence,Stakeholder Mgmt,Prioritization,8.2,3.4,0.963,2023-11-16,No Flag,Within Range,PIP recommended post calibration.
CAL-7566,EMP-5566,Daniel Hernandez,Operations,VP,Operations,New York NY,EMP-5042,Q3 2026 Annual,2026,5 - Exceptional,5,1 - Does Not Meet,Improved,Needs Coaching,Balanced Contributor,Low,9.21,Not Applicable,Finalized,3 - Meets Expectations,No,No Change,7.25,7.31,No,No,Execution,Problem Solving,Executive Presence,1.5,1.1,0.966,2019-08-27,Veteran,Within Range,New to role - calibration advisory only.
CAL-7567,EMP-5567,William Brown,Sales,Manager,Sales,Remote,EMP-5030,Q3 2026 Annual,2026,4 - Exceeds Expectations,4,5 - Exceptional,Declined,Needs Coaching,Balanced Contributor,Medium,6.49,Ready Now,Calibration Complete,3 - Meets Expectations,No,Upward,4.36,8.14,No,No,Collaboration,Data-Driven,Executive Presence,2.5,1.6,1.008,2023-01-05,Person with Disability,Within Range,
CAL-7568,EMP-5568,James Wilson,Operations,Manager,Operations,Atlanta GA,EMP-5041,Q3 2026 Annual,2026,3 - Meets Expectations,3,3 - Meets Expectations,Stable,Solid Performer,Backbone,High,4.16,Ready 1-2 Years,Finalized,1 - Does Not Meet,Yes,No Change,3.48,3.75,No,No,Adaptability,Results Orientation,Prioritization,5.4,7.7,0.804,2019-06-14,Veteran,Within Range,Consistent performer over 3 cycles.
CAL-7569,EMP-5569,Sandra Wilson,Finance,Individual Contributor,Finance,San Francisco CA,EMP-5031,Q3 2026 Annual,2026,3 - Meets Expectations,3,2 - Partially Meets,Improved,Solid Performer,Backbone,Low,1.5,Not Applicable,Calibration Complete,3 - Meets Expectations,No,Downward,3.16,7.59,No,No,Strategic Thinking,Stakeholder Mgmt,Executive Presence,14.0,9.3,1.055,2021-08-21,Gender Minority,Above Range,Consistent performer over 3 cycles.
CAL-7570,EMP-5570,Ashley Hernandez,Legal & Compliance,Team Lead,Legal & Compliance,Atlanta GA,EMP-5003,Q3 2026 Annual,2026,5 - Exceptional,5,3 - Meets Expectations,Improved,Solid Performer,Balanced Contributor,Low,5.47,Ready 1-2 Years,Finalized,4 - Exceeds Expectations,Yes,Upward,5.87,13.6,Yes,No,Technical Excellence,Results Orientation,Communication Clarity,7.6,0.7,0.774,2022-11-19,No Flag,Within Range,Calibration adjusted after group review.
CAL-7571,EMP-5571,Daniel Wilson,Customer Experience,SVP,Customer Experience,Remote,EMP-5030,Q1 2025 Mid-Year,2025,3 - Meets Expectations,3,4 - Exceeds Expectations,Declined,Solid Performer,Backbone,High,4.95,Ready 1-2 Years,Calibration Complete,3 - Meets Expectations,Yes,No Change,3.43,7.0,No,No,Collaboration,Team Building,Cross-Functional Collaboration,0.5,3.4,1.252,2022-07-14,Veteran,Above Range,Strong calibration supported by peers.
CAL-7572,EMP-5572,David Jones,Engineering,Individual Contributor,Engineering,San Francisco CA,EMP-5024,Q3 2026 Annual,2026,4 - Exceeds Expectations,4,3 - Meets Expectations,Improved,Solid Performer,Balanced Contributor,Low,4.43,Ready Now,Pending Manager Review,2 - Partially Meets,No,No Change,3.98,6.57,No,No,Communication,Process Improvement,Strategic Vision,10.7,7.2,0.958,2019-11-22,Gender Minority,Below Range,Consistent performer over 3 cycles.
CAL-7573,EMP-5573,Jennifer Johnson,Engineering,Senior Manager,Engineering,New York NY,EMP-5021,Q3 2025 Annual,2025,1 - Does Not Meet,1,2 - Partially Meets,Declined,High Potential,Balanced Contributor,Medium,6.25,Ready 3-5 Years,Pending Manager Review,4 - Exceeds Expectations,No,Upward,0.0,0.0,No,Yes,Communication,Team Building,Prioritization,12.3,8.8,0.976,2019-10-20,URM,Above Range,Flagged for retention risk.
CAL-7574,EMP-5574,William Miller,Engineering,Manager,Engineering,Boston MA,EMP-5008,Q3 2025 Annual,2025,5 - Exceptional,5,4 - Exceeds Expectations,Improved,Growth Potential,High Performer,Low,2.06,Ready 3-5 Years,Finalized,3 - Meets Expectations,No,No Change,6.38,6.15,No,No,Analytical Rigor,Problem Solving,Delegation,12.7,3.7,1.162,2020-01-26,Veteran,Below Range,High potential validated by skip-level.
CAL-7575,EMP-5575,Betty Williams,Legal & Compliance,Team Lead,Legal & Compliance,Atlanta GA,EMP-5046,Q1 2026 Mid-Year,2026,3 - Meets Expectations,3,3 - Meets Expectations,Stable,Growth Potential,Balanced Contributor,Medium,3.1,Ready 1-2 Years,Finalized,3 - Meets Expectations,No,No Change,2.51,3.89,No,No,Technical Excellence,Project Delivery,Technical Depth,12.2,6.6,0.876,2018-01-04,Person with Disability,Above Range,New to role - calibration advisory only.
CAL-7576,EMP-5576,Maria Jones,Customer Experience,Manager,Customer Experience,Atlanta GA,EMP-5004,Q1 2026 Mid-Year,2026,3 - Meets Expectations,3,3 - Meets Expectations,Stable,Needs Coaching,Balanced Contributor,High,2.24,Ready 1-2 Years,Pending Manager Review,4 - Exceeds Expectations,No,No Change,3.33,2.98,No,No,Analytical Rigor,Data-Driven,Technical Depth,4.3,3.9,0.944,2018-09-08,Person with Disability,Above Range,PIP recommended post calibration.
CAL-7577,EMP-5577,Susan Wilson,Legal & Compliance,Director,Legal & Compliance,San Francisco CA,EMP-5018,Q1 2025 Mid-Year,2025,5 - Exceptional,5,4 - Exceeds Expectations,Improved,Solid Performer,Balanced Contributor,Low,6.16,Ready 1-2 Years,Pending Manager Review,1 - Does Not Meet,No,Downward,5.23,9.03,No,No,Innovation,Data-Driven,Technical Depth,17.3,5.0,1.129,2018-11-16,Person with Disability,Within Range,Consistent performer over 3 cycles.
CAL-7578,EMP-5578,Karen Anderson,People & HR,VP,People & HR,Seattle WA,EMP-5035,Q1 2026 Mid-Year,2026,3 - Meets Expectations,3,3 - Meets Expectations,Stable,Needs Coaching,Balanced Contributor,Low,6.54,Ready 1-2 Years,Pending Manager Review,5 - Exceptional,No,No Change,3.49,4.16,No,No,Analytical Rigor,Mentoring,Prioritization,18.4,1.1,1.168,2018-09-30,Veteran,Within Range,Calibration adjusted after group review.
CAL-7579,EMP-5579,John Davis,Customer Experience,Senior Manager,Customer Experience,Remote,EMP-5027,Q1 2025 Mid-Year,2025,4 - Exceeds Expectations,4,3 - Meets Expectations,Improved,Solid Performer,Balanced Contributor,Low,5.99,Ready 1-2 Years,Finalized,2 - Partially Meets,Yes,No Change,4.46,10.3,No,No,Execution,Project Delivery,Strategic Vision,6.5,1.7,1.225,2018-05-01,Person with Disability,Within Range,PIP recommended post calibration.
CAL-7580,EMP-5580,Jennifer Rodriguez,Customer Experience,Individual Contributor,Customer Experience,Austin TX,EMP-5021,Q3 2025 Annual,2025,4 - Exceeds Expectations,4,4 - Exceeds Expectations,Stable,Solid Performer,Balanced Contributor,High,2.38,Not Applicable,Calibration Complete,4 - Exceeds Expectations,Yes,No Change,4.35,9.61,Yes,No,Strategic Thinking,Project Delivery,Cross-Functional Collaboration,6.9,9.6,1.143,2019-10-11,Veteran,Above Range,New to role - calibration advisory only.
CAL-7581,EMP-5581,Ashley Garcia,Customer Experience,Senior Manager,Customer Experience,Atlanta GA,EMP-5008,Q3 2025 Annual,2025,3 - Meets Expectations,3,3 - Meets Expectations,Stable,Solid Performer,Backbone,Medium,2.29,Ready 3-5 Years,Calibration Complete,3 - Meets Expectations,No,No Change,2.1,4.26,No,No,Collaboration,Project Delivery,Technical Depth,2.9,4.2,1.083,2019-01-16,Person with Disability,Above Range,
CAL-7582,EMP-5582,Linda Lopez,Finance,Senior Manager,Finance,Seattle WA,EMP-5005,Q3 2025 Annual,2025,3 - Meets Expectations,3,3 - Meets Expectations,Stable,Solid Performer,Backbone,Medium,7.07,Ready 3-5 Years,Calibration Complete,2 - Partially Meets,No,Upward,2.83,5.13,No,No,Adaptability,Project Delivery,Executive Presence,14.1,7.5,1.081,2022-01-06,Person with Disability,Above Range,
CAL-7583,EMP-5583,Charles Jackson,Finance,Manager,Finance,Remote,EMP-5028,Q1 2025 Mid-Year,2025,5 - Exceptional,5,3 - Meets Expectations,Improved,Needs Coaching,Balanced Contributor,High,8.49,Not Applicable,Finalized,2 - Partially Meets,No,No Change,5.39,12.15,Yes,No,Adaptability,Mentoring,Executive Presence,19.5,9.0,1.135,2018-07-04,Person with Disability,Within Range,New to role - calibration advisory only.
CAL-7584,EMP-5584,Charles Martin,Product,VP,Product,Chicago IL,EMP-5025,Q1 2026 Mid-Year,2026,3 - Meets Expectations,3,3 - Meets Expectations,Stable,Solid Performer,Backbone,Low,3.88,Ready 1-2 Years,Pending Manager Review,3 - Meets Expectations,No,Downward,2.49,3.78,No,No,Customer Focus,Problem Solving,Strategic Vision,10.2,3.8,1.305,2023-02-20,URM,Within Range,New to role - calibration advisory only.
CAL-7585,EMP-5585,Nancy Thomas,Finance,VP,Finance,San Francisco CA,EMP-5030,Q1 2025 Mid-Year,2025,2 - Partially Meets,2,3 - Meets Expectations,Declined,High Potential,Balanced Contributor,Low,9.94,Not Applicable,Finalized,3 - Meets Expectations,No,Upward,0.48,0.5,No,No,Adaptability,Results Orientation,Prioritization,14.1,2.2,1.218,2018-05-11,Person with Disability,Below Range,Consistent performer over 3 cycles.
CAL-7586,EMP-5586,Sarah Wilson,Operations,Team Lead,Operations,Boston MA,EMP-5036,Q1 2025 Mid-Year,2025,3 - Meets Expectations,3,3 - Meets Expectations,Stable,Growth Potential,Balanced Contributor,Low,5.15,Not Applicable,Pending Manager Review,3 - Meets Expectations,No,No Change,2.32,3.79,No,No,Communication,Results Orientation,Strategic Vision,10.5,3.0,1.118,2021-08-23,URM,Within Range,PIP recommended post calibration.
CAL-7587,EMP-5587,Anthony Williams,Operations,Individual Contributor,Operations,Atlanta GA,EMP-5023,Q3 2026 Annual,2026,3 - Meets Expectations,3,2 - Partially Meets,Improved,Watch List,Balanced Contributor,Medium,8.32,Ready Now,Finalized,2 - Partially Meets,No,No Change,2.35,4.19,No,No,Adaptability,Process Improvement,Communication Clarity,12.4,7.3,1.104,2024-01-19,URM,Within Range,Strong calibration supported by peers.
CAL-7588,EMP-5588,Matthew Smith,Product,Individual Contributor,Product,Seattle WA,EMP-5037,Q1 2025 Mid-Year,2025,4 - Exceeds Expectations,4,4 - Exceeds Expectations,Stable,Solid Performer,Balanced Contributor,Low,3.04,Not Applicable,Calibration Complete,2 - Partially Meets,No,No Change,3.63,6.51,Yes,No,Adaptability,Team Building,Prioritization,18.1,5.1,1.155,2022-04-03,URM,Within Range,Calibration adjusted after group review.
CAL-7589,EMP-5589,Barbara Brown,Data Science,Director,Data Science,New York NY,EMP-5002,Q1 2025 Mid-Year,2025,4 - Exceeds Expectations,4,1 - Does Not Meet,Improved,Solid Performer,Balanced Contributor,High,2.7,Not Applicable,Finalized,5 - Exceptional,No,Downward,5.07,11.96,No,No,Customer Focus,Project Delivery,Communication Clarity,14.4,5.7,1.278,2025-08-21,Veteran,Within Range,Flagged for retention risk.
CAL-7590,EMP-5590,Betty Anderson,Data Science,Individual Contributor,Data Science,Austin TX,EMP-5044,Q1 2025 Mid-Year,2025,4 - Exceeds Expectations,4,2 - Partially Meets,Improved,Watch List,Balanced Contributor,Low,9.27,Ready 1-2 Years,Finalized,3 - Meets Expectations,No,No Change,4.6,5.71,No,No,Technical Excellence,Project Delivery,Strategic Vision,17.8,9.9,1.143,2020-07-16,Veteran,Below Range,New to role - calibration advisory only.
CAL-7591,EMP-5591,William Taylor,Data Science,Manager,Data Science,Denver CO,EMP-5033,Q1 2026 Mid-Year,2026,3 - Meets Expectations,3,4 - Exceeds Expectations,Declined,Needs Coaching,Balanced Contributor,Low,6.86,Ready 3-5 Years,Finalized,3 - Meets Expectations,No,No Change,2.39,3.59,No,No,Strategic Thinking,Problem Solving,Executive Presence,13.8,0.5,1.253,2021-03-04,Person with Disability,Within Range,PIP recommended post calibration.
CAL-7592,EMP-5592,Anthony Williams,Customer Experience,Director,Customer Experience,Remote,EMP-5047,Q1 2025 Mid-Year,2025,2 - Partially Meets,2,2 - Partially Meets,Stable,Solid Performer,Balanced Contributor,Medium,2.88,Ready Now,Finalized,3 - Meets Expectations,No,Downward,0.88,0.82,No,No,Leadership,Process Improvement,Delegation,0.9,6.0,1.026,2018-04-25,Veteran,Within Range,New to role - calibration advisory only.
CAL-7593,EMP-5593,Richard Gonzalez,Operations,Team Lead,Operations,San Francisco CA,EMP-5002,Q1 2025 Mid-Year,2025,4 - Exceeds Expectations,4,3 - Meets Expectations,Improved,Solid Performer,Balanced Contributor,High,4.09,Ready 3-5 Years,Pending Manager Review,3 - Meets Expectations,No,No Change,5.5,11.89,Yes,No,Technical Excellence,Results Orientation,Cross-Functional Collaboration,15.4,6.6,1.195,2019-01-14,No Flag,Within Range,Strong calibration supported by peers.
CAL-7594,EMP-5594,Thomas Gonzalez,Data Science,Director,Data Science,Boston MA,EMP-5005,Q3 2025 Annual,2025,3 - Meets Expectations,3,2 - Partially Meets,Improved,Needs Coaching,Balanced Contributor,Medium,8.35,Ready 3-5 Years,Pending Manager Review,3 - Meets Expectations,Yes,No Change,3.18,3.31,No,No,Customer Focus,Stakeholder Mgmt,People Management,3.6,5.2,0.918,2024-01-14,Veteran,Below Range,Consistent performer over 3 cycles.
CAL-7595,EMP-5595,Barbara Taylor,Marketing,Individual Contributor,Marketing,Austin TX,EMP-5029,Q1 2025 Mid-Year,2025,4 - Exceeds Expectations,4,3 - Meets Expectations,Improved,Solid Performer,Balanced Contributor,High,2.42,Not Applicable,Calibration Complete,4 - Exceeds Expectations,No,Downward,4.5,10.81,No,No,Analytical Rigor,Team Building,Communication Clarity,16.1,3.7,0.918,2020-10-05,No Flag,Below Range,PIP recommended post calibration.
CAL-7596,EMP-5596,Christopher Brown,Operations,Director,Operations,New York NY,EMP-5008,Q3 2025 Annual,2025,2 - Partially Meets,2,3 - Meets Expectations,Declined,Watch List,Balanced Contributor,High,7.6,Ready 1-2 Years,Calibration Complete,3 - Meets Expectations,No,No Change,1.94,3.71,No,No,Collaboration,Results Orientation,Communication Clarity,13.4,2.9,0.882,2019-03-06,No Flag,Within Range,Consistent performer over 3 cycles.
CAL-7597,EMP-5597,Maria Lopez,Engineering,Individual Contributor,Engineering,Seattle WA,EMP-5013,Q1 2026 Mid-Year,2026,2 - Partially Meets,2,2 - Partially Meets,Stable,High Potential,Balanced Contributor,Medium,5.65,Ready 1-2 Years,Finalized,5 - Exceptional,Yes,No Change,0.33,0.32,No,No,Execution,Stakeholder Mgmt,Strategic Vision,2.9,4.7,0.767,2023-06-26,No Flag,Above Range,Strong calibration supported by peers.
CAL-7598,EMP-5598,David Smith,Operations,Team Lead,Operations,Atlanta GA,EMP-5027,Q1 2026 Mid-Year,2026,2 - Partially Meets,2,4 - Exceeds Expectations,Declined,Growth Potential,Inconsistent Player,Medium,8.49,Ready 3-5 Years,Calibration Complete,3 - Meets Expectations,Yes,Upward,0.91,2.21,No,No,Analytical Rigor,Stakeholder Mgmt,Delegation,10.7,9.0,1.005,2021-06-13,URM,Within Range,PIP recommended post calibration.
CAL-7599,EMP-5599,Jessica Moore,Data Science,Individual Contributor,Data Science,New York NY,EMP-5015,Q1 2025 Mid-Year,2025,3 - Meets Expectations,3,2 - Partially Meets,Improved,Growth Potential,Balanced Contributor,Low,7.64,Not Applicable,Finalized,4 - Exceeds Expectations,No,No Change,2.32,2.76,No,No,Communication,Stakeholder Mgmt,People Management,13.5,2.4,0.82,2024-03-25,Person with Disability,Within Range,Calibration adjusted after group review.
CAL-7600,EMP-5600,Christopher Hernandez,People & HR,Individual Contributor,People & HR,Denver CO,EMP-5043,Q1 2025 Mid-Year,2025,2 - Partially Meets,2,3 - Meets Expectations,Declined,Solid Performer,Balanced Contributor,Medium,9.2,Ready Now,Pending Manager Review,2 - Partially Meets,No,No Change,0.17,0.21,No,No,Strategic Thinking,Results Orientation,Prioritization,18.3,1.7,1.176,2025-06-30,No Flag,Within Range,PIP recommended post calibration.
CAL-7601,EMP-5601,Linda Anderson,People & HR,Team Lead,People & HR,Austin TX,EMP-5007,Q3 2026 Annual,2026,3 - Meets Expectations,3,4 - Exceeds Expectations,Declined,Watch List,Balanced Contributor,Low,3.46,Ready 3-5 Years,Pending Manager Review,1 - Does Not Meet,No,No Change,2.38,5.87,No,No,Technical Excellence,Mentoring,Technical Depth,11.5,3.7,0.936,2018-03-12,URM,Above Range,New to role - calibration advisory only.
CAL-7602,EMP-5602,Richard Anderson,Legal & Compliance,Director,Legal & Compliance,San Francisco CA,EMP-5005,Q3 2025 Annual,2025,3 - Meets Expectations,3,2 - Partially Meets,Improved,Growth Potential,Balanced Contributor,High,8.74,Ready Now,Pending Manager Review,3 - Meets Expectations,Yes,No Change,2.98,3.38,No,No,Customer Focus,Results Orientation,People Management,10.7,9.0,1.196,2024-07-01,No Flag,Below Range,Flagged for retention risk.
CAL-7603,EMP-5603,Barbara Jackson,Customer Experience,Team Lead,Customer Experience,Chicago IL,EMP-5022,Q1 2025 Mid-Year,2025,2 - Partially Meets,2,3 - Meets Expectations,Declined,Solid Performer,Balanced Contributor,Medium,8.34,Not Applicable,Finalized,3 - Meets Expectations,No,No Change,0.91,2.21,No,No,Technical Excellence,Team Building,Communication Clarity,6.1,5.0,1.069,2021-11-27,Person with Disability,Below Range,Consistent performer over 3 cycles.
CAL-7604,EMP-5604,Ashley Hernandez,Engineering,Director,Engineering,Austin TX,EMP-5019,Q1 2026 Mid-Year,2026,3 - Meets Expectations,3,3 - Meets Expectations,Stable,Needs Coaching,Balanced Contributor,Low,2.53,Ready 1-2 Years,Pending Manager Review,1 - Does Not Meet,No,Upward,2.59,6.07,No,No,Customer Focus,Results Orientation,Communication Clarity,4.1,1.8,0.78,2019-07-26,URM,Above Range,Calibration adjusted after group review.
CAL-7605,EMP-5605,Matthew Jackson,Finance,Team Lead,Finance,Remote,EMP-5017,Q1 2025 Mid-Year,2025,3 - Meets Expectations,3,5 - Exceptional,Declined,Growth Potential,Balanced Contributor,Low,2.43,Ready 1-2 Years,Calibration Complete,2 - Partially Meets,No,No Change,2.81,4.08,No,No,Leadership,Process Improvement,People Management,12.7,2.6,1.154,2024-10-20,Person with Disability,Within Range,Flagged for retention risk.
CAL-7606,EMP-5606,Daniel Wilson,Sales,SVP,Sales,Remote,EMP-5012,Q1 2026 Mid-Year,2026,3 - Meets Expectations,3,2 - Partially Meets,Improved,Solid Performer,Backbone,Low,2.28,Ready 3-5 Years,Pending Manager Review,3 - Meets Expectations,Yes,Downward,3.02,5.24,No,No,Analytical Rigor,Results Orientation,Prioritization,5.9,6.0,1.323,2019-03-20,Person with Disability,Above Range,Consistent performer over 3 cycles.
CAL-7607,EMP-5607,John Gonzalez,Legal & Compliance,SVP,Legal & Compliance,Frisco TX,EMP-5016,Q1 2025 Mid-Year,2025,2 - Partially Meets,2,3 - Meets Expectations,Declined,Needs Coaching,Needs Development,Low,2.75,Ready Now,Finalized,3 - Meets Expectations,No,Upward,0.38,0.34,No,No,Leadership,Stakeholder Mgmt,Technical Depth,16.8,3.1,0.887,2024-12-25,No Flag,Above Range,
CAL-7608,EMP-5608,Richard Moore,Customer Experience,Individual Contributor,Customer Experience,Chicago IL,EMP-5012,Q3 2025 Annual,2025,3 - Meets Expectations,3,3 - Meets Expectations,Stable,Watch List,Balanced Contributor,Low,8.93,Not Applicable,Calibration Complete,3 - Meets Expectations,No,Upward,3.45,6.0,No,No,Collaboration,Project Delivery,Strategic Vision,8.9,0.9,1.111,2023-02-01,URM,Below Range,New to role - calibration advisory only.
CAL-7609,EMP-5609,Mark Jones,People & HR,Individual Contributor,People & HR,Frisco TX,EMP-5025,Q1 2025 Mid-Year,2025,4 - Exceeds Expectations,4,4 - Exceeds Expectations,Stable,High Potential,Future Leader,Medium,3.06,Not Applicable,Finalized,4 - Exceeds Expectations,No,No Change,5.0,11.34,No,No,Adaptability,Process Improvement,People Management,15.4,4.9,0.897,2022-12-04,URM,Within Range,PIP recommended post calibration.
CAL-7610,EMP-5610,Michael Davis,Customer Experience,Director,Customer Experience,Boston MA,EMP-5033,Q1 2026 Mid-Year,2026,4 - Exceeds Expectations,4,3 - Meets Expectations,Improved,Growth Potential,Core Contributor,High,7.42,Not Applicable,Pending Manager Review,4 - Exceeds Expectations,No,Downward,4.26,9.99,Yes,No,Analytical Rigor,Process Improvement,Delegation,18.4,7.0,1.079,2019-05-19,Veteran,Within Range,Strong calibration supported by peers.
CAL-7611,EMP-5611,Ashley Taylor,People & HR,Individual Contributor,People & HR,Atlanta GA,EMP-5003,Q3 2026 Annual,2026,4 - Exceeds Expectations,4,1 - Does Not Meet,Improved,High Potential,Future Leader,Medium,3.81,Ready Now,Finalized,4 - Exceeds Expectations,Yes,No Change,4.04,8.86,Yes,No,Technical Excellence,Mentoring,People Management,13.3,2.9,1.184,2021-04-28,Person with Disability,Below Range,High potential validated by skip-level.
CAL-7612,EMP-5612,Karen Martinez,Customer Experience,Team Lead,Customer Experience,Chicago IL,EMP-5020,Q1 2025 Mid-Year,2025,3 - Meets Expectations,3,1 - Does Not Meet,Improved,Needs Coaching,Balanced Contributor,Medium,9.73,Ready Now,Calibration Complete,2 - Partially Meets,No,Downward,3.34,4.2,No,No,Leadership,Project Delivery,Prioritization,15.1,9.4,0.818,2023-06-23,URM,Above Range,Strong calibration supported by peers.
CAL-7613,EMP-5613,Richard Rodriguez,Finance,Individual Contributor,Finance,Frisco TX,EMP-5004,Q1 2025 Mid-Year,2025,4 - Exceeds Expectations,4,4 - Exceeds Expectations,Stable,High Potential,Future Leader,Low,6.35,Ready 1-2 Years,Calibration Complete,2 - Partially Meets,Yes,No Change,3.79,4.72,No,No,Communication,Process Improvement,Communication Clarity,19.5,10.0,0.939,2023-05-19,Veteran,Within Range,Calibration adjusted after group review.
CAL-7614,EMP-5614,Mark Lopez,Engineering,Individual Contributor,Engineering,Atlanta GA,EMP-5016,Q3 2025 Annual,2025,2 - Partially Meets,2,2 - Partially Meets,Stable,Watch List,Balanced Contributor,Low,3.97,Ready 1-2 Years,Pending Manager Review,4 - Exceeds Expectations,No,No Change,1.47,2.77,No,No,Analytical Rigor,Stakeholder Mgmt,Cross-Functional Collaboration,0.6,7.0,0.886,2021-05-31,Person with Disability,Above Range,High potential validated by skip-level.
CAL-7615,EMP-5615,Sandra Johnson,Data Science,Team Lead,Data Science,Remote,EMP-5022,Q1 2026 Mid-Year,2026,3 - Meets Expectations,3,3 - Meets Expectations,Stable,High Potential,Emerging Talent,Low,9.26,Ready 3-5 Years,Pending Manager Review,1 - Does Not Meet,No,No Change,3.42,7.62,No,No,Analytical Rigor,Project Delivery,Prioritization,15.0,4.9,1.005,2024-08-15,Gender Minority,Within Range,Strong calibration supported by peers.
CAL-7616,EMP-5616,Susan Garcia,Product,Manager,Product,Remote,EMP-5035,Q3 2025 Annual,2025,3 - Meets Expectations,3,4 - Exceeds Expectations,Declined,Growth Potential,Balanced Contributor,Medium,9.56,Ready 1-2 Years,Finalized,4 - Exceeds Expectations,Yes,No Change,2.97,3.85,No,No,Leadership,Team Building,Communication Clarity,5.5,5.4,1.02,2024-02-12,URM,Below Range,Calibration adjusted after group review.
CAL-7617,EMP-5617,Patricia Miller,Legal & Compliance,Manager,Legal & Compliance,Denver CO,EMP-5030,Q1 2026 Mid-Year,2026,3 - Meets Expectations,3,3 - Meets Expectations,Stable,Solid Performer,Backbone,Low,6.56,Ready Now,Finalized,3 - Meets Expectations,No,No Change,2.01,2.53,No,No,Technical Excellence,Project Delivery,Executive Presence,15.1,1.7,1.172,2023-10-19,No Flag,Below Range,
CAL-7618,EMP-5618,Matthew Gonzalez,Marketing,Individual Contributor,Marketing,Seattle WA,EMP-5022,Q3 2026 Annual,2026,3 - Meets Expectations,3,4 - Exceeds Expectations,Declined,Growth Potential,Balanced Contributor,Low,4.57,Ready 1-2 Years,Finalized,1 - Does Not Meet,No,Downward,3.35,5.85,No,No,Leadership,Team Building,Executive Presence,8.5,5.6,1.219,2020-03-21,Person with Disability,Above Range,Strong calibration supported by peers.
CAL-7619,EMP-5619,Charles Brown,Customer Experience,Manager,Customer Experience,San Francisco CA,EMP-5050,Q3 2025 Annual,2025,3 - Meets Expectations,3,3 - Meets Expectations,Stable,Needs Coaching,Balanced Contributor,Medium,1.77,Ready 3-5 Years,Finalized,4 - Exceeds Expectations,Yes,No Change,2.27,4.12,No,No,Technical Excellence,Results Orientation,Prioritization,18.8,9.1,1.21,2019-03-22,No Flag,Above Range,Consistent performer over 3 cycles.
CAL-7620,EMP-5620,James Anderson,Customer Experience,Director,Customer Experience,Frisco TX,EMP-5030,Q1 2026 Mid-Year,2026,1 - Does Not Meet,1,4 - Exceeds Expectations,Declined,Needs Coaching,Underperformer,Medium,1.82,Ready Now,Pending Manager Review,3 - Meets Expectations,No,No Change,0.0,0.0,No,No,Collaboration,Results Orientation,People Management,16.3,5.4,1.036,2023-03-23,Veteran,Above Range,Flagged for retention risk.
CAL-7621,EMP-5621,Michael Moore,Finance,Manager,Finance,San Francisco CA,EMP-5022,Q3 2026 Annual,2026,3 - Meets Expectations,3,4 - Exceeds Expectations,Declined,High Potential,Emerging Talent,Low,1.02,Ready 3-5 Years,Finalized,3 - Meets Expectations,Yes,No Change,2.19,3.9,No,No,Innovation,Results Orientation,Technical Depth,8.5,6.1,1.161,2020-04-23,No Flag,Above Range,High potential validated by skip-level.
CAL-7622,EMP-5622,Matthew Brown,Operations,Individual Contributor,Operations,Austin TX,EMP-5011,Q1 2026 Mid-Year,2026,5 - Exceptional,5,2 - Partially Meets,Improved,Growth Potential,High Performer,Low,9.63,Ready 1-2 Years,Calibration Complete,3 - Meets Expectations,No,Upward,6.37,6.36,No,No,Technical Excellence,Results Orientation,Delegation,10.1,1.0,1.152,2025-02-21,URM,Below Range,PIP recommended post calibration.
CAL-7623,EMP-5623,Sandra Williams,Product,Individual Contributor,Product,Seattle WA,EMP-5004,Q1 2025 Mid-Year,2025,4 - Exceeds Expectations,4,3 - Meets Expectations,Improved,Growth Potential,Core Contributor,Low,8.36,Ready Now,Finalized,2 - Partially Meets,No,No Change,4.7,6.3,No,No,Innovation,Results Orientation,Prioritization,1.7,9.4,0.978,2018-11-12,Person with Disability,Below Range,Flagged for retention risk.
CAL-7624,EMP-5624,Sarah Jackson,Product,Manager,Product,Chicago IL,EMP-5046,Q3 2026 Annual,2026,3 - Meets Expectations,3,3 - Meets Expectations,Stable,Growth Potential,Balanced Contributor,Low,8.72,Ready 3-5 Years,Finalized,4 - Exceeds Expectations,No,No Change,3.36,5.77,No,No,Collaboration,Team Building,Executive Presence,15.2,2.6,1.036,2020-04-22,Gender Minority,Within Range,PIP recommended post calibration.
CAL-7625,EMP-5625,John Anderson,Legal & Compliance,Manager,Legal & Compliance,Atlanta GA,EMP-5003,Q3 2026 Annual,2026,3 - Meets Expectations,3,3 - Meets Expectations,Stable,Solid Performer,Backbone,Low,7.03,Ready 3-5 Years,Finalized,2 - Partially Meets,No,Upward,3.3,7.66,No,No,Analytical Rigor,Project Delivery,Prioritization,19.5,4.1,0.818,2023-10-13,Person with Disability,Within Range,
CAL-7626,EMP-5626,Ashley Hernandez,Product,Individual Contributor,Product,Seattle WA,EMP-5004,Q1 2025 Mid-Year,2025,3 - Meets Expectations,3,4 - Exceeds Expectations,Declined,Needs Coaching,Balanced Contributor,High,3.05,Ready 3-5 Years,Finalized,4 - Exceeds Expectations,No,Downward,2.2,3.9,No,No,Strategic Thinking,Results Orientation,Strategic Vision,10.5,7.3,1.035,2019-05-03,Person with Disability,Above Range,Consistent performer over 3 cycles.
CAL-7627,EMP-5627,Christopher Rodriguez,Marketing,SVP,Marketing,Seattle WA,EMP-5006,Q3 2026 Annual,2026,5 - Exceptional,5,3 - Meets Expectations,Improved,Growth Potential,High Performer,Medium,9.54,Ready Now,Calibration Complete,4 - Exceeds Expectations,Yes,No Change,7.74,11.53,No,No,Technical Excellence,Mentoring,Prioritization,12.3,9.3,1.002,2018-09-17,Gender Minority,Above Range,PIP recommended post calibration.
CAL-7628,EMP-5628,Patricia Gonzalez,People & HR,Individual Contributor,People & HR,Atlanta GA,EMP-5027,Q1 2026 Mid-Year,2026,2 - Partially Meets,2,4 - Exceeds Expectations,Declined,Solid Performer,Balanced Contributor,High,6.6,Ready Now,Finalized,4 - Exceeds Expectations,Yes,Downward,0.08,0.07,No,No,Analytical Rigor,Results Orientation,Communication Clarity,12.9,3.6,1.064,2020-08-22,Veteran,Within Range,
CAL-7629,EMP-5629,Betty Hernandez,Marketing,Director,Marketing,Remote,EMP-5030,Q3 2026 Annual,2026,3 - Meets Expectations,3,3 - Meets Expectations,Stable,Needs Coaching,Balanced Contributor,High,3.48,Ready 3-5 Years,Calibration Complete,5 - Exceptional,No,Downward,3.3,2.86,No,No,Innovation,Mentoring,Delegation,10.9,2.3,0.888,2024-08-03,URM,Below Range,High potential validated by skip-level.
CAL-7630,EMP-5630,William Garcia,Finance,Manager,Finance,San Francisco CA,EMP-5027,Q1 2025 Mid-Year,2025,3 - Meets Expectations,3,4 - Exceeds Expectations,Declined,Growth Potential,Balanced Contributor,Medium,1.88,Not Applicable,Finalized,4 - Exceeds Expectations,No,No Change,2.23,2.05,No,No,Innovation,Problem Solving,Cross-Functional Collaboration,20.0,7.2,0.88,2018-09-01,Person with Disability,Above Range,New to role - calibration advisory only.
CAL-7631,EMP-5631,Mark Brown,Legal & Compliance,Team Lead,Legal & Compliance,Atlanta GA,EMP-5000,Q3 2025 Annual,2025,5 - Exceptional,5,3 - Meets Expectations,Improved,Watch List,Balanced Contributor,High,2.43,Ready Now,Finalized,3 - Meets Expectations,Yes,No Change,6.88,7.98,Yes,No,Leadership,Team Building,Delegation,4.4,6.2,1.032,2023-06-26,Person with Disability,Above Range,Strong calibration supported by peers.
CAL-7632,EMP-5632,Michael Davis,Marketing,Individual Contributor,Marketing,Atlanta GA,EMP-5031,Q1 2026 Mid-Year,2026,3 - Meets Expectations,3,3 - Meets Expectations,Stable,Watch List,Balanced Contributor,Medium,7.08,Ready 1-2 Years,Finalized,3 - Meets Expectations,No,No Change,3.26,5.11,No,No,Adaptability,Project Delivery,Technical Depth,8.4,5.9,1.186,2020-10-20,Gender Minority,Within Range,Calibration adjusted after group review.
CAL-7633,EMP-5633,Thomas Wilson,Data Science,Individual Contributor,Data Science,Remote,EMP-5012,Q1 2026 Mid-Year,2026,3 - Meets Expectations,3,1 - Does Not Meet,Improved,Solid Performer,Backbone,Low,9.97,Ready 1-2 Years,Finalized,3 - Meets Expectations,No,No Change,2.01,3.03,No,No,Customer Focus,Results Orientation,Executive Presence,18.1,0.6,1.349,2023-06-08,Veteran,Below Range,Strong calibration supported by peers.
CAL-7634,EMP-5634,Robert Davis,Finance,Individual Contributor,Finance,Denver CO,EMP-5000,Q1 2025 Mid-Year,2025,3 - Meets Expectations,3,5 - Exceptional,Declined,Solid Performer,Backbone,Low,1.35,Ready 3-5 Years,Finalized,5 - Exceptional,Yes,No Change,3.12,3.96,No,No,Technical Excellence,Mentoring,Communication Clarity,12.9,2.2,1.048,2018-12-05,Gender Minority,Within Range,Flagged for retention risk.
CAL-7635,EMP-5635,Anthony Miller,Finance,Team Lead,Finance,New York NY,EMP-5023,Q1 2026 Mid-Year,2026,5 - Exceptional,5,3 - Meets Expectations,Improved,High Potential,Star,Low,8.14,Ready 1-2 Years,Finalized,2 - Partially Meets,No,No Change,7.96,16.11,No,No,Leadership,Problem Solving,Cross-Functional Collaboration,12.0,9.3,0.97,2025-04-07,No Flag,Within Range,Strong calibration supported by peers.
CAL-7636,EMP-5636,Elizabeth Thomas,Customer Experience,Team Lead,Customer Experience,Chicago IL,EMP-5001,Q1 2025 Mid-Year,2025,3 - Meets Expectations,3,2 - Partially Meets,Improved,Solid Performer,Backbone,Low,4.78,Ready Now,Pending Manager Review,1 - Does Not Meet,No,No Change,2.28,2.7,No,No,Execution,Results Orientation,Executive Presence,13.0,9.9,0.764,2023-01-05,No Flag,Within Range,New to role - calibration advisory only.
CAL-7637,EMP-5637,Christopher Miller,Customer Experience,Individual Contributor,Customer Experience,Chicago IL,EMP-5009,Q1 2026 Mid-Year,2026,4 - Exceeds Expectations,4,5 - Exceptional,Declined,Needs Coaching,Balanced Contributor,Medium,5.47,Ready 3-5 Years,Calibration Complete,1 - Does Not Meet,No,No Change,3.52,8.49,No,No,Analytical Rigor,Data-Driven,Technical Depth,6.1,7.6,1.292,2025-01-20,Veteran,Below Range,Calibration adjusted after group review.
CAL-7638,EMP-5638,Joseph Anderson,Sales,Team Lead,Sales,Atlanta GA,EMP-5041,Q1 2026 Mid-Year,2026,3 - Meets Expectations,3,3 - Meets Expectations,Stable,Growth Potential,Balanced Contributor,Low,3.99,Not Applicable,Finalized,5 - Exceptional,Yes,Upward,2.09,5.02,No,No,Execution,Stakeholder Mgmt,Prioritization,1.0,6.9,0.973,2020-04-26,URM,Within Range,High potential validated by skip-level.
CAL-7639,EMP-5639,Nancy Johnson,Product,Individual Contributor,Product,San Francisco CA,EMP-5019,Q1 2025 Mid-Year,2025,3 - Meets Expectations,3,3 - Meets Expectations,Stable,Growth Potential,Balanced Contributor,Medium,3.04,Ready 1-2 Years,Calibration Complete,1 - Does Not Meet,No,No Change,2.5,2.88,No,No,Innovation,Process Improvement,Cross-Functional Collaboration,4.8,1.6,0.882,2019-06-19,No Flag,Within Range,PIP recommended post calibration.
CAL-7640,EMP-5640,Richard Taylor,People & HR,Director,People & HR,Seattle WA,EMP-5039,Q3 2026 Annual,2026,3 - Meets Expectations,3,2 - Partially Meets,Improved,Watch List,Balanced Contributor,Low,4.44,Ready Now,Calibration Complete,5 - Exceptional,No,Downward,2.36,2.88,No,No,Analytical Rigor,Project Delivery,Delegation,14.8,9.0,1.117,2021-10-05,URM,Below Range,New to role - calibration advisory only.
CAL-7641,EMP-5641,Sarah Rodriguez,Legal & Compliance,Senior Manager,Legal & Compliance,Boston MA,EMP-5035,Q1 2025 Mid-Year,2025,2 - Partially Meets,2,3 - Meets Expectations,Declined,Growth Potential,Inconsistent Player,Low,6.94,Ready 1-2 Years,Finalized,3 - Meets Expectations,No,No Change,0.45,0.41,No,No,Strategic Thinking,Results Orientation,Technical Depth,4.5,2.2,0.916,2020-02-23,Veteran,Above Range,Calibration adjusted after group review.
CAL-7642,EMP-5642,Christopher Taylor,Engineering,Director,Engineering,Chicago IL,EMP-5012,Q3 2026 Annual,2026,3 - Meets Expectations,3,3 - Meets Expectations,Stable,Growth Potential,Balanced Contributor,Low,6.33,Ready 1-2 Years,Calibration Complete,3 - Meets Expectations,No,No Change,2.75,3.39,No,No,Collaboration,Team Building,Prioritization,11.7,5.9,1.092,2023-12-13,URM,Within Range,PIP recommended post calibration.
CAL-7643,EMP-5643,Barbara Thomas,Legal & Compliance,Team Lead,Legal & Compliance,Chicago IL,EMP-5026,Q1 2025 Mid-Year,2025,3 - Meets Expectations,3,3 - Meets Expectations,Stable,Solid Performer,Backbone,Low,7.8,Not Applicable,Pending Manager Review,4 - Exceeds Expectations,No,No Change,2.95,3.1,No,No,Analytical Rigor,Problem Solving,Strategic Vision,6.3,2.1,0.986,2019-06-28,Veteran,Within Range,New to role - calibration advisory only.
CAL-7644,EMP-5644,Jessica Smith,Marketing,Senior Manager,Marketing,Remote,EMP-5006,Q1 2026 Mid-Year,2026,2 - Partially Meets,2,3 - Meets Expectations,Declined,Needs Coaching,Needs Development,High,6.85,Ready 3-5 Years,Finalized,4 - Exceeds Expectations,No,No Change,0.09,0.11,No,No,Adaptability,Problem Solving,Delegation,17.9,4.8,0.82,2018-10-11,No Flag,Above Range,Flagged for retention risk.
CAL-7645,EMP-5645,Robert Brown,Customer Experience,Team Lead,Customer Experience,Frisco TX,EMP-5012,Q1 2026 Mid-Year,2026,3 - Meets Expectations,3,4 - Exceeds Expectations,Declined,Growth Potential,Balanced Contributor,Low,6.29,Ready Now,Calibration Complete,3 - Meets Expectations,No,Upward,2.6,3.86,No,No,Communication,Stakeholder Mgmt,Strategic Vision,10.5,7.9,1.175,2022-02-27,Gender Minority,Within Range,Consistent performer over 3 cycles.
CAL-7646,EMP-5646,Betty Jackson,Sales,Individual Contributor,Sales,Chicago IL,EMP-5012,Q1 2026 Mid-Year,2026,1 - Does Not Meet,1,2 - Partially Meets,Declined,Growth Potential,Balanced Contributor,High,9.6,Ready 3-5 Years,Finalized,3 - Meets Expectations,No,No Change,0.0,0.0,No,No,Leadership,Process Improvement,Delegation,6.4,1.9,1.037,2022-10-17,No Flag,Within Range,Consistent performer over 3 cycles.
CAL-7647,EMP-5647,James Miller,Sales,Director,Sales,Boston MA,EMP-5000,Q1 2026 Mid-Year,2026,3 - Meets Expectations,3,3 - Meets Expectations,Stable,Growth Potential,Balanced Contributor,Medium,3.68,Ready 1-2 Years,Calibration Complete,3 - Meets Expectations,Yes,No Change,2.99,7.0,No,No,Analytical Rigor,Results Orientation,Delegation,4.3,0.5,1.325,2023-09-18,URM,Below Range,Consistent performer over 3 cycles.
CAL-7648,EMP-5648,Michael Miller,Engineering,Manager,Engineering,Austin TX,EMP-5013,Q3 2025 Annual,2025,4 - Exceeds Expectations,4,3 - Meets Expectations,Improved,Solid Performer,Balanced Contributor,Low,4.85,Ready Now,Finalized,4 - Exceeds Expectations,No,No Change,5.24,12.95,No,No,Customer Focus,Stakeholder Mgmt,Strategic Vision,14.4,9.2,1.32,2025-06-24,Veteran,Below Range,Consistent performer over 3 cycles.
CAL-7649,EMP-5649,Richard Hernandez,People & HR,Individual Contributor,People & HR,Remote,EMP-5015,Q1 2026 Mid-Year,2026,4 - Exceeds Expectations,4,3 - Meets Expectations,Improved,Needs Coaching,Balanced Contributor,Medium,4.7,Ready Now,Calibration Complete,3 - Meets Expectations,No,No Change,5.03,10.32,No,No,Strategic Thinking,Stakeholder Mgmt,Communication Clarity,5.0,8.9,1.169,2022-05-30,Gender Minority,Within Range,
CAL-7650,EMP-5650,Michael Davis,Product,Individual Contributor,Product,Denver CO,EMP-5002,Q3 2025 Annual,2025,3 - Meets Expectations,3,4 - Exceeds Expectations,Declined,High Potential,Emerging Talent,Low,3.33,Ready 1-2 Years,Finalized,4 - Exceeds Expectations,No,No Change,2.17,2.84,No,No,Execution,Project Delivery,Technical Depth,3.9,0.6,0.89,2025-08-19,Person with Disability,Within Range,Consistent performer over 3 cycles.
CAL-7651,EMP-5651,Daniel Lopez,Engineering,Individual Contributor,Engineering,New York NY,EMP-5015,Q3 2026 Annual,2026,4 - Exceeds Expectations,4,4 - Exceeds Expectations,Stable,Growth Potential,Core Contributor,Low,7.94,Ready 1-2 Years,Pending Manager Review,2 - Partially Meets,No,Downward,4.15,6.59,No,No,Customer Focus,Mentoring,Technical Depth,2.7,3.0,0.855,2020-11-14,Gender Minority,Below Range,PIP recommended post calibration.
CAL-7652,EMP-5652,Joseph Wilson,Operations,Individual Contributor,Operations,Remote,EMP-5026,Q1 2026 Mid-Year,2026,3 - Meets Expectations,3,4 - Exceeds Expectations,Declined,Watch List,Balanced Contributor,High,3.2,Ready 3-5 Years,Finalized,2 - Partially Meets,No,No Change,2.41,3.31,No,No,Communication,Process Improvement,Cross-Functional Collaboration,5.2,3.9,1.191,2024-08-05,Gender Minority,Above Range,Calibration adjusted after group review.
CAL-7653,EMP-5653,Susan Taylor,Sales,Individual Contributor,Sales,Remote,EMP-5004,Q3 2026 Annual,2026,4 - Exceeds Expectations,4,3 - Meets Expectations,Improved,Growth Potential,Core Contributor,Medium,9.25,Ready Now,Pending Manager Review,3 - Meets Expectations,No,Upward,4.62,5.6,Yes,No,Technical Excellence,Mentoring,Communication Clarity,15.3,1.5,1.21,2023-12-22,Gender Minority,Below Range,Strong calibration supported by peers.
CAL-7654,EMP-5654,Susan Wilson,Legal & Compliance,Team Lead,Legal & Compliance,Denver CO,EMP-5031,Q3 2025 Annual,2025,3 - Meets Expectations,3,2 - Partially Meets,Improved,Growth Potential,Balanced Contributor,Medium,8.34,Ready 3-5 Years,Calibration Complete,3 - Meets Expectations,No,No Change,2.59,3.79,No,No,Adaptability,Data-Driven,Prioritization,11.3,1.4,0.945,2021-05-07,Gender Minority,Below Range,
CAL-7655,EMP-5655,Mark Gonzalez,Operations,Team Lead,Operations,Remote,EMP-5007,Q3 2025 Annual,2025,3 - Meets Expectations,3,3 - Meets Expectations,Stable,Solid Performer,Backbone,Low,4.02,Not Applicable,Finalized,2 - Partially Meets,No,Upward,2.96,2.66,No,No,Leadership,Project Delivery,Communication Clarity,9.4,6.6,0.759,2024-11-23,Gender Minority,Below Range,Calibration adjusted after group review.
CAL-7656,EMP-5656,Matthew Moore,Operations,Manager,Operations,Remote,EMP-5040,Q3 2025 Annual,2025,3 - Meets Expectations,3,4 - Exceeds Expectations,Declined,Needs Coaching,Balanced Contributor,Medium,3.22,Ready Now,Finalized,3 - Meets Expectations,Yes,No Change,2.57,3.93,No,No,Strategic Thinking,Mentoring,Prioritization,13.6,1.3,1.049,2024-07-31,No Flag,Below Range,PIP recommended post calibration.
CAL-7657,EMP-5657,Betty Williams,People & HR,Director,People & HR,Austin TX,EMP-5030,Q1 2025 Mid-Year,2025,3 - Meets Expectations,3,4 - Exceeds Expectations,Declined,Growth Potential,Balanced Contributor,Low,9.11,Ready Now,Calibration Complete,3 - Meets Expectations,No,No Change,2.99,4.46,No,No,Collaboration,Data-Driven,Technical Depth,0.6,2.9,0.974,2019-12-05,Gender Minority,Within Range,Consistent performer over 3 cycles.
CAL-7658,EMP-5658,Thomas Williams,Data Science,SVP,Data Science,Austin TX,EMP-5035,Q3 2026 Annual,2026,3 - Meets Expectations,3,3 - Meets Expectations,Stable,Solid Performer,Backbone,Medium,1.41,Ready Now,Finalized,5 - Exceptional,Yes,No Change,2.0,2.33,No,No,Adaptability,Data-Driven,Technical Depth,18.7,2.4,0.993,2020-04-14,No Flag,Within Range,PIP recommended post calibration.
CAL-7659,EMP-5659,John Anderson,Customer Experience,Team Lead,Customer Experience,Boston MA,EMP-5039,Q3 2026 Annual,2026,4 - Exceeds Expectations,4,4 - Exceeds Expectations,Stable,Needs Coaching,Balanced Contributor,Medium,9.02,Ready 3-5 Years,Finalized,4 - Exceeds Expectations,No,No Change,4.15,3.77,No,No,Technical Excellence,Project Delivery,Delegation,11.3,2.0,1.059,2021-09-30,Gender Minority,Within Range,Flagged for retention risk.
CAL-7660,EMP-5660,James Lopez,Finance,Individual Contributor,Finance,San Francisco CA,EMP-5027,Q1 2026 Mid-Year,2026,2 - Partially Meets,2,5 - Exceptional,Declined,Growth Potential,Inconsistent Player,Medium,6.56,Ready 3-5 Years,Pending Manager Review,3 - Meets Expectations,Yes,No Change,0.42,0.73,No,No,Strategic Thinking,Data-Driven,Technical Depth,15.2,3.0,1.006,2024-11-26,Veteran,Above Range,Strong calibration supported by peers.
CAL-7661,EMP-5661,Christopher Lopez,Customer Experience,Team Lead,Customer Experience,New York NY,EMP-5018,Q1 2026 Mid-Year,2026,2 - Partially Meets,2,4 - Exceeds Expectations,Declined,Growth Potential,Inconsistent Player,Medium,9.82,Ready 3-5 Years,Finalized,2 - Partially Meets,Yes,Upward,1.63,1.96,No,No,Execution,Data-Driven,Strategic Vision,17.1,5.0,1.142,2019-01-25,No Flag,Above Range,Flagged for retention risk.
CAL-7662,EMP-5662,Jennifer Martin,Operations,Manager,Operations,Chicago IL,EMP-5023,Q1 2026 Mid-Year,2026,4 - Exceeds Expectations,4,5 - Exceptional,Declined,Needs Coaching,Balanced Contributor,Low,8.4,Ready Now,Finalized,3 - Meets Expectations,No,No Change,5.17,6.85,No,No,Adaptability,Project Delivery,Strategic Vision,12.3,9.5,1.35,2022-01-15,Veteran,Above Range,High potential validated by skip-level.
CAL-7663,EMP-5663,Richard Smith,Sales,Senior Manager,Sales,Seattle WA,EMP-5003,Q3 2025 Annual,2025,2 - Partially Meets,2,1 - Does Not Meet,Improved,Needs Coaching,Needs Development,Low,3.62,Ready 3-5 Years,Calibration Complete,2 - Partially Meets,No,No Change,0.65,0.77,No,No,Collaboration,Data-Driven,Executive Presence,10.5,5.6,1.027,2019-02-18,Gender Minority,Below Range,
CAL-7664,EMP-5664,Jessica Brown,Product,Director,Product,Remote,EMP-5021,Q1 2025 Mid-Year,2025,3 - Meets Expectations,3,3 - Meets Expectations,Stable,High Potential,Emerging Talent,Low,9.71,Ready 1-2 Years,Pending Manager Review,5 - Exceptional,No,No Change,3.16,7.55,No,No,Communication,Problem Solving,Cross-Functional Collaboration,14.7,9.3,0.896,2018-07-25,URM,Within Range,Flagged for retention risk.
CAL-7665,EMP-5665,William Gonzalez,Sales,VP,Sales,Atlanta GA,EMP-5047,Q3 2025 Annual,2025,4 - Exceeds Expectations,4,3 - Meets Expectations,Improved,Growth Potential,Core Contributor,High,5.8,Ready Now,Finalized,3 - Meets Expectations,No,No Change,3.54,8.72,Yes,No,Technical Excellence,Process Improvement,Strategic Vision,19.7,3.9,1.334,2019-05-16,Gender Minority,Within Range,Consistent performer over 3 cycles.
CAL-7666,EMP-5666,Matthew Miller,Finance,Manager,Finance,Seattle WA,EMP-5008,Q1 2025 Mid-Year,2025,4 - Exceeds Expectations,4,3 - Meets Expectations,Improved,Growth Potential,Core Contributor,Low,8.93,Ready 1-2 Years,Pending Manager Review,3 - Meets Expectations,No,No Change,5.23,7.23,No,No,Analytical Rigor,Problem Solving,Communication Clarity,3.4,6.7,1.191,2023-05-08,Gender Minority,Above Range,
CAL-7667,EMP-5667,Jennifer Lopez,Data Science,Individual Contributor,Data Science,Remote,EMP-5012,Q1 2025 Mid-Year,2025,4 - Exceeds Expectations,4,3 - Meets Expectations,Improved,Solid Performer,Balanced Contributor,Medium,9.51,Ready Now,Finalized,3 - Meets Expectations,No,Upward,5.22,10.18,No,No,Technical Excellence,Team Building,Technical Depth,14.6,7.5,1.212,2019-06-26,Veteran,Within Range,
CAL-7668,EMP-5668,Anthony Martin,Engineering,Director,Engineering,Frisco TX,EMP-5015,Q1 2026 Mid-Year,2026,3 - Meets Expectations,3,3 - Meets Expectations,Stable,Watch List,Balanced Contributor,High,6.08,Ready Now,Calibration Complete,4 - Exceeds Expectations,No,No Change,2.17,3.05,No,No,Strategic Thinking,Process Improvement,Strategic Vision,4.3,4.6,0.793,2024-02-16,Gender Minority,Above Range,PIP recommended post calibration.
CAL-7669,EMP-5669,Barbara Rodriguez,Data Science,Individual Contributor,Data Science,New York NY,EMP-5004,Q3 2026 Annual,2026,3 - Meets Expectations,3,1 - Does Not Meet,Improved,Solid Performer,Backbone,Low,9.08,Ready Now,Calibration Complete,1 - Does Not Meet,No,Upward,2.74,4.03,No,No,Innovation,Stakeholder Mgmt,Executive Presence,5.9,2.1,0.778,2020-11-18,Veteran,Within Range,High potential validated by skip-level.
CAL-7670,EMP-5670,Susan Davis,Finance,Director,Finance,New York NY,EMP-5004,Q1 2025 Mid-Year,2025,3 - Meets Expectations,3,3 - Meets Expectations,Stable,Growth Potential,Balanced Contributor,High,5.98,Ready Now,Finalized,2 - Partially Meets,No,No Change,3.25,4.94,No,No,Innovation,Team Building,Executive Presence,12.4,0.8,1.124,2021-12-17,URM,Within Range,High potential validated by skip-level.
CAL-7671,EMP-5671,David Lopez,Sales,Director,Sales,Frisco TX,EMP-5003,Q1 2025 Mid-Year,2025,3 - Meets Expectations,3,3 - Meets Expectations,Stable,Growth Potential,Balanced Contributor,Medium,5.55,Ready Now,Finalized,1 - Does Not Meet,No,No Change,2.01,3.81,No,No,Adaptability,Project Delivery,Executive Presence,16.7,1.3,0.817,2024-03-29,Veteran,Above Range,New to role - calibration advisory only.
CAL-7672,EMP-5672,Ashley Miller,Finance,Manager,Finance,Austin TX,EMP-5021,Q3 2025 Annual,2025,2 - Partially Meets,2,3 - Meets Expectations,Declined,Watch List,Balanced Contributor,High,4.98,Ready 3-5 Years,Finalized,3 - Meets Expectations,No,No Change,0.04,0.05,No,No,Technical Excellence,Project Delivery,Prioritization,7.3,5.7,0.947,2019-02-23,Veteran,Within Range,Calibration adjusted after group review.
CAL-7673,EMP-5673,Maria Wilson,People & HR,Director,People & HR,Seattle WA,EMP-5014,Q3 2025 Annual,2025,3 - Meets Expectations,3,3 - Meets Expectations,Stable,Growth Potential,Balanced Contributor,Low,2.92,Ready 3-5 Years,Finalized,1 - Does Not Meet,No,No Change,2.52,3.69,No,No,Analytical Rigor,Stakeholder Mgmt,Prioritization,12.1,8.9,0.99,2023-01-14,Person with Disability,Within Range,High potential validated by skip-level.
CAL-7674,EMP-5674,Ashley Gonzalez,Data Science,Manager,Data Science,Atlanta GA,EMP-5031,Q1 2026 Mid-Year,2026,1 - Does Not Meet,1,3 - Meets Expectations,Declined,Solid Performer,Balanced Contributor,High,5.83,Not Applicable,Finalized,2 - Partially Meets,No,Upward,0.0,0.0,No,No,Strategic Thinking,Team Building,Technical Depth,5.1,6.6,0.995,2023-10-23,No Flag,Below Range,Consistent performer over 3 cycles.
CAL-7675,EMP-5675,William Taylor,Product,Director,Product,San Francisco CA,EMP-5048,Q1 2025 Mid-Year,2025,1 - Does Not Meet,1,3 - Meets Expectations,Declined,Growth Potential,Balanced Contributor,High,6.96,Ready 1-2 Years,Finalized,2 - Partially Meets,No,No Change,0.0,0.0,No,No,Analytical Rigor,Mentoring,Communication Clarity,0.6,9.9,1.245,2024-11-20,URM,Above Range,High potential validated by skip-level.
CAL-7676,EMP-5676,Maria Moore,Finance,Director,Finance,Frisco TX,EMP-5032,Q1 2025 Mid-Year,2025,3 - Meets Expectations,3,4 - Exceeds Expectations,Declined,Solid Performer,Backbone,Low,1.33,Not Applicable,Finalized,3 - Meets Expectations,No,Downward,2.29,4.81,No,No,Customer Focus,Results Orientation,Communication Clarity,7.4,3.1,1.097,2018-08-19,Veteran,Within Range,New to role - calibration advisory only.
CAL-7677,EMP-5677,Betty Williams,Operations,Individual Contributor,Operations,San Francisco CA,EMP-5017,Q1 2026 Mid-Year,2026,2 - Partially Meets,2,3 - Meets Expectations,Declined,Solid Performer,Balanced Contributor,Low,9.08,Ready 1-2 Years,Finalized,3 - Meets Expectations,No,No Change,0.64,1.37,No,No,Adaptability,Stakeholder Mgmt,Prioritization,1.7,7.5,1.104,2025-12-27,Person with Disability,Below Range,Consistent performer over 3 cycles.
CAL-7678,EMP-5678,Linda Davis,Sales,Individual Contributor,Sales,Boston MA,EMP-5046,Q3 2025 Annual,2025,4 - Exceeds Expectations,4,3 - Meets Expectations,Improved,Solid Performer,Balanced Contributor,Low,2.26,Ready Now,Calibration Complete,4 - Exceeds Expectations,Yes,Downward,4.7,9.59,No,No,Communication,Results Orientation,Cross-Functional Collaboration,5.0,7.3,1.304,2018-08-03,Gender Minority,Below Range,New to role - calibration advisory only.
CAL-7679,EMP-5679,Linda Johnson,Data Science,Individual Contributor,Data Science,Remote,EMP-5031,Q1 2026 Mid-Year,2026,3 - Meets Expectations,3,3 - Meets Expectations,Stable,Needs Coaching,Balanced Contributor,High,7.0,Ready Now,Pending Manager Review,5 - Exceptional,No,No Change,3.08,3.08,No,No,Collaboration,Process Improvement,Delegation,2.1,8.2,0.92,2022-06-21,URM,Below Range,
CAL-7680,EMP-5680,Susan Williams,Legal & Compliance,Team Lead,Legal & Compliance,Chicago IL,EMP-5047,Q1 2026 Mid-Year,2026,3 - Meets Expectations,3,3 - Meets Expectations,Stable,Growth Potential,Balanced Contributor,Medium,3.37,Ready 1-2 Years,Finalized,3 - Meets Expectations,No,No Change,2.93,3.71,No,No,Adaptability,Mentoring,Cross-Functional Collaboration,15.7,1.7,1.254,2025-04-22,No Flag,Below Range,Calibration adjusted after group review.
CAL-7681,EMP-5681,Elizabeth Garcia,Legal & Compliance,Director,Legal & Compliance,Chicago IL,EMP-5039,Q3 2026 Annual,2026,3 - Meets Expectations,3,3 - Meets Expectations,Stable,Solid Performer,Backbone,Medium,1.07,Not Applicable,Pending Manager Review,3 - Meets Expectations,No,No Change,3.46,4.51,No,No,Technical Excellence,Mentoring,Prioritization,14.2,5.2,1.011,2025-09-24,Person with Disability,Above Range,High potential validated by skip-level.
CAL-7682,EMP-5682,Sarah Jackson,Operations,Manager,Operations,San Francisco CA,EMP-5013,Q3 2025 Annual,2025,1 - Does Not Meet,1,3 - Meets Expectations,Declined,Solid Performer,Balanced Contributor,Medium,6.55,Ready 3-5 Years,Finalized,5 - Exceptional,No,No Change,0.0,0.0,No,Yes,Adaptability,Problem Solving,Communication Clarity,10.9,2.5,1.084,2019-04-16,URM,Above Range,New to role - calibration advisory only.
CAL-7683,EMP-5683,Christopher Hernandez,Finance,Director,Finance,Remote,EMP-5002,Q1 2026 Mid-Year,2026,4 - Exceeds Expectations,4,2 - Partially Meets,Improved,Needs Coaching,Balanced Contributor,Low,8.97,Ready 1-2 Years,Finalized,3 - Meets Expectations,No,No Change,4.67,7.19,Yes,No,Strategic Thinking,Results Orientation,Strategic Vision,13.3,5.5,0.984,2021-12-24,Veteran,Below Range,New to role - calibration advisory only.
CAL-7684,EMP-5684,Margaret Lopez,People & HR,Manager,People & HR,Denver CO,EMP-5029,Q3 2026 Annual,2026,4 - Exceeds Expectations,4,3 - Meets Expectations,Improved,High Potential,Future Leader,Medium,7.38,Ready Now,Finalized,4 - Exceeds Expectations,Yes,Upward,4.79,8.2,Yes,No,Innovation,Problem Solving,Communication Clarity,7.3,2.2,1.236,2024-10-09,No Flag,Above Range,High potential validated by skip-level.
CAL-7685,EMP-5685,Elizabeth Thomas,Legal & Compliance,Senior Manager,Legal & Compliance,Denver CO,EMP-5032,Q3 2026 Annual,2026,3 - Meets Expectations,3,3 - Meets Expectations,Stable,High Potential,Emerging Talent,Low,3.35,Ready 3-5 Years,Finalized,5 - Exceptional,No,No Change,2.24,5.09,No,No,Communication,Project Delivery,People Management,4.3,6.4,0.922,2022-06-09,URM,Within Range,New to role - calibration advisory only.
CAL-7686,EMP-5686,Susan Jones,Engineering,Director,Engineering,San Francisco CA,EMP-5002,Q3 2026 Annual,2026,4 - Exceeds Expectations,4,3 - Meets Expectations,Improved,High Potential,Future Leader,Low,7.55,Ready 1-2 Years,Calibration Complete,4 - Exceeds Expectations,No,No Change,4.77,10.45,No,No,Innovation,Team Building,Delegation,4.7,3.9,1.258,2018-03-10,Person with Disability,Below Range,Calibration adjusted after group review.
CAL-7687,EMP-5687,Jennifer Jackson,Marketing,Manager,Marketing,Chicago IL,EMP-5040,Q3 2025 Annual,2025,2 - Partially Meets,2,3 - Meets Expectations,Declined,Needs Coaching,Needs Development,Low,9.48,Ready 1-2 Years,Pending Manager Review,4 - Exceeds Expectations,Yes,No Change,0.76,1.24,No,No,Adaptability,Data-Driven,Technical Depth,9.4,1.7,1.002,2019-11-27,Veteran,Below Range,PIP recommended post calibration.
CAL-7688,EMP-5688,Linda Taylor,Operations,Director,Operations,San Francisco CA,EMP-5034,Q3 2025 Annual,2025,2 - Partially Meets,2,4 - Exceeds Expectations,Declined,Solid Performer,Balanced Contributor,Medium,7.75,Not Applicable,Finalized,3 - Meets Expectations,No,Downward,1.9,4.36,No,No,Collaboration,Team Building,Cross-Functional Collaboration,12.0,0.9,1.1,2022-01-31,Veteran,Below Range,New to role - calibration advisory only.
CAL-7689,EMP-5689,Anthony Jackson,Finance,Team Lead,Finance,Seattle WA,EMP-5047,Q3 2026 Annual,2026,4 - Exceeds Expectations,4,4 - Exceeds Expectations,Stable,Needs Coaching,Balanced Contributor,Low,4.09,Not Applicable,Calibration Complete,3 - Meets Expectations,Yes,No Change,5.48,4.83,No,No,Strategic Thinking,Data-Driven,Prioritization,19.6,8.3,0.866,2023-04-14,Person with Disability,Below Range,
CAL-7690,EMP-5690,Sandra Wilson,Data Science,Manager,Data Science,Atlanta GA,EMP-5009,Q3 2025 Annual,2025,3 - Meets Expectations,3,5 - Exceptional,Declined,Growth Potential,Balanced Contributor,Low,6.18,Ready Now,Finalized,2 - Partially Meets,No,No Change,3.28,2.63,No,No,Strategic Thinking,Data-Driven,Prioritization,0.9,9.7,0.868,2020-10-25,URM,Within Range,Flagged for retention risk.
CAL-7691,EMP-5691,Joseph Miller,Customer Experience,Manager,Customer Experience,Denver CO,EMP-5005,Q3 2025 Annual,2025,3 - Meets Expectations,3,5 - Exceptional,Declined,Solid Performer,Backbone,Medium,1.53,Ready 3-5 Years,Calibration Complete,4 - Exceeds Expectations,No,Upward,3.29,4.68,No,No,Strategic Thinking,Results Orientation,Strategic Vision,3.5,3.5,0.967,2021-03-12,Gender Minority,Below Range,Calibration adjusted after group review.
CAL-7692,EMP-5692,Linda Taylor,Data Science,SVP,Data Science,Boston MA,EMP-5036,Q3 2025 Annual,2025,4 - Exceeds Expectations,4,3 - Meets Expectations,Improved,Watch List,Balanced Contributor,Low,1.74,Ready 1-2 Years,Finalized,5 - Exceptional,No,No Change,4.01,9.27,No,No,Innovation,Problem Solving,Prioritization,19.3,3.9,1.318,2019-01-21,Veteran,Above Range,PIP recommended post calibration.
CAL-7693,EMP-5693,Margaret Garcia,Engineering,Director,Engineering,Frisco TX,EMP-5005,Q3 2025 Annual,2025,3 - Meets Expectations,3,5 - Exceptional,Declined,Solid Performer,Backbone,Low,3.58,Ready 3-5 Years,Calibration Complete,3 - Meets Expectations,No,No Change,3.24,7.65,No,No,Strategic Thinking,Results Orientation,People Management,7.3,0.7,1.347,2022-07-12,Person with Disability,Above Range,PIP recommended post calibration.
CAL-7694,EMP-5694,Maria Wilson,Finance,Individual Contributor,Finance,Chicago IL,EMP-5007,Q1 2026 Mid-Year,2026,3 - Meets Expectations,3,4 - Exceeds Expectations,Declined,Solid Performer,Backbone,Low,1.74,Ready 3-5 Years,Finalized,2 - Partially Meets,No,No Change,2.95,7.1,No,No,Customer Focus,Process Improvement,Cross-Functional Collaboration,1.4,7.3,0.812,2025-08-19,No Flag,Above Range,High potential validated by skip-level.
CAL-7695,EMP-5695,Sandra Taylor,Finance,Manager,Finance,Atlanta GA,EMP-5002,Q3 2025 Annual,2025,1 - Does Not Meet,1,1 - Does Not Meet,Stable,High Potential,Balanced Contributor,Medium,3.89,Ready 3-5 Years,Finalized,3 - Meets Expectations,No,No Change,0.0,0.0,No,No,Collaboration,Process Improvement,Prioritization,16.0,9.0,1.27,2019-11-19,Gender Minority,Below Range,Flagged for retention risk.
CAL-7696,EMP-5696,Elizabeth Rodriguez,People & HR,VP,People & HR,Denver CO,EMP-5000,Q3 2025 Annual,2025,3 - Meets Expectations,3,3 - Meets Expectations,Stable,Growth Potential,Balanced Contributor,Low,1.2,Ready 3-5 Years,Finalized,2 - Partially Meets,No,No Change,2.32,3.8,No,No,Analytical Rigor,Problem Solving,Communication Clarity,13.2,4.9,1.217,2024-02-26,Person with Disability,Above Range,PIP recommended post calibration.
CAL-7697,EMP-5697,Ashley Moore,Marketing,Team Lead,Marketing,Seattle WA,EMP-5016,Q3 2026 Annual,2026,3 - Meets Expectations,3,3 - Meets Expectations,Stable,Solid Performer,Backbone,Low,8.61,Ready Now,Finalized,3 - Meets Expectations,No,No Change,2.54,3.76,No,No,Execution,Stakeholder Mgmt,Delegation,18.7,5.7,1.131,2023-10-23,No Flag,Above Range,Consistent performer over 3 cycles.
CAL-7698,EMP-5698,Joseph Miller,Engineering,Individual Contributor,Engineering,San Francisco CA,EMP-5035,Q3 2025 Annual,2025,2 - Partially Meets,2,3 - Meets Expectations,Declined,Watch List,Balanced Contributor,Low,7.24,Ready 1-2 Years,Finalized,3 - Meets Expectations,No,No Change,0.93,1.95,No,No,Adaptability,Process Improvement,Communication Clarity,9.9,2.4,0.958,2021-03-25,Veteran,Above Range,
CAL-7699,EMP-5699,Barbara Rodriguez,Product,Team Lead,Product,Austin TX,EMP-5043,Q1 2025 Mid-Year,2025,3 - Meets Expectations,3,2 - Partially Meets,Improved,Solid Performer,Backbone,Low,8.0,Ready 3-5 Years,Pending Manager Review,3 - Meets Expectations,No,No Change,2.34,4.17,No,No,Adaptability,Problem Solving,Communication Clarity,17.1,5.4,1.181,2019-06-04,Veteran,Within Range,
CAL-7700,EMP-5700,Thomas Gonzalez,Finance,SVP,Finance,San Francisco CA,EMP-5005,Q1 2026 Mid-Year,2026,4 - Exceeds Expectations,4,2 - Partially Meets,Improved,Solid Performer,Balanced Contributor,Low,2.68,Ready 3-5 Years,Pending Manager Review,4 - Exceeds Expectations,No,Upward,5.0,5.33,No,No,Strategic Thinking,Process Improvement,People Management,17.0,5.5,0.783,2023-10-22,URM,Below Range,Consistent performer over 3 cycles.
CAL-7701,EMP-5701,John Smith,Legal & Compliance,SVP,Legal & Compliance,Chicago IL,EMP-5017,Q3 2026 Annual,2026,3 - Meets Expectations,3,3 - Meets Expectations,Stable,High Potential,Emerging Talent,Low,8.0,Ready Now,Finalized,3 - Meets Expectations,No,No Change,2.67,2.35,No,No,Communication,Mentoring,Prioritization,13.0,5.2,1.217,2024-03-09,No Flag,Above Range,High potential validated by skip-level.
CAL-7702,EMP-5702,Matthew Martinez,People & HR,Senior Manager,People & HR,Atlanta GA,EMP-5004,Q3 2025 Annual,2025,4 - Exceeds Expectations,4,2 - Partially Meets,Improved,Needs Coaching,Balanced Contributor,Low,5.75,Ready 1-2 Years,Finalized,3 - Meets Expectations,No,No Change,5.26,6.48,No,No,Leadership,Mentoring,Delegation,10.8,9.9,0.952,2022-05-12,URM,Within Range,PIP recommended post calibration.
CAL-7703,EMP-5703,Barbara Rodriguez,Finance,Individual Contributor,Finance,Frisco TX,EMP-5007,Q1 2025 Mid-Year,2025,4 - Exceeds Expectations,4,5 - Exceptional,Declined,High Potential,Future Leader,High,7.99,Ready 1-2 Years,Finalized,4 - Exceeds Expectations,No,Downward,4.25,5.28,No,No,Execution,Process Improvement,Delegation,14.1,7.3,1.185,2021-06-04,URM,Above Range,Strong calibration supported by peers.
CAL-7704,EMP-5704,William Garcia,Customer Experience,Individual Contributor,Customer Experience,Denver CO,EMP-5002,Q1 2025 Mid-Year,2025,4 - Exceeds Expectations,4,5 - Exceptional,Declined,Growth Potential,Core Contributor,Low,8.1,Ready 1-2 Years,Calibration Complete,3 - Meets Expectations,No,No Change,4.44,4.23,Yes,No,Technical Excellence,Mentoring,Technical Depth,19.8,0.7,1.291,2018-07-18,URM,Below Range,High potential validated by skip-level.
CAL-7705,EMP-5705,Linda Williams,Finance,VP,Finance,Seattle WA,EMP-5016,Q1 2026 Mid-Year,2026,3 - Meets Expectations,3,5 - Exceptional,Declined,Solid Performer,Backbone,Low,5.77,Ready 3-5 Years,Finalized,3 - Meets Expectations,Yes,Upward,2.97,5.47,No,No,Leadership,Stakeholder Mgmt,Prioritization,14.3,2.8,0.862,2020-06-14,Gender Minority,Below Range,High potential validated by skip-level.
CAL-7706,EMP-5706,Mark Thomas,People & HR,Senior Manager,People & HR,Austin TX,EMP-5040,Q3 2025 Annual,2025,3 - Meets Expectations,3,1 - Does Not Meet,Improved,Growth Potential,Balanced Contributor,Medium,4.94,Ready 3-5 Years,Calibration Complete,2 - Partially Meets,Yes,No Change,2.68,6.29,No,No,Technical Excellence,Results Orientation,Executive Presence,4.2,3.1,0.852,2020-11-11,Gender Minority,Below Range,Calibration adjusted after group review.
CAL-7707,EMP-5707,Daniel Rodriguez,Operations,Senior Manager,Operations,Denver CO,EMP-5032,Q3 2026 Annual,2026,2 - Partially Meets,2,3 - Meets Expectations,Declined,Solid Performer,Balanced Contributor,Low,4.72,Not Applicable,Calibration Complete,3 - Meets Expectations,No,No Change,1.13,1.86,No,No,Communication,Process Improvement,People Management,14.9,4.6,0.939,2022-01-06,Person with Disability,Within Range,Consistent performer over 3 cycles.
CAL-7708,EMP-5708,Sarah Brown,Sales,Individual Contributor,Sales,Seattle WA,EMP-5000,Q3 2026 Annual,2026,3 - Meets Expectations,3,1 - Does Not Meet,Improved,Solid Performer,Backbone,Medium,4.39,Ready Now,Finalized,3 - Meets Expectations,No,No Change,2.04,4.62,No,No,Innovation,Team Building,Executive Presence,11.9,4.1,1.204,2024-11-13,URM,Above Range,
CAL-7709,EMP-5709,James Martinez,Marketing,Senior Manager,Marketing,Atlanta GA,EMP-5001,Q3 2026 Annual,2026,4 - Exceeds Expectations,4,3 - Meets Expectations,Improved,Watch List,Balanced Contributor,Low,8.66,Ready Now,Finalized,3 - Meets Expectations,No,No Change,4.47,10.11,No,No,Analytical Rigor,Team Building,Executive Presence,2.2,6.9,0.954,2021-12-27,Veteran,Above Range,Strong calibration supported by peers.
CAL-7710,EMP-5710,Joseph Miller,Sales,Senior Manager,Sales,Denver CO,EMP-5008,Q1 2025 Mid-Year,2025,3 - Meets Expectations,3,3 - Meets Expectations,Stable,Needs Coaching,Balanced Contributor,Medium,9.21,Not Applicable,Finalized,3 - Meets Expectations,No,No Change,2.51,6.09,No,No,Technical Excellence,Team Building,Delegation,3.0,3.8,0.942,2024-01-16,Gender Minority,Above Range,New to role - calibration advisory only.
CAL-7711,EMP-5711,Linda Anderson,Marketing,Manager,Marketing,Chicago IL,EMP-5006,Q1 2025 Mid-Year,2025,3 - Meets Expectations,3,3 - Meets Expectations,Stable,Solid Performer,Backbone,High,6.44,Ready 1-2 Years,Pending Manager Review,3 - Meets Expectations,No,Upward,2.05,1.72,No,No,Innovation,Data-Driven,Communication Clarity,16.9,8.9,1.213,2018-08-14,Veteran,Within Range,Flagged for retention risk.
CAL-7712,EMP-5712,Joseph Martin,Sales,Manager,Sales,New York NY,EMP-5016,Q3 2025 Annual,2025,2 - Partially Meets,2,3 - Meets Expectations,Declined,Needs Coaching,Needs Development,High,2.99,Ready 3-5 Years,Pending Manager Review,3 - Meets Expectations,No,Downward,1.13,1.81,No,No,Analytical Rigor,Mentoring,Cross-Functional Collaboration,13.1,0.6,1.158,2023-12-21,No Flag,Below Range,New to role - calibration advisory only.
CAL-7713,EMP-5713,Jessica Taylor,Marketing,Individual Contributor,Marketing,Atlanta GA,EMP-5023,Q3 2025 Annual,2025,5 - Exceptional,5,3 - Meets Expectations,Improved,Needs Coaching,Balanced Contributor,High,7.15,Ready 3-5 Years,Finalized,4 - Exceeds Expectations,No,Upward,5.65,8.32,No,No,Leadership,Problem Solving,People Management,16.1,8.8,0.832,2023-05-06,Veteran,Above Range,
CAL-7714,EMP-5714,Robert Anderson,Operations,Individual Contributor,Operations,Boston MA,EMP-5003,Q3 2025 Annual,2025,3 - Meets Expectations,3,4 - Exceeds Expectations,Declined,Needs Coaching,Balanced Contributor,Low,9.1,Ready 3-5 Years,Calibration Complete,4 - Exceeds Expectations,Yes,No Change,3.46,3.82,No,No,Execution,Stakeholder Mgmt,Executive Presence,4.9,2.3,0.859,2018-10-10,No Flag,Above Range,
CAL-7715,EMP-5715,Richard Jones,Operations,Senior Manager,Operations,New York NY,EMP-5006,Q1 2025 Mid-Year,2025,4 - Exceeds Expectations,4,3 - Meets Expectations,Improved,Needs Coaching,Balanced Contributor,Medium,7.54,Ready 1-2 Years,Pending Manager Review,3 - Meets Expectations,No,No Change,3.97,7.1,No,No,Collaboration,Problem Solving,Technical Depth,19.2,2.9,0.97,2020-01-25,No Flag,Below Range,PIP recommended post calibration.
CAL-7716,EMP-5716,Sandra Brown,Sales,Senior Manager,Sales,Remote,EMP-5008,Q1 2026 Mid-Year,2026,1 - Does Not Meet,1,3 - Meets Expectations,Declined,Growth Potential,Balanced Contributor,Medium,9.96,Ready 1-2 Years,Calibration Complete,3 - Meets Expectations,No,No Change,0.0,0.0,No,No,Leadership,Process Improvement,Prioritization,12.0,8.7,1.223,2024-09-04,Person with Disability,Within Range,Calibration adjusted after group review.
CAL-7717,EMP-5717,Daniel Jones,Legal & Compliance,Director,Legal & Compliance,Frisco TX,EMP-5039,Q3 2026 Annual,2026,3 - Meets Expectations,3,3 - Meets Expectations,Stable,Growth Potential,Balanced Contributor,Low,3.55,Ready Now,Finalized,3 - Meets Expectations,No,No Change,2.32,3.12,No,No,Execution,Problem Solving,Cross-Functional Collaboration,7.8,8.5,0.955,2019-11-14,Gender Minority,Below Range,Consistent performer over 3 cycles.
CAL-7718,EMP-5718,William Jackson,Operations,Manager,Operations,Atlanta GA,EMP-5025,Q3 2026 Annual,2026,3 - Meets Expectations,3,3 - Meets Expectations,Stable,Needs Coaching,Balanced Contributor,High,1.66,Not Applicable,Finalized,3 - Meets Expectations,No,No Change,2.63,2.49,No,No,Analytical Rigor,Problem Solving,People Management,12.7,0.8,0.94,2022-05-18,Veteran,Within Range,Calibration adjusted after group review.
CAL-7719,EMP-5719,Charles Williams,Finance,Director,Finance,New York NY,EMP-5006,Q3 2026 Annual,2026,3 - Meets Expectations,3,2 - Partially Meets,Improved,Growth Potential,Balanced Contributor,High,8.98,Ready 3-5 Years,Finalized,3 - Meets Expectations,No,No Change,2.81,5.92,No,No,Leadership,Mentoring,People Management,1.7,8.2,0.966,2021-03-10,Veteran,Within Range,High potential validated by skip-level.
CAL-7720,EMP-5720,Christopher Lopez,Legal & Compliance,Individual Contributor,Legal & Compliance,New York NY,EMP-5003,Q1 2026 Mid-Year,2026,4 - Exceeds Expectations,4,3 - Meets Expectations,Improved,Solid Performer,Balanced Contributor,Low,2.61,Ready Now,Finalized,3 - Meets Expectations,Yes,No Change,3.59,5.03,Yes,No,Technical Excellence,Process Improvement,Executive Presence,13.7,6.4,1.057,2025-12-05,URM,Below Range,Calibration adjusted after group review.
CAL-7721,EMP-5721,Sandra Lopez,Finance,Individual Contributor,Finance,New York NY,EMP-5022,Q3 2025 Annual,2025,4 - Exceeds Expectations,4,3 - Meets Expectations,Improved,Growth Potential,Core Contributor,High,8.69,Ready 3-5 Years,Pending Manager Review,3 - Meets Expectations,No,No Change,3.84,6.48,No,No,Adaptability,Problem Solving,Delegation,14.3,8.7,1.012,2024-02-11,Person with Disability,Below Range,
CAL-7722,EMP-5722,John Davis,People & HR,Team Lead,People & HR,Boston MA,EMP-5014,Q3 2025 Annual,2025,3 - Meets Expectations,3,3 - Meets Expectations,Stable,Growth Potential,Balanced Contributor,Low,5.58,Ready Now,Finalized,3 - Meets Expectations,No,No Change,2.13,2.39,No,No,Collaboration,Data-Driven,Strategic Vision,9.4,4.6,0.894,2024-07-13,Gender Minority,Above Range,Calibration adjusted after group review.
CAL-7723,EMP-5723,Maria Garcia,Data Science,Individual Contributor,Data Science,Remote,EMP-5037,Q1 2025 Mid-Year,2025,3 - Meets Expectations,3,3 - Meets Expectations,Stable,High Potential,Emerging Talent,Low,5.63,Ready 1-2 Years,Finalized,2 - Partially Meets,No,No Change,2.15,4.68,No,No,Communication,Process Improvement,Technical Depth,4.1,6.2,1.202,2018-02-19,Person with Disability,Below Range,
CAL-7724,EMP-5724,John Moore,Finance,Director,Finance,San Francisco CA,EMP-5005,Q3 2025 Annual,2025,2 - Partially Meets,2,1 - Does Not Meet,Improved,Growth Potential,Inconsistent Player,Low,8.61,Ready Now,Finalized,3 - Meets Expectations,No,No Change,0.71,1.71,No,No,Analytical Rigor,Data-Driven,People Management,15.2,2.1,1.292,2024-11-01,Veteran,Below Range,Calibration adjusted after group review.
CAL-7725,EMP-5725,Linda Taylor,People & HR,Senior Manager,People & HR,Atlanta GA,EMP-5010,Q1 2025 Mid-Year,2025,4 - Exceeds Expectations,4,2 - Partially Meets,Improved,Growth Potential,Core Contributor,High,4.67,Ready 3-5 Years,Finalized,3 - Meets Expectations,No,No Change,4.97,4.47,No,No,Innovation,Project Delivery,Prioritization,16.5,3.1,1.073,2018-11-17,No Flag,Above Range,Flagged for retention risk.
CAL-7726,EMP-5726,Maria Moore,Finance,Individual Contributor,Finance,Austin TX,EMP-5047,Q1 2026 Mid-Year,2026,3 - Meets Expectations,3,2 - Partially Meets,Improved,Solid Performer,Backbone,Medium,9.03,Ready 3-5 Years,Finalized,3 - Meets Expectations,No,No Change,2.72,6.13,No,No,Innovation,Project Delivery,Strategic Vision,15.3,7.3,1.012,2018-04-02,Person with Disability,Above Range,PIP recommended post calibration.
CAL-7727,EMP-5727,Nancy Gonzalez,Finance,Senior Manager,Finance,Seattle WA,EMP-5003,Q3 2026 Annual,2026,4 - Exceeds Expectations,4,3 - Meets Expectations,Improved,Solid Performer,Balanced Contributor,Low,9.75,Ready 3-5 Years,Pending Manager Review,4 - Exceeds Expectations,No,No Change,4.6,8.16,Yes,No,Customer Focus,Results Orientation,People Management,2.0,8.1,0.982,2021-05-01,Gender Minority,Above Range,High potential validated by skip-level.
CAL-7728,EMP-5728,Sarah Moore,Product,Team Lead,Product,Atlanta GA,EMP-5041,Q3 2025 Annual,2025,1 - Does Not Meet,1,4 - Exceeds Expectations,Declined,Solid Performer,Balanced Contributor,Medium,4.51,Ready 1-2 Years,Pending Manager Review,5 - Exceptional,No,No Change,0.0,0.0,No,No,Execution,Project Delivery,Executive Presence,10.2,4.4,1.206,2020-02-03,Person with Disability,Below Range,Strong calibration supported by peers.
CAL-7729,EMP-5729,Ashley Moore,Data Science,Director,Data Science,San Francisco CA,EMP-5021,Q1 2025 Mid-Year,2025,1 - Does Not Meet,1,3 - Meets Expectations,Declined,Watch List,Risk,Medium,3.79,Ready Now,Pending Manager Review,3 - Meets Expectations,No,No Change,0.0,0.0,No,Yes,Collaboration,Project Delivery,Communication Clarity,16.2,9.7,0.832,2020-12-31,URM,Below Range,Flagged for retention risk.
CAL-7730,EMP-5730,David Thomas,Operations,Director,Operations,Frisco TX,EMP-5020,Q3 2026 Annual,2026,4 - Exceeds Expectations,4,4 - Exceeds Expectations,Stable,High Potential,Future Leader,Low,5.87,Ready 3-5 Years,Pending Manager Review,1 - Does Not Meet,No,No Change,5.09,11.92,Yes,No,Analytical Rigor,Team Building,Executive Presence,3.8,3.0,0.921,2021-01-01,No Flag,Below Range,PIP recommended post calibration.
CAL-7731,EMP-5731,Michael Gonzalez,Engineering,Individual Contributor,Engineering,San Francisco CA,EMP-5017,Q1 2025 Mid-Year,2025,4 - Exceeds Expectations,4,4 - Exceeds Expectations,Stable,Solid Performer,Balanced Contributor,Low,7.46,Ready 3-5 Years,Pending Manager Review,2 - Partially Meets,No,Upward,3.51,4.38,Yes,No,Collaboration,Data-Driven,Executive Presence,12.1,3.8,1.23,2024-11-15,Veteran,Within Range,Consistent performer over 3 cycles.
CAL-7732,EMP-5732,Maria Rodriguez,People & HR,Manager,People & HR,Austin TX,EMP-5017,Q3 2025 Annual,2025,3 - Meets Expectations,3,5 - Exceptional,Declined,Solid Performer,Backbone,Low,3.65,Ready 1-2 Years,Calibration Complete,5 - Exceptional,Yes,No Change,2.12,5.09,No,No,Communication,Problem Solving,Delegation,1.2,9.7,1.107,2021-04-06,URM,Above Range,PIP recommended post calibration.
CAL-7733,EMP-5733,Sarah Jackson,Sales,Director,Sales,Chicago IL,EMP-5025,Q1 2025 Mid-Year,2025,3 - Meets Expectations,3,2 - Partially Meets,Improved,Needs Coaching,Balanced Contributor,Low,1.59,Ready Now,Finalized,3 - Meets Expectations,No,No Change,3.17,4.71,No,No,Technical Excellence,Data-Driven,Executive Presence,13.4,7.5,1.156,2022-02-13,No Flag,Within Range,
CAL-7734,EMP-5734,Joseph Taylor,Engineering,Individual Contributor,Engineering,San Francisco CA,EMP-5020,Q1 2025 Mid-Year,2025,3 - Meets Expectations,3,1 - Does Not Meet,Improved,Solid Performer,Backbone,Medium,2.7,Ready Now,Finalized,4 - Exceeds Expectations,No,No Change,3.12,4.75,No,No,Strategic Thinking,Mentoring,Prioritization,0.6,9.7,1.189,2021-05-14,Gender Minority,Within Range,Consistent performer over 3 cycles.
CAL-7735,EMP-5735,Daniel Thomas,Sales,VP,Sales,Atlanta GA,EMP-5003,Q1 2025 Mid-Year,2025,3 - Meets Expectations,3,3 - Meets Expectations,Stable,High Potential,Emerging Talent,High,1.27,Not Applicable,Finalized,3 - Meets Expectations,No,No Change,3.27,6.85,No,No,Execution,Results Orientation,Technical Depth,9.7,1.2,1.302,2025-11-13,Person with Disability,Below Range,Flagged for retention risk.
CAL-7736,EMP-5736,Charles Rodriguez,Customer Experience,Individual Contributor,Customer Experience,Remote,EMP-5009,Q1 2026 Mid-Year,2026,3 - Meets Expectations,3,3 - Meets Expectations,Stable,Solid Performer,Backbone,Medium,5.81,Ready 3-5 Years,Finalized,3 - Meets Expectations,No,Upward,3.37,6.09,No,No,Communication,Stakeholder Mgmt,Prioritization,4.5,8.0,1.126,2025-11-22,URM,Above Range,Strong calibration supported by peers.
CAL-7737,EMP-5737,Joseph Martinez,Sales,Director,Sales,Chicago IL,EMP-5028,Q1 2025 Mid-Year,2025,3 - Meets Expectations,3,5 - Exceptional,Declined,Growth Potential,Balanced Contributor,Medium,4.67,Ready Now,Calibration Complete,3 - Meets Expectations,No,No Change,2.02,2.22,No,No,Adaptability,Process Improvement,Communication Clarity,17.2,3.8,0.888,2019-09-27,No Flag,Within Range,PIP recommended post calibration.
CAL-7738,EMP-5738,William Brown,Engineering,Senior Manager,Engineering,Atlanta GA,EMP-5037,Q3 2025 Annual,2025,4 - Exceeds Expectations,4,4 - Exceeds Expectations,Stable,High Potential,Future Leader,Medium,3.73,Ready 1-2 Years,Pending Manager Review,3 - Meets Expectations,No,Upward,5.05,9.63,Yes,No,Execution,Team Building,Strategic Vision,16.7,9.6,0.778,2021-07-16,No Flag,Below Range,
CAL-7739,EMP-5739,Elizabeth Williams,People & HR,Director,People & HR,Denver CO,EMP-5038,Q3 2025 Annual,2025,3 - Meets Expectations,3,2 - Partially Meets,Improved,High Potential,Emerging Talent,Low,7.47,Ready 3-5 Years,Finalized,3 - Meets Expectations,No,No Change,2.94,2.43,No,No,Execution,Process Improvement,People Management,7.0,3.7,0.921,2025-11-11,Person with Disability,Below Range,Consistent performer over 3 cycles.
CAL-7740,EMP-5740,Charles Martin,Legal & Compliance,Team Lead,Legal & Compliance,Boston MA,EMP-5049,Q3 2026 Annual,2026,3 - Meets Expectations,3,3 - Meets Expectations,Stable,High Potential,Emerging Talent,Medium,1.86,Ready 3-5 Years,Calibration Complete,3 - Meets Expectations,No,No Change,2.91,4.82,No,No,Technical Excellence,Mentoring,Strategic Vision,6.1,7.8,1.253,2018-07-05,URM,Within Range,
CAL-7741,EMP-5741,Ashley Johnson,Engineering,Manager,Engineering,Boston MA,EMP-5022,Q3 2026 Annual,2026,4 - Exceeds Expectations,4,4 - Exceeds Expectations,Stable,Solid Performer,Balanced Contributor,Low,9.55,Ready 3-5 Years,Finalized,3 - Meets Expectations,No,No Change,4.89,9.33,No,No,Collaboration,Project Delivery,Prioritization,18.3,8.4,1.274,2019-02-15,Gender Minority,Within Range,Consistent performer over 3 cycles.
CAL-7742,EMP-5742,Patricia Rodriguez,Marketing,Director,Marketing,Remote,EMP-5030,Q1 2026 Mid-Year,2026,1 - Does Not Meet,1,3 - Meets Expectations,Declined,Growth Potential,Balanced Contributor,Low,3.12,Ready 1-2 Years,Pending Manager Review,2 - Partially Meets,Yes,Upward,0.0,0.0,No,No,Strategic Thinking,Data-Driven,Delegation,7.9,5.6,0.908,2024-06-24,No Flag,Within Range,Flagged for retention risk.
CAL-7743,EMP-5743,Margaret Martinez,Data Science,Team Lead,Data Science,Frisco TX,EMP-5013,Q1 2025 Mid-Year,2025,2 - Partially Meets,2,5 - Exceptional,Declined,Solid Performer,Balanced Contributor,High,8.22,Ready Now,Pending Manager Review,4 - Exceeds Expectations,No,Downward,0.47,0.7,No,No,Communication,Process Improvement,Delegation,17.3,7.5,0.832,2025-08-07,Gender Minority,Within Range,Flagged for retention risk.
CAL-7744,EMP-5744,Patricia Smith,Sales,Director,Sales,Chicago IL,EMP-5049,Q1 2026 Mid-Year,2026,4 - Exceeds Expectations,4,4 - Exceeds Expectations,Stable,Growth Potential,Core Contributor,High,1.28,Ready 1-2 Years,Calibration Complete,3 - Meets Expectations,No,No Change,3.64,6.24,No,No,Strategic Thinking,Results Orientation,Cross-Functional Collaboration,12.2,6.0,1.173,2018-05-21,Gender Minority,Below Range,High potential validated by skip-level.
CAL-7745,EMP-5745,Thomas Williams,Finance,Senior Manager,Finance,Denver CO,EMP-5002,Q1 2026 Mid-Year,2026,3 - Meets Expectations,3,3 - Meets Expectations,Stable,Needs Coaching,Balanced Contributor,Medium,1.21,Ready Now,Pending Manager Review,3 - Meets Expectations,Yes,Downward,2.02,1.77,No,No,Execution,Project Delivery,Technical Depth,7.7,1.7,1.12,2023-02-23,Veteran,Within Range,Flagged for retention risk.
CAL-7746,EMP-5746,Michael Garcia,Operations,Individual Contributor,Operations,Remote,EMP-5027,Q1 2026 Mid-Year,2026,1 - Does Not Meet,1,5 - Exceptional,Declined,High Potential,Balanced Contributor,High,3.4,Not Applicable,Finalized,2 - Partially Meets,No,No Change,0.0,0.0,No,Yes,Leadership,Mentoring,Communication Clarity,6.3,4.3,1.206,2022-03-28,No Flag,Above Range,Flagged for retention risk.
CAL-7747,EMP-5747,Anthony Hernandez,Operations,Individual Contributor,Operations,Denver CO,EMP-5044,Q1 2025 Mid-Year,2025,3 - Meets Expectations,3,4 - Exceeds Expectations,Declined,Watch List,Balanced Contributor,High,9.02,Ready Now,Calibration Complete,2 - Partially Meets,No,No Change,3.27,3.66,No,No,Customer Focus,Team Building,Prioritization,1.9,5.4,1.094,2021-07-19,Person with Disability,Above Range,New to role - calibration advisory only.
CAL-7748,EMP-5748,William Moore,Finance,Director,Finance,Atlanta GA,EMP-5031,Q3 2025 Annual,2025,4 - Exceeds Expectations,4,3 - Meets Expectations,Improved,Growth Potential,Core Contributor,High,2.27,Ready Now,Calibration Complete,4 - Exceeds Expectations,No,No Change,3.53,5.75,No,No,Communication,Project Delivery,Strategic Vision,11.4,3.0,1.188,2018-05-28,URM,Within Range,Flagged for retention risk.
CAL-7749,EMP-5749,Patricia Taylor,People & HR,Manager,People & HR,Boston MA,EMP-5035,Q3 2026 Annual,2026,1 - Does Not Meet,1,4 - Exceeds Expectations,Declined,Needs Coaching,Underperformer,Medium,2.5,Ready Now,Finalized,4 - Exceeds Expectations,Yes,No Change,0.0,0.0,No,Yes,Adaptability,Problem Solving,People Management,9.7,6.3,0.85,2022-02-02,Gender Minority,Below Range,
CAL-7750,EMP-5750,Matthew Thomas,Engineering,Individual Contributor,Engineering,Austin TX,EMP-5041,Q1 2026 Mid-Year,2026,5 - Exceptional,5,2 - Partially Meets,Improved,Solid Performer,Balanced Contributor,High,5.8,Ready 1-2 Years,Pending Manager Review,3 - Meets Expectations,No,No Change,6.84,6.89,No,No,Collaboration,Data-Driven,People Management,12.7,2.5,0.988,2018-03-18,Person with Disability,Below Range,
CAL-7751,EMP-5751,Michael Moore,Legal & Compliance,Manager,Legal & Compliance,Remote,EMP-5030,Q3 2025 Annual,2025,2 - Partially Meets,2,1 - Does Not Meet,Improved,Solid Performer,Balanced Contributor,Low,2.59,Ready 1-2 Years,Calibration Complete,3 - Meets Expectations,No,No Change,0.55,1.31,No,No,Leadership,Team Building,Delegation,11.7,10.0,1.01,2022-03-20,URM,Within Range,New to role - calibration advisory only.
CAL-7752,EMP-5752,Mark Garcia,Customer Experience,Director,Customer Experience,Remote,EMP-5043,Q3 2026 Annual,2026,2 - Partially Meets,2,3 - Meets Expectations,Declined,Solid Performer,Balanced Contributor,Low,3.27,Ready 1-2 Years,Pending Manager Review,3 - Meets Expectations,No,Upward,1.51,2.57,No,No,Execution,Results Orientation,People Management,7.4,2.2,1.032,2025-11-30,Veteran,Below Range,
CAL-7753,EMP-5753,Anthony Martin,Product,Individual Contributor,Product,San Francisco CA,EMP-5021,Q3 2025 Annual,2025,4 - Exceeds Expectations,4,3 - Meets Expectations,Improved,High Potential,Future Leader,Low,6.67,Not Applicable,Pending Manager Review,3 - Meets Expectations,No,Upward,4.9,7.65,No,No,Innovation,Project Delivery,People Management,9.6,2.0,1.275,2019-09-22,Gender Minority,Within Range,Flagged for retention risk.
CAL-7754,EMP-5754,Sarah Miller,Data Science,VP,Data Science,Seattle WA,EMP-5050,Q1 2026 Mid-Year,2026,3 - Meets Expectations,3,2 - Partially Meets,Improved,Growth Potential,Balanced Contributor,Medium,9.79,Ready 3-5 Years,Pending Manager Review,5 - Exceptional,No,Upward,2.41,2.29,No,No,Communication,Project Delivery,Technical Depth,0.5,9.6,1.154,2023-09-19,Gender Minority,Below Range,Calibration adjusted after group review.
CAL-7755,EMP-5755,Patricia Johnson,Product,Senior Manager,Product,Chicago IL,EMP-5018,Q3 2026 Annual,2026,4 - Exceeds Expectations,4,2 - Partially Meets,Improved,Solid Performer,Balanced Contributor,Low,9.18,Ready 1-2 Years,Finalized,5 - Exceptional,No,No Change,4.57,10.42,Yes,No,Adaptability,Data-Driven,Delegation,7.2,5.1,1.312,2025-09-20,Veteran,Above Range,Strong calibration supported by peers.
CAL-7756,EMP-5756,Maria Taylor,Operations,Manager,Operations,Denver CO,EMP-5017,Q1 2025 Mid-Year,2025,2 - Partially Meets,2,5 - Exceptional,Declined,Watch List,Balanced Contributor,High,4.4,Not Applicable,Calibration Complete,1 - Does Not Meet,No,No Change,1.28,2.78,No,No,Technical Excellence,Results Orientation,Strategic Vision,11.6,8.1,0.751,2020-03-21,Veteran,Within Range,Consistent performer over 3 cycles.
CAL-7757,EMP-5757,Elizabeth Rodriguez,Operations,Individual Contributor,Operations,Chicago IL,EMP-5008,Q1 2025 Mid-Year,2025,3 - Meets Expectations,3,3 - Meets Expectations,Stable,High Potential,Emerging Talent,Low,4.83,Ready 1-2 Years,Pending Manager Review,3 - Meets Expectations,No,Upward,2.35,5.84,No,No,Adaptability,Mentoring,Technical Depth,18.2,0.6,0.756,2022-02-26,URM,Below Range,New to role - calibration advisory only.
CAL-7758,EMP-5758,Margaret Lopez,Data Science,Director,Data Science,Atlanta GA,EMP-5007,Q3 2026 Annual,2026,3 - Meets Expectations,3,3 - Meets Expectations,Stable,Solid Performer,Backbone,Low,2.13,Ready Now,Pending Manager Review,4 - Exceeds Expectations,Yes,No Change,2.29,3.11,No,No,Analytical Rigor,Team Building,Technical Depth,9.4,8.2,1.161,2018-01-26,Gender Minority,Above Range,Consistent performer over 3 cycles.
CAL-7759,EMP-5759,Ashley Thomas,Sales,Manager,Sales,Frisco TX,EMP-5021,Q1 2026 Mid-Year,2026,3 - Meets Expectations,3,4 - Exceeds Expectations,Declined,Growth Potential,Balanced Contributor,Medium,1.05,Ready 1-2 Years,Finalized,3 - Meets Expectations,Yes,No Change,2.4,4.19,No,No,Execution,Problem Solving,Prioritization,13.2,5.2,1.051,2023-12-18,Person with Disability,Above Range,Flagged for retention risk.
CAL-7760,EMP-5760,James Jackson,Sales,Manager,Sales,Seattle WA,EMP-5007,Q3 2025 Annual,2025,4 - Exceeds Expectations,4,4 - Exceeds Expectations,Stable,High Potential,Future Leader,Low,4.04,Ready 3-5 Years,Finalized,2 - Partially Meets,No,Downward,3.63,5.65,No,No,Technical Excellence,Process Improvement,Communication Clarity,13.2,8.6,1.241,2025-11-04,No Flag,Above Range,
CAL-7761,EMP-5761,Thomas Jones,Finance,VP,Finance,Remote,EMP-5004,Q1 2025 Mid-Year,2025,3 - Meets Expectations,3,4 - Exceeds Expectations,Declined,Solid Performer,Backbone,Low,6.1,Ready 3-5 Years,Calibration Complete,2 - Partially Meets,Yes,No Change,3.07,6.68,No,No,Adaptability,Process Improvement,Technical Depth,19.2,1.0,1.244,2024-02-10,URM,Below Range,High potential validated by skip-level.
CAL-7762,EMP-5762,James Garcia,Sales,Director,Sales,Austin TX,EMP-5029,Q1 2025 Mid-Year,2025,4 - Exceeds Expectations,4,4 - Exceeds Expectations,Stable,Needs Coaching,Balanced Contributor,Low,7.52,Not Applicable,Pending Manager Review,4 - Exceeds Expectations,Yes,No Change,3.72,6.84,No,No,Customer Focus,Team Building,Communication Clarity,15.5,6.2,0.782,2023-09-11,No Flag,Below Range,
CAL-7763,EMP-5763,David Johnson,Marketing,VP,Marketing,San Francisco CA,EMP-5049,Q3 2025 Annual,2025,3 - Meets Expectations,3,5 - Exceptional,Declined,Solid Performer,Backbone,Low,5.41,Not Applicable,Finalized,3 - Meets Expectations,No,No Change,3.36,7.92,No,No,Strategic Thinking,Team Building,Strategic Vision,2.2,1.4,1.295,2020-05-01,Veteran,Below Range,Calibration adjusted after group review.
CAL-7764,EMP-5764,Ashley Garcia,Legal & Compliance,Individual Contributor,Legal & Compliance,Austin TX,EMP-5028,Q1 2025 Mid-Year,2025,2 - Partially Meets,2,2 - Partially Meets,Stable,High Potential,Balanced Contributor,Low,6.34,Ready 3-5 Years,Calibration Complete,3 - Meets Expectations,Yes,No Change,0.56,0.88,No,No,Adaptability,Mentoring,Executive Presence,12.9,4.3,1.109,2024-05-13,Veteran,Below Range,PIP recommended post calibration.
CAL-7765,EMP-5765,Patricia Martinez,Legal & Compliance,Individual Contributor,Legal & Compliance,Boston MA,EMP-5045,Q1 2026 Mid-Year,2026,3 - Meets Expectations,3,2 - Partially Meets,Improved,Watch List,Balanced Contributor,Low,7.28,Not Applicable,Pending Manager Review,3 - Meets Expectations,No,Downward,2.52,4.25,No,No,Strategic Thinking,Project Delivery,Prioritization,2.7,2.9,1.209,2020-10-08,No Flag,Below Range,Flagged for retention risk.
CAL-7766,EMP-5766,Margaret Lopez,People & HR,Director,People & HR,Denver CO,EMP-5047,Q3 2026 Annual,2026,3 - Meets Expectations,3,3 - Meets Expectations,Stable,Solid Performer,Backbone,Low,5.96,Not Applicable,Finalized,3 - Meets Expectations,No,No Change,2.0,4.09,No,No,Technical Excellence,Process Improvement,Strategic Vision,8.9,6.7,0.844,2023-03-27,No Flag,Above Range,
CAL-7767,EMP-5767,Sarah Smith,People & HR,Individual Contributor,People & HR,Seattle WA,EMP-5037,Q3 2025 Annual,2025,2 - Partially Meets,2,4 - Exceeds Expectations,Declined,Watch List,Balanced Contributor,Medium,1.38,Ready Now,Finalized,3 - Meets Expectations,No,Upward,1.61,3.68,No,No,Adaptability,Team Building,Communication Clarity,3.8,6.2,1.322,2020-10-10,No Flag,Below Range,Flagged for retention risk.
CAL-7768,EMP-5768,Joseph Davis,People & HR,Team Lead,People & HR,San Francisco CA,EMP-5032,Q1 2026 Mid-Year,2026,2 - Partially Meets,2,3 - Meets Expectations,Declined,Solid Performer,Balanced Contributor,Low,9.52,Not Applicable,Finalized,5 - Exceptional,Yes,No Change,1.15,1.77,No,No,Communication,Process Improvement,Cross-Functional Collaboration,15.7,3.6,1.295,2020-02-25,No Flag,Within Range,Consistent performer over 3 cycles.
CAL-7769,EMP-5769,Barbara Moore,Legal & Compliance,Team Lead,Legal & Compliance,Frisco TX,EMP-5039,Q3 2025 Annual,2025,3 - Meets Expectations,3,3 - Meets Expectations,Stable,Solid Performer,Backbone,Low,5.99,Ready 3-5 Years,Calibration Complete,3 - Meets Expectations,No,Downward,2.99,5.43,No,No,Communication,Data-Driven,Delegation,19.7,6.3,1.01,2020-07-17,No Flag,Above Range,PIP recommended post calibration.
CAL-7770,EMP-5770,Elizabeth Moore,Marketing,Senior Manager,Marketing,San Francisco CA,EMP-5039,Q3 2025 Annual,2025,3 - Meets Expectations,3,2 - Partially Meets,Improved,Growth Potential,Balanced Contributor,Low,6.89,Ready 1-2 Years,Finalized,3 - Meets Expectations,Yes,Downward,2.15,4.53,No,No,Leadership,Mentoring,Communication Clarity,17.2,2.6,1.294,2021-09-21,URM,Above Range,
CAL-7771,EMP-5771,Susan Jones,Sales,Individual Contributor,Sales,Austin TX,EMP-5047,Q1 2025 Mid-Year,2025,2 - Partially Meets,2,1 - Does Not Meet,Improved,Solid Performer,Balanced Contributor,Low,7.32,Ready Now,Calibration Complete,1 - Does Not Meet,Yes,No Change,1.5,2.05,No,No,Communication,Stakeholder Mgmt,Cross-Functional Collaboration,5.0,9.3,0.976,2025-08-08,URM,Below Range,New to role - calibration advisory only.
CAL-7772,EMP-5772,Charles Johnson,Operations,Senior Manager,Operations,Chicago IL,EMP-5007,Q3 2026 Annual,2026,4 - Exceeds Expectations,4,3 - Meets Expectations,Improved,Solid Performer,Balanced Contributor,Low,9.16,Ready Now,Finalized,2 - Partially Meets,Yes,Upward,4.64,10.92,Yes,No,Leadership,Project Delivery,Technical Depth,18.1,8.4,1.2,2023-07-15,URM,Above Range,Strong calibration supported by peers.
CAL-7773,EMP-5773,Matthew Hernandez,People & HR,Individual Contributor,People & HR,Atlanta GA,EMP-5039,Q3 2026 Annual,2026,4 - Exceeds Expectations,4,4 - Exceeds Expectations,Stable,Growth Potential,Core Contributor,High,4.35,Ready Now,Finalized,3 - Meets Expectations,Yes,No Change,4.72,6.21,Yes,No,Adaptability,Problem Solving,People Management,1.3,1.2,0.76,2021-09-25,Person with Disability,Above Range,Consistent performer over 3 cycles.
CAL-7774,EMP-5774,Jennifer Taylor,Data Science,Senior Manager,Data Science,Boston MA,EMP-5036,Q3 2025 Annual,2025,5 - Exceptional,5,4 - Exceeds Expectations,Improved,High Potential,Star,High,5.9,Not Applicable,Finalized,4 - Exceeds Expectations,No,No Change,7.78,15.79,Yes,No,Innovation,Process Improvement,Delegation,4.9,2.2,1.346,2020-12-23,URM,Above Range,Consistent performer over 3 cycles.
CAL-7775,EMP-5775,Matthew Martinez,Engineering,Team Lead,Engineering,Austin TX,EMP-5010,Q3 2026 Annual,2026,3 - Meets Expectations,3,3 - Meets Expectations,Stable,Solid Performer,Backbone,Medium,1.68,Not Applicable,Calibration Complete,4 - Exceeds Expectations,No,Upward,2.04,2.25,No,No,Analytical Rigor,Data-Driven,Cross-Functional Collaboration,8.2,6.5,0.827,2025-11-19,Gender Minority,Below Range,New to role - calibration advisory only.
CAL-7776,EMP-5776,Maria Smith,Legal & Compliance,Team Lead,Legal & Compliance,Remote,EMP-5048,Q1 2025 Mid-Year,2025,4 - Exceeds Expectations,4,2 - Partially Meets,Improved,Needs Coaching,Balanced Contributor,Low,9.36,Ready 3-5 Years,Pending Manager Review,4 - Exceeds Expectations,Yes,Downward,5.4,13.47,No,No,Adaptability,Mentoring,Cross-Functional Collaboration,7.2,3.5,0.809,2018-11-03,URM,Above Range,High potential validated by skip-level.
CAL-7777,EMP-5777,Barbara Brown,Operations,Individual Contributor,Operations,Chicago IL,EMP-5045,Q1 2025 Mid-Year,2025,2 - Partially Meets,2,5 - Exceptional,Declined,Growth Potential,Inconsistent Player,Medium,9.9,Not Applicable,Finalized,3 - Meets Expectations,No,No Change,0.89,0.93,No,No,Communication,Results Orientation,Communication Clarity,9.1,9.4,1.048,2018-05-10,Veteran,Below Range,Flagged for retention risk.
CAL-7778,EMP-5778,John Williams,Sales,Manager,Sales,Frisco TX,EMP-5050,Q1 2026 Mid-Year,2026,2 - Partially Meets,2,4 - Exceeds Expectations,Declined,Growth Potential,Inconsistent Player,Low,1.86,Not Applicable,Pending Manager Review,4 - Exceeds Expectations,No,No Change,1.89,3.75,No,No,Execution,Process Improvement,Executive Presence,0.9,0.6,1.219,2018-03-26,Gender Minority,Within Range,
CAL-7779,EMP-5779,James Davis,Sales,Senior Manager,Sales,Frisco TX,EMP-5015,Q1 2025 Mid-Year,2025,3 - Meets Expectations,3,3 - Meets Expectations,Stable,Growth Potential,Balanced Contributor,Medium,5.84,Not Applicable,Calibration Complete,3 - Meets Expectations,No,No Change,2.28,2.38,No,No,Innovation,Stakeholder Mgmt,Executive Presence,12.4,0.7,1.185,2025-08-27,URM,Below Range,Flagged for retention risk.
CAL-7780,EMP-5780,Joseph Gonzalez,Operations,Senior Manager,Operations,Denver CO,EMP-5048,Q1 2025 Mid-Year,2025,1 - Does Not Meet,1,3 - Meets Expectations,Declined,Growth Potential,Balanced Contributor,High,1.69,Ready 3-5 Years,Finalized,5 - Exceptional,No,No Change,0.0,0.0,No,No,Execution,Mentoring,Cross-Functional Collaboration,7.5,1.6,1.177,2025-12-25,URM,Above Range,Calibration adjusted after group review.
CAL-7781,EMP-5781,Jessica Smith,People & HR,Director,People & HR,Austin TX,EMP-5000,Q1 2025 Mid-Year,2025,3 - Meets Expectations,3,4 - Exceeds Expectations,Declined,Growth Potential,Balanced Contributor,Low,7.67,Ready Now,Finalized,4 - Exceeds Expectations,No,No Change,2.86,4.64,No,No,Leadership,Data-Driven,Prioritization,3.6,4.1,0.779,2022-12-11,No Flag,Within Range,Strong calibration supported by peers.
CAL-7782,EMP-5782,Jennifer Martinez,Sales,Individual Contributor,Sales,Chicago IL,EMP-5025,Q3 2026 Annual,2026,2 - Partially Meets,2,1 - Does Not Meet,Improved,Needs Coaching,Needs Development,High,9.26,Ready 1-2 Years,Calibration Complete,3 - Meets Expectations,No,No Change,0.2,0.47,No,No,Strategic Thinking,Problem Solving,Strategic Vision,14.8,2.4,0.891,2018-05-18,URM,Below Range,PIP recommended post calibration.
CAL-7783,EMP-5783,Betty Taylor,Operations,Director,Operations,Frisco TX,EMP-5005,Q3 2026 Annual,2026,2 - Partially Meets,2,2 - Partially Meets,Stable,Solid Performer,Balanced Contributor,High,6.34,Not Applicable,Finalized,4 - Exceeds Expectations,No,No Change,1.67,2.2,No,No,Strategic Thinking,Stakeholder Mgmt,Executive Presence,1.4,4.5,1.09,2019-10-29,Gender Minority,Within Range,Flagged for retention risk.
CAL-7784,EMP-5784,Elizabeth Martin,Operations,Manager,Operations,Atlanta GA,EMP-5017,Q3 2025 Annual,2025,1 - Does Not Meet,1,3 - Meets Expectations,Declined,Needs Coaching,Underperformer,High,4.12,Ready Now,Finalized,4 - Exceeds Expectations,No,No Change,0.0,0.0,No,Yes,Execution,Team Building,Cross-Functional Collaboration,4.1,9.6,1.317,2018-05-13,No Flag,Above Range,Consistent performer over 3 cycles.
CAL-7785,EMP-5785,Charles Jackson,Engineering,Individual Contributor,Engineering,Frisco TX,EMP-5003,Q1 2026 Mid-Year,2026,2 - Partially Meets,2,3 - Meets Expectations,Declined,Growth Potential,Inconsistent Player,Low,7.31,Not Applicable,Pending Manager Review,4 - Exceeds Expectations,Yes,No Change,1.28,1.98,No,No,Technical Excellence,Data-Driven,Technical Depth,14.8,3.0,0.841,2024-07-07,Veteran,Within Range,Consistent performer over 3 cycles.
CAL-7786,EMP-5786,Joseph Anderson,Marketing,Individual Contributor,Marketing,Chicago IL,EMP-5045,Q3 2026 Annual,2026,2 - Partially Meets,2,4 - Exceeds Expectations,Declined,Solid Performer,Balanced Contributor,High,8.16,Ready 3-5 Years,Calibration Complete,2 - Partially Meets,No,Downward,1.93,1.58,No,No,Communication,Problem Solving,Communication Clarity,16.4,9.4,1.013,2022-11-16,Person with Disability,Below Range,Consistent performer over 3 cycles.
CAL-7787,EMP-5787,Daniel Lopez,Engineering,Individual Contributor,Engineering,Boston MA,EMP-5013,Q3 2025 Annual,2025,4 - Exceeds Expectations,4,2 - Partially Meets,Improved,Needs Coaching,Balanced Contributor,High,5.57,Ready Now,Calibration Complete,3 - Meets Expectations,No,No Change,3.85,6.01,No,No,Analytical Rigor,Mentoring,Strategic Vision,13.9,0.9,1.156,2020-09-17,Person with Disability,Above Range,
CAL-7788,EMP-5788,Barbara Jones,People & HR,Team Lead,People & HR,San Francisco CA,EMP-5022,Q1 2025 Mid-Year,2025,4 - Exceeds Expectations,4,3 - Meets Expectations,Improved,Growth Potential,Core Contributor,Low,1.45,Ready Now,Pending Manager Review,3 - Meets Expectations,Yes,No Change,3.77,3.05,No,No,Collaboration,Project Delivery,Strategic Vision,12.1,3.2,0.796,2019-06-09,Veteran,Below Range,Calibration adjusted after group review.
CAL-7789,EMP-5789,Maria Martinez,Product,SVP,Product,Austin TX,EMP-5024,Q3 2025 Annual,2025,1 - Does Not Meet,1,2 - Partially Meets,Declined,Growth Potential,Balanced Contributor,Medium,9.17,Not Applicable,Calibration Complete,3 - Meets Expectations,No,No Change,0.0,0.0,No,Yes,Technical Excellence,Mentoring,People Management,16.9,1.1,1.077,2024-02-27,Gender Minority,Within Range,Flagged for retention risk.
CAL-7790,EMP-5790,Richard Garcia,Legal & Compliance,Manager,Legal & Compliance,Frisco TX,EMP-5013,Q3 2026 Annual,2026,4 - Exceeds Expectations,4,3 - Meets Expectations,Improved,Solid Performer,Balanced Contributor,Low,9.5,Ready 1-2 Years,Finalized,4 - Exceeds Expectations,Yes,No Change,4.05,5.45,No,No,Collaboration,Results Orientation,Prioritization,9.7,3.2,1.079,2024-06-25,Veteran,Above Range,High potential validated by skip-level.
CAL-7791,EMP-5791,James Smith,Data Science,Individual Contributor,Data Science,Austin TX,EMP-5047,Q1 2025 Mid-Year,2025,2 - Partially Meets,2,4 - Exceeds Expectations,Declined,Growth Potential,Inconsistent Player,Low,6.47,Ready 1-2 Years,Calibration Complete,3 - Meets Expectations,Yes,No Change,1.96,2.47,No,No,Strategic Thinking,Mentoring,Cross-Functional Collaboration,8.3,5.2,1.126,2020-12-08,Gender Minority,Above Range,
CAL-7792,EMP-5792,Patricia Brown,People & HR,Senior Manager,People & HR,Remote,EMP-5009,Q3 2026 Annual,2026,3 - Meets Expectations,3,3 - Meets Expectations,Stable,Needs Coaching,Balanced Contributor,High,7.19,Ready 3-5 Years,Finalized,1 - Does Not Meet,No,No Change,3.19,4.98,No,No,Customer Focus,Project Delivery,Executive Presence,9.3,9.7,1.135,2019-08-14,URM,Above Range,Strong calibration supported by peers.
CAL-7793,EMP-5793,Linda Johnson,Finance,Senior Manager,Finance,Remote,EMP-5013,Q1 2026 Mid-Year,2026,2 - Partially Meets,2,4 - Exceeds Expectations,Declined,Growth Potential,Inconsistent Player,Low,4.31,Not Applicable,Calibration Complete,2 - Partially Meets,No,No Change,0.82,1.17,No,No,Strategic Thinking,Team Building,Executive Presence,18.0,0.5,0.816,2023-01-11,No Flag,Above Range,Consistent performer over 3 cycles.
CAL-7794,EMP-5794,Linda Martin,Legal & Compliance,Individual Contributor,Legal & Compliance,Denver CO,EMP-5034,Q3 2025 Annual,2025,3 - Meets Expectations,3,3 - Meets Expectations,Stable,Solid Performer,Backbone,Low,8.29,Ready 3-5 Years,Pending Manager Review,1 - Does Not Meet,No,No Change,2.67,2.42,No,No,Strategic Thinking,Project Delivery,Communication Clarity,17.3,7.6,1.06,2022-05-26,URM,Within Range,Strong calibration supported by peers.
CAL-7795,EMP-5795,Margaret Brown,Operations,VP,Operations,Austin TX,EMP-5016,Q1 2025 Mid-Year,2025,2 - Partially Meets,2,2 - Partially Meets,Stable,Needs Coaching,Needs Development,Low,9.5,Not Applicable,Finalized,2 - Partially Meets,No,No Change,1.8,4.46,No,No,Analytical Rigor,Problem Solving,Technical Depth,9.1,6.2,1.33,2022-07-26,Gender Minority,Below Range,Calibration adjusted after group review.
CAL-7796,EMP-5796,William Williams,People & HR,Individual Contributor,People & HR,San Francisco CA,EMP-5047,Q3 2025 Annual,2025,3 - Meets Expectations,3,1 - Does Not Meet,Improved,Solid Performer,Backbone,High,3.84,Ready Now,Pending Manager Review,5 - Exceptional,No,No Change,3.46,7.57,No,No,Leadership,Team Building,Communication Clarity,16.2,9.7,1.025,2020-02-27,Person with Disability,Within Range,
CAL-7797,EMP-5797,Michael Thomas,Finance,Individual Contributor,Finance,Denver CO,EMP-5033,Q1 2025 Mid-Year,2025,4 - Exceeds Expectations,4,5 - Exceptional,Declined,Watch List,Balanced Contributor,Low,4.38,Not Applicable,Calibration Complete,2 - Partially Meets,No,No Change,5.35,8.84,No,No,Leadership,Results Orientation,Executive Presence,16.1,4.3,1.315,2025-11-25,No Flag,Below Range,Consistent performer over 3 cycles.
CAL-7798,EMP-5798,David Taylor,Product,Senior Manager,Product,San Francisco CA,EMP-5011,Q3 2026 Annual,2026,5 - Exceptional,5,2 - Partially Meets,Improved,Solid Performer,Balanced Contributor,Medium,7.84,Not Applicable,Pending Manager Review,2 - Partially Meets,No,No Change,7.03,8.99,No,No,Leadership,Mentoring,Executive Presence,8.9,4.5,0.863,2024-10-04,No Flag,Below Range,
CAL-7799,EMP-5799,Thomas Moore,Finance,Individual Contributor,Finance,Chicago IL,EMP-5007,Q1 2026 Mid-Year,2026,2 - Partially Meets,2,3 - Meets Expectations,Declined,Solid Performer,Balanced Contributor,High,1.47,Ready 3-5 Years,Finalized,3 - Meets Expectations,Yes,Upward,0.64,1.18,No,No,Collaboration,Results Orientation,Cross-Functional Collaboration,18.5,8.4,1.127,2025-09-26,Person with Disability,Within Range,Consistent performer over 3 cycles.
CAL-7800,EMP-5800,Joseph Miller,Legal & Compliance,Director,Legal & Compliance,Denver CO,EMP-5050,Q3 2026 Annual,2026,2 - Partially Meets,2,3 - Meets Expectations,Declined,Needs Coaching,Needs Development,Medium,2.53,Ready 3-5 Years,Calibration Complete,3 - Meets Expectations,No,No Change,0.2,0.39,No,No,Communication,Project Delivery,People Management,7.7,2.0,1.296,2025-11-16,URM,Above Range,New to role - calibration advisory only.
CAL-7801,EMP-5801,John Gonzalez,Legal & Compliance,Director,Legal & Compliance,Boston MA,EMP-5006,Q1 2026 Mid-Year,2026,2 - Partially Meets,2,2 - Partially Meets,Stable,Solid Performer,Balanced Contributor,High,1.44,Ready 1-2 Years,Finalized,3 - Meets Expectations,Yes,Downward,0.58,0.7,No,No,Analytical Rigor,Problem Solving,Technical Depth,17.1,5.5,0.851,2018-08-23,URM,Above Range,High potential validated by skip-level.
CAL-7802,EMP-5802,John Jones,Customer Experience,Director,Customer Experience,Remote,EMP-5035,Q1 2026 Mid-Year,2026,2 - Partially Meets,2,3 - Meets Expectations,Declined,Growth Potential,Inconsistent Player,High,5.45,Ready 1-2 Years,Pending Manager Review,4 - Exceeds Expectations,No,No Change,1.01,1.71,No,No,Execution,Mentoring,Prioritization,0.7,6.5,1.347,2018-04-04,No Flag,Within Range,Calibration adjusted after group review.
CAL-7803,EMP-5803,Jennifer Miller,Customer Experience,Senior Manager,Customer Experience,Chicago IL,EMP-5002,Q1 2025 Mid-Year,2025,2 - Partially Meets,2,2 - Partially Meets,Stable,Needs Coaching,Needs Development,Low,4.05,Ready Now,Finalized,5 - Exceptional,No,No Change,0.88,1.27,No,No,Execution,Stakeholder Mgmt,Technical Depth,6.0,1.6,0.942,2025-08-10,Gender Minority,Above Range,PIP recommended post calibration.
CAL-7804,EMP-5804,Jennifer Anderson,Operations,Team Lead,Operations,Seattle WA,EMP-5017,Q3 2026 Annual,2026,5 - Exceptional,5,4 - Exceeds Expectations,Improved,Growth Potential,High Performer,Medium,8.28,Not Applicable,Calibration Complete,5 - Exceptional,No,No Change,6.04,5.74,No,No,Communication,Data-Driven,Prioritization,7.9,6.8,1.107,2020-11-25,No Flag,Below Range,
CAL-7805,EMP-5805,Anthony Wilson,Data Science,Individual Contributor,Data Science,Denver CO,EMP-5005,Q3 2025 Annual,2025,3 - Meets Expectations,3,2 - Partially Meets,Improved,High Potential,Emerging Talent,Low,3.86,Ready 1-2 Years,Calibration Complete,5 - Exceptional,No,No Change,2.02,4.0,No,No,Collaboration,Project Delivery,Communication Clarity,13.3,8.1,1.206,2021-02-14,Person with Disability,Within Range,PIP recommended post calibration.
CAL-7806,EMP-5806,Thomas Jackson,Sales,Manager,Sales,Frisco TX,EMP-5005,Q3 2025 Annual,2025,3 - Meets Expectations,3,5 - Exceptional,Declined,Solid Performer,Backbone,High,5.83,Ready Now,Finalized,4 - Exceeds Expectations,No,No Change,3.33,3.4,No,No,Technical Excellence,Team Building,Strategic Vision,4.7,7.0,1.327,2020-12-02,Veteran,Within Range,PIP recommended post calibration.
CAL-7807,EMP-5807,Matthew Miller,Legal & Compliance,Senior Manager,Legal & Compliance,Chicago IL,EMP-5022,Q1 2026 Mid-Year,2026,4 - Exceeds Expectations,4,2 - Partially Meets,Improved,Needs Coaching,Balanced Contributor,Medium,5.74,Ready 1-2 Years,Calibration Complete,3 - Meets Expectations,Yes,Downward,4.55,8.29,Yes,No,Collaboration,Results Orientation,Delegation,18.8,3.1,1.196,2025-04-23,Person with Disability,Above Range,Strong calibration supported by peers.
CAL-7808,EMP-5808,Daniel Martin,Product,Manager,Product,Remote,EMP-5044,Q3 2026 Annual,2026,2 - Partially Meets,2,1 - Does Not Meet,Improved,Needs Coaching,Needs Development,High,7.2,Ready Now,Pending Manager Review,1 - Does Not Meet,No,No Change,0.29,0.56,No,No,Adaptability,Problem Solving,Communication Clarity,14.3,2.3,1.239,2024-03-21,URM,Within Range,Flagged for retention risk.
CAL-7809,EMP-5809,Charles Davis,Product,Team Lead,Product,Austin TX,EMP-5020,Q3 2025 Annual,2025,3 - Meets Expectations,3,2 - Partially Meets,Improved,Needs Coaching,Balanced Contributor,Low,3.47,Ready 1-2 Years,Pending Manager Review,3 - Meets Expectations,No,No Change,2.26,4.25,No,No,Analytical Rigor,Problem Solving,Strategic Vision,10.6,9.7,0.911,2020-09-08,Veteran,Below Range,Flagged for retention risk.
CAL-7810,EMP-5810,Anthony Anderson,People & HR,Individual Contributor,People & HR,Austin TX,EMP-5018,Q3 2026 Annual,2026,4 - Exceeds Expectations,4,3 - Meets Expectations,Improved,Solid Performer,Balanced Contributor,Low,4.99,Ready 3-5 Years,Pending Manager Review,3 - Meets Expectations,No,No Change,3.85,4.72,No,No,Adaptability,Results Orientation,People Management,2.5,5.8,1.016,2022-02-09,No Flag,Below Range,New to role - calibration advisory only.
CAL-7811,EMP-5811,James Taylor,Operations,Individual Contributor,Operations,Austin TX,EMP-5015,Q3 2025 Annual,2025,5 - Exceptional,5,2 - Partially Meets,Improved,Growth Potential,High Performer,High,8.38,Not Applicable,Finalized,3 - Meets Expectations,No,No Change,5.5,5.53,No,No,Customer Focus,Process Improvement,Technical Depth,3.1,2.2,0.934,2025-04-03,Gender Minority,Below Range,Flagged for retention risk.
CAL-7812,EMP-5812,Susan Rodriguez,Data Science,Individual Contributor,Data Science,Boston MA,EMP-5030,Q3 2026 Annual,2026,2 - Partially Meets,2,1 - Does Not Meet,Improved,Solid Performer,Balanced Contributor,Low,2.68,Ready Now,Finalized,3 - Meets Expectations,Yes,No Change,0.24,0.54,No,No,Execution,Team Building,Delegation,17.2,2.3,1.233,2022-02-09,No Flag,Below Range,PIP recommended post calibration.
CAL-7813,EMP-5813,Jennifer Lopez,Data Science,Team Lead,Data Science,Austin TX,EMP-5005,Q3 2026 Annual,2026,3 - Meets Expectations,3,1 - Does Not Meet,Improved,Solid Performer,Backbone,Low,6.09,Not Applicable,Pending Manager Review,3 - Meets Expectations,Yes,No Change,2.17,3.15,No,No,Strategic Thinking,Team Building,Technical Depth,10.2,1.1,0.85,2024-07-16,Gender Minority,Within Range,Consistent performer over 3 cycles.
CAL-7814,EMP-5814,Charles Garcia,Finance,Senior Manager,Finance,Boston MA,EMP-5048,Q1 2025 Mid-Year,2025,4 - Exceeds Expectations,4,3 - Meets Expectations,Improved,Growth Potential,Core Contributor,Low,2.22,Not Applicable,Finalized,1 - Does Not Meet,Yes,No Change,4.07,8.63,No,No,Technical Excellence,Project Delivery,Executive Presence,3.0,4.4,1.173,2019-12-29,Person with Disability,Below Range,Calibration adjusted after group review.
CAL-7815,EMP-5815,William Rodriguez,Marketing,Individual Contributor,Marketing,Austin TX,EMP-5041,Q3 2026 Annual,2026,3 - Meets Expectations,3,3 - Meets Expectations,Stable,Solid Performer,Backbone,Low,6.69,Ready Now,Calibration Complete,3 - Meets Expectations,Yes,No Change,2.19,5.24,No,No,Collaboration,Results Orientation,Delegation,7.5,5.7,1.328,2018-06-05,Gender Minority,Above Range,Calibration adjusted after group review.
CAL-7816,EMP-5816,Barbara Davis,Finance,Individual Contributor,Finance,Chicago IL,EMP-5009,Q3 2025 Annual,2025,3 - Meets Expectations,3,3 - Meets Expectations,Stable,Needs Coaching,Balanced Contributor,High,6.18,Ready 1-2 Years,Calibration Complete,2 - Partially Meets,No,Upward,3.22,6.59,No,No,Communication,Project Delivery,Prioritization,1.2,9.7,1.006,2025-08-02,No Flag,Below Range,
CAL-7817,EMP-5817,Barbara Jackson,Product,Manager,Product,Atlanta GA,EMP-5012,Q3 2025 Annual,2025,3 - Meets Expectations,3,3 - Meets Expectations,Stable,Needs Coaching,Balanced Contributor,Low,8.93,Ready 3-5 Years,Finalized,3 - Meets Expectations,No,Upward,2.85,5.02,No,No,Analytical Rigor,Project Delivery,People Management,13.1,1.8,0.94,2018-07-19,URM,Above Range,High potential validated by skip-level.
CAL-7818,EMP-5818,Patricia Gonzalez,Operations,Manager,Operations,Seattle WA,EMP-5008,Q3 2025 Annual,2025,2 - Partially Meets,2,3 - Meets Expectations,Declined,Solid Performer,Balanced Contributor,Low,1.2,Not Applicable,Finalized,1 - Does Not Meet,No,No Change,0.29,0.63,No,No,Customer Focus,Data-Driven,Strategic Vision,5.0,4.1,1.016,2019-02-03,Person with Disability,Above Range,Consistent performer over 3 cycles.
CAL-7819,EMP-5819,Linda Moore,Data Science,Individual Contributor,Data Science,Atlanta GA,EMP-5035,Q1 2025 Mid-Year,2025,2 - Partially Meets,2,2 - Partially Meets,Stable,High Potential,Balanced Contributor,High,2.4,Not Applicable,Calibration Complete,2 - Partially Meets,No,Upward,1.8,2.35,No,No,Collaboration,Process Improvement,Technical Depth,13.8,0.8,1.14,2019-06-28,Person with Disability,Above Range,High potential validated by skip-level.
CAL-7820,EMP-5820,Joseph Martin,Finance,Team Lead,Finance,Frisco TX,EMP-5004,Q1 2026 Mid-Year,2026,3 - Meets Expectations,3,4 - Exceeds Expectations,Declined,Solid Performer,Backbone,Low,7.45,Not Applicable,Finalized,4 - Exceeds Expectations,No,Downward,3.27,6.85,No,No,Customer Focus,Stakeholder Mgmt,Delegation,13.0,5.1,1.314,2018-05-01,Gender Minority,Below Range,Consistent performer over 3 cycles.
CAL-7821,EMP-5821,Margaret Brown,Product,Individual Contributor,Product,Denver CO,EMP-5049,Q3 2025 Annual,2025,2 - Partially Meets,2,5 - Exceptional,Declined,Solid Performer,Balanced Contributor,Low,5.75,Not Applicable,Calibration Complete,3 - Meets Expectations,No,No Change,0.49,1.22,No,No,Leadership,Process Improvement,Technical Depth,15.6,9.8,1.067,2022-02-21,Gender Minority,Below Range,Calibration adjusted after group review.
CAL-7822,EMP-5822,Nancy Jones,Operations,Team Lead,Operations,Frisco TX,EMP-5029,Q1 2025 Mid-Year,2025,4 - Exceeds Expectations,4,3 - Meets Expectations,Improved,Needs Coaching,Balanced Contributor,Medium,7.48,Ready 3-5 Years,Calibration Complete,5 - Exceptional,No,Downward,3.54,8.17,No,No,Collaboration,Data-Driven,Strategic Vision,18.9,9.0,0.881,2023-02-21,URM,Within Range,New to role - calibration advisory only.
CAL-7823,EMP-5823,Matthew Thomas,Data Science,Individual Contributor,Data Science,Seattle WA,EMP-5018,Q3 2026 Annual,2026,3 - Meets Expectations,3,1 - Does Not Meet,Improved,High Potential,Emerging Talent,Low,1.48,Ready Now,Calibration Complete,4 - Exceeds Expectations,Yes,No Change,2.98,7.44,No,No,Analytical Rigor,Results Orientation,Prioritization,16.8,4.3,0.954,2024-11-12,Person with Disability,Within Range,PIP recommended post calibration.
CAL-7824,EMP-5824,Karen Taylor,Legal & Compliance,Individual Contributor,Legal & Compliance,Chicago IL,EMP-5017,Q3 2026 Annual,2026,3 - Meets Expectations,3,3 - Meets Expectations,Stable,Solid Performer,Backbone,High,5.61,Ready Now,Pending Manager Review,3 - Meets Expectations,No,No Change,2.94,6.96,No,No,Customer Focus,Data-Driven,Strategic Vision,18.5,5.3,1.114,2021-08-17,Veteran,Below Range,Consistent performer over 3 cycles.
CAL-7825,EMP-5825,William Miller,Operations,Individual Contributor,Operations,Atlanta GA,EMP-5004,Q3 2025 Annual,2025,4 - Exceeds Expectations,4,3 - Meets Expectations,Improved,Growth Potential,Core Contributor,Low,3.83,Ready 3-5 Years,Finalized,3 - Meets Expectations,No,Upward,3.78,3.56,Yes,No,Innovation,Mentoring,Technical Depth,1.7,5.9,1.26,2024-08-11,Veteran,Below Range,New to role - calibration advisory only.
CAL-7826,EMP-5826,Charles Anderson,Data Science,VP,Data Science,Seattle WA,EMP-5048,Q3 2025 Annual,2025,2 - Partially Meets,2,4 - Exceeds Expectations,Declined,Needs Coaching,Needs Development,Low,3.0,Not Applicable,Finalized,4 - Exceeds Expectations,No,No Change,1.95,4.61,No,No,Strategic Thinking,Team Building,Prioritization,18.9,2.2,0.795,2024-08-24,Veteran,Above Range,PIP recommended post calibration.
CAL-7827,EMP-5827,Anthony Jackson,Customer Experience,Director,Customer Experience,Denver CO,EMP-5048,Q1 2026 Mid-Year,2026,3 - Meets Expectations,3,3 - Meets Expectations,Stable,Needs Coaching,Balanced Contributor,Low,2.66,Ready 1-2 Years,Pending Manager Review,5 - Exceptional,No,No Change,2.68,4.75,No,No,Strategic Thinking,Mentoring,People Management,6.3,2.4,1.279,2021-05-28,Person with Disability,Above Range,New to role - calibration advisory only.
CAL-7828,EMP-5828,Barbara Jones,Data Science,Team Lead,Data Science,Remote,EMP-5025,Q3 2026 Annual,2026,3 - Meets Expectations,3,2 - Partially Meets,Improved,Growth Potential,Balanced Contributor,Medium,8.51,Ready 3-5 Years,Calibration Complete,4 - Exceeds Expectations,Yes,No Change,2.27,3.56,No,No,Adaptability,Process Improvement,People Management,16.6,1.3,0.818,2019-11-09,Veteran,Below Range,New to role - calibration advisory only.
CAL-7829,EMP-5829,Jennifer Brown,Operations,Director,Operations,Denver CO,EMP-5047,Q1 2025 Mid-Year,2025,4 - Exceeds Expectations,4,3 - Meets Expectations,Improved,High Potential,Future Leader,Low,6.44,Ready 3-5 Years,Calibration Complete,4 - Exceeds Expectations,No,No Change,5.14,10.21,Yes,No,Communication,Mentoring,Executive Presence,13.1,3.6,1.248,2022-11-01,URM,Below Range,High potential validated by skip-level.
CAL-7830,EMP-5830,Betty Wilson,Marketing,Individual Contributor,Marketing,Austin TX,EMP-5003,Q3 2026 Annual,2026,2 - Partially Meets,2,5 - Exceptional,Declined,Solid Performer,Balanced Contributor,Medium,9.99,Ready Now,Pending Manager Review,4 - Exceeds Expectations,No,Downward,1.45,2.58,No,No,Adaptability,Project Delivery,Prioritization,11.5,0.6,1.297,2022-04-06,Gender Minority,Below Range,
CAL-7831,EMP-5831,Patricia Moore,Sales,VP,Sales,New York NY,EMP-5010,Q1 2026 Mid-Year,2026,3 - Meets Expectations,3,1 - Does Not Meet,Improved,Growth Potential,Balanced Contributor,Medium,1.87,Ready 3-5 Years,Finalized,2 - Partially Meets,No,No Change,2.04,2.92,No,No,Communication,Process Improvement,Strategic Vision,16.9,3.4,1.129,2023-12-05,Veteran,Above Range,PIP recommended post calibration.
CAL-7832,EMP-5832,Jennifer Jones,Legal & Compliance,Individual Contributor,Legal & Compliance,San Francisco CA,EMP-5034,Q3 2025 Annual,2025,5 - Exceptional,5,3 - Meets Expectations,Improved,High Potential,Star,High,8.47,Ready 3-5 Years,Finalized,4 - Exceeds Expectations,No,No Change,7.67,15.98,No,No,Innovation,Team Building,Technical Depth,9.4,6.4,0.891,2021-11-04,Gender Minority,Above Range,New to role - calibration advisory only.
CAL-7833,EMP-5833,Joseph Thomas,Marketing,Manager,Marketing,Remote,EMP-5015,Q1 2026 Mid-Year,2026,1 - Does Not Meet,1,2 - Partially Meets,Declined,Growth Potential,Balanced Contributor,Medium,1.59,Not Applicable,Calibration Complete,3 - Meets Expectations,No,No Change,0.0,0.0,No,Yes,Innovation,Results Orientation,Cross-Functional Collaboration,3.2,7.8,0.754,2020-03-12,Person with Disability,Above Range,High potential validated by skip-level.
CAL-7834,EMP-5834,Karen Hernandez,Product,Senior Manager,Product,San Francisco CA,EMP-5044,Q3 2025 Annual,2025,3 - Meets Expectations,3,5 - Exceptional,Declined,Solid Performer,Backbone,Low,3.05,Ready 1-2 Years,Finalized,3 - Meets Expectations,Yes,No Change,2.55,2.23,No,No,Innovation,Team Building,Communication Clarity,8.1,2.8,0.812,2023-09-07,Person with Disability,Above Range,New to role - calibration advisory only.
CAL-7835,EMP-5835,Sandra Anderson,Customer Experience,Individual Contributor,Customer Experience,Chicago IL,EMP-5002,Q3 2025 Annual,2025,5 - Exceptional,5,2 - Partially Meets,Improved,Solid Performer,Balanced Contributor,High,9.18,Ready 1-2 Years,Finalized,4 - Exceeds Expectations,No,No Change,7.33,10.36,No,No,Execution,Results Orientation,Communication Clarity,1.5,1.4,0.849,2021-12-16,No Flag,Above Range,High potential validated by skip-level.
CAL-7836,EMP-5836,Joseph Davis,People & HR,Director,People & HR,Seattle WA,EMP-5022,Q1 2025 Mid-Year,2025,5 - Exceptional,5,3 - Meets Expectations,Improved,Growth Potential,High Performer,Medium,1.2,Not Applicable,Calibration Complete,3 - Meets Expectations,No,No Change,5.7,8.04,Yes,No,Collaboration,Project Delivery,People Management,18.6,8.9,1.278,2018-05-25,Veteran,Above Range,Calibration adjusted after group review.
CAL-7837,EMP-5837,Karen Rodriguez,Sales,Individual Contributor,Sales,New York NY,EMP-5000,Q3 2025 Annual,2025,5 - Exceptional,5,5 - Exceptional,Stable,Needs Coaching,Balanced Contributor,Medium,2.84,Ready 1-2 Years,Finalized,4 - Exceeds Expectations,No,Downward,7.57,11.02,No,No,Execution,Team Building,Executive Presence,19.7,7.0,1.194,2024-04-05,No Flag,Below Range,Flagged for retention risk.
CAL-7838,EMP-5838,John Gonzalez,Customer Experience,Individual Contributor,Customer Experience,New York NY,EMP-5011,Q3 2025 Annual,2025,3 - Meets Expectations,3,4 - Exceeds Expectations,Declined,High Potential,Emerging Talent,High,5.8,Ready Now,Calibration Complete,3 - Meets Expectations,No,No Change,2.42,3.68,No,No,Innovation,Stakeholder Mgmt,Delegation,14.5,8.7,0.764,2023-06-16,URM,Above Range,Consistent performer over 3 cycles.
CAL-7839,EMP-5839,Matthew Hernandez,Legal & Compliance,Individual Contributor,Legal & Compliance,Boston MA,EMP-5038,Q3 2025 Annual,2025,4 - Exceeds Expectations,4,4 - Exceeds Expectations,Stable,Growth Potential,Core Contributor,Low,1.5,Not Applicable,Calibration Complete,4 - Exceeds Expectations,No,No Change,3.76,6.69,No,No,Execution,Data-Driven,Cross-Functional Collaboration,1.9,7.2,1.342,2018-03-02,Veteran,Below Range,Strong calibration supported by peers.
CAL-7840,EMP-5840,Linda Thomas,Legal & Compliance,Senior Manager,Legal & Compliance,Austin TX,EMP-5033,Q3 2025 Annual,2025,3 - Meets Expectations,3,3 - Meets Expectations,Stable,High Potential,Emerging Talent,Medium,7.82,Ready 1-2 Years,Pending Manager Review,5 - Exceptional,No,No Change,3.23,7.98,No,No,Collaboration,Results Orientation,Technical Depth,4.6,0.7,0.982,2020-07-16,No Flag,Within Range,
CAL-7841,EMP-5841,Anthony Rodriguez,Sales,Team Lead,Sales,Denver CO,EMP-5019,Q3 2026 Annual,2026,2 - Partially Meets,2,3 - Meets Expectations,Declined,Needs Coaching,Needs Development,Low,2.06,Not Applicable,Finalized,4 - Exceeds Expectations,Yes,Upward,1.88,4.18,No,No,Customer Focus,Stakeholder Mgmt,Prioritization,8.8,3.2,1.255,2025-10-25,Gender Minority,Within Range,Strong calibration supported by peers.
CAL-7842,EMP-5842,Barbara Garcia,Data Science,SVP,Data Science,Remote,EMP-5033,Q1 2026 Mid-Year,2026,3 - Meets Expectations,3,2 - Partially Meets,Improved,Growth Potential,Balanced Contributor,Low,9.26,Ready Now,Finalized,3 - Meets Expectations,No,Downward,2.63,3.59,No,No,Collaboration,Problem Solving,Technical Depth,13.9,9.0,1.2,2022-09-21,Gender Minority,Above Range,Strong calibration supported by peers.
CAL-7843,EMP-5843,John Johnson,Customer Experience,Individual Contributor,Customer Experience,Austin TX,EMP-5028,Q3 2026 Annual,2026,1 - Does Not Meet,1,3 - Meets Expectations,Declined,Growth Potential,Balanced Contributor,Medium,8.63,Ready Now,Pending Manager Review,3 - Meets Expectations,No,No Change,0.0,0.0,No,Yes,Leadership,Mentoring,Strategic Vision,3.9,0.6,1.11,2020-05-04,URM,Above Range,Strong calibration supported by peers.
CAL-7844,EMP-5844,Joseph Garcia,People & HR,Individual Contributor,People & HR,Frisco TX,EMP-5024,Q1 2026 Mid-Year,2026,3 - Meets Expectations,3,5 - Exceptional,Declined,Solid Performer,Backbone,Low,2.92,Ready 1-2 Years,Calibration Complete,1 - Does Not Meet,No,Downward,2.71,3.31,No,No,Collaboration,Data-Driven,People Management,11.8,7.4,1.105,2018-12-16,URM,Above Range,Consistent performer over 3 cycles.
CAL-7845,EMP-5845,James Martin,Engineering,Individual Contributor,Engineering,Atlanta GA,EMP-5007,Q1 2025 Mid-Year,2025,3 - Meets Expectations,3,3 - Meets Expectations,Stable,Needs Coaching,Balanced Contributor,Low,4.82,Not Applicable,Finalized,2 - Partially Meets,No,Downward,2.52,3.84,No,No,Execution,Stakeholder Mgmt,Executive Presence,16.9,5.8,0.991,2020-03-14,Veteran,Below Range,PIP recommended post calibration.
CAL-7846,EMP-5846,Ashley Brown,Engineering,Individual Contributor,Engineering,Boston MA,EMP-5008,Q1 2025 Mid-Year,2025,3 - Meets Expectations,3,3 - Meets Expectations,Stable,Watch List,Balanced Contributor,High,6.18,Not Applicable,Finalized,4 - Exceeds Expectations,Yes,Upward,2.01,3.56,No,No,Strategic Thinking,Problem Solving,Cross-Functional Collaboration,17.4,5.0,0.979,2025-03-21,No Flag,Below Range,Strong calibration supported by peers.
CAL-7847,EMP-5847,Sarah Lopez,Finance,Senior Manager,Finance,San Francisco CA,EMP-5042,Q1 2025 Mid-Year,2025,2 - Partially Meets,2,4 - Exceeds Expectations,Declined,High Potential,Balanced Contributor,High,8.04,Ready Now,Pending Manager Review,4 - Exceeds Expectations,No,No Change,0.35,0.58,No,No,Technical Excellence,Problem Solving,Cross-Functional Collaboration,15.0,6.7,0.937,2023-11-23,Veteran,Below Range,Flagged for retention risk.
CAL-7848,EMP-5848,Matthew Thomas,Data Science,Manager,Data Science,Frisco TX,EMP-5004,Q1 2026 Mid-Year,2026,3 - Meets Expectations,3,4 - Exceeds Expectations,Declined,Growth Potential,Balanced Contributor,High,4.45,Not Applicable,Finalized,4 - Exceeds Expectations,Yes,No Change,3.31,6.84,No,No,Analytical Rigor,Stakeholder Mgmt,Technical Depth,12.5,5.2,0.767,2024-03-14,Person with Disability,Within Range,New to role - calibration advisory only.
CAL-7849,EMP-5849,Margaret Martinez,Customer Experience,Senior Manager,Customer Experience,Frisco TX,EMP-5025,Q1 2025 Mid-Year,2025,3 - Meets Expectations,3,4 - Exceeds Expectations,Declined,Solid Performer,Backbone,High,7.46,Ready 1-2 Years,Pending Manager Review,3 - Meets Expectations,No,No Change,2.34,4.58,No,No,Innovation,Stakeholder Mgmt,Delegation,18.5,6.9,0.949,2022-07-06,URM,Within Range,New to role - calibration advisory only.
CAL-7850,EMP-5850,Elizabeth Smith,Operations,Team Lead,Operations,San Francisco CA,EMP-5001,Q3 2025 Annual,2025,3 - Meets Expectations,3,1 - Does Not Meet,Improved,High Potential,Emerging Talent,Medium,9.87,Not Applicable,Finalized,5 - Exceptional,Yes,Upward,2.06,4.9,No,No,Leadership,Data-Driven,Executive Presence,8.1,3.2,1.107,2020-01-04,Veteran,Within Range,Strong calibration supported by peers.
CAL-7851,EMP-5851,Anthony Garcia,Sales,VP,Sales,Remote,EMP-5003,Q3 2025 Annual,2025,3 - Meets Expectations,3,3 - Meets Expectations,Stable,Solid Performer,Backbone,Medium,3.05,Not Applicable,Finalized,5 - Exceptional,Yes,No Change,3.14,3.2,No,No,Leadership,Process Improvement,People Management,7.2,2.9,0.975,2025-07-15,Person with Disability,Below Range,
CAL-7852,EMP-5852,Maria Brown,People & HR,Individual Contributor,People & HR,Atlanta GA,EMP-5001,Q3 2025 Annual,2025,4 - Exceeds Expectations,4,3 - Meets Expectations,Improved,High Potential,Future Leader,Low,6.23,Ready 3-5 Years,Pending Manager Review,4 - Exceeds Expectations,No,No Change,5.06,4.78,No,No,Innovation,Stakeholder Mgmt,Delegation,15.3,2.8,0.927,2019-07-27,No Flag,Above Range,New to role - calibration advisory only.
CAL-7853,EMP-5853,Matthew Martin,People & HR,Individual Contributor,People & HR,Atlanta GA,EMP-5032,Q1 2026 Mid-Year,2026,4 - Exceeds Expectations,4,3 - Meets Expectations,Improved,Watch List,Balanced Contributor,Medium,5.74,Ready 3-5 Years,Calibration Complete,3 - Meets Expectations,No,No Change,5.08,12.28,No,No,Execution,Stakeholder Mgmt,Strategic Vision,15.9,4.1,1.343,2022-10-15,Person with Disability,Above Range,New to role - calibration advisory only.
CAL-7854,EMP-5854,Maria Hernandez,People & HR,Individual Contributor,People & HR,Frisco TX,EMP-5024,Q1 2025 Mid-Year,2025,1 - Does Not Meet,1,2 - Partially Meets,Declined,Watch List,Risk,Low,8.02,Ready Now,Finalized,2 - Partially Meets,No,No Change,0.0,0.0,No,No,Innovation,Stakeholder Mgmt,Executive Presence,19.6,5.6,1.219,2018-02-23,Person with Disability,Above Range,PIP recommended post calibration.
CAL-7855,EMP-5855,Betty Taylor,Legal & Compliance,Team Lead,Legal & Compliance,Chicago IL,EMP-5043,Q3 2025 Annual,2025,2 - Partially Meets,2,3 - Meets Expectations,Declined,Solid Performer,Balanced Contributor,Medium,8.29,Ready 3-5 Years,Finalized,3 - Meets Expectations,No,No Change,1.68,2.04,No,No,Execution,Project Delivery,Prioritization,12.6,6.8,1.095,2020-09-19,Person with Disability,Within Range,PIP recommended post calibration.
CAL-7856,EMP-5856,Patricia Garcia,Legal & Compliance,Director,Legal & Compliance,Frisco TX,EMP-5009,Q1 2026 Mid-Year,2026,3 - Meets Expectations,3,3 - Meets Expectations,Stable,Needs Coaching,Balanced Contributor,Medium,6.08,Ready 3-5 Years,Finalized,2 - Partially Meets,No,Upward,2.5,3.6,No,No,Leadership,Team Building,Strategic Vision,5.2,6.0,1.255,2021-11-14,No Flag,Above Range,New to role - calibration advisory only.
CAL-7857,EMP-5857,Barbara Martinez,Marketing,VP,Marketing,Boston MA,EMP-5046,Q3 2025 Annual,2025,1 - Does Not Meet,1,2 - Partially Meets,Declined,Growth Potential,Balanced Contributor,Medium,9.19,Ready 3-5 Years,Calibration Complete,3 - Meets Expectations,No,Downward,0.0,0.0,No,Yes,Execution,Project Delivery,Strategic Vision,10.0,5.8,0.803,2020-04-04,No Flag,Below Range,PIP recommended post calibration.
CAL-7858,EMP-5858,Betty Williams,People & HR,Team Lead,People & HR,New York NY,EMP-5011,Q3 2026 Annual,2026,2 - Partially Meets,2,4 - Exceeds Expectations,Declined,Solid Performer,Balanced Contributor,Medium,5.16,Ready 3-5 Years,Finalized,2 - Partially Meets,Yes,Upward,0.16,0.22,No,No,Execution,Data-Driven,Prioritization,12.3,5.2,0.915,2021-09-22,Veteran,Within Range,High potential validated by skip-level.
CAL-7859,EMP-5859,Susan Jackson,Marketing,Team Lead,Marketing,New York NY,EMP-5016,Q3 2025 Annual,2025,4 - Exceeds Expectations,4,3 - Meets Expectations,Improved,Needs Coaching,Balanced Contributor,Medium,7.46,Ready 1-2 Years,Finalized,4 - Exceeds Expectations,No,No Change,4.2,10.08,No,No,Analytical Rigor,Problem Solving,Delegation,0.9,1.3,0.825,2024-04-24,Gender Minority,Above Range,Calibration adjusted after group review.
CAL-7860,EMP-5860,Susan Garcia,Finance,Manager,Finance,Boston MA,EMP-5010,Q3 2026 Annual,2026,4 - Exceeds Expectations,4,4 - Exceeds Expectations,Stable,Needs Coaching,Balanced Contributor,High,4.13,Ready Now,Finalized,3 - Meets Expectations,No,Upward,4.48,10.89,No,No,Leadership,Team Building,Strategic Vision,1.6,8.6,1.305,2025-08-12,Person with Disability,Above Range,New to role - calibration advisory only.
CAL-7861,EMP-5861,Mark Brown,Operations,Manager,Operations,San Francisco CA,EMP-5040,Q3 2026 Annual,2026,4 - Exceeds Expectations,4,4 - Exceeds Expectations,Stable,Watch List,Balanced Contributor,Low,1.85,Ready 3-5 Years,Pending Manager Review,4 - Exceeds Expectations,No,No Change,4.44,4.3,No,No,Technical Excellence,Stakeholder Mgmt,People Management,16.7,6.1,0.947,2023-09-18,Person with Disability,Above Range,Strong calibration supported by peers.
CAL-7862,EMP-5862,Matthew Hernandez,People & HR,Senior Manager,People & HR,Austin TX,EMP-5028,Q3 2025 Annual,2025,3 - Meets Expectations,3,3 - Meets Expectations,Stable,Solid Performer,Backbone,High,4.37,Ready 1-2 Years,Finalized,4 - Exceeds Expectations,No,No Change,2.68,3.4,No,No,Communication,Process Improvement,Executive Presence,16.5,0.9,0.766,2019-06-10,Person with Disability,Above Range,Flagged for retention risk.
CAL-7863,EMP-5863,Elizabeth Miller,Marketing,Manager,Marketing,San Francisco CA,EMP-5031,Q3 2025 Annual,2025,1 - Does Not Meet,1,2 - Partially Meets,Declined,Growth Potential,Balanced Contributor,Medium,4.59,Ready Now,Finalized,2 - Partially Meets,Yes,Upward,0.0,0.0,No,Yes,Collaboration,Process Improvement,Technical Depth,2.4,6.9,0.793,2024-01-17,URM,Above Range,
CAL-7864,EMP-5864,Karen Rodriguez,Operations,Individual Contributor,Operations,Denver CO,EMP-5032,Q1 2026 Mid-Year,2026,2 - Partially Meets,2,3 - Meets Expectations,Declined,Needs Coaching,Needs Development,Low,4.69,Not Applicable,Finalized,3 - Meets Expectations,No,No Change,1.7,2.77,No,No,Innovation,Data-Driven,Delegation,13.8,3.3,1.133,2020-09-02,Veteran,Within Range,High potential validated by skip-level.
CAL-7865,EMP-5865,Barbara Williams,Operations,Individual Contributor,Operations,Seattle WA,EMP-5031,Q3 2026 Annual,2026,2 - Partially Meets,2,2 - Partially Meets,Stable,Needs Coaching,Needs Development,Low,1.32,Ready 3-5 Years,Finalized,2 - Partially Meets,No,No Change,0.85,1.9,No,No,Execution,Mentoring,Executive Presence,3.1,5.9,1.02,2025-09-25,Veteran,Within Range,Calibration adjusted after group review.
CAL-7866,EMP-5866,Michael Lopez,Operations,Senior Manager,Operations,Frisco TX,EMP-5022,Q1 2025 Mid-Year,2025,5 - Exceptional,5,3 - Meets Expectations,Improved,Solid Performer,Balanced Contributor,Low,2.35,Ready 1-2 Years,Finalized,3 - Meets Expectations,No,No Change,6.9,8.51,Yes,No,Leadership,Data-Driven,Executive Presence,12.0,9.4,1.07,2018-11-15,No Flag,Below Range,High potential validated by skip-level.
CAL-7867,EMP-5867,William Hernandez,Operations,Senior Manager,Operations,Boston MA,EMP-5038,Q3 2026 Annual,2026,3 - Meets Expectations,3,2 - Partially Meets,Improved,Growth Potential,Balanced Contributor,Low,2.16,Ready Now,Pending Manager Review,4 - Exceeds Expectations,No,No Change,2.02,5.03,No,No,Customer Focus,Process Improvement,Technical Depth,15.4,4.8,1.027,2024-12-14,URM,Above Range,New to role - calibration advisory only.
CAL-7868,EMP-5868,Barbara Davis,Data Science,Manager,Data Science,Atlanta GA,EMP-5006,Q1 2026 Mid-Year,2026,4 - Exceeds Expectations,4,3 - Meets Expectations,Improved,Solid Performer,Balanced Contributor,Medium,9.48,Ready 1-2 Years,Finalized,2 - Partially Meets,No,Downward,4.37,5.07,No,No,Analytical Rigor,Data-Driven,Executive Presence,5.8,5.9,1.274,2020-08-20,Veteran,Below Range,Consistent performer over 3 cycles.
CAL-7869,EMP-5869,Thomas Moore,Engineering,Individual Contributor,Engineering,Austin TX,EMP-5001,Q3 2026 Annual,2026,2 - Partially Meets,2,5 - Exceptional,Declined,Growth Potential,Inconsistent Player,High,3.15,Ready Now,Pending Manager Review,3 - Meets Expectations,No,Downward,0.91,1.29,No,No,Technical Excellence,Data-Driven,Prioritization,1.6,8.9,1.109,2023-05-14,Gender Minority,Above Range,PIP recommended post calibration.
CAL-7870,EMP-5870,Sandra Williams,Marketing,Director,Marketing,San Francisco CA,EMP-5021,Q3 2026 Annual,2026,2 - Partially Meets,2,1 - Does Not Meet,Improved,High Potential,Balanced Contributor,Medium,4.67,Ready 1-2 Years,Pending Manager Review,1 - Does Not Meet,No,Downward,1.93,3.96,No,No,Leadership,Process Improvement,People Management,11.1,4.8,0.916,2025-01-20,Gender Minority,Within Range,
CAL-7871,EMP-5871,Karen Garcia,Data Science,Individual Contributor,Data Science,New York NY,EMP-5011,Q3 2026 Annual,2026,3 - Meets Expectations,3,5 - Exceptional,Declined,Solid Performer,Backbone,Medium,7.02,Ready Now,Pending Manager Review,5 - Exceptional,No,No Change,2.56,5.3,No,No,Execution,Stakeholder Mgmt,Prioritization,6.9,1.3,1.154,2022-09-20,URM,Within Range,Calibration adjusted after group review.
CAL-7872,EMP-5872,Mark Taylor,Data Science,Individual Contributor,Data Science,Chicago IL,EMP-5050,Q1 2026 Mid-Year,2026,3 - Meets Expectations,3,3 - Meets Expectations,Stable,Growth Potential,Balanced Contributor,High,5.63,Ready Now,Finalized,2 - Partially Meets,Yes,No Change,3.46,6.69,No,No,Technical Excellence,Process Improvement,Delegation,4.5,0.7,1.152,2024-02-11,URM,Below Range,PIP recommended post calibration.
CAL-7873,EMP-5873,Sandra Hernandez,Customer Experience,Individual Contributor,Customer Experience,Denver CO,EMP-5038,Q1 2025 Mid-Year,2025,3 - Meets Expectations,3,4 - Exceeds Expectations,Declined,Needs Coaching,Balanced Contributor,Low,2.68,Ready 3-5 Years,Finalized,3 - Meets Expectations,No,Upward,2.59,3.75,No,No,Collaboration,Problem Solving,Strategic Vision,1.5,8.7,1.18,2022-02-11,No Flag,Above Range,Calibration adjusted after group review.
CAL-7874,EMP-5874,David Brown,Legal & Compliance,VP,Legal & Compliance,Seattle WA,EMP-5049,Q3 2026 Annual,2026,4 - Exceeds Expectations,4,4 - Exceeds Expectations,Stable,Watch List,Balanced Contributor,Low,3.29,Ready 3-5 Years,Finalized,3 - Meets Expectations,Yes,No Change,4.71,6.43,No,No,Strategic Thinking,Project Delivery,Communication Clarity,5.4,1.9,1.042,2022-01-29,URM,Above Range,High potential validated by skip-level.
CAL-7875,EMP-5875,Christopher Anderson,Marketing,Senior Manager,Marketing,Frisco TX,EMP-5041,Q1 2025 Mid-Year,2025,3 - Meets Expectations,3,1 - Does Not Meet,Improved,High Potential,Emerging Talent,Low,1.02,Not Applicable,Finalized,1 - Does Not Meet,No,Downward,3.02,5.13,No,No,Adaptability,Mentoring,Strategic Vision,15.0,5.5,0.985,2023-02-03,Person with Disability,Within Range,Flagged for retention risk.
CAL-7876,EMP-5876,Margaret Martinez,Marketing,Manager,Marketing,Austin TX,EMP-5008,Q1 2025 Mid-Year,2025,3 - Meets Expectations,3,4 - Exceeds Expectations,Declined,High Potential,Emerging Talent,Low,2.78,Ready 1-2 Years,Finalized,4 - Exceeds Expectations,No,No Change,2.21,5.18,No,No,Technical Excellence,Problem Solving,Delegation,4.7,6.2,0.818,2021-06-07,Gender Minority,Within Range,High potential validated by skip-level.
CAL-7877,EMP-5877,Christopher Anderson,Operations,SVP,Operations,New York NY,EMP-5039,Q3 2026 Annual,2026,3 - Meets Expectations,3,4 - Exceeds Expectations,Declined,Growth Potential,Balanced Contributor,Medium,2.62,Ready Now,Pending Manager Review,4 - Exceeds Expectations,Yes,Upward,3.36,8.26,No,No,Technical Excellence,Problem Solving,People Management,11.6,1.3,1.323,2021-02-24,No Flag,Within Range,High potential validated by skip-level.
CAL-7878,EMP-5878,Jennifer Taylor,Sales,Senior Manager,Sales,New York NY,EMP-5030,Q3 2026 Annual,2026,3 - Meets Expectations,3,2 - Partially Meets,Improved,Growth Potential,Balanced Contributor,High,2.84,Ready Now,Pending Manager Review,5 - Exceptional,No,No Change,2.46,3.47,No,No,Communication,Problem Solving,Strategic Vision,15.9,7.4,1.041,2023-05-16,URM,Below Range,Calibration adjusted after group review.
CAL-7879,EMP-5879,Ashley Anderson,Data Science,Manager,Data Science,Chicago IL,EMP-5043,Q3 2025 Annual,2025,4 - Exceeds Expectations,4,2 - Partially Meets,Improved,Solid Performer,Balanced Contributor,Medium,1.9,Ready Now,Pending Manager Review,3 - Meets Expectations,Yes,No Change,4.63,5.24,No,No,Strategic Thinking,Results Orientation,Communication Clarity,8.6,6.2,1.186,2019-12-06,Veteran,Below Range,
CAL-7880,EMP-5880,Thomas Davis,Customer Experience,Manager,Customer Experience,Austin TX,EMP-5001,Q1 2026 Mid-Year,2026,3 - Meets Expectations,3,3 - Meets Expectations,Stable,Growth Potential,Balanced Contributor,Low,2.38,Not Applicable,Finalized,3 - Meets Expectations,No,No Change,2.82,6.52,No,No,Analytical Rigor,Stakeholder Mgmt,Delegation,4.6,5.5,0.791,2025-01-23,Gender Minority,Within Range,PIP recommended post calibration.
CAL-7881,EMP-5881,Sandra Martin,Engineering,Manager,Engineering,Atlanta GA,EMP-5013,Q1 2026 Mid-Year,2026,3 - Meets Expectations,3,2 - Partially Meets,Improved,Solid Performer,Backbone,Low,4.87,Ready 1-2 Years,Calibration Complete,3 - Meets Expectations,No,No Change,2.49,2.93,No,No,Collaboration,Stakeholder Mgmt,Prioritization,13.2,8.5,0.874,2022-12-11,Gender Minority,Within Range,Consistent performer over 3 cycles.
CAL-7882,EMP-5882,Elizabeth Gonzalez,Customer Experience,Manager,Customer Experience,Boston MA,EMP-5020,Q1 2026 Mid-Year,2026,3 - Meets Expectations,3,3 - Meets Expectations,Stable,High Potential,Emerging Talent,Low,5.42,Ready 1-2 Years,Calibration Complete,4 - Exceeds Expectations,No,No Change,3.2,5.48,No,No,Leadership,Problem Solving,Delegation,19.7,2.7,1.271,2024-07-24,Veteran,Below Range,Calibration adjusted after group review.
CAL-7883,EMP-5883,Patricia Hernandez,Operations,Individual Contributor,Operations,Frisco TX,EMP-5043,Q1 2025 Mid-Year,2025,4 - Exceeds Expectations,4,3 - Meets Expectations,Improved,High Potential,Future Leader,Low,6.98,Ready Now,Calibration Complete,2 - Partially Meets,Yes,No Change,4.4,10.16,Yes,No,Technical Excellence,Process Improvement,Communication Clarity,7.4,3.5,1.294,2020-08-13,URM,Below Range,High potential validated by skip-level.
CAL-7884,EMP-5884,Patricia Garcia,Customer Experience,Team Lead,Customer Experience,Remote,EMP-5020,Q1 2025 Mid-Year,2025,5 - Exceptional,5,2 - Partially Meets,Improved,Growth Potential,High Performer,Low,2.47,Not Applicable,Calibration Complete,3 - Meets Expectations,No,Upward,7.36,12.81,No,No,Technical Excellence,Data-Driven,Prioritization,1.8,0.9,0.848,2024-10-29,Gender Minority,Within Range,Consistent performer over 3 cycles.
CAL-7885,EMP-5885,Patricia Lopez,Sales,Manager,Sales,Remote,EMP-5027,Q3 2025 Annual,2025,3 - Meets Expectations,3,3 - Meets Expectations,Stable,Solid Performer,Backbone,Low,2.91,Ready Now,Finalized,5 - Exceptional,No,No Change,3.01,7.27,No,No,Strategic Thinking,Process Improvement,Executive Presence,15.8,7.1,0.811,2024-07-26,Person with Disability,Within Range,PIP recommended post calibration.
CAL-7886,EMP-5886,Ashley Miller,Engineering,Senior Manager,Engineering,New York NY,EMP-5032,Q3 2025 Annual,2025,2 - Partially Meets,2,3 - Meets Expectations,Declined,High Potential,Balanced Contributor,Low,4.69,Ready 1-2 Years,Pending Manager Review,3 - Meets Expectations,Yes,No Change,0.59,0.88,No,No,Innovation,Data-Driven,Strategic Vision,8.5,9.1,0.847,2024-05-03,Gender Minority,Below Range,Strong calibration supported by peers.
CAL-7887,EMP-5887,David Thomas,Marketing,Individual Contributor,Marketing,Austin TX,EMP-5046,Q1 2026 Mid-Year,2026,4 - Exceeds Expectations,4,1 - Does Not Meet,Improved,Needs Coaching,Balanced Contributor,Medium,3.23,Ready Now,Finalized,3 - Meets Expectations,Yes,No Change,5.22,9.45,No,No,Innovation,Results Orientation,Cross-Functional Collaboration,7.5,8.9,0.78,2024-04-21,Person with Disability,Within Range,High potential validated by skip-level.
CAL-7888,EMP-5888,Sandra Gonzalez,Legal & Compliance,Individual Contributor,Legal & Compliance,Frisco TX,EMP-5030,Q3 2026 Annual,2026,3 - Meets Expectations,3,3 - Meets Expectations,Stable,Solid Performer,Backbone,Medium,9.4,Ready 3-5 Years,Finalized,5 - Exceptional,Yes,No Change,2.89,6.27,No,No,Communication,Project Delivery,People Management,8.4,0.9,0.874,2025-04-10,Veteran,Above Range,Flagged for retention risk.
CAL-7889,EMP-5889,Betty Thomas,People & HR,Individual Contributor,People & HR,Austin TX,EMP-5022,Q1 2026 Mid-Year,2026,3 - Meets Expectations,3,3 - Meets Expectations,Stable,Growth Potential,Balanced Contributor,Medium,9.96,Ready 3-5 Years,Pending Manager Review,3 - Meets Expectations,Yes,Downward,2.07,3.56,No,No,Execution,Problem Solving,People Management,15.9,3.8,0.76,2021-11-17,No Flag,Within Range,PIP recommended post calibration.
CAL-7890,EMP-5890,Anthony Taylor,Marketing,Senior Manager,Marketing,Denver CO,EMP-5002,Q1 2025 Mid-Year,2025,4 - Exceeds Expectations,4,3 - Meets Expectations,Improved,Growth Potential,Core Contributor,Medium,5.03,Ready Now,Calibration Complete,5 - Exceptional,Yes,No Change,3.9,4.07,No,No,Collaboration,Project Delivery,Technical Depth,5.3,2.5,1.063,2021-08-08,Veteran,Above Range,PIP recommended post calibration.
CAL-7891,EMP-5891,Thomas Lopez,Product,Individual Contributor,Product,Atlanta GA,EMP-5024,Q1 2025 Mid-Year,2025,3 - Meets Expectations,3,3 - Meets Expectations,Stable,Solid Performer,Backbone,High,6.19,Ready Now,Finalized,3 - Meets Expectations,Yes,No Change,2.08,3.48,No,No,Customer Focus,Process Improvement,Prioritization,6.5,5.5,0.858,2019-03-22,Veteran,Below Range,High potential validated by skip-level.
CAL-7892,EMP-5892,James Garcia,Data Science,Team Lead,Data Science,San Francisco CA,EMP-5001,Q1 2026 Mid-Year,2026,4 - Exceeds Expectations,4,3 - Meets Expectations,Improved,Solid Performer,Balanced Contributor,Low,1.92,Not Applicable,Finalized,3 - Meets Expectations,No,No Change,4.67,8.95,Yes,No,Customer Focus,Problem Solving,People Management,1.1,4.5,1.224,2019-06-21,No Flag,Within Range,
CAL-7893,EMP-5893,Daniel Hernandez,Product,Individual Contributor,Product,Atlanta GA,EMP-5046,Q3 2026 Annual,2026,2 - Partially Meets,2,4 - Exceeds Expectations,Declined,Growth Potential,Inconsistent Player,Low,8.15,Ready Now,Calibration Complete,3 - Meets Expectations,No,Downward,1.71,3.89,No,No,Collaboration,Project Delivery,Strategic Vision,18.4,9.8,1.013,2020-09-03,No Flag,Above Range,Strong calibration supported by peers.
CAL-7894,EMP-5894,Richard Wilson,People & HR,VP,People & HR,Frisco TX,EMP-5003,Q1 2025 Mid-Year,2025,2 - Partially Meets,2,3 - Meets Expectations,Declined,High Potential,Balanced Contributor,Low,9.64,Not Applicable,Finalized,3 - Meets Expectations,No,No Change,1.88,2.94,No,No,Strategic Thinking,Team Building,People Management,6.3,2.7,0.84,2019-04-06,Person with Disability,Above Range,Consistent performer over 3 cycles.
CAL-7895,EMP-5895,Betty Moore,Operations,Senior Manager,Operations,Denver CO,EMP-5024,Q3 2026 Annual,2026,3 - Meets Expectations,3,3 - Meets Expectations,Stable,Solid Performer,Backbone,Low,3.79,Ready 3-5 Years,Finalized,2 - Partially Meets,No,No Change,3.01,3.39,No,No,Execution,Data-Driven,Technical Depth,15.8,9.8,0.827,2018-08-31,URM,Within Range,High potential validated by skip-level.
CAL-7896,EMP-5896,Linda Gonzalez,Data Science,Manager,Data Science,Atlanta GA,EMP-5014,Q1 2025 Mid-Year,2025,3 - Meets Expectations,3,4 - Exceeds Expectations,Declined,Solid Performer,Backbone,High,4.91,Ready 3-5 Years,Finalized,2 - Partially Meets,No,Downward,3.06,6.67,No,No,Strategic Thinking,Stakeholder Mgmt,Technical Depth,2.8,3.4,0.948,2024-12-01,No Flag,Above Range,PIP recommended post calibration.
CAL-7897,EMP-5897,Matthew Gonzalez,Data Science,VP,Data Science,Atlanta GA,EMP-5022,Q3 2026 Annual,2026,2 - Partially Meets,2,3 - Meets Expectations,Declined,Solid Performer,Balanced Contributor,High,3.58,Ready Now,Calibration Complete,2 - Partially Meets,No,Upward,0.37,0.41,No,No,Execution,Team Building,Delegation,13.3,2.3,1.338,2019-10-15,Gender Minority,Within Range,New to role - calibration advisory only.
CAL-7898,EMP-5898,Sarah Anderson,Product,Individual Contributor,Product,Atlanta GA,EMP-5001,Q1 2026 Mid-Year,2026,4 - Exceeds Expectations,4,4 - Exceeds Expectations,Stable,Solid Performer,Balanced Contributor,Low,9.94,Not Applicable,Calibration Complete,3 - Meets Expectations,No,Downward,3.9,4.39,No,No,Technical Excellence,Problem Solving,Delegation,6.7,8.7,0.949,2023-04-17,Veteran,Within Range,
CAL-7899,EMP-5899,John Rodriguez,People & HR,Senior Manager,People & HR,San Francisco CA,EMP-5001,Q3 2026 Annual,2026,3 - Meets Expectations,3,2 - Partially Meets,Improved,Growth Potential,Balanced Contributor,High,9.85,Ready Now,Pending Manager Review,4 - Exceeds Expectations,No,No Change,2.75,3.44,No,No,Strategic Thinking,Data-Driven,Executive Presence,13.1,1.5,1.293,2019-10-02,Gender Minority,Below Range,
CAL-7900,EMP-5900,Jessica Lopez,Sales,Team Lead,Sales,Denver CO,EMP-5034,Q3 2025 Annual,2025,3 - Meets Expectations,3,3 - Meets Expectations,Stable,Solid Performer,Backbone,High,8.37,Ready 1-2 Years,Finalized,3 - Meets Expectations,No,No Change,3.39,3.43,No,No,Innovation,Mentoring,Communication Clarity,17.6,3.6,1.062,2018-01-05,URM,Within Range,
CAL-7901,EMP-5901,Maria Martin,Product,VP,Product,Frisco TX,EMP-5006,Q1 2025 Mid-Year,2025,2 - Partially Meets,2,3 - Meets Expectations,Declined,Solid Performer,Balanced Contributor,High,3.96,Ready 3-5 Years,Finalized,3 - Meets Expectations,No,No Change,1.26,2.83,No,No,Technical Excellence,Process Improvement,Delegation,10.6,1.0,1.25,2024-01-09,Person with Disability,Below Range,Calibration adjusted after group review.
CAL-7902,EMP-5902,Richard Martinez,Finance,Senior Manager,Finance,New York NY,EMP-5015,Q3 2025 Annual,2025,3 - Meets Expectations,3,4 - Exceeds Expectations,Declined,Solid Performer,Backbone,Medium,8.33,Ready 3-5 Years,Finalized,3 - Meets Expectations,No,No Change,2.93,5.87,No,No,Customer Focus,Problem Solving,Executive Presence,3.0,1.1,1.128,2022-02-24,No Flag,Within Range,High potential validated by skip-level.
CAL-7903,EMP-5903,Richard Wilson,Finance,Director,Finance,Denver CO,EMP-5032,Q3 2026 Annual,2026,3 - Meets Expectations,3,1 - Does Not Meet,Improved,Needs Coaching,Balanced Contributor,Low,2.89,Not Applicable,Finalized,3 - Meets Expectations,No,No Change,2.06,2.71,No,No,Communication,Problem Solving,Strategic Vision,18.8,8.0,1.092,2025-10-23,Veteran,Within Range,PIP recommended post calibration.
CAL-7904,EMP-5904,Ashley Anderson,Customer Experience,Individual Contributor,Customer Experience,San Francisco CA,EMP-5045,Q3 2025 Annual,2025,1 - Does Not Meet,1,1 - Does Not Meet,Stable,Growth Potential,Balanced Contributor,High,2.7,Ready Now,Finalized,3 - Meets Expectations,No,No Change,0.0,0.0,No,No,Innovation,Mentoring,Technical Depth,11.7,4.2,1.166,2021-10-05,No Flag,Within Range,High potential validated by skip-level.
CAL-7905,EMP-5905,Daniel Anderson,Customer Experience,Manager,Customer Experience,San Francisco CA,EMP-5033,Q1 2026 Mid-Year,2026,1 - Does Not Meet,1,3 - Meets Expectations,Declined,Solid Performer,Balanced Contributor,Low,3.64,Not Applicable,Calibration Complete,5 - Exceptional,No,No Change,0.0,0.0,No,No,Innovation,Problem Solving,Strategic Vision,1.2,6.6,1.014,2024-03-27,Veteran,Within Range,PIP recommended post calibration.
CAL-7906,EMP-5906,James Davis,Data Science,Individual Contributor,Data Science,Frisco TX,EMP-5024,Q1 2025 Mid-Year,2025,3 - Meets Expectations,3,3 - Meets Expectations,Stable,Growth Potential,Balanced Contributor,Low,4.0,Not Applicable,Pending Manager Review,3 - Meets Expectations,Yes,Upward,2.36,5.66,No,No,Strategic Thinking,Project Delivery,Strategic Vision,6.7,4.9,0.857,2019-05-19,Person with Disability,Within Range,Flagged for retention risk.
CAL-7907,EMP-5907,Susan Lopez,Customer Experience,Individual Contributor,Customer Experience,Atlanta GA,EMP-5048,Q1 2026 Mid-Year,2026,2 - Partially Meets,2,2 - Partially Meets,Stable,Solid Performer,Balanced Contributor,Low,4.46,Ready 1-2 Years,Calibration Complete,3 - Meets Expectations,No,No Change,1.78,2.47,No,No,Execution,Team Building,Prioritization,4.5,3.0,0.771,2022-12-21,Veteran,Within Range,High potential validated by skip-level.
CAL-7908,EMP-5908,Barbara Martinez,Marketing,Manager,Marketing,Boston MA,EMP-5038,Q3 2025 Annual,2025,3 - Meets Expectations,3,5 - Exceptional,Declined,Solid Performer,Backbone,Low,2.55,Ready 1-2 Years,Finalized,3 - Meets Expectations,Yes,No Change,2.02,3.3,No,No,Technical Excellence,Project Delivery,People Management,1.6,3.6,1.317,2020-07-14,Veteran,Above Range,High potential validated by skip-level.
CAL-7909,EMP-5909,David Brown,Customer Experience,Team Lead,Customer Experience,Chicago IL,EMP-5044,Q3 2025 Annual,2025,4 - Exceeds Expectations,4,3 - Meets Expectations,Improved,Solid Performer,Balanced Contributor,High,2.91,Ready 1-2 Years,Pending Manager Review,2 - Partially Meets,No,No Change,4.36,4.2,No,No,Adaptability,Team Building,Delegation,15.3,7.7,1.234,2021-10-10,Veteran,Within Range,Strong calibration supported by peers.
CAL-7910,EMP-5910,Robert Brown,Product,Team Lead,Product,Denver CO,EMP-5009,Q3 2026 Annual,2026,1 - Does Not Meet,1,3 - Meets Expectations,Declined,Solid Performer,Balanced Contributor,Low,3.86,Not Applicable,Calibration Complete,3 - Meets Expectations,No,No Change,0.0,0.0,No,No,Adaptability,Mentoring,Technical Depth,10.8,4.4,1.037,2024-04-28,Gender Minority,Above Range,PIP recommended post calibration.
CAL-7911,EMP-5911,Daniel Williams,Legal & Compliance,Individual Contributor,Legal & Compliance,Frisco TX,EMP-5031,Q3 2025 Annual,2025,3 - Meets Expectations,3,3 - Meets Expectations,Stable,Watch List,Balanced Contributor,Medium,9.99,Ready 1-2 Years,Calibration Complete,3 - Meets Expectations,Yes,No Change,2.51,4.18,No,No,Customer Focus,Mentoring,Delegation,14.3,8.2,0.961,2019-03-30,Gender Minority,Above Range,Consistent performer over 3 cycles.
CAL-7912,EMP-5912,Jennifer Miller,Customer Experience,Senior Manager,Customer Experience,Seattle WA,EMP-5037,Q3 2026 Annual,2026,2 - Partially Meets,2,4 - Exceeds Expectations,Declined,Watch List,Balanced Contributor,High,9.0,Ready 1-2 Years,Pending Manager Review,5 - Exceptional,No,Downward,1.77,3.43,No,No,Collaboration,Team Building,Delegation,16.8,1.2,1.249,2021-12-13,Veteran,Below Range,PIP recommended post calibration.
CAL-7913,EMP-5913,Margaret Taylor,Customer Experience,Team Lead,Customer Experience,Boston MA,EMP-5009,Q3 2025 Annual,2025,2 - Partially Meets,2,2 - Partially Meets,Stable,Solid Performer,Balanced Contributor,High,5.38,Ready 1-2 Years,Pending Manager Review,4 - Exceeds Expectations,No,Downward,0.55,1.34,No,No,Leadership,Problem Solving,Executive Presence,11.6,7.8,1.247,2022-01-12,Person with Disability,Above Range,Flagged for retention risk.
CAL-7914,EMP-5914,Christopher Johnson,Operations,Manager,Operations,Boston MA,EMP-5007,Q3 2026 Annual,2026,3 - Meets Expectations,3,3 - Meets Expectations,Stable,Solid Performer,Backbone,High,7.18,Ready Now,Finalized,4 - Exceeds Expectations,Yes,No Change,2.64,5.53,No,No,Leadership,Data-Driven,People Management,12.9,9.4,0.867,2020-07-01,URM,Above Range,Flagged for retention risk.
CAL-7915,EMP-5915,Thomas Garcia,Legal & Compliance,Manager,Legal & Compliance,Seattle WA,EMP-5017,Q3 2025 Annual,2025,4 - Exceeds Expectations,4,3 - Meets Expectations,Improved,Solid Performer,Balanced Contributor,Medium,8.55,Ready 3-5 Years,Finalized,3 - Meets Expectations,Yes,No Change,4.73,10.98,No,No,Technical Excellence,Process Improvement,Strategic Vision,8.7,8.7,1.307,2018-01-25,Gender Minority,Above Range,Calibration adjusted after group review.
CAL-7916,EMP-5916,Sarah Martin,Customer Experience,Director,Customer Experience,Seattle WA,EMP-5039,Q1 2025 Mid-Year,2025,5 - Exceptional,5,3 - Meets Expectations,Improved,Solid Performer,Balanced Contributor,Medium,7.25,Ready 1-2 Years,Calibration Complete,3 - Meets Expectations,No,Downward,7.51,7.74,Yes,No,Innovation,Project Delivery,Executive Presence,3.0,4.3,0.778,2019-12-20,No Flag,Within Range,Flagged for retention risk.
CAL-7917,EMP-5917,David Taylor,Sales,Individual Contributor,Sales,Atlanta GA,EMP-5012,Q3 2025 Annual,2025,2 - Partially Meets,2,3 - Meets Expectations,Declined,Growth Potential,Inconsistent Player,High,8.65,Ready 3-5 Years,Finalized,4 - Exceeds Expectations,Yes,No Change,1.87,4.54,No,No,Analytical Rigor,Problem Solving,Executive Presence,1.8,4.5,1.272,2025-08-14,Veteran,Above Range,High potential validated by skip-level.
CAL-7918,EMP-5918,Karen Jones,Engineering,Director,Engineering,Seattle WA,EMP-5001,Q3 2026 Annual,2026,3 - Meets Expectations,3,3 - Meets Expectations,Stable,High Potential,Emerging Talent,Medium,7.18,Ready 3-5 Years,Finalized,4 - Exceeds Expectations,No,No Change,2.15,3.25,No,No,Analytical Rigor,Process Improvement,Strategic Vision,9.1,8.7,1.283,2024-08-10,URM,Below Range,Flagged for retention risk.
CAL-7919,EMP-5919,William Wilson,Data Science,Manager,Data Science,Boston MA,EMP-5020,Q3 2025 Annual,2025,2 - Partially Meets,2,4 - Exceeds Expectations,Declined,Solid Performer,Balanced Contributor,Low,9.04,Ready Now,Calibration Complete,3 - Meets Expectations,No,No Change,1.61,2.69,No,No,Technical Excellence,Team Building,Technical Depth,10.4,9.2,1.328,2018-10-10,Person with Disability,Above Range,PIP recommended post calibration.
CAL-7920,EMP-5920,Christopher Moore,Customer Experience,Senior Manager,Customer Experience,Remote,EMP-5026,Q3 2026 Annual,2026,5 - Exceptional,5,1 - Does Not Meet,Improved,Solid Performer,Balanced Contributor,Low,1.35,Ready 1-2 Years,Finalized,5 - Exceptional,No,No Change,7.25,15.07,Yes,No,Communication,Process Improvement,Cross-Functional Collaboration,16.5,6.3,1.035,2025-08-28,Gender Minority,Within Range,Calibration adjusted after group review.
CAL-7921,EMP-5921,Mark Rodriguez,Marketing,Individual Contributor,Marketing,Austin TX,EMP-5032,Q1 2026 Mid-Year,2026,3 - Meets Expectations,3,3 - Meets Expectations,Stable,Watch List,Balanced Contributor,Low,4.06,Ready 1-2 Years,Pending Manager Review,4 - Exceeds Expectations,No,Downward,2.05,1.87,No,No,Technical Excellence,Results Orientation,Cross-Functional Collaboration,14.5,7.9,1.149,2018-09-10,No Flag,Above Range,PIP recommended post calibration.
CAL-7922,EMP-5922,Patricia Gonzalez,Product,Team Lead,Product,New York NY,EMP-5046,Q3 2026 Annual,2026,3 - Meets Expectations,3,1 - Does Not Meet,Improved,High Potential,Emerging Talent,Medium,5.17,Ready Now,Calibration Complete,3 - Meets Expectations,No,No Change,2.95,5.52,No,No,Execution,Team Building,Cross-Functional Collaboration,3.3,2.0,0.793,2025-10-29,Gender Minority,Above Range,PIP recommended post calibration.
CAL-7923,EMP-5923,Maria Jones,Finance,Individual Contributor,Finance,Atlanta GA,EMP-5004,Q3 2026 Annual,2026,3 - Meets Expectations,3,3 - Meets Expectations,Stable,Solid Performer,Backbone,Medium,6.92,Ready 3-5 Years,Finalized,3 - Meets Expectations,No,Downward,3.1,5.3,No,No,Leadership,Stakeholder Mgmt,Executive Presence,18.8,7.9,0.794,2018-11-21,Gender Minority,Below Range,PIP recommended post calibration.
CAL-7924,EMP-5924,Jennifer Anderson,Customer Experience,Individual Contributor,Customer Experience,Seattle WA,EMP-5017,Q3 2026 Annual,2026,3 - Meets Expectations,3,5 - Exceptional,Declined,Needs Coaching,Balanced Contributor,Low,3.71,Ready 3-5 Years,Finalized,1 - Does Not Meet,Yes,Upward,2.92,4.07,No,No,Strategic Thinking,Problem Solving,People Management,10.8,3.8,1.337,2020-04-07,Veteran,Below Range,Consistent performer over 3 cycles.
CAL-7925,EMP-5925,Robert Brown,Customer Experience,Manager,Customer Experience,Boston MA,EMP-5020,Q1 2025 Mid-Year,2025,1 - Does Not Meet,1,3 - Meets Expectations,Declined,Solid Performer,Balanced Contributor,High,5.83,Not Applicable,Pending Manager Review,3 - Meets Expectations,No,No Change,0.0,0.0,No,No,Leadership,Project Delivery,Technical Depth,2.9,9.9,1.086,2024-12-05,Person with Disability,Within Range,New to role - calibration advisory only.
CAL-7926,EMP-5926,Christopher Martinez,Data Science,Senior Manager,Data Science,Seattle WA,EMP-5040,Q1 2025 Mid-Year,2025,3 - Meets Expectations,3,3 - Meets Expectations,Stable,Needs Coaching,Balanced Contributor,Low,3.45,Ready 1-2 Years,Finalized,3 - Meets Expectations,No,No Change,2.92,2.54,No,No,Adaptability,Team Building,Technical Depth,16.7,4.9,0.853,2024-05-03,Person with Disability,Below Range,Strong calibration supported by peers.
CAL-7927,EMP-5927,Sandra Jackson,Finance,Manager,Finance,New York NY,EMP-5019,Q1 2026 Mid-Year,2026,3 - Meets Expectations,3,4 - Exceeds Expectations,Declined,Solid Performer,Backbone,Low,4.6,Ready Now,Calibration Complete,4 - Exceeds Expectations,No,No Change,3.34,7.48,No,No,Analytical Rigor,Stakeholder Mgmt,Technical Depth,6.0,3.6,0.942,2023-10-30,No Flag,Within Range,New to role - calibration advisory only.
CAL-7928,EMP-5928,Christopher Thomas,People & HR,Individual Contributor,People & HR,Atlanta GA,EMP-5046,Q1 2026 Mid-Year,2026,2 - Partially Meets,2,2 - Partially Meets,Stable,High Potential,Balanced Contributor,Low,1.8,Ready Now,Calibration Complete,3 - Meets Expectations,No,No Change,0.3,0.54,No,No,Customer Focus,Data-Driven,Prioritization,17.8,9.1,1.214,2022-03-08,Veteran,Above Range,Consistent performer over 3 cycles.
CAL-7929,EMP-5929,Margaret Davis,Finance,Individual Contributor,Finance,Denver CO,EMP-5041,Q3 2025 Annual,2025,4 - Exceeds Expectations,4,5 - Exceptional,Declined,Growth Potential,Core Contributor,Medium,2.11,Ready 1-2 Years,Pending Manager Review,2 - Partially Meets,No,No Change,3.9,3.99,Yes,No,Execution,Project Delivery,Prioritization,7.9,2.0,1.229,2025-02-17,Gender Minority,Above Range,Flagged for retention risk.
CAL-7930,EMP-5930,Susan Thomas,Engineering,Manager,Engineering,Denver CO,EMP-5035,Q1 2026 Mid-Year,2026,3 - Meets Expectations,3,4 - Exceeds Expectations,Declined,Solid Performer,Backbone,Medium,2.61,Not Applicable,Pending Manager Review,2 - Partially Meets,No,Downward,2.65,4.82,No,No,Leadership,Project Delivery,Communication Clarity,16.0,2.2,0.862,2024-07-04,Person with Disability,Within Range,Strong calibration supported by peers.
CAL-7931,EMP-5931,Elizabeth Martin,Legal & Compliance,Manager,Legal & Compliance,Chicago IL,EMP-5000,Q3 2025 Annual,2025,1 - Does Not Meet,1,2 - Partially Meets,Declined,Solid Performer,Balanced Contributor,Medium,2.26,Not Applicable,Finalized,3 - Meets Expectations,No,No Change,0.0,0.0,No,No,Leadership,Results Orientation,Cross-Functional Collaboration,18.8,6.9,0.838,2021-10-10,URM,Above Range,Strong calibration supported by peers.
CAL-7932,EMP-5932,Christopher Martin,Legal & Compliance,Manager,Legal & Compliance,Remote,EMP-5018,Q3 2026 Annual,2026,3 - Meets Expectations,3,3 - Meets Expectations,Stable,Growth Potential,Balanced Contributor,Medium,1.92,Ready 3-5 Years,Pending Manager Review,2 - Partially Meets,Yes,No Change,3.3,7.22,No,No,Execution,Problem Solving,Strategic Vision,0.9,3.1,0.942,2022-09-22,Veteran,Within Range,
CAL-7933,EMP-5933,William Gonzalez,Legal & Compliance,Individual Contributor,Legal & Compliance,Austin TX,EMP-5039,Q1 2026 Mid-Year,2026,3 - Meets Expectations,3,3 - Meets Expectations,Stable,Growth Potential,Balanced Contributor,Low,2.33,Ready Now,Finalized,3 - Meets Expectations,No,Upward,2.86,6.34,No,No,Strategic Thinking,Mentoring,Communication Clarity,9.6,5.3,1.094,2021-01-15,Person with Disability,Below Range,Flagged for retention risk.
CAL-7934,EMP-5934,Susan Taylor,Operations,Individual Contributor,Operations,Frisco TX,EMP-5022,Q3 2025 Annual,2025,3 - Meets Expectations,3,1 - Does Not Meet,Improved,Solid Performer,Backbone,Low,2.82,Ready 3-5 Years,Finalized,3 - Meets Expectations,No,No Change,2.11,2.12,No,No,Leadership,Mentoring,Prioritization,15.9,7.9,0.967,2018-02-11,Gender Minority,Below Range,High potential validated by skip-level.
CAL-7935,EMP-5935,David Lopez,Engineering,VP,Engineering,New York NY,EMP-5028,Q3 2025 Annual,2025,3 - Meets Expectations,3,3 - Meets Expectations,Stable,Watch List,Balanced Contributor,Low,9.13,Not Applicable,Pending Manager Review,4 - Exceeds Expectations,No,Downward,2.67,6.59,No,No,Innovation,Team Building,Technical Depth,1.2,0.7,1.009,2022-10-31,Gender Minority,Below Range,Strong calibration supported by peers.
CAL-7936,EMP-5936,Anthony Brown,Product,Team Lead,Product,Seattle WA,EMP-5038,Q3 2026 Annual,2026,3 - Meets Expectations,3,3 - Meets Expectations,Stable,Solid Performer,Backbone,Low,6.17,Ready Now,Pending Manager Review,3 - Meets Expectations,Yes,No Change,2.11,4.46,No,No,Execution,Results Orientation,Cross-Functional Collaboration,6.0,6.5,1.218,2021-12-21,Gender Minority,Above Range,Consistent performer over 3 cycles.
CAL-7937,EMP-5937,Barbara Hernandez,Product,Individual Contributor,Product,Atlanta GA,EMP-5042,Q1 2026 Mid-Year,2026,3 - Meets Expectations,3,1 - Does Not Meet,Improved,Solid Performer,Backbone,Low,5.42,Not Applicable,Pending Manager Review,4 - Exceeds Expectations,No,No Change,2.75,6.67,No,No,Technical Excellence,Mentoring,Communication Clarity,19.3,3.0,1.167,2021-09-13,Veteran,Within Range,Flagged for retention risk.
CAL-7938,EMP-5938,Thomas Martinez,Marketing,Senior Manager,Marketing,New York NY,EMP-5018,Q1 2026 Mid-Year,2026,3 - Meets Expectations,3,3 - Meets Expectations,Stable,Growth Potential,Balanced Contributor,Low,5.93,Ready 1-2 Years,Pending Manager Review,3 - Meets Expectations,No,Upward,3.39,7.0,No,No,Leadership,Data-Driven,Technical Depth,15.7,3.8,1.293,2020-12-09,Gender Minority,Above Range,
CAL-7939,EMP-5939,John Davis,Product,VP,Product,Frisco TX,EMP-5022,Q1 2026 Mid-Year,2026,3 - Meets Expectations,3,4 - Exceeds Expectations,Declined,Solid Performer,Backbone,High,4.67,Ready 3-5 Years,Finalized,4 - Exceeds Expectations,No,Downward,2.86,2.33,No,No,Technical Excellence,Stakeholder Mgmt,Cross-Functional Collaboration,10.1,0.7,0.757,2024-02-09,Gender Minority,Below Range,Strong calibration supported by peers.
CAL-7940,EMP-5940,Sandra Wilson,Product,VP,Product,Seattle WA,EMP-5048,Q3 2026 Annual,2026,3 - Meets Expectations,3,4 - Exceeds Expectations,Declined,Needs Coaching,Balanced Contributor,Low,2.1,Ready 1-2 Years,Calibration Complete,4 - Exceeds Expectations,Yes,No Change,3.39,4.25,No,No,Analytical Rigor,Data-Driven,Technical Depth,8.8,9.8,1.186,2024-10-20,Gender Minority,Above Range,
CAL-7941,EMP-5941,John Moore,Product,Team Lead,Product,Austin TX,EMP-5039,Q3 2025 Annual,2025,3 - Meets Expectations,3,2 - Partially Meets,Improved,Solid Performer,Backbone,Medium,3.59,Not Applicable,Finalized,4 - Exceeds Expectations,No,Upward,2.68,4.69,No,No,Execution,Results Orientation,Technical Depth,16.6,2.5,1.033,2022-11-05,No Flag,Within Range,
CAL-7942,EMP-5942,Matthew Miller,Marketing,Senior Manager,Marketing,Atlanta GA,EMP-5006,Q1 2025 Mid-Year,2025,3 - Meets Expectations,3,4 - Exceeds Expectations,Declined,Solid Performer,Backbone,Low,6.05,Ready 1-2 Years,Finalized,3 - Meets Expectations,No,Downward,3.25,7.45,No,No,Innovation,Results Orientation,Delegation,8.4,2.8,1.004,2021-06-07,Person with Disability,Below Range,Calibration adjusted after group review.
CAL-7943,EMP-5943,Margaret Brown,Operations,Manager,Operations,Frisco TX,EMP-5018,Q1 2025 Mid-Year,2025,1 - Does Not Meet,1,2 - Partially Meets,Declined,Needs Coaching,Underperformer,Low,6.53,Ready 3-5 Years,Calibration Complete,4 - Exceeds Expectations,No,Downward,0.0,0.0,No,No,Communication,Mentoring,Executive Presence,6.0,9.8,0.87,2021-05-04,Person with Disability,Below Range,Calibration adjusted after group review.
CAL-7944,EMP-5944,Matthew Brown,Marketing,SVP,Marketing,New York NY,EMP-5036,Q3 2025 Annual,2025,3 - Meets Expectations,3,3 - Meets Expectations,Stable,Watch List,Balanced Contributor,Medium,9.31,Ready Now,Finalized,3 - Meets Expectations,No,No Change,2.47,5.99,No,No,Adaptability,Data-Driven,People Management,5.6,1.1,1.255,2023-02-22,URM,Below Range,High potential validated by skip-level.
CAL-7945,EMP-5945,Karen Jackson,Data Science,Individual Contributor,Data Science,Seattle WA,EMP-5013,Q3 2025 Annual,2025,2 - Partially Meets,2,4 - Exceeds Expectations,Declined,Needs Coaching,Needs Development,Low,7.42,Ready Now,Finalized,4 - Exceeds Expectations,Yes,No Change,1.46,2.42,No,No,Analytical Rigor,Process Improvement,Communication Clarity,1.2,8.6,1.234,2020-10-04,Gender Minority,Above Range,Strong calibration supported by peers.
CAL-7946,EMP-5946,Matthew Garcia,Operations,Manager,Operations,San Francisco CA,EMP-5022,Q1 2026 Mid-Year,2026,2 - Partially Meets,2,1 - Does Not Meet,Improved,High Potential,Balanced Contributor,Low,7.64,Ready 3-5 Years,Finalized,2 - Partially Meets,No,Upward,1.52,2.64,No,No,Leadership,Mentoring,Technical Depth,19.2,4.9,0.814,2024-02-01,Veteran,Above Range,Flagged for retention risk.
CAL-7947,EMP-5947,Mark Miller,Engineering,SVP,Engineering,Frisco TX,EMP-5050,Q3 2025 Annual,2025,3 - Meets Expectations,3,4 - Exceeds Expectations,Declined,Needs Coaching,Balanced Contributor,High,3.94,Ready Now,Calibration Complete,3 - Meets Expectations,Yes,No Change,2.78,2.57,No,No,Technical Excellence,Results Orientation,Technical Depth,9.3,9.4,1.219,2025-12-07,URM,Below Range,PIP recommended post calibration.
CAL-7948,EMP-5948,Jessica Johnson,Product,Individual Contributor,Product,San Francisco CA,EMP-5047,Q1 2026 Mid-Year,2026,4 - Exceeds Expectations,4,2 - Partially Meets,Improved,Solid Performer,Balanced Contributor,Low,6.53,Ready Now,Finalized,3 - Meets Expectations,No,No Change,5.08,9.82,Yes,No,Communication,Process Improvement,Delegation,10.0,9.1,0.797,2022-01-02,URM,Within Range,
CAL-7949,EMP-5949,Sandra Lopez,Operations,Individual Contributor,Operations,Boston MA,EMP-5018,Q3 2025 Annual,2025,3 - Meets Expectations,3,2 - Partially Meets,Improved,Growth Potential,Balanced Contributor,Low,9.03,Not Applicable,Calibration Complete,4 - Exceeds Expectations,No,Downward,3.48,2.99,No,No,Leadership,Stakeholder Mgmt,Delegation,3.7,0.5,0.96,2019-12-09,No Flag,Within Range,Calibration adjusted after group review.
CAL-7950,EMP-5950,Linda Williams,Customer Experience,Individual Contributor,Customer Experience,San Francisco CA,EMP-5022,Q1 2025 Mid-Year,2025,1 - Does Not Meet,1,2 - Partially Meets,Declined,Watch List,Risk,Low,7.81,Ready 1-2 Years,Finalized,3 - Meets Expectations,Yes,Downward,0.0,0.0,No,Yes,Strategic Thinking,Team Building,Communication Clarity,3.1,2.9,1.28,2020-11-10,URM,Above Range,High potential validated by skip-level.
CAL-7951,EMP-5951,Linda Miller,Legal & Compliance,Individual Contributor,Legal & Compliance,Chicago IL,EMP-5014,Q3 2026 Annual,2026,3 - Meets Expectations,3,3 - Meets Expectations,Stable,Solid Performer,Backbone,Low,5.01,Ready 3-5 Years,Calibration Complete,3 - Meets Expectations,No,Upward,3.05,5.67,No,No,Strategic Thinking,Process Improvement,Technical Depth,2.0,6.8,1.27,2018-05-01,URM,Above Range,PIP recommended post calibration.
CAL-7952,EMP-5952,Christopher Martin,Data Science,VP,Data Science,Austin TX,EMP-5020,Q3 2026 Annual,2026,5 - Exceptional,5,2 - Partially Meets,Improved,Watch List,Balanced Contributor,Medium,3.19,Not Applicable,Finalized,3 - Meets Expectations,No,No Change,6.26,11.88,No,No,Leadership,Results Orientation,Delegation,11.1,7.5,1.044,2021-11-19,Veteran,Above Range,Consistent performer over 3 cycles.
CAL-7953,EMP-5953,Susan Thomas,People & HR,Manager,People & HR,Austin TX,EMP-5045,Q1 2025 Mid-Year,2025,2 - Partially Meets,2,3 - Meets Expectations,Declined,Growth Potential,Inconsistent Player,High,5.52,Ready 1-2 Years,Finalized,3 - Meets Expectations,Yes,No Change,1.76,2.03,No,No,Analytical Rigor,Problem Solving,Executive Presence,4.8,5.5,0.856,2018-12-25,Person with Disability,Within Range,Consistent performer over 3 cycles.
CAL-7954,EMP-5954,Jennifer Hernandez,Customer Experience,VP,Customer Experience,San Francisco CA,EMP-5041,Q3 2025 Annual,2025,2 - Partially Meets,2,3 - Meets Expectations,Declined,Needs Coaching,Needs Development,Medium,7.97,Ready Now,Calibration Complete,3 - Meets Expectations,No,Upward,0.8,1.15,No,No,Communication,Problem Solving,Prioritization,4.5,1.8,0.869,2019-07-09,URM,Within Range,Calibration adjusted after group review.
CAL-7955,EMP-5955,Sarah Rodriguez,Finance,Manager,Finance,Denver CO,EMP-5048,Q1 2026 Mid-Year,2026,3 - Meets Expectations,3,3 - Meets Expectations,Stable,Watch List,Balanced Contributor,Low,8.55,Not Applicable,Calibration Complete,2 - Partially Meets,Yes,No Change,2.54,5.95,No,No,Adaptability,Results Orientation,Executive Presence,19.3,1.8,1.137,2020-03-11,Gender Minority,Above Range,Calibration adjusted after group review.
CAL-7956,EMP-5956,Thomas Williams,Data Science,Team Lead,Data Science,New York NY,EMP-5010,Q1 2026 Mid-Year,2026,1 - Does Not Meet,1,3 - Meets Expectations,Declined,Growth Potential,Balanced Contributor,Medium,4.15,Ready Now,Finalized,4 - Exceeds Expectations,No,Downward,0.0,0.0,No,No,Customer Focus,Stakeholder Mgmt,Delegation,15.2,2.6,1.06,2025-11-01,Veteran,Below Range,Consistent performer over 3 cycles.
CAL-7957,EMP-5957,Robert Jackson,Product,Individual Contributor,Product,Remote,EMP-5026,Q1 2026 Mid-Year,2026,3 - Meets Expectations,3,5 - Exceptional,Declined,Growth Potential,Balanced Contributor,Medium,6.06,Ready Now,Pending Manager Review,3 - Meets Expectations,No,No Change,3.26,7.3,No,No,Customer Focus,Data-Driven,People Management,2.7,1.2,0.87,2020-05-20,Gender Minority,Above Range,
CAL-7958,EMP-5958,Ashley Anderson,Product,Manager,Product,Denver CO,EMP-5036,Q3 2026 Annual,2026,3 - Meets Expectations,3,3 - Meets Expectations,Stable,Solid Performer,Backbone,Medium,8.47,Ready 1-2 Years,Calibration Complete,3 - Meets Expectations,No,No Change,3.22,3.3,No,No,Adaptability,Process Improvement,People Management,18.6,6.4,0.93,2024-11-07,Person with Disability,Within Range,PIP recommended post calibration.
CAL-7959,EMP-5959,Betty Jones,Legal & Compliance,Senior Manager,Legal & Compliance,Atlanta GA,EMP-5036,Q3 2026 Annual,2026,3 - Meets Expectations,3,2 - Partially Meets,Improved,Solid Performer,Backbone,Low,9.21,Ready 1-2 Years,Finalized,1 - Does Not Meet,No,No Change,3.17,3.03,No,No,Leadership,Results Orientation,Strategic Vision,16.2,3.7,1.181,2021-12-21,Person with Disability,Within Range,
CAL-7960,EMP-5960,Joseph Taylor,People & HR,Team Lead,People & HR,Denver CO,EMP-5043,Q3 2026 Annual,2026,3 - Meets Expectations,3,2 - Partially Meets,Improved,Growth Potential,Balanced Contributor,High,6.73,Ready 1-2 Years,Pending Manager Review,3 - Meets Expectations,No,Upward,3.09,7.55,No,No,Technical Excellence,Project Delivery,Technical Depth,8.9,4.6,1.215,2024-07-29,Gender Minority,Below Range,Calibration adjusted after group review.
CAL-7961,EMP-5961,Sandra Taylor,Engineering,Manager,Engineering,Atlanta GA,EMP-5034,Q1 2026 Mid-Year,2026,2 - Partially Meets,2,2 - Partially Meets,Stable,High Potential,Balanced Contributor,Medium,8.45,Ready Now,Calibration Complete,2 - Partially Meets,Yes,Downward,1.78,1.44,No,No,Execution,Stakeholder Mgmt,Communication Clarity,7.3,8.2,1.242,2025-07-05,No Flag,Within Range,Calibration adjusted after group review.
CAL-7962,EMP-5962,Patricia Thomas,Customer Experience,Manager,Customer Experience,Atlanta GA,EMP-5032,Q1 2025 Mid-Year,2025,4 - Exceeds Expectations,4,2 - Partially Meets,Improved,Growth Potential,Core Contributor,High,1.16,Not Applicable,Pending Manager Review,3 - Meets Expectations,No,No Change,4.82,8.29,No,No,Innovation,Mentoring,Delegation,11.0,9.8,0.899,2024-10-21,Person with Disability,Within Range,High potential validated by skip-level.
CAL-7963,EMP-5963,Anthony Jackson,Data Science,Manager,Data Science,Remote,EMP-5036,Q1 2025 Mid-Year,2025,3 - Meets Expectations,3,2 - Partially Meets,Improved,Watch List,Balanced Contributor,High,6.41,Ready Now,Finalized,3 - Meets Expectations,No,No Change,2.32,2.06,No,No,Innovation,Data-Driven,Delegation,1.8,5.5,1.026,2021-02-11,Person with Disability,Within Range,New to role - calibration advisory only.
CAL-7964,EMP-5964,Nancy Brown,Marketing,Senior Manager,Marketing,Boston MA,EMP-5032,Q3 2025 Annual,2025,1 - Does Not Meet,1,4 - Exceeds Expectations,Declined,Solid Performer,Balanced Contributor,Low,3.18,Ready 1-2 Years,Pending Manager Review,3 - Meets Expectations,No,Downward,0.0,0.0,No,Yes,Collaboration,Problem Solving,Communication Clarity,19.4,6.7,1.006,2021-07-21,No Flag,Above Range,Strong calibration supported by peers.
CAL-7965,EMP-5965,Jennifer Martinez,Sales,Team Lead,Sales,Atlanta GA,EMP-5035,Q3 2026 Annual,2026,2 - Partially Meets,2,2 - Partially Meets,Stable,Watch List,Balanced Contributor,Low,5.32,Ready 1-2 Years,Finalized,3 - Meets Expectations,No,No Change,0.57,1.15,No,No,Innovation,Mentoring,Executive Presence,8.7,1.7,1.311,2025-11-08,No Flag,Above Range,Calibration adjusted after group review.
CAL-7966,EMP-5966,Nancy Johnson,Marketing,Manager,Marketing,San Francisco CA,EMP-5016,Q1 2026 Mid-Year,2026,3 - Meets Expectations,3,3 - Meets Expectations,Stable,Solid Performer,Backbone,Low,1.18,Not Applicable,Pending Manager Review,3 - Meets Expectations,Yes,No Change,2.49,2.38,No,No,Technical Excellence,Mentoring,Prioritization,11.4,5.3,0.757,2020-04-21,No Flag,Below Range,Flagged for retention risk.
CAL-7967,EMP-5967,Sandra Jackson,Operations,Manager,Operations,Denver CO,EMP-5038,Q3 2025 Annual,2025,1 - Does Not Meet,1,4 - Exceeds Expectations,Declined,Solid Performer,Balanced Contributor,High,9.51,Ready 1-2 Years,Calibration Complete,3 - Meets Expectations,No,No Change,0.0,0.0,No,No,Leadership,Problem Solving,Technical Depth,16.5,8.2,0.968,2019-02-01,No Flag,Above Range,Strong calibration supported by peers.
CAL-7968,EMP-5968,Joseph Garcia,Operations,Individual Contributor,Operations,Seattle WA,EMP-5045,Q3 2026 Annual,2026,3 - Meets Expectations,3,4 - Exceeds Expectations,Declined,Growth Potential,Balanced Contributor,Low,9.99,Ready 3-5 Years,Pending Manager Review,5 - Exceptional,No,No Change,2.38,4.95,No,No,Adaptability,Mentoring,Executive Presence,8.8,7.8,0.803,2022-02-15,Veteran,Above Range,Strong calibration supported by peers.
CAL-7969,EMP-5969,Margaret Johnson,Data Science,Team Lead,Data Science,Frisco TX,EMP-5017,Q1 2025 Mid-Year,2025,4 - Exceeds Expectations,4,3 - Meets Expectations,Improved,Needs Coaching,Balanced Contributor,Low,5.73,Ready 1-2 Years,Finalized,3 - Meets Expectations,No,No Change,5.45,13.62,No,No,Collaboration,Project Delivery,Cross-Functional Collaboration,1.6,8.8,0.835,2019-10-19,No Flag,Within Range,Consistent performer over 3 cycles.
CAL-7970,EMP-5970,Barbara Wilson,Operations,Senior Manager,Operations,Remote,EMP-5004,Q1 2025 Mid-Year,2025,3 - Meets Expectations,3,2 - Partially Meets,Improved,Solid Performer,Backbone,High,3.08,Ready Now,Finalized,3 - Meets Expectations,No,No Change,2.44,5.42,No,No,Analytical Rigor,Project Delivery,Delegation,14.2,4.8,1.163,2021-01-21,Gender Minority,Below Range,New to role - calibration advisory only.
CAL-7971,EMP-5971,Karen Wilson,Legal & Compliance,Senior Manager,Legal & Compliance,Atlanta GA,EMP-5047,Q3 2026 Annual,2026,4 - Exceeds Expectations,4,5 - Exceptional,Declined,Needs Coaching,Balanced Contributor,Low,9.69,Ready 3-5 Years,Finalized,1 - Does Not Meet,No,No Change,4.05,8.32,No,No,Adaptability,Data-Driven,People Management,3.6,9.9,1.32,2022-05-01,Person with Disability,Within Range,Flagged for retention risk.
CAL-7972,EMP-5972,Patricia Garcia,Marketing,Manager,Marketing,Austin TX,EMP-5022,Q3 2025 Annual,2025,4 - Exceeds Expectations,4,3 - Meets Expectations,Improved,Solid Performer,Balanced Contributor,Medium,4.28,Ready 1-2 Years,Pending Manager Review,3 - Meets Expectations,No,No Change,5.12,10.93,Yes,No,Strategic Thinking,Mentoring,Cross-Functional Collaboration,11.3,6.9,0.75,2019-12-09,Person with Disability,Above Range,Flagged for retention risk.
CAL-7973,EMP-5973,Barbara Taylor,Customer Experience,Team Lead,Customer Experience,Austin TX,EMP-5013,Q3 2025 Annual,2025,2 - Partially Meets,2,2 - Partially Meets,Stable,Growth Potential,Inconsistent Player,High,3.25,Ready Now,Finalized,4 - Exceeds Expectations,No,Downward,1.79,4.25,No,No,Adaptability,Problem Solving,Delegation,3.3,0.6,0.907,2019-09-12,No Flag,Within Range,PIP recommended post calibration.
CAL-7974,EMP-5974,Sandra Lopez,Legal & Compliance,Team Lead,Legal & Compliance,Austin TX,EMP-5025,Q1 2026 Mid-Year,2026,4 - Exceeds Expectations,4,5 - Exceptional,Declined,Growth Potential,Core Contributor,High,8.61,Ready 3-5 Years,Finalized,2 - Partially Meets,No,Downward,4.25,8.98,Yes,No,Analytical Rigor,Mentoring,Strategic Vision,18.9,3.9,0.975,2025-02-28,URM,Below Range,Calibration adjusted after group review.
CAL-7975,EMP-5975,Mark Anderson,Sales,Manager,Sales,Remote,EMP-5019,Q1 2026 Mid-Year,2026,4 - Exceeds Expectations,4,2 - Partially Meets,Improved,Needs Coaching,Balanced Contributor,Medium,2.9,Ready 3-5 Years,Pending Manager Review,4 - Exceeds Expectations,Yes,No Change,4.58,4.67,No,No,Analytical Rigor,Data-Driven,Technical Depth,15.7,1.0,0.895,2020-06-10,No Flag,Within Range,Strong calibration supported by peers.
CAL-7976,EMP-5976,Anthony Davis,Customer Experience,SVP,Customer Experience,San Francisco CA,EMP-5042,Q3 2025 Annual,2025,2 - Partially Meets,2,5 - Exceptional,Declined,Solid Performer,Balanced Contributor,Low,8.05,Ready 1-2 Years,Pending Manager Review,2 - Partially Meets,Yes,No Change,0.48,0.63,No,No,Strategic Thinking,Project Delivery,Executive Presence,18.2,5.5,0.938,2023-01-02,Veteran,Within Range,Calibration adjusted after group review.
CAL-7977,EMP-5977,Michael Smith,Operations,Individual Contributor,Operations,Boston MA,EMP-5006,Q3 2026 Annual,2026,3 - Meets Expectations,3,4 - Exceeds Expectations,Declined,Solid Performer,Backbone,Medium,7.59,Not Applicable,Finalized,3 - Meets Expectations,No,No Change,3.06,5.01,No,No,Leadership,Team Building,Prioritization,18.7,3.8,0.893,2024-08-27,No Flag,Within Range,New to role - calibration advisory only.
CAL-7978,EMP-5978,Robert Jackson,Customer Experience,Team Lead,Customer Experience,Austin TX,EMP-5034,Q1 2025 Mid-Year,2025,2 - Partially Meets,2,3 - Meets Expectations,Declined,Solid Performer,Balanced Contributor,High,7.16,Ready 3-5 Years,Finalized,3 - Meets Expectations,No,No Change,1.54,3.65,No,No,Analytical Rigor,Process Improvement,Cross-Functional Collaboration,18.2,7.3,0.853,2025-08-27,No Flag,Above Range,Consistent performer over 3 cycles.
CAL-7979,EMP-5979,Michael Gonzalez,Marketing,SVP,Marketing,Boston MA,EMP-5007,Q3 2025 Annual,2025,3 - Meets Expectations,3,5 - Exceptional,Declined,Needs Coaching,Balanced Contributor,Low,4.94,Ready 3-5 Years,Calibration Complete,3 - Meets Expectations,No,Upward,3.24,3.47,No,No,Innovation,Team Building,Delegation,3.0,8.8,1.321,2024-05-07,Gender Minority,Within Range,Calibration adjusted after group review.
CAL-7980,EMP-5980,Sandra Anderson,Legal & Compliance,Director,Legal & Compliance,Remote,EMP-5029,Q1 2026 Mid-Year,2026,2 - Partially Meets,2,2 - Partially Meets,Stable,Needs Coaching,Needs Development,High,5.5,Not Applicable,Finalized,3 - Meets Expectations,No,No Change,0.07,0.11,No,No,Leadership,Results Orientation,Communication Clarity,5.5,8.3,1.11,2021-03-14,Veteran,Below Range,
CAL-7981,EMP-5981,Ashley Lopez,Sales,Manager,Sales,San Francisco CA,EMP-5022,Q1 2025 Mid-Year,2025,2 - Partially Meets,2,4 - Exceeds Expectations,Declined,Needs Coaching,Needs Development,Low,7.33,Ready 1-2 Years,Calibration Complete,3 - Meets Expectations,No,Downward,1.41,2.33,No,No,Technical Excellence,Stakeholder Mgmt,Delegation,19.0,6.2,1.062,2022-05-22,No Flag,Within Range,PIP recommended post calibration.
CAL-7982,EMP-5982,Sarah Brown,Customer Experience,Team Lead,Customer Experience,Atlanta GA,EMP-5039,Q1 2025 Mid-Year,2025,5 - Exceptional,5,5 - Exceptional,Stable,Growth Potential,High Performer,High,5.77,Ready 3-5 Years,Pending Manager Review,3 - Meets Expectations,No,No Change,5.27,9.1,No,No,Analytical Rigor,Data-Driven,Delegation,10.7,3.1,1.332,2019-08-18,Person with Disability,Above Range,New to role - calibration advisory only.
CAL-7983,EMP-5983,Elizabeth Taylor,Engineering,Individual Contributor,Engineering,Remote,EMP-5027,Q3 2025 Annual,2025,2 - Partially Meets,2,3 - Meets Expectations,Declined,High Potential,Balanced Contributor,High,7.54,Ready 1-2 Years,Calibration Complete,2 - Partially Meets,No,No Change,1.06,2.28,No,No,Technical Excellence,Mentoring,Prioritization,9.9,2.8,1.086,2018-08-14,Veteran,Below Range,High potential validated by skip-level.
CAL-7984,EMP-5984,Christopher Martinez,Data Science,Team Lead,Data Science,Remote,EMP-5042,Q3 2026 Annual,2026,3 - Meets Expectations,3,2 - Partially Meets,Improved,Growth Potential,Balanced Contributor,Medium,5.14,Ready Now,Pending Manager Review,3 - Meets Expectations,Yes,No Change,2.03,2.14,No,No,Technical Excellence,Results Orientation,Strategic Vision,13.0,2.8,1.108,2024-08-12,No Flag,Below Range,Strong calibration supported by peers.
CAL-7985,EMP-5985,Daniel Johnson,Customer Experience,Manager,Customer Experience,New York NY,EMP-5049,Q3 2026 Annual,2026,3 - Meets Expectations,3,5 - Exceptional,Declined,Growth Potential,Balanced Contributor,Low,6.04,Not Applicable,Finalized,2 - Partially Meets,No,No Change,2.34,2.73,No,No,Communication,Stakeholder Mgmt,Cross-Functional Collaboration,13.6,3.8,1.315,2021-04-07,Gender Minority,Below Range,Flagged for retention risk.
CAL-7986,EMP-5986,Christopher Garcia,Product,Director,Product,Remote,EMP-5010,Q3 2026 Annual,2026,3 - Meets Expectations,3,4 - Exceeds Expectations,Declined,Growth Potential,Balanced Contributor,High,8.43,Ready Now,Finalized,2 - Partially Meets,No,No Change,2.22,2.9,No,No,Strategic Thinking,Team Building,Delegation,13.6,5.4,0.788,2023-03-19,Veteran,Above Range,Consistent performer over 3 cycles.
CAL-7987,EMP-5987,Ashley Rodriguez,Data Science,Manager,Data Science,Remote,EMP-5010,Q1 2026 Mid-Year,2026,5 - Exceptional,5,3 - Meets Expectations,Improved,Needs Coaching,Balanced Contributor,Low,1.57,Ready 1-2 Years,Finalized,2 - Partially Meets,No,Downward,7.88,19.44,No,No,Innovation,Stakeholder Mgmt,Prioritization,12.4,3.7,1.035,2025-08-27,Veteran,Below Range,Calibration adjusted after group review.
CAL-7988,EMP-5988,Nancy Moore,Engineering,VP,Engineering,Atlanta GA,EMP-5039,Q3 2026 Annual,2026,3 - Meets Expectations,3,2 - Partially Meets,Improved,Solid Performer,Backbone,Low,1.65,Ready 1-2 Years,Finalized,3 - Meets Expectations,No,No Change,3.23,3.19,No,No,Collaboration,Stakeholder Mgmt,Communication Clarity,1.0,5.5,1.077,2025-01-24,No Flag,Below Range,Consistent performer over 3 cycles.
CAL-7989,EMP-5989,William Smith,Engineering,Individual Contributor,Engineering,Frisco TX,EMP-5031,Q1 2025 Mid-Year,2025,3 - Meets Expectations,3,3 - Meets Expectations,Stable,High Potential,Emerging Talent,Medium,2.75,Ready 1-2 Years,Finalized,3 - Meets Expectations,No,Upward,3.08,7.02,No,No,Collaboration,Stakeholder Mgmt,Communication Clarity,8.0,7.8,1.163,2023-04-28,No Flag,Within Range,High potential validated by skip-level.
CAL-7990,EMP-5990,Linda Davis,Sales,Senior Manager,Sales,Boston MA,EMP-5019,Q1 2025 Mid-Year,2025,4 - Exceeds Expectations,4,3 - Meets Expectations,Improved,Needs Coaching,Balanced Contributor,Low,9.06,Ready Now,Finalized,3 - Meets Expectations,No,No Change,4.02,3.55,No,No,Leadership,Process Improvement,Executive Presence,7.8,8.0,0.782,2022-08-02,URM,Below Range,New to role - calibration advisory only.
CAL-7991,EMP-5991,Betty Martin,Operations,Senior Manager,Operations,Remote,EMP-5022,Q3 2025 Annual,2025,3 - Meets Expectations,3,4 - Exceeds Expectations,Declined,Solid Performer,Backbone,Low,6.13,Not Applicable,Finalized,3 - Meets Expectations,Yes,Upward,2.01,2.54,No,No,Technical Excellence,Data-Driven,Cross-Functional Collaboration,8.8,7.4,1.219,2022-06-07,Person with Disability,Below Range,Flagged for retention risk.
CAL-7992,EMP-5992,David Jackson,Customer Experience,Team Lead,Customer Experience,Frisco TX,EMP-5045,Q3 2026 Annual,2026,3 - Meets Expectations,3,2 - Partially Meets,Improved,High Potential,Emerging Talent,High,8.5,Ready Now,Calibration Complete,5 - Exceptional,No,No Change,2.55,4.9,No,No,Leadership,Problem Solving,Executive Presence,2.8,1.0,0.924,2020-12-14,No Flag,Above Range,
CAL-7993,EMP-5993,Patricia Smith,Data Science,Manager,Data Science,Chicago IL,EMP-5028,Q3 2026 Annual,2026,3 - Meets Expectations,3,3 - Meets Expectations,Stable,Solid Performer,Backbone,Low,2.3,Ready 3-5 Years,Finalized,1 - Does Not Meet,No,No Change,3.42,5.68,No,No,Adaptability,Stakeholder Mgmt,Technical Depth,5.8,9.9,0.946,2025-04-25,No Flag,Within Range,
CAL-7994,EMP-5994,David Johnson,Finance,Team Lead,Finance,New York NY,EMP-5037,Q1 2025 Mid-Year,2025,3 - Meets Expectations,3,3 - Meets Expectations,Stable,Growth Potential,Balanced Contributor,High,2.83,Ready Now,Pending Manager Review,2 - Partially Meets,No,Upward,2.67,3.18,No,No,Analytical Rigor,Mentoring,Delegation,14.5,3.6,0.971,2023-07-09,Gender Minority,Within Range,Calibration adjusted after group review.
CAL-7995,EMP-5995,Barbara Hernandez,Marketing,Team Lead,Marketing,Seattle WA,EMP-5031,Q3 2026 Annual,2026,4 - Exceeds Expectations,4,3 - Meets Expectations,Improved,Solid Performer,Balanced Contributor,High,9.75,Ready Now,Finalized,3 - Meets Expectations,No,Downward,4.72,10.83,No,No,Communication,Process Improvement,Strategic Vision,7.1,2.4,0.985,2023-11-13,Person with Disability,Within Range,Flagged for retention risk.
CAL-7996,EMP-5996,William Martin,Sales,Senior Manager,Sales,Boston MA,EMP-5032,Q3 2026 Annual,2026,1 - Does Not Meet,1,4 - Exceeds Expectations,Declined,Solid Performer,Balanced Contributor,Medium,7.19,Not Applicable,Calibration Complete,2 - Partially Meets,No,No Change,0.0,0.0,No,No,Leadership,Process Improvement,Delegation,17.6,5.0,0.916,2018-08-09,Gender Minority,Within Range,Strong calibration supported by peers.
CAL-7997,EMP-5997,Daniel Wilson,People & HR,Senior Manager,People & HR,Denver CO,EMP-5014,Q1 2026 Mid-Year,2026,2 - Partially Meets,2,2 - Partially Meets,Stable,Growth Potential,Inconsistent Player,Low,9.4,Ready 3-5 Years,Finalized,4 - Exceeds Expectations,No,Downward,0.88,1.98,No,No,Innovation,Results Orientation,Executive Presence,3.3,9.9,1.003,2023-11-19,Person with Disability,Below Range,Strong calibration supported by peers.
CAL-7998,EMP-5998,Nancy Gonzalez,Operations,Manager,Operations,New York NY,EMP-5034,Q3 2025 Annual,2025,3 - Meets Expectations,3,3 - Meets Expectations,Stable,Growth Potential,Balanced Contributor,Low,8.87,Ready 1-2 Years,Finalized,3 - Meets Expectations,No,No Change,2.94,2.48,No,No,Customer Focus,Stakeholder Mgmt,Strategic Vision,5.6,8.7,1.247,2019-06-16,Gender Minority,Below Range,New to role - calibration advisory only.
CAL-7999,EMP-5999,Matthew Johnson,People & HR,Team Lead,People & HR,Chicago IL,EMP-5029,Q3 2025 Annual,2025,3 - Meets Expectations,3,3 - Meets Expectations,Stable,Solid Performer,Backbone,Low,4.68,Not Applicable,Finalized,3 - Meets Expectations,No,No Change,3.17,4.51,No,No,Strategic Thinking,Results Orientation,Technical Depth,9.7,9.6,0.89,2021-12-17,Gender Minority,Above Range,Flagged for retention risk.
CAL-8000,EMP-6000,Sarah Williams,Product,Individual Contributor,Product,Frisco TX,EMP-5011,Q3 2025 Annual,2025,3 - Meets Expectations,3,3 - Meets Expectations,Stable,Growth Potential,Balanced Contributor,High,6.79,Ready 1-2 Years,Calibration Complete,3 - Meets Expectations,No,Downward,3.4,5.83,No,No,Analytical Rigor,Team Building,Strategic Vision,9.7,1.6,0.778,2021-12-21,Person with Disability,Within Range,Calibration adjusted after group review.
CAL-8001,EMP-6001,Charles Wilson,Marketing,Manager,Marketing,Atlanta GA,EMP-5050,Q1 2025 Mid-Year,2025,3 - Meets Expectations,3,3 - Meets Expectations,Stable,Solid Performer,Backbone,Medium,1.34,Ready 1-2 Years,Finalized,3 - Meets Expectations,No,No Change,3.43,6.4,No,No,Collaboration,Process Improvement,Cross-Functional Collaboration,13.8,3.5,1.327,2022-06-30,Veteran,Above Range,Flagged for retention risk.
CAL-8002,EMP-6002,Charles Smith,Sales,Individual Contributor,Sales,Denver CO,EMP-5004,Q3 2025 Annual,2025,3 - Meets Expectations,3,3 - Meets Expectations,Stable,Solid Performer,Backbone,Medium,3.15,Ready 3-5 Years,Calibration Complete,2 - Partially Meets,No,No Change,3.28,6.95,No,No,Technical Excellence,Results Orientation,People Management,7.4,8.7,0.867,2018-08-31,Gender Minority,Within Range,Calibration adjusted after group review.
CAL-8003,EMP-6003,Ashley Brown,Customer Experience,Individual Contributor,Customer Experience,Seattle WA,EMP-5013,Q1 2026 Mid-Year,2026,3 - Meets Expectations,3,3 - Meets Expectations,Stable,Solid Performer,Backbone,Low,4.7,Not Applicable,Finalized,5 - Exceptional,No,No Change,2.72,3.07,No,No,Communication,Team Building,Delegation,20.0,2.3,0.971,2018-01-24,Veteran,Below Range,Calibration adjusted after group review.
CAL-8004,EMP-6004,Linda Brown,Finance,Manager,Finance,Austin TX,EMP-5025,Q3 2026 Annual,2026,3 - Meets Expectations,3,5 - Exceptional,Declined,Needs Coaching,Balanced Contributor,Medium,5.67,Ready Now,Pending Manager Review,4 - Exceeds Expectations,Yes,No Change,2.69,3.28,No,No,Analytical Rigor,Project Delivery,Technical Depth,10.5,7.2,1.092,2019-03-22,Gender Minority,Above Range,High potential validated by skip-level.
CAL-8005,EMP-6005,Sandra Davis,Product,Individual Contributor,Product,Austin TX,EMP-5013,Q1 2026 Mid-Year,2026,2 - Partially Meets,2,3 - Meets Expectations,Declined,Needs Coaching,Needs Development,Low,8.6,Ready 1-2 Years,Calibration Complete,2 - Partially Meets,No,No Change,1.06,1.35,No,No,Innovation,Mentoring,People Management,18.9,5.6,1.226,2018-07-04,Veteran,Within Range,Calibration adjusted after group review.
CAL-8006,EMP-6006,Elizabeth Wilson,Marketing,VP,Marketing,Seattle WA,EMP-5017,Q1 2026 Mid-Year,2026,3 - Meets Expectations,3,3 - Meets Expectations,Stable,Solid Performer,Backbone,Low,3.66,Ready Now,Finalized,3 - Meets Expectations,No,No Change,3.19,7.0,No,No,Customer Focus,Mentoring,Delegation,7.0,9.2,1.075,2021-09-08,Veteran,Above Range,Calibration adjusted after group review.
CAL-8007,EMP-6007,Sarah Martin,Legal & Compliance,Director,Legal & Compliance,Seattle WA,EMP-5037,Q3 2026 Annual,2026,3 - Meets Expectations,3,3 - Meets Expectations,Stable,Solid Performer,Backbone,Medium,9.71,Ready 3-5 Years,Finalized,4 - Exceeds Expectations,No,No Change,2.8,6.59,No,No,Innovation,Data-Driven,Cross-Functional Collaboration,17.6,4.5,0.998,2022-10-03,URM,Below Range,Consistent performer over 3 cycles.
CAL-8008,EMP-6008,Robert Jones,Data Science,Senior Manager,Data Science,Frisco TX,EMP-5044,Q1 2025 Mid-Year,2025,3 - Meets Expectations,3,3 - Meets Expectations,Stable,Growth Potential,Balanced Contributor,Medium,4.33,Ready 3-5 Years,Calibration Complete,1 - Does Not Meet,No,Downward,2.53,2.82,No,No,Analytical Rigor,Mentoring,Communication Clarity,1.3,8.5,1.114,2021-09-14,Gender Minority,Within Range,High potential validated by skip-level.
CAL-8009,EMP-6009,James Moore,Sales,Director,Sales,San Francisco CA,EMP-5024,Q3 2026 Annual,2026,3 - Meets Expectations,3,3 - Meets Expectations,Stable,Solid Performer,Backbone,Low,8.08,Ready 1-2 Years,Calibration Complete,4 - Exceeds Expectations,Yes,Upward,2.67,5.94,No,No,Adaptability,Problem Solving,Communication Clarity,17.9,0.8,0.792,2025-12-29,Person with Disability,Above Range,Consistent performer over 3 cycles.
CAL-8010,EMP-6010,Jennifer Taylor,Data Science,Individual Contributor,Data Science,Frisco TX,EMP-5035,Q1 2026 Mid-Year,2026,2 - Partially Meets,2,3 - Meets Expectations,Declined,Solid Performer,Balanced Contributor,High,1.57,Ready 1-2 Years,Finalized,3 - Meets Expectations,No,Downward,0.82,0.88,No,No,Strategic Thinking,Process Improvement,Technical Depth,15.2,6.0,1.171,2020-08-14,URM,Above Range,PIP recommended post calibration.
CAL-8011,EMP-6011,Joseph Anderson,Operations,SVP,Operations,Denver CO,EMP-5026,Q1 2026 Mid-Year,2026,3 - Meets Expectations,3,3 - Meets Expectations,Stable,Growth Potential,Balanced Contributor,Medium,5.01,Ready 1-2 Years,Pending Manager Review,3 - Meets Expectations,No,No Change,3.11,2.58,No,No,Collaboration,Team Building,Cross-Functional Collaboration,11.0,3.9,0.924,2018-12-10,Veteran,Above Range,Consistent performer over 3 cycles.
CAL-8012,EMP-6012,Linda Garcia,People & HR,Director,People & HR,Remote,EMP-5028,Q3 2025 Annual,2025,4 - Exceeds Expectations,4,2 - Partially Meets,Improved,High Potential,Future Leader,Low,9.87,Ready 1-2 Years,Pending Manager Review,2 - Partially Meets,Yes,No Change,4.98,8.15,No,No,Communication,Data-Driven,Communication Clarity,6.3,6.8,0.933,2022-03-30,Veteran,Within Range,Strong calibration supported by peers.
CAL-8013,EMP-6013,David Miller,Data Science,Team Lead,Data Science,New York NY,EMP-5020,Q1 2026 Mid-Year,2026,3 - Meets Expectations,3,2 - Partially Meets,Improved,Needs Coaching,Balanced Contributor,Low,5.92,Ready 1-2 Years,Pending Manager Review,1 - Does Not Meet,No,No Change,3.01,6.2,No,No,Analytical Rigor,Project Delivery,Executive Presence,0.6,5.7,0.942,2020-01-08,Gender Minority,Within Range,PIP recommended post calibration.
CAL-8014,EMP-6014,Sarah Martinez,Engineering,Individual Contributor,Engineering,Remote,EMP-5005,Q1 2025 Mid-Year,2025,3 - Meets Expectations,3,3 - Meets Expectations,Stable,Solid Performer,Backbone,Medium,6.86,Ready 1-2 Years,Calibration Complete,3 - Meets Expectations,No,No Change,3.38,3.61,No,No,Collaboration,Data-Driven,People Management,12.0,7.5,1.181,2021-11-24,Person with Disability,Below Range,Calibration adjusted after group review.
CAL-8015,EMP-6015,Betty Johnson,Legal & Compliance,SVP,Legal & Compliance,Austin TX,EMP-5002,Q3 2025 Annual,2025,3 - Meets Expectations,3,3 - Meets Expectations,Stable,Growth Potential,Balanced Contributor,Medium,4.59,Not Applicable,Pending Manager Review,5 - Exceptional,No,No Change,3.24,2.75,No,No,Execution,Mentoring,People Management,0.9,9.9,1.253,2020-09-08,URM,Below Range,Strong calibration supported by peers.
CAL-8016,EMP-6016,Richard Wilson,Finance,VP,Finance,San Francisco CA,EMP-5026,Q1 2025 Mid-Year,2025,3 - Meets Expectations,3,3 - Meets Expectations,Stable,High Potential,Emerging Talent,Medium,7.95,Ready Now,Finalized,4 - Exceeds Expectations,Yes,No Change,2.42,2.59,No,No,Customer Focus,Problem Solving,Executive Presence,14.5,0.8,0.948,2021-01-15,URM,Above Range,Calibration adjusted after group review.
CAL-8017,EMP-6017,Margaret Williams,People & HR,Manager,People & HR,Remote,EMP-5037,Q1 2025 Mid-Year,2025,4 - Exceeds Expectations,4,3 - Meets Expectations,Improved,Solid Performer,Balanced Contributor,Medium,9.67,Ready 3-5 Years,Pending Manager Review,2 - Partially Meets,No,No Change,3.73,5.44,No,No,Collaboration,Problem Solving,People Management,2.1,2.8,1.142,2023-09-07,Person with Disability,Below Range,
CAL-8018,EMP-6018,Daniel Taylor,Finance,Manager,Finance,Boston MA,EMP-5022,Q3 2025 Annual,2025,3 - Meets Expectations,3,3 - Meets Expectations,Stable,Solid Performer,Backbone,Low,2.99,Ready Now,Finalized,5 - Exceptional,No,Downward,3.18,6.34,No,No,Innovation,Mentoring,Communication Clarity,12.6,3.3,1.153,2019-08-04,Gender Minority,Above Range,PIP recommended post calibration.
CAL-8019,EMP-6019,Richard Anderson,Operations,Individual Contributor,Operations,Denver CO,EMP-5040,Q3 2025 Annual,2025,3 - Meets Expectations,3,1 - Does Not Meet,Improved,Needs Coaching,Balanced Contributor,Low,5.3,Ready Now,Calibration Complete,3 - Meets Expectations,No,Downward,2.98,6.01,No,No,Technical Excellence,Team Building,Technical Depth,6.6,7.9,1.227,2022-08-13,Veteran,Above Range,Flagged for retention risk.
CAL-8020,EMP-6020,Robert Garcia,Legal & Compliance,Director,Legal & Compliance,Frisco TX,EMP-5039,Q3 2026 Annual,2026,5 - Exceptional,5,3 - Meets Expectations,Improved,Solid Performer,Balanced Contributor,Medium,9.44,Not Applicable,Pending Manager Review,3 - Meets Expectations,No,No Change,5.13,10.85,Yes,No,Technical Excellence,Data-Driven,Cross-Functional Collaboration,15.4,2.7,1.171,2025-07-10,Veteran,Within Range,Flagged for retention risk.
CAL-8021,EMP-6021,Christopher Johnson,Product,Manager,Product,San Francisco CA,EMP-5018,Q1 2025 Mid-Year,2025,1 - Does Not Meet,1,3 - Meets Expectations,Declined,Growth Potential,Balanced Contributor,Medium,6.19,Ready 1-2 Years,Finalized,3 - Meets Expectations,Yes,Upward,0.0,0.0,No,No,Innovation,Mentoring,Strategic Vision,13.7,6.3,0.839,2020-07-27,Person with Disability,Within Range,New to role - calibration advisory only.
CAL-8022,EMP-6022,Mark Taylor,Legal & Compliance,Director,Legal & Compliance,Remote,EMP-5008,Q1 2025 Mid-Year,2025,4 - Exceeds Expectations,4,3 - Meets Expectations,Improved,Watch List,Balanced Contributor,Low,1.81,Ready 3-5 Years,Calibration Complete,3 - Meets Expectations,No,No Change,5.31,13.21,No,No,Technical Excellence,Project Delivery,Delegation,13.5,2.2,1.201,2025-06-03,No Flag,Within Range,Flagged for retention risk.
CAL-8023,EMP-6023,Jessica Thomas,Product,Senior Manager,Product,Remote,EMP-5001,Q3 2026 Annual,2026,4 - Exceeds Expectations,4,3 - Meets Expectations,Improved,Solid Performer,Balanced Contributor,High,7.03,Not Applicable,Finalized,3 - Meets Expectations,No,Upward,4.56,5.51,No,No,Strategic Thinking,Process Improvement,Technical Depth,0.9,3.2,1.145,2021-07-31,Veteran,Above Range,New to role - calibration advisory only.
CAL-8024,EMP-6024,Richard Miller,Data Science,Manager,Data Science,Frisco TX,EMP-5013,Q1 2026 Mid-Year,2026,4 - Exceeds Expectations,4,5 - Exceptional,Declined,Growth Potential,Core Contributor,Low,5.51,Ready Now,Finalized,2 - Partially Meets,Yes,No Change,4.43,10.69,No,No,Innovation,Results Orientation,Delegation,18.7,1.2,1.153,2021-02-19,No Flag,Below Range,Calibration adjusted after group review.
CAL-8025,EMP-6025,Sarah Martin,People & HR,Individual Contributor,People & HR,San Francisco CA,EMP-5020,Q3 2025 Annual,2025,3 - Meets Expectations,3,3 - Meets Expectations,Stable,Solid Performer,Backbone,Low,1.51,Ready Now,Calibration Complete,1 - Does Not Meet,No,No Change,3.24,7.47,No,No,Collaboration,Data-Driven,Strategic Vision,4.8,1.4,0.777,2020-11-25,Person with Disability,Within Range,Calibration adjusted after group review.
CAL-8026,EMP-6026,Linda Jones,People & HR,Director,People & HR,Frisco TX,EMP-5007,Q1 2026 Mid-Year,2026,2 - Partially Meets,2,4 - Exceeds Expectations,Declined,Solid Performer,Balanced Contributor,Low,6.22,Ready 1-2 Years,Pending Manager Review,2 - Partially Meets,No,Upward,0.01,0.02,No,No,Customer Focus,Mentoring,Delegation,14.3,4.9,1.093,2025-06-13,URM,Below Range,Consistent performer over 3 cycles.
CAL-8027,EMP-6027,Charles Johnson,Legal & Compliance,Manager,Legal & Compliance,Frisco TX,EMP-5005,Q3 2025 Annual,2025,5 - Exceptional,5,5 - Exceptional,Stable,Needs Coaching,Balanced Contributor,Low,4.44,Ready 1-2 Years,Finalized,3 - Meets Expectations,No,Upward,5.24,7.98,No,No,Customer Focus,Results Orientation,People Management,4.1,5.8,1.344,2020-07-10,No Flag,Above Range,Flagged for retention risk.
CAL-8028,EMP-6028,William Jackson,Product,Senior Manager,Product,Remote,EMP-5000,Q3 2025 Annual,2025,1 - Does Not Meet,1,4 - Exceeds Expectations,Declined,Growth Potential,Balanced Contributor,High,3.58,Not Applicable,Pending Manager Review,3 - Meets Expectations,No,No Change,0.0,0.0,No,No,Communication,Project Delivery,Cross-Functional Collaboration,0.6,2.8,1.266,2018-02-14,Veteran,Above Range,
CAL-8029,EMP-6029,Robert Garcia,People & HR,Director,People & HR,Remote,EMP-5022,Q1 2026 Mid-Year,2026,3 - Meets Expectations,3,4 - Exceeds Expectations,Declined,Needs Coaching,Balanced Contributor,Low,5.7,Ready 3-5 Years,Finalized,3 - Meets Expectations,No,Upward,2.09,3.29,No,No,Analytical Rigor,Project Delivery,Technical Depth,1.2,6.2,1.243,2021-02-11,No Flag,Within Range,Consistent performer over 3 cycles.
CAL-8030,EMP-6030,Thomas Miller,Engineering,Individual Contributor,Engineering,Remote,EMP-5026,Q1 2026 Mid-Year,2026,3 - Meets Expectations,3,5 - Exceptional,Declined,Solid Performer,Backbone,Low,8.76,Not Applicable,Finalized,4 - Exceeds Expectations,No,No Change,3.3,6.89,No,No,Communication,Problem Solving,People Management,5.8,1.2,1.33,2018-08-28,Veteran,Within Range,High potential validated by skip-level.
CAL-8031,EMP-6031,Nancy Brown,Finance,Team Lead,Finance,Austin TX,EMP-5007,Q1 2026 Mid-Year,2026,3 - Meets Expectations,3,3 - Meets Expectations,Stable,Solid Performer,Backbone,Low,6.59,Ready 3-5 Years,Pending Manager Review,2 - Partially Meets,No,Downward,3.01,5.22,No,No,Customer Focus,Results Orientation,Technical Depth,7.6,2.8,1.128,2025-11-22,No Flag,Below Range,
CAL-8032,EMP-6032,Michael Brown,Marketing,VP,Marketing,Denver CO,EMP-5019,Q1 2026 Mid-Year,2026,2 - Partially Meets,2,3 - Meets Expectations,Declined,Needs Coaching,Needs Development,High,2.91,Ready Now,Calibration Complete,5 - Exceptional,No,Downward,0.49,0.61,No,No,Collaboration,Stakeholder Mgmt,Technical Depth,5.4,5.4,1.017,2023-02-26,URM,Above Range,Strong calibration supported by peers.
CAL-8033,EMP-6033,Ashley Gonzalez,Operations,Individual Contributor,Operations,Denver CO,EMP-5018,Q3 2025 Annual,2025,3 - Meets Expectations,3,3 - Meets Expectations,Stable,Solid Performer,Backbone,High,9.65,Ready 3-5 Years,Pending Manager Review,5 - Exceptional,No,No Change,3.47,7.42,No,No,Adaptability,Results Orientation,Strategic Vision,17.7,6.2,1.193,2022-01-19,Veteran,Above Range,Consistent performer over 3 cycles.
CAL-8034,EMP-6034,Jessica Miller,Sales,Individual Contributor,Sales,Frisco TX,EMP-5000,Q1 2026 Mid-Year,2026,2 - Partially Meets,2,3 - Meets Expectations,Declined,Solid Performer,Balanced Contributor,High,2.04,Not Applicable,Finalized,3 - Meets Expectations,No,No Change,1.77,1.8,No,No,Innovation,Problem Solving,Executive Presence,4.8,3.6,0.937,2019-05-03,URM,Above Range,
CAL-8035,EMP-6035,Sandra Smith,Operations,Individual Contributor,Operations,Boston MA,EMP-5035,Q3 2026 Annual,2026,4 - Exceeds Expectations,4,5 - Exceptional,Declined,Growth Potential,Core Contributor,Low,9.26,Ready 1-2 Years,Finalized,4 - Exceeds Expectations,No,No Change,5.14,7.46,No,No,Adaptability,Mentoring,Strategic Vision,15.3,6.6,0.965,2019-02-04,Gender Minority,Within Range,
CAL-8036,EMP-6036,Sandra Taylor,Sales,Director,Sales,Frisco TX,EMP-5013,Q3 2026 Annual,2026,3 - Meets Expectations,3,4 - Exceeds Expectations,Declined,Solid Performer,Backbone,Low,5.39,Ready 3-5 Years,Finalized,3 - Meets Expectations,No,No Change,2.18,2.81,No,No,Leadership,Team Building,Executive Presence,18.5,1.7,1.054,2024-07-28,Person with Disability,Below Range,
CAL-8037,EMP-6037,Ashley Lopez,Finance,Senior Manager,Finance,Seattle WA,EMP-5027,Q1 2026 Mid-Year,2026,3 - Meets Expectations,3,4 - Exceeds Expectations,Declined,Solid Performer,Backbone,Low,6.78,Not Applicable,Pending Manager Review,4 - Exceeds Expectations,No,Downward,3.16,5.59,No,No,Analytical Rigor,Data-Driven,Executive Presence,11.7,1.6,0.828,2025-05-10,Veteran,Above Range,Calibration adjusted after group review.
CAL-8038,EMP-6038,Matthew Gonzalez,Marketing,Manager,Marketing,Atlanta GA,EMP-5028,Q1 2025 Mid-Year,2025,3 - Meets Expectations,3,4 - Exceeds Expectations,Declined,Growth Potential,Balanced Contributor,High,9.35,Not Applicable,Finalized,2 - Partially Meets,No,Downward,2.62,4.1,No,No,Customer Focus,Process Improvement,Executive Presence,7.9,0.8,0.926,2018-02-10,Person with Disability,Within Range,New to role - calibration advisory only.
CAL-8039,EMP-6039,Margaret Gonzalez,Marketing,Individual Contributor,Marketing,Austin TX,EMP-5037,Q3 2025 Annual,2025,3 - Meets Expectations,3,4 - Exceeds Expectations,Declined,Needs Coaching,Balanced Contributor,Low,5.26,Ready 3-5 Years,Finalized,4 - Exceeds Expectations,Yes,No Change,2.32,2.93,No,No,Innovation,Process Improvement,Cross-Functional Collaboration,7.6,8.3,0.837,2018-05-07,URM,Below Range,New to role - calibration advisory only.
CAL-8040,EMP-6040,Barbara Garcia,Marketing,Individual Contributor,Marketing,Seattle WA,EMP-5014,Q1 2025 Mid-Year,2025,2 - Partially Meets,2,5 - Exceptional,Declined,Growth Potential,Inconsistent Player,High,6.56,Ready 1-2 Years,Finalized,4 - Exceeds Expectations,No,No Change,0.89,1.73,No,No,Strategic Thinking,Data-Driven,Cross-Functional Collaboration,18.4,3.9,0.815,2023-07-23,Person with Disability,Within Range,
CAL-8041,EMP-6041,Patricia Brown,Product,Individual Contributor,Product,Boston MA,EMP-5034,Q1 2025 Mid-Year,2025,4 - Exceeds Expectations,4,3 - Meets Expectations,Improved,Solid Performer,Balanced Contributor,Low,6.76,Ready 3-5 Years,Pending Manager Review,4 - Exceeds Expectations,No,Downward,3.66,5.1,Yes,No,Communication,Process Improvement,People Management,17.4,6.5,1.127,2019-07-31,Veteran,Below Range,Calibration adjusted after group review.
CAL-8042,EMP-6042,Ashley Miller,Operations,Team Lead,Operations,Frisco TX,EMP-5045,Q1 2026 Mid-Year,2026,2 - Partially Meets,2,3 - Meets Expectations,Declined,Growth Potential,Inconsistent Player,Medium,1.9,Ready 1-2 Years,Finalized,3 - Meets Expectations,No,Downward,1.4,2.67,No,No,Customer Focus,Mentoring,Technical Depth,16.8,5.5,0.825,2023-09-06,No Flag,Below Range,New to role - calibration advisory only.
CAL-8043,EMP-6043,Anthony Garcia,Marketing,SVP,Marketing,New York NY,EMP-5033,Q3 2025 Annual,2025,4 - Exceeds Expectations,4,3 - Meets Expectations,Improved,Growth Potential,Core Contributor,Low,7.57,Ready 3-5 Years,Finalized,2 - Partially Meets,Yes,No Change,5.34,7.88,No,No,Analytical Rigor,Project Delivery,Delegation,14.2,1.9,0.765,2022-02-05,Person with Disability,Within Range,Consistent performer over 3 cycles.
CAL-8044,EMP-6044,James Jackson,Operations,Individual Contributor,Operations,Austin TX,EMP-5011,Q1 2025 Mid-Year,2025,3 - Meets Expectations,3,3 - Meets Expectations,Stable,Needs Coaching,Balanced Contributor,Low,8.49,Ready 3-5 Years,Calibration Complete,1 - Does Not Meet,Yes,No Change,2.2,2.46,No,No,Technical Excellence,Results Orientation,Strategic Vision,6.4,9.6,1.025,2019-07-12,URM,Within Range,
CAL-8045,EMP-6045,Elizabeth Wilson,Operations,Individual Contributor,Operations,Atlanta GA,EMP-5009,Q3 2025 Annual,2025,1 - Does Not Meet,1,3 - Meets Expectations,Declined,Solid Performer,Balanced Contributor,High,5.18,Ready Now,Finalized,3 - Meets Expectations,Yes,No Change,0.0,0.0,No,Yes,Adaptability,Project Delivery,Executive Presence,13.6,2.9,1.168,2024-02-17,URM,Below Range,Calibration adjusted after group review.
CAL-8046,EMP-6046,Ashley Davis,Legal & Compliance,Individual Contributor,Legal & Compliance,Denver CO,EMP-5043,Q1 2026 Mid-Year,2026,5 - Exceptional,5,3 - Meets Expectations,Improved,Growth Potential,High Performer,Low,5.39,Ready Now,Pending Manager Review,4 - Exceeds Expectations,No,No Change,7.08,16.89,No,No,Strategic Thinking,Results Orientation,Prioritization,18.5,6.0,1.324,2019-01-01,No Flag,Above Range,New to role - calibration advisory only.
CAL-8047,EMP-6047,Maria Smith,Product,Senior Manager,Product,Chicago IL,EMP-5011,Q1 2025 Mid-Year,2025,3 - Meets Expectations,3,3 - Meets Expectations,Stable,Growth Potential,Balanced Contributor,Medium,5.75,Not Applicable,Finalized,3 - Meets Expectations,No,Downward,3.09,6.73,No,No,Adaptability,Mentoring,Technical Depth,2.0,7.9,1.26,2023-02-16,No Flag,Above Range,Flagged for retention risk.
CAL-8048,EMP-6048,Thomas Moore,Product,VP,Product,New York NY,EMP-5014,Q3 2025 Annual,2025,4 - Exceeds Expectations,4,3 - Meets Expectations,Improved,Needs Coaching,Balanced Contributor,High,3.73,Ready 1-2 Years,Pending Manager Review,3 - Meets Expectations,No,No Change,5.12,11.58,Yes,No,Execution,Problem Solving,Technical Depth,18.8,7.8,0.889,2021-02-02,Person with Disability,Within Range,Calibration adjusted after group review.
CAL-8049,EMP-6049,John Lopez,People & HR,Team Lead,People & HR,Chicago IL,EMP-5016,Q3 2026 Annual,2026,3 - Meets Expectations,3,2 - Partially Meets,Improved,High Potential,Emerging Talent,High,6.4,Not Applicable,Pending Manager Review,2 - Partially Meets,No,No Change,2.85,6.96,No,No,Innovation,Stakeholder Mgmt,Cross-Functional Collaboration,15.2,6.5,1.256,2022-12-05,URM,Below Range,New to role - calibration advisory only.
CAL-8050,EMP-6050,Patricia Rodriguez,Data Science,Senior Manager,Data Science,Frisco TX,EMP-5029,Q1 2026 Mid-Year,2026,2 - Partially Meets,2,3 - Meets Expectations,Declined,Solid Performer,Balanced Contributor,Medium,1.31,Ready Now,Finalized,1 - Does Not Meet,No,No Change,0.71,1.48,No,No,Leadership,Data-Driven,Cross-Functional Collaboration,11.8,3.1,1.278,2021-08-11,Veteran,Within Range,Strong calibration supported by peers.
CAL-8051,EMP-6051,William Anderson,Finance,Manager,Finance,Boston MA,EMP-5010,Q1 2026 Mid-Year,2026,5 - Exceptional,5,4 - Exceeds Expectations,Improved,Needs Coaching,Balanced Contributor,Medium,3.32,Not Applicable,Finalized,4 - Exceeds Expectations,Yes,Downward,5.33,7.81,Yes,No,Technical Excellence,Problem Solving,Executive Presence,8.6,3.2,1.11,2022-12-26,Person with Disability,Above Range,Calibration adjusted after group review.
CAL-8052,EMP-6052,Barbara Johnson,Marketing,Director,Marketing,Austin TX,EMP-5012,Q3 2026 Annual,2026,3 - Meets Expectations,3,1 - Does Not Meet,Improved,Growth Potential,Balanced Contributor,Low,2.73,Ready Now,Pending Manager Review,1 - Does Not Meet,No,No Change,2.25,1.83,No,No,Collaboration,Data-Driven,Prioritization,2.4,2.6,0.888,2025-09-17,No Flag,Below Range,
CAL-8053,EMP-6053,Patricia Garcia,Sales,Team Lead,Sales,Denver CO,EMP-5025,Q1 2025 Mid-Year,2025,3 - Meets Expectations,3,3 - Meets Expectations,Stable,High Potential,Emerging Talent,High,7.3,Ready 1-2 Years,Pending Manager Review,4 - Exceeds Expectations,No,No Change,2.77,4.26,No,No,Analytical Rigor,Team Building,Technical Depth,3.0,6.3,0.954,2024-09-28,Person with Disability,Within Range,New to role - calibration advisory only.
CAL-8054,EMP-6054,Michael Wilson,Data Science,Individual Contributor,Data Science,Chicago IL,EMP-5013,Q3 2026 Annual,2026,3 - Meets Expectations,3,2 - Partially Meets,Improved,Growth Potential,Balanced Contributor,Low,2.33,Ready 1-2 Years,Pending Manager Review,5 - Exceptional,No,Upward,2.29,3.58,No,No,Innovation,Stakeholder Mgmt,Delegation,8.8,4.0,0.764,2021-11-21,URM,Above Range,Flagged for retention risk.
CAL-8055,EMP-6055,Richard Gonzalez,Engineering,Director,Engineering,Remote,EMP-5028,Q3 2025 Annual,2025,4 - Exceeds Expectations,4,4 - Exceeds Expectations,Stable,Growth Potential,Core Contributor,Low,4.27,Ready 1-2 Years,Pending Manager Review,5 - Exceptional,No,No Change,4.59,4.11,No,No,Adaptability,Mentoring,Technical Depth,5.7,1.7,1.047,2020-10-26,URM,Within Range,Strong calibration supported by peers.
CAL-8056,EMP-6056,Patricia Williams,Legal & Compliance,Individual Contributor,Legal & Compliance,Remote,EMP-5035,Q3 2025 Annual,2025,5 - Exceptional,5,4 - Exceeds Expectations,Improved,Growth Potential,High Performer,Medium,8.84,Ready 1-2 Years,Finalized,3 - Meets Expectations,Yes,Upward,7.99,9.17,No,No,Customer Focus,Mentoring,Communication Clarity,9.7,5.8,0.868,2020-12-12,No Flag,Above Range,New to role - calibration advisory only.
CAL-8057,EMP-6057,Nancy Williams,Sales,Individual Contributor,Sales,Denver CO,EMP-5030,Q1 2026 Mid-Year,2026,3 - Meets Expectations,3,2 - Partially Meets,Improved,Growth Potential,Balanced Contributor,Medium,8.36,Ready Now,Calibration Complete,2 - Partially Meets,No,No Change,2.13,4.61,No,No,Execution,Project Delivery,Delegation,14.0,3.7,0.797,2024-06-14,Veteran,Below Range,Consistent performer over 3 cycles.
CAL-8058,EMP-6058,Nancy Gonzalez,Finance,Individual Contributor,Finance,San Francisco CA,EMP-5015,Q3 2025 Annual,2025,3 - Meets Expectations,3,2 - Partially Meets,Improved,Growth Potential,Balanced Contributor,High,1.49,Ready 3-5 Years,Finalized,3 - Meets Expectations,No,Upward,2.99,7.16,No,No,Innovation,Data-Driven,Executive Presence,5.6,0.7,1.151,2019-06-15,No Flag,Below Range,Flagged for retention risk.
CAL-8059,EMP-6059,Jennifer Moore,People & HR,Individual Contributor,People & HR,Atlanta GA,EMP-5018,Q3 2025 Annual,2025,4 - Exceeds Expectations,4,3 - Meets Expectations,Improved,Solid Performer,Balanced Contributor,Low,5.22,Ready 1-2 Years,Finalized,4 - Exceeds Expectations,No,No Change,4.73,8.5,No,No,Innovation,Project Delivery,Strategic Vision,9.6,3.2,0.812,2025-06-05,Person with Disability,Within Range,Strong calibration supported by peers.
CAL-8060,EMP-6060,Joseph Anderson,Product,Individual Contributor,Product,Seattle WA,EMP-5021,Q1 2026 Mid-Year,2026,3 - Meets Expectations,3,2 - Partially Meets,Improved,Solid Performer,Backbone,Low,2.08,Ready 1-2 Years,Pending Manager Review,2 - Partially Meets,No,No Change,2.89,3.08,No,No,Leadership,Process Improvement,People Management,11.3,2.6,1.191,2024-07-27,No Flag,Above Range,Calibration adjusted after group review.
CAL-8061,EMP-6061,Matthew Wilson,Legal & Compliance,Individual Contributor,Legal & Compliance,Remote,EMP-5013,Q3 2026 Annual,2026,3 - Meets Expectations,3,3 - Meets Expectations,Stable,Needs Coaching,Balanced Contributor,Medium,4.05,Ready 1-2 Years,Pending Manager Review,3 - Meets Expectations,No,No Change,2.37,2.1,No,No,Technical Excellence,Project Delivery,Strategic Vision,10.2,9.3,1.022,2025-09-20,No Flag,Above Range,Calibration adjusted after group review.
CAL-8062,EMP-6062,Jennifer Moore,Operations,Individual Contributor,Operations,Austin TX,EMP-5003,Q3 2025 Annual,2025,5 - Exceptional,5,4 - Exceeds Expectations,Improved,Solid Performer,Balanced Contributor,Medium,2.99,Not Applicable,Calibration Complete,2 - Partially Meets,No,No Change,5.12,4.7,No,No,Execution,Process Improvement,Technical Depth,14.0,5.3,1.235,2020-05-23,Veteran,Above Range,Strong calibration supported by peers.
CAL-8063,EMP-6063,Mark Anderson,Sales,Individual Contributor,Sales,Boston MA,EMP-5006,Q3 2026 Annual,2026,3 - Meets Expectations,3,3 - Meets Expectations,Stable,Solid Performer,Backbone,High,8.13,Not Applicable,Pending Manager Review,3 - Meets Expectations,No,Upward,2.32,5.43,No,No,Leadership,Problem Solving,Cross-Functional Collaboration,3.6,7.3,1.204,2018-12-28,No Flag,Below Range,New to role - calibration advisory only.
CAL-8064,EMP-6064,Sandra Williams,Operations,Director,Operations,Frisco TX,EMP-5010,Q1 2026 Mid-Year,2026,4 - Exceeds Expectations,4,3 - Meets Expectations,Improved,High Potential,Future Leader,Medium,5.38,Ready Now,Finalized,3 - Meets Expectations,No,Upward,5.31,7.96,Yes,No,Adaptability,Problem Solving,Communication Clarity,19.5,5.3,1.055,2020-08-13,Gender Minority,Below Range,
CAL-8065,EMP-6065,Daniel Gonzalez,People & HR,Manager,People & HR,Seattle WA,EMP-5033,Q3 2025 Annual,2025,1 - Does Not Meet,1,4 - Exceeds Expectations,Declined,Growth Potential,Balanced Contributor,Low,8.16,Not Applicable,Pending Manager Review,1 - Does Not Meet,No,No Change,0.0,0.0,No,Yes,Collaboration,Team Building,People Management,19.2,9.5,0.809,2019-03-25,Person with Disability,Within Range,Strong calibration supported by peers.
CAL-8066,EMP-6066,Charles Moore,Marketing,Individual Contributor,Marketing,Seattle WA,EMP-5016,Q3 2026 Annual,2026,4 - Exceeds Expectations,4,3 - Meets Expectations,Improved,Growth Potential,Core Contributor,High,7.42,Ready Now,Pending Manager Review,2 - Partially Meets,No,No Change,4.61,8.87,No,No,Technical Excellence,Problem Solving,Executive Presence,10.2,5.0,1.002,2019-09-22,URM,Below Range,Strong calibration supported by peers.
CAL-8067,EMP-6067,Nancy Garcia,Customer Experience,Senior Manager,Customer Experience,Denver CO,EMP-5022,Q1 2025 Mid-Year,2025,4 - Exceeds Expectations,4,5 - Exceptional,Declined,Solid Performer,Balanced Contributor,High,6.83,Ready 3-5 Years,Finalized,3 - Meets Expectations,No,No Change,4.49,10.51,No,No,Adaptability,Mentoring,People Management,14.1,5.6,1.2,2023-05-08,No Flag,Above Range,
CAL-8068,EMP-6068,Mark Taylor,People & HR,Individual Contributor,People & HR,Atlanta GA,EMP-5039,Q1 2025 Mid-Year,2025,3 - Meets Expectations,3,3 - Meets Expectations,Stable,Solid Performer,Backbone,Medium,9.17,Ready 3-5 Years,Calibration Complete,2 - Partially Meets,Yes,No Change,3.19,6.83,No,No,Strategic Thinking,Team Building,Communication Clarity,13.9,1.3,1.226,2023-07-07,Gender Minority,Above Range,
CAL-8069,EMP-6069,Betty Hernandez,Marketing,Individual Contributor,Marketing,New York NY,EMP-5029,Q1 2026 Mid-Year,2026,4 - Exceeds Expectations,4,3 - Meets Expectations,Improved,Growth Potential,Core Contributor,Low,6.02,Not Applicable,Finalized,2 - Partially Meets,No,No Change,3.87,3.39,Yes,No,Analytical Rigor,Team Building,Cross-Functional Collaboration,17.7,1.4,0.974,2022-02-21,Veteran,Above Range,New to role - calibration advisory only.
CAL-8070,EMP-6070,Karen Thomas,Sales,Team Lead,Sales,Boston MA,EMP-5049,Q1 2025 Mid-Year,2025,5 - Exceptional,5,5 - Exceptional,Stable,Solid Performer,Balanced Contributor,High,3.68,Not Applicable,Pending Manager Review,3 - Meets Expectations,No,No Change,6.48,5.21,No,No,Customer Focus,Data-Driven,Cross-Functional Collaboration,1.8,7.1,1.252,2020-05-26,Veteran,Above Range,Calibration adjusted after group review.
CAL-8071,EMP-6071,James Martinez,Sales,Individual Contributor,Sales,Frisco TX,EMP-5045,Q3 2026 Annual,2026,5 - Exceptional,5,1 - Does Not Meet,Improved,Needs Coaching,Balanced Contributor,Medium,9.47,Ready Now,Finalized,5 - Exceptional,Yes,No Change,6.57,6.78,No,No,Execution,Process Improvement,Prioritization,15.6,1.9,0.831,2025-10-07,Gender Minority,Above Range,Calibration adjusted after group review.
CAL-8072,EMP-6072,Matthew Martin,Finance,Manager,Finance,Boston MA,EMP-5038,Q3 2025 Annual,2025,3 - Meets Expectations,3,3 - Meets Expectations,Stable,Growth Potential,Balanced Contributor,High,3.6,Ready 3-5 Years,Pending Manager Review,4 - Exceeds Expectations,No,Upward,2.11,2.34,No,No,Adaptability,Results Orientation,Executive Presence,3.0,9.8,1.246,2022-04-27,Person with Disability,Below Range,Consistent performer over 3 cycles.
CAL-8073,EMP-6073,James Jackson,Marketing,VP,Marketing,San Francisco CA,EMP-5043,Q1 2025 Mid-Year,2025,1 - Does Not Meet,1,2 - Partially Meets,Declined,Solid Performer,Balanced Contributor,Low,7.98,Ready 1-2 Years,Pending Manager Review,3 - Meets Expectations,No,No Change,0.0,0.0,No,No,Leadership,Stakeholder Mgmt,People Management,8.4,2.1,0.844,2023-10-27,No Flag,Above Range,High potential validated by skip-level.
CAL-8074,EMP-6074,Daniel Martinez,Product,Manager,Product,New York NY,EMP-5025,Q3 2025 Annual,2025,4 - Exceeds Expectations,4,3 - Meets Expectations,Improved,Growth Potential,Core Contributor,Low,6.52,Ready Now,Calibration Complete,3 - Meets Expectations,No,No Change,4.05,5.11,No,No,Collaboration,Results Orientation,Prioritization,9.9,9.2,1.161,2023-05-28,URM,Within Range,PIP recommended post calibration.
CAL-8075,EMP-6075,Sarah Davis,People & HR,Director,People & HR,Austin TX,EMP-5049,Q1 2026 Mid-Year,2026,3 - Meets Expectations,3,1 - Does Not Meet,Improved,Solid Performer,Backbone,Low,7.57,Ready Now,Finalized,1 - Does Not Meet,Yes,Upward,2.53,5.29,No,No,Analytical Rigor,Mentoring,Technical Depth,2.4,3.7,0.86,2021-08-22,Gender Minority,Within Range,New to role - calibration advisory only.
CAL-8076,EMP-6076,Patricia Jones,Sales,Individual Contributor,Sales,Boston MA,EMP-5004,Q3 2025 Annual,2025,5 - Exceptional,5,2 - Partially Meets,Improved,Needs Coaching,Balanced Contributor,Low,2.55,Ready 1-2 Years,Pending Manager Review,3 - Meets Expectations,Yes,No Change,7.83,16.88,Yes,No,Execution,Process Improvement,Prioritization,18.2,0.9,1.269,2023-05-01,Veteran,Within Range,PIP recommended post calibration.
CAL-8077,EMP-6077,Susan Hernandez,Operations,Manager,Operations,Atlanta GA,EMP-5010,Q3 2026 Annual,2026,4 - Exceeds Expectations,4,4 - Exceeds Expectations,Stable,Solid Performer,Balanced Contributor,Medium,7.86,Ready 3-5 Years,Pending Manager Review,3 - Meets Expectations,Yes,Upward,3.55,6.42,No,No,Analytical Rigor,Project Delivery,Executive Presence,1.9,8.9,1.037,2022-11-04,Veteran,Below Range,PIP recommended post calibration.
CAL-8078,EMP-6078,Robert Garcia,Marketing,Senior Manager,Marketing,Remote,EMP-5031,Q1 2025 Mid-Year,2025,3 - Meets Expectations,3,3 - Meets Expectations,Stable,Needs Coaching,Balanced Contributor,Low,4.57,Ready 3-5 Years,Finalized,1 - Does Not Meet,No,No Change,3.12,2.7,No,No,Execution,Mentoring,Cross-Functional Collaboration,0.5,5.2,0.948,2020-03-18,URM,Within Range,Consistent performer over 3 cycles.
CAL-8079,EMP-6079,David Lopez,Engineering,Individual Contributor,Engineering,Austin TX,EMP-5011,Q1 2025 Mid-Year,2025,2 - Partially Meets,2,2 - Partially Meets,Stable,Needs Coaching,Needs Development,High,4.07,Ready 3-5 Years,Pending Manager Review,4 - Exceeds Expectations,Yes,No Change,1.94,1.91,No,No,Adaptability,Mentoring,Executive Presence,19.1,9.7,1.133,2024-05-05,URM,Above Range,Calibration adjusted after group review.
CAL-8080,EMP-6080,John Moore,Marketing,Team Lead,Marketing,Frisco TX,EMP-5030,Q3 2025 Annual,2025,4 - Exceeds Expectations,4,2 - Partially Meets,Improved,Solid Performer,Balanced Contributor,Low,6.16,Not Applicable,Finalized,3 - Meets Expectations,No,No Change,5.04,4.99,No,No,Adaptability,Team Building,Strategic Vision,5.6,8.7,1.291,2025-10-28,Gender Minority,Below Range,Calibration adjusted after group review.
CAL-8081,EMP-6081,Margaret Wilson,Customer Experience,Manager,Customer Experience,San Francisco CA,EMP-5050,Q3 2025 Annual,2025,5 - Exceptional,5,3 - Meets Expectations,Improved,Solid Performer,Balanced Contributor,Medium,3.82,Ready Now,Finalized,4 - Exceeds Expectations,Yes,No Change,6.08,15.13,No,No,Analytical Rigor,Results Orientation,Technical Depth,17.5,6.7,0.813,2025-10-28,URM,Within Range,High potential validated by skip-level.
CAL-8082,EMP-6082,John Garcia,Sales,Manager,Sales,Atlanta GA,EMP-5028,Q3 2026 Annual,2026,5 - Exceptional,5,3 - Meets Expectations,Improved,Watch List,Balanced Contributor,Low,2.91,Ready 1-2 Years,Calibration Complete,3 - Meets Expectations,Yes,Downward,6.22,12.08,No,No,Adaptability,Data-Driven,Executive Presence,12.1,4.8,1.297,2024-10-19,URM,Below Range,Calibration adjusted after group review.
CAL-8083,EMP-6083,Matthew Rodriguez,People & HR,Individual Contributor,People & HR,Denver CO,EMP-5041,Q1 2025 Mid-Year,2025,3 - Meets Expectations,3,5 - Exceptional,Declined,Solid Performer,Backbone,Low,3.71,Ready 3-5 Years,Finalized,3 - Meets Expectations,No,No Change,2.61,6.03,No,No,Innovation,Problem Solving,Communication Clarity,8.2,4.7,1.037,2024-01-22,Gender Minority,Below Range,
CAL-8084,EMP-6084,Mark Lopez,Customer Experience,Director,Customer Experience,Denver CO,EMP-5045,Q1 2026 Mid-Year,2026,4 - Exceeds Expectations,4,3 - Meets Expectations,Improved,High Potential,Future Leader,Low,3.29,Ready 1-2 Years,Finalized,2 - Partially Meets,Yes,Downward,4.05,4.09,No,No,Leadership,Team Building,Strategic Vision,6.5,5.8,0.762,2019-10-01,No Flag,Below Range,PIP recommended post calibration.
CAL-8085,EMP-6085,David Garcia,People & HR,Individual Contributor,People & HR,Remote,EMP-5034,Q3 2026 Annual,2026,5 - Exceptional,5,3 - Meets Expectations,Improved,Watch List,Balanced Contributor,Medium,9.39,Ready 3-5 Years,Pending Manager Review,2 - Partially Meets,No,No Change,7.82,18.5,Yes,No,Analytical Rigor,Mentoring,Strategic Vision,10.0,0.9,1.329,2024-11-13,URM,Within Range,PIP recommended post calibration.
CAL-8086,EMP-6086,Mark Martinez,Marketing,Senior Manager,Marketing,Atlanta GA,EMP-5043,Q1 2026 Mid-Year,2026,4 - Exceeds Expectations,4,2 - Partially Meets,Improved,Growth Potential,Core Contributor,Low,9.45,Ready 3-5 Years,Pending Manager Review,2 - Partially Meets,No,No Change,4.24,6.21,No,No,Customer Focus,Project Delivery,Communication Clarity,8.1,4.0,0.963,2023-08-20,No Flag,Within Range,New to role - calibration advisory only.
CAL-8087,EMP-6087,Margaret Brown,Finance,Individual Contributor,Finance,Atlanta GA,EMP-5004,Q3 2025 Annual,2025,4 - Exceeds Expectations,4,3 - Meets Expectations,Improved,Watch List,Balanced Contributor,Low,6.69,Ready 3-5 Years,Finalized,4 - Exceeds Expectations,No,No Change,4.19,8.82,No,No,Customer Focus,Data-Driven,Strategic Vision,14.9,9.7,0.983,2024-11-16,URM,Within Range,
CAL-8088,EMP-6088,Robert Anderson,Finance,Individual Contributor,Finance,Atlanta GA,EMP-5024,Q3 2026 Annual,2026,2 - Partially Meets,2,5 - Exceptional,Declined,Solid Performer,Balanced Contributor,High,6.75,Ready 3-5 Years,Pending Manager Review,3 - Meets Expectations,No,Upward,0.02,0.02,No,No,Analytical Rigor,Project Delivery,Delegation,15.5,9.7,1.192,2020-06-28,Person with Disability,Above Range,High potential validated by skip-level.
CAL-8089,EMP-6089,Margaret Gonzalez,Customer Experience,Individual Contributor,Customer Experience,Seattle WA,EMP-5049,Q1 2025 Mid-Year,2025,4 - Exceeds Expectations,4,1 - Does Not Meet,Improved,Needs Coaching,Balanced Contributor,Medium,4.02,Ready 3-5 Years,Pending Manager Review,3 - Meets Expectations,No,No Change,4.22,4.46,No,No,Adaptability,Data-Driven,Executive Presence,19.0,6.7,1.043,2024-08-21,Person with Disability,Above Range,
CAL-8090,EMP-6090,Thomas Garcia,Engineering,Team Lead,Engineering,Seattle WA,EMP-5046,Q3 2026 Annual,2026,1 - Does Not Meet,1,1 - Does Not Meet,Stable,Solid Performer,Balanced Contributor,High,5.52,Ready 3-5 Years,Pending Manager Review,4 - Exceeds Expectations,No,No Change,0.0,0.0,No,No,Technical Excellence,Stakeholder Mgmt,Delegation,8.9,7.0,1.331,2019-05-15,No Flag,Above Range,Strong calibration supported by peers.
CAL-8091,EMP-6091,Betty Gonzalez,Operations,Individual Contributor,Operations,San Francisco CA,EMP-5023,Q1 2026 Mid-Year,2026,3 - Meets Expectations,3,4 - Exceeds Expectations,Declined,Needs Coaching,Balanced Contributor,Low,4.05,Ready 3-5 Years,Calibration Complete,3 - Meets Expectations,No,Upward,2.5,2.46,No,No,Adaptability,Data-Driven,Strategic Vision,13.0,5.0,0.966,2020-07-06,No Flag,Below Range,Flagged for retention risk.
CAL-8092,EMP-6092,Robert Jones,Operations,Individual Contributor,Operations,Remote,EMP-5008,Q1 2025 Mid-Year,2025,5 - Exceptional,5,2 - Partially Meets,Improved,Needs Coaching,Balanced Contributor,High,9.22,Ready 1-2 Years,Pending Manager Review,1 - Does Not Meet,Yes,Downward,6.38,10.13,No,No,Analytical Rigor,Results Orientation,Delegation,15.4,3.3,0.771,2023-10-30,Person with Disability,Above Range,
CAL-8093,EMP-6093,David Anderson,Marketing,Senior Manager,Marketing,Atlanta GA,EMP-5037,Q3 2026 Annual,2026,2 - Partially Meets,2,3 - Meets Expectations,Declined,Growth Potential,Inconsistent Player,Low,4.44,Ready 3-5 Years,Finalized,5 - Exceptional,No,No Change,0.07,0.17,No,No,Analytical Rigor,Team Building,Cross-Functional Collaboration,1.2,0.8,1.102,2024-08-10,URM,Below Range,Flagged for retention risk.
CAL-8094,EMP-6094,Mark Taylor,Finance,Director,Finance,Frisco TX,EMP-5026,Q1 2025 Mid-Year,2025,3 - Meets Expectations,3,3 - Meets Expectations,Stable,Solid Performer,Backbone,Low,2.89,Not Applicable,Finalized,4 - Exceeds Expectations,No,No Change,2.8,3.53,No,No,Collaboration,Team Building,Strategic Vision,3.5,7.2,1.197,2023-12-28,No Flag,Within Range,New to role - calibration advisory only.
CAL-8095,EMP-6095,Linda Moore,Customer Experience,Individual Contributor,Customer Experience,Boston MA,EMP-5022,Q3 2025 Annual,2025,4 - Exceeds Expectations,4,3 - Meets Expectations,Improved,Needs Coaching,Balanced Contributor,Medium,7.23,Ready 1-2 Years,Pending Manager Review,2 - Partially Meets,No,Downward,4.94,9.74,No,No,Execution,Team Building,Cross-Functional Collaboration,6.5,8.9,1.083,2018-02-25,Person with Disability,Below Range,
CAL-8096,EMP-6096,Robert Moore,People & HR,Senior Manager,People & HR,New York NY,EMP-5028,Q3 2026 Annual,2026,3 - Meets Expectations,3,4 - Exceeds Expectations,Declined,Growth Potential,Balanced Contributor,Medium,1.08,Ready 3-5 Years,Finalized,3 - Meets Expectations,Yes,Upward,2.82,6.83,No,No,Collaboration,Stakeholder Mgmt,Delegation,15.5,5.7,1.301,2022-10-04,Gender Minority,Above Range,Consistent performer over 3 cycles.
CAL-8097,EMP-6097,Elizabeth Wilson,Marketing,Manager,Marketing,Chicago IL,EMP-5037,Q1 2026 Mid-Year,2026,3 - Meets Expectations,3,3 - Meets Expectations,Stable,High Potential,Emerging Talent,Low,6.27,Ready 1-2 Years,Pending Manager Review,3 - Meets Expectations,No,Downward,2.37,2.79,No,No,Analytical Rigor,Mentoring,Communication Clarity,4.1,8.4,0.943,2022-12-09,Gender Minority,Within Range,Strong calibration supported by peers.
CAL-8098,EMP-6098,Robert Rodriguez,Data Science,Team Lead,Data Science,Remote,EMP-5042,Q3 2025 Annual,2025,2 - Partially Meets,2,4 - Exceeds Expectations,Declined,Solid Performer,Balanced Contributor,Low,3.53,Ready 3-5 Years,Finalized,3 - Meets Expectations,Yes,No Change,0.99,1.19,No,No,Customer Focus,Process Improvement,Prioritization,1.8,2.6,0.976,2024-06-11,Person with Disability,Above Range,High potential validated by skip-level.
CAL-8099,EMP-6099,Michael Wilson,Marketing,Individual Contributor,Marketing,New York NY,EMP-5035,Q3 2025 Annual,2025,3 - Meets Expectations,3,3 - Meets Expectations,Stable,Needs Coaching,Balanced Contributor,High,1.39,Ready 1-2 Years,Pending Manager Review,3 - Meets Expectations,Yes,No Change,2.11,2.02,No,No,Collaboration,Team Building,Cross-Functional Collaboration,0.7,1.1,0.827,2020-01-04,Veteran,Below Range,Strong calibration supported by peers.
CAL-8100,EMP-6100,Margaret Rodriguez,Engineering,Senior Manager,Engineering,Boston MA,EMP-5005,Q3 2025 Annual,2025,4 - Exceeds Expectations,4,4 - Exceeds Expectations,Stable,Growth Potential,Core Contributor,High,5.42,Ready 3-5 Years,Finalized,4 - Exceeds Expectations,No,No Change,5.1,4.8,No,No,Execution,Stakeholder Mgmt,Cross-Functional Collaboration,16.6,7.6,0.946,2025-02-22,URM,Within Range,Flagged for retention risk.
CAL-8101,EMP-6101,Karen Wilson,Operations,Senior Manager,Operations,Frisco TX,EMP-5025,Q3 2025 Annual,2025,2 - Partially Meets,2,2 - Partially Meets,Stable,Solid Performer,Balanced Contributor,Low,1.62,Ready 3-5 Years,Pending Manager Review,3 - Meets Expectations,Yes,No Change,1.22,2.85,No,No,Adaptability,Process Improvement,Communication Clarity,7.4,7.3,1.208,2023-04-06,Gender Minority,Above Range,
CAL-8102,EMP-6102,Elizabeth Jones,Sales,Manager,Sales,San Francisco CA,EMP-5022,Q3 2026 Annual,2026,3 - Meets Expectations,3,4 - Exceeds Expectations,Declined,Needs Coaching,Balanced Contributor,Medium,7.04,Ready 1-2 Years,Finalized,3 - Meets Expectations,No,No Change,2.73,4.14,No,No,Customer Focus,Process Improvement,Executive Presence,10.9,0.7,0.969,2020-01-18,Person with Disability,Within Range,Consistent performer over 3 cycles.
CAL-8103,EMP-6103,Karen Rodriguez,Sales,Manager,Sales,Frisco TX,EMP-5014,Q1 2026 Mid-Year,2026,2 - Partially Meets,2,3 - Meets Expectations,Declined,Solid Performer,Balanced Contributor,Low,7.15,Ready 3-5 Years,Finalized,3 - Meets Expectations,Yes,No Change,0.3,0.27,No,No,Execution,Problem Solving,Communication Clarity,17.8,2.5,1.214,2024-04-12,URM,Within Range,High potential validated by skip-level.
CAL-8104,EMP-6104,Sarah Hernandez,Legal & Compliance,Team Lead,Legal & Compliance,Frisco TX,EMP-5011,Q1 2026 Mid-Year,2026,4 - Exceeds Expectations,4,5 - Exceptional,Declined,Needs Coaching,Balanced Contributor,Low,1.16,Ready 1-2 Years,Finalized,2 - Partially Meets,Yes,Downward,5.36,10.15,No,No,Execution,Process Improvement,People Management,15.4,4.0,0.907,2021-10-18,URM,Below Range,Calibration adjusted after group review.
CAL-8105,EMP-6105,Christopher Hernandez,Product,Individual Contributor,Product,Remote,EMP-5041,Q3 2025 Annual,2025,2 - Partially Meets,2,5 - Exceptional,Declined,Solid Performer,Balanced Contributor,Low,6.39,Not Applicable,Pending Manager Review,2 - Partially Meets,No,No Change,1.61,3.07,No,No,Technical Excellence,Results Orientation,Executive Presence,7.8,5.8,1.168,2018-06-04,Veteran,Below Range,Calibration adjusted after group review.
CAL-8106,EMP-6106,Sandra Williams,Legal & Compliance,Individual Contributor,Legal & Compliance,Chicago IL,EMP-5012,Q3 2025 Annual,2025,3 - Meets Expectations,3,4 - Exceeds Expectations,Declined,Solid Performer,Backbone,Medium,3.57,Ready 1-2 Years,Pending Manager Review,3 - Meets Expectations,No,No Change,2.54,6.23,No,No,Leadership,Mentoring,Executive Presence,15.8,7.2,0.808,2019-09-12,Veteran,Above Range,Calibration adjusted after group review.
CAL-8107,EMP-6107,Jessica Davis,Sales,Individual Contributor,Sales,Boston MA,EMP-5008,Q1 2026 Mid-Year,2026,3 - Meets Expectations,3,5 - Exceptional,Declined,Solid Performer,Backbone,Medium,4.28,Ready 1-2 Years,Pending Manager Review,3 - Meets Expectations,No,Upward,2.98,4.88,No,No,Technical Excellence,Results Orientation,Technical Depth,1.2,6.1,1.158,2025-07-24,URM,Below Range,PIP recommended post calibration.
CAL-8108,EMP-6108,Anthony Jones,People & HR,Senior Manager,People & HR,San Francisco CA,EMP-5017,Q3 2025 Annual,2025,3 - Meets Expectations,3,3 - Meets Expectations,Stable,Solid Performer,Backbone,High,4.73,Ready 3-5 Years,Calibration Complete,1 - Does Not Meet,No,No Change,3.39,6.12,No,No,Customer Focus,Mentoring,People Management,13.6,4.0,1.281,2022-03-17,No Flag,Above Range,Strong calibration supported by peers.
CAL-8109,EMP-6109,Richard Jackson,Marketing,Individual Contributor,Marketing,Boston MA,EMP-5021,Q1 2026 Mid-Year,2026,5 - Exceptional,5,3 - Meets Expectations,Improved,High Potential,Star,Medium,7.42,Ready Now,Finalized,3 - Meets Expectations,No,No Change,6.58,12.38,No,No,Collaboration,Project Delivery,Delegation,0.5,1.8,1.122,2025-04-07,No Flag,Above Range,Consistent performer over 3 cycles.
CAL-8110,EMP-6110,Linda Taylor,Customer Experience,Individual Contributor,Customer Experience,Boston MA,EMP-5007,Q3 2025 Annual,2025,4 - Exceeds Expectations,4,3 - Meets Expectations,Improved,High Potential,Future Leader,Low,1.63,Ready 3-5 Years,Pending Manager Review,3 - Meets Expectations,No,Upward,4.49,4.85,No,No,Execution,Problem Solving,Technical Depth,1.1,1.8,0.843,2019-10-09,Gender Minority,Below Range,Strong calibration supported by peers.
CAL-8111,EMP-6111,Michael Martin,Operations,Individual Contributor,Operations,San Francisco CA,EMP-5028,Q1 2025 Mid-Year,2025,3 - Meets Expectations,3,2 - Partially Meets,Improved,Growth Potential,Balanced Contributor,Medium,5.7,Ready Now,Pending Manager Review,4 - Exceeds Expectations,Yes,No Change,2.03,1.84,No,No,Execution,Problem Solving,Cross-Functional Collaboration,19.9,3.5,0.86,2023-12-30,Veteran,Above Range,
CAL-8112,EMP-6112,Betty Garcia,Sales,Senior Manager,Sales,Atlanta GA,EMP-5022,Q3 2026 Annual,2026,3 - Meets Expectations,3,5 - Exceptional,Declined,Needs Coaching,Balanced Contributor,Low,1.0,Ready 3-5 Years,Finalized,3 - Meets Expectations,Yes,No Change,2.05,2.01,No,No,Collaboration,Stakeholder Mgmt,Prioritization,9.0,1.5,0.995,2025-12-04,Veteran,Within Range,
CAL-8113,EMP-6113,Christopher Moore,People & HR,Individual Contributor,People & HR,Denver CO,EMP-5002,Q1 2026 Mid-Year,2026,4 - Exceeds Expectations,4,1 - Does Not Meet,Improved,Solid Performer,Balanced Contributor,High,3.25,Ready 3-5 Years,Finalized,3 - Meets Expectations,No,No Change,5.4,10.22,No,No,Adaptability,Team Building,Delegation,2.9,8.7,1.117,2020-08-25,Veteran,Below Range,Consistent performer over 3 cycles.
CAL-8114,EMP-6114,Betty Martin,Product,Individual Contributor,Product,Chicago IL,EMP-5042,Q3 2026 Annual,2026,3 - Meets Expectations,3,3 - Meets Expectations,Stable,Solid Performer,Backbone,High,7.34,Ready Now,Calibration Complete,3 - Meets Expectations,No,No Change,3.02,3.54,No,No,Technical Excellence,Process Improvement,Communication Clarity,12.6,4.8,0.961,2024-02-29,Gender Minority,Within Range,PIP recommended post calibration.
CAL-8115,EMP-6115,James Davis,People & HR,Individual Contributor,People & HR,Chicago IL,EMP-5019,Q1 2026 Mid-Year,2026,3 - Meets Expectations,3,1 - Does Not Meet,Improved,Watch List,Balanced Contributor,High,4.55,Ready Now,Calibration Complete,5 - Exceptional,No,Upward,2.85,6.47,No,No,Adaptability,Data-Driven,Delegation,4.7,3.6,1.234,2025-07-02,Veteran,Above Range,New to role - calibration advisory only.
CAL-8116,EMP-6116,Jessica Smith,Legal & Compliance,Individual Contributor,Legal & Compliance,Denver CO,EMP-5048,Q1 2025 Mid-Year,2025,3 - Meets Expectations,3,3 - Meets Expectations,Stable,High Potential,Emerging Talent,Low,1.71,Not Applicable,Finalized,3 - Meets Expectations,Yes,No Change,2.81,4.15,No,No,Analytical Rigor,Stakeholder Mgmt,Communication Clarity,16.6,2.6,0.99,2021-07-08,No Flag,Below Range,New to role - calibration advisory only.
CAL-8117,EMP-6117,Elizabeth Gonzalez,People & HR,Individual Contributor,People & HR,San Francisco CA,EMP-5040,Q3 2025 Annual,2025,3 - Meets Expectations,3,2 - Partially Meets,Improved,Solid Performer,Backbone,Low,2.31,Ready 3-5 Years,Pending Manager Review,4 - Exceeds Expectations,Yes,No Change,2.18,2.25,No,No,Collaboration,Results Orientation,Technical Depth,1.1,7.6,1.314,2020-06-04,No Flag,Within Range,Strong calibration supported by peers.
CAL-8118,EMP-6118,Charles Williams,Product,Manager,Product,New York NY,EMP-5036,Q3 2026 Annual,2026,3 - Meets Expectations,3,3 - Meets Expectations,Stable,Needs Coaching,Balanced Contributor,Medium,2.04,Ready 3-5 Years,Finalized,3 - Meets Expectations,Yes,Downward,2.71,2.92,No,No,Adaptability,Data-Driven,Strategic Vision,5.2,7.2,1.055,2022-09-14,URM,Above Range,High potential validated by skip-level.
CAL-8119,EMP-6119,Betty Martin,People & HR,Manager,People & HR,San Francisco CA,EMP-5039,Q3 2026 Annual,2026,3 - Meets Expectations,3,4 - Exceeds Expectations,Declined,Needs Coaching,Balanced Contributor,High,4.33,Not Applicable,Finalized,4 - Exceeds Expectations,No,No Change,3.32,8.16,No,No,Strategic Thinking,Mentoring,Strategic Vision,3.7,7.9,1.147,2023-09-06,Veteran,Above Range,
CAL-8120,EMP-6120,Elizabeth Thomas,Finance,Individual Contributor,Finance,Frisco TX,EMP-5048,Q1 2026 Mid-Year,2026,5 - Exceptional,5,3 - Meets Expectations,Improved,Solid Performer,Balanced Contributor,Medium,9.6,Ready 3-5 Years,Pending Manager Review,3 - Meets Expectations,No,Upward,6.18,9.11,No,No,Analytical Rigor,Mentoring,Communication Clarity,11.1,9.7,1.21,2025-09-07,Person with Disability,Below Range,Strong calibration supported by peers.
CAL-8121,EMP-6121,Ashley Moore,Operations,Director,Operations,Remote,EMP-5042,Q3 2025 Annual,2025,3 - Meets Expectations,3,3 - Meets Expectations,Stable,Solid Performer,Backbone,High,8.42,Ready 1-2 Years,Pending Manager Review,4 - Exceeds Expectations,Yes,No Change,2.87,3.01,No,No,Customer Focus,Process Improvement,Communication Clarity,13.5,4.5,1.199,2025-09-08,Veteran,Above Range,Flagged for retention risk.
CAL-8122,EMP-6122,Ashley Williams,Data Science,Individual Contributor,Data Science,Remote,EMP-5030,Q3 2026 Annual,2026,2 - Partially Meets,2,2 - Partially Meets,Stable,Needs Coaching,Needs Development,High,8.94,Ready Now,Calibration Complete,3 - Meets Expectations,No,No Change,0.73,1.7,No,No,Technical Excellence,Problem Solving,People Management,14.5,8.2,1.189,2022-08-08,Person with Disability,Above Range,High potential validated by skip-level.
CAL-8123,EMP-6123,Richard Miller,Data Science,Team Lead,Data Science,San Francisco CA,EMP-5036,Q3 2026 Annual,2026,3 - Meets Expectations,3,4 - Exceeds Expectations,Declined,Growth Potential,Balanced Contributor,Low,9.88,Ready Now,Finalized,5 - Exceptional,No,No Change,2.6,5.72,No,No,Analytical Rigor,Problem Solving,Cross-Functional Collaboration,10.2,5.5,0.848,2018-02-12,URM,Within Range,Strong calibration supported by peers.
CAL-8124,EMP-6124,Betty Smith,Sales,Individual Contributor,Sales,Chicago IL,EMP-5034,Q3 2025 Annual,2025,1 - Does Not Meet,1,4 - Exceeds Expectations,Declined,Solid Performer,Balanced Contributor,High,8.67,Not Applicable,Finalized,1 - Does Not Meet,No,Downward,0.0,0.0,No,No,Innovation,Stakeholder Mgmt,Executive Presence,6.5,2.6,1.168,2024-05-31,Person with Disability,Above Range,Strong calibration supported by peers.
CAL-8125,EMP-6125,Nancy Anderson,Legal & Compliance,Manager,Legal & Compliance,Boston MA,EMP-5029,Q3 2026 Annual,2026,3 - Meets Expectations,3,3 - Meets Expectations,Stable,Solid Performer,Backbone,High,3.83,Ready 3-5 Years,Finalized,5 - Exceptional,No,No Change,3.38,6.67,No,No,Leadership,Project Delivery,Cross-Functional Collaboration,15.8,2.3,0.844,2022-01-16,URM,Above Range,Calibration adjusted after group review.
CAL-8126,EMP-6126,Betty Williams,Finance,Individual Contributor,Finance,Atlanta GA,EMP-5013,Q3 2026 Annual,2026,3 - Meets Expectations,3,4 - Exceeds Expectations,Declined,Needs Coaching,Balanced Contributor,High,7.46,Ready Now,Finalized,4 - Exceeds Expectations,No,No Change,3.31,6.2,No,No,Customer Focus,Results Orientation,Technical Depth,16.4,3.0,0.969,2024-10-13,Gender Minority,Within Range,Strong calibration supported by peers.
CAL-8127,EMP-6127,Susan Anderson,Finance,Manager,Finance,Remote,EMP-5034,Q1 2025 Mid-Year,2025,1 - Does Not Meet,1,1 - Does Not Meet,Stable,High Potential,Balanced Contributor,High,8.36,Not Applicable,Pending Manager Review,3 - Meets Expectations,No,No Change,0.0,0.0,No,Yes,Adaptability,Stakeholder Mgmt,Technical Depth,12.1,6.6,0.992,2020-11-04,Gender Minority,Above Range,Consistent performer over 3 cycles.
CAL-8128,EMP-6128,Nancy Moore,People & HR,VP,People & HR,Atlanta GA,EMP-5043,Q3 2026 Annual,2026,3 - Meets Expectations,3,3 - Meets Expectations,Stable,High Potential,Emerging Talent,Medium,4.7,Ready Now,Finalized,3 - Meets Expectations,No,No Change,2.78,4.16,No,No,Leadership,Stakeholder Mgmt,Strategic Vision,7.7,1.2,1.035,2020-07-17,Person with Disability,Above Range,Flagged for retention risk.
CAL-8129,EMP-6129,Anthony Anderson,People & HR,Individual Contributor,People & HR,Chicago IL,EMP-5003,Q3 2025 Annual,2025,3 - Meets Expectations,3,3 - Meets Expectations,Stable,Solid Performer,Backbone,High,7.11,Not Applicable,Finalized,3 - Meets Expectations,No,No Change,2.55,5.59,No,No,Adaptability,Mentoring,Executive Presence,10.3,6.3,0.8,2019-09-24,Gender Minority,Below Range,
CAL-8130,EMP-6130,Betty Martin,Product,Individual Contributor,Product,Atlanta GA,EMP-5047,Q3 2025 Annual,2025,3 - Meets Expectations,3,3 - Meets Expectations,Stable,Solid Performer,Backbone,High,3.33,Ready Now,Pending Manager Review,4 - Exceeds Expectations,No,Downward,2.31,3.09,No,No,Customer Focus,Process Improvement,Prioritization,6.0,2.2,0.959,2021-10-22,Veteran,Below Range,High potential validated by skip-level.
CAL-8131,EMP-6131,Ashley Jones,Data Science,Individual Contributor,Data Science,Austin TX,EMP-5009,Q3 2026 Annual,2026,4 - Exceeds Expectations,4,3 - Meets Expectations,Improved,Solid Performer,Balanced Contributor,Medium,9.05,Ready 1-2 Years,Pending Manager Review,4 - Exceeds Expectations,No,No Change,4.03,8.59,Yes,No,Innovation,Team Building,Technical Depth,3.4,3.0,1.022,2020-11-24,No Flag,Within Range,
CAL-8132,EMP-6132,Margaret Garcia,Product,Individual Contributor,Product,New York NY,EMP-5044,Q3 2025 Annual,2025,4 - Exceeds Expectations,4,4 - Exceeds Expectations,Stable,Solid Performer,Balanced Contributor,Low,8.75,Ready 3-5 Years,Pending Manager Review,4 - Exceeds Expectations,Yes,No Change,4.75,10.89,No,No,Customer Focus,Stakeholder Mgmt,Cross-Functional Collaboration,6.6,4.8,1.296,2019-07-18,No Flag,Within Range,New to role - calibration advisory only.
CAL-8133,EMP-6133,Sarah Williams,Finance,Individual Contributor,Finance,San Francisco CA,EMP-5004,Q3 2026 Annual,2026,3 - Meets Expectations,3,3 - Meets Expectations,Stable,Solid Performer,Backbone,Low,4.39,Ready Now,Finalized,4 - Exceeds Expectations,Yes,Upward,3.25,7.48,No,No,Execution,Data-Driven,Strategic Vision,1.6,9.2,0.913,2023-07-12,URM,Above Range,Flagged for retention risk.
CAL-8134,EMP-6134,Barbara Jones,Data Science,Director,Data Science,Denver CO,EMP-5008,Q1 2025 Mid-Year,2025,4 - Exceeds Expectations,4,3 - Meets Expectations,Improved,Watch List,Balanced Contributor,Low,9.93,Not Applicable,Finalized,4 - Exceeds Expectations,No,No Change,4.34,8.63,No,No,Technical Excellence,Data-Driven,Communication Clarity,12.0,0.8,0.851,2024-05-23,Person with Disability,Within Range,New to role - calibration advisory only.
CAL-8135,EMP-6135,David Thomas,Data Science,Individual Contributor,Data Science,New York NY,EMP-5046,Q1 2026 Mid-Year,2026,4 - Exceeds Expectations,4,4 - Exceeds Expectations,Stable,High Potential,Future Leader,Medium,6.38,Ready Now,Pending Manager Review,3 - Meets Expectations,No,No Change,3.82,5.28,No,No,Execution,Stakeholder Mgmt,Technical Depth,11.1,5.7,1.277,2018-12-22,Person with Disability,Within Range,High potential validated by skip-level.
CAL-8136,EMP-6136,Patricia Williams,Sales,Individual Contributor,Sales,Atlanta GA,EMP-5040,Q3 2026 Annual,2026,3 - Meets Expectations,3,3 - Meets Expectations,Stable,Growth Potential,Balanced Contributor,High,5.16,Ready 1-2 Years,Finalized,3 - Meets Expectations,Yes,No Change,2.39,3.19,No,No,Strategic Thinking,Results Orientation,Executive Presence,15.4,9.2,0.792,2024-06-02,Veteran,Below Range,High potential validated by skip-level.
CAL-8137,EMP-6137,Ashley Lopez,Product,Senior Manager,Product,Austin TX,EMP-5035,Q3 2026 Annual,2026,2 - Partially Meets,2,1 - Does Not Meet,Improved,Solid Performer,Balanced Contributor,Low,1.08,Not Applicable,Pending Manager Review,4 - Exceeds Expectations,No,Downward,0.89,1.17,No,No,Execution,Stakeholder Mgmt,Communication Clarity,8.5,1.1,1.133,2021-06-22,URM,Within Range,PIP recommended post calibration.
CAL-8138,EMP-6138,Betty Williams,Marketing,Individual Contributor,Marketing,Remote,EMP-5014,Q1 2026 Mid-Year,2026,2 - Partially Meets,2,3 - Meets Expectations,Declined,Solid Performer,Balanced Contributor,Low,1.42,Not Applicable,Pending Manager Review,4 - Exceeds Expectations,Yes,Upward,0.71,0.99,No,No,Execution,Mentoring,Prioritization,10.8,8.6,0.757,2025-07-23,Person with Disability,Below Range,Strong calibration supported by peers.
CAL-8139,EMP-6139,Elizabeth Jones,Operations,Individual Contributor,Operations,Atlanta GA,EMP-5008,Q3 2026 Annual,2026,2 - Partially Meets,2,3 - Meets Expectations,Declined,Solid Performer,Balanced Contributor,Low,4.19,Ready 3-5 Years,Pending Manager Review,3 - Meets Expectations,No,Downward,1.11,0.99,No,No,Analytical Rigor,Mentoring,Cross-Functional Collaboration,1.8,2.0,0.768,2023-11-05,Person with Disability,Above Range,PIP recommended post calibration.
CAL-8140,EMP-6140,Margaret Anderson,Marketing,Team Lead,Marketing,Boston MA,EMP-5006,Q1 2026 Mid-Year,2026,4 - Exceeds Expectations,4,2 - Partially Meets,Improved,Watch List,Balanced Contributor,Low,1.34,Ready Now,Finalized,4 - Exceeds Expectations,No,No Change,5.31,11.28,No,No,Communication,Process Improvement,Technical Depth,15.5,0.6,1.264,2019-07-03,Veteran,Within Range,Flagged for retention risk.
CAL-8141,EMP-6141,Joseph Jones,Legal & Compliance,Director,Legal & Compliance,Austin TX,EMP-5017,Q3 2025 Annual,2025,5 - Exceptional,5,3 - Meets Expectations,Improved,Needs Coaching,Balanced Contributor,High,1.77,Ready Now,Finalized,1 - Does Not Meet,No,Downward,6.87,13.07,No,No,Analytical Rigor,Results Orientation,Strategic Vision,0.9,9.8,1.127,2021-08-18,Veteran,Above Range,Flagged for retention risk.
CAL-8142,EMP-6142,Ashley Jackson,Customer Experience,Senior Manager,Customer Experience,Atlanta GA,EMP-5038,Q1 2026 Mid-Year,2026,3 - Meets Expectations,3,5 - Exceptional,Declined,Solid Performer,Backbone,Medium,7.37,Ready 1-2 Years,Calibration Complete,4 - Exceeds Expectations,Yes,No Change,2.2,4.72,No,No,Analytical Rigor,Team Building,Strategic Vision,11.3,2.6,1.142,2022-05-10,Veteran,Below Range,High potential validated by skip-level.
CAL-8143,EMP-6143,Susan Wilson,Data Science,VP,Data Science,Atlanta GA,EMP-5007,Q3 2026 Annual,2026,2 - Partially Meets,2,2 - Partially Meets,Stable,High Potential,Balanced Contributor,High,1.03,Ready 3-5 Years,Finalized,2 - Partially Meets,No,No Change,0.17,0.31,No,No,Strategic Thinking,Results Orientation,Executive Presence,3.7,1.1,1.13,2024-06-08,Gender Minority,Within Range,
CAL-8144,EMP-6144,Charles Jones,Finance,Team Lead,Finance,Atlanta GA,EMP-5028,Q3 2026 Annual,2026,4 - Exceeds Expectations,4,5 - Exceptional,Declined,Needs Coaching,Balanced Contributor,Medium,4.88,Ready Now,Finalized,2 - Partially Meets,Yes,No Change,4.1,7.25,Yes,No,Communication,Project Delivery,Strategic Vision,16.1,0.6,0.946,2024-01-04,No Flag,Within Range,High potential validated by skip-level.
CAL-8145,EMP-6145,Jessica Miller,Operations,Individual Contributor,Operations,Chicago IL,EMP-5049,Q1 2026 Mid-Year,2026,3 - Meets Expectations,3,3 - Meets Expectations,Stable,Solid Performer,Backbone,High,1.03,Not Applicable,Pending Manager Review,3 - Meets Expectations,No,Upward,2.52,2.67,No,No,Adaptability,Project Delivery,People Management,16.2,8.1,1.222,2019-05-22,Person with Disability,Above Range,Consistent performer over 3 cycles.
CAL-8146,EMP-6146,Robert Martinez,Marketing,Senior Manager,Marketing,Frisco TX,EMP-5025,Q1 2025 Mid-Year,2025,5 - Exceptional,5,2 - Partially Meets,Improved,Watch List,Balanced Contributor,Low,9.55,Ready 3-5 Years,Finalized,2 - Partially Meets,Yes,No Change,7.7,14.59,Yes,No,Leadership,Problem Solving,People Management,14.9,8.2,1.337,2022-09-23,No Flag,Below Range,New to role - calibration advisory only.
CAL-8147,EMP-6147,Patricia Martinez,Product,Individual Contributor,Product,San Francisco CA,EMP-5000,Q3 2026 Annual,2026,3 - Meets Expectations,3,3 - Meets Expectations,Stable,Needs Coaching,Balanced Contributor,High,5.44,Ready Now,Calibration Complete,4 - Exceeds Expectations,No,No Change,2.99,5.38,No,No,Execution,Mentoring,Communication Clarity,17.3,2.7,0.827,2024-11-26,Gender Minority,Within Range,New to role - calibration advisory only.
CAL-8148,EMP-6148,Karen Taylor,Customer Experience,Team Lead,Customer Experience,Atlanta GA,EMP-5000,Q1 2026 Mid-Year,2026,3 - Meets Expectations,3,4 - Exceeds Expectations,Declined,Solid Performer,Backbone,Medium,1.14,Ready Now,Finalized,2 - Partially Meets,No,No Change,2.72,2.27,No,No,Analytical Rigor,Process Improvement,People Management,18.0,5.5,1.112,2023-05-23,Veteran,Below Range,PIP recommended post calibration.
CAL-8149,EMP-6149,Matthew Johnson,Engineering,Manager,Engineering,New York NY,EMP-5021,Q3 2026 Annual,2026,5 - Exceptional,5,3 - Meets Expectations,Improved,Solid Performer,Balanced Contributor,High,2.41,Ready 3-5 Years,Finalized,3 - Meets Expectations,Yes,Downward,6.97,8.79,Yes,No,Execution,Problem Solving,Strategic Vision,18.3,7.1,0.902,2021-11-13,Veteran,Below Range,Consistent performer over 3 cycles.
CAL-8150,EMP-6150,Margaret Wilson,Product,Manager,Product,New York NY,EMP-5024,Q1 2026 Mid-Year,2026,3 - Meets Expectations,3,1 - Does Not Meet,Improved,Needs Coaching,Balanced Contributor,Medium,9.28,Ready 3-5 Years,Finalized,2 - Partially Meets,No,No Change,2.02,4.69,No,No,Technical Excellence,Project Delivery,Delegation,17.6,7.3,1.216,2025-01-02,Veteran,Below Range,New to role - calibration advisory only.
CAL-8151,EMP-6151,Anthony Jackson,Customer Experience,Individual Contributor,Customer Experience,Atlanta GA,EMP-5028,Q3 2025 Annual,2025,4 - Exceeds Expectations,4,1 - Does Not Meet,Improved,Needs Coaching,Balanced Contributor,Low,4.46,Not Applicable,Finalized,2 - Partially Meets,No,Downward,3.64,8.52,No,No,Customer Focus,Problem Solving,Cross-Functional Collaboration,4.3,3.5,1.218,2024-07-27,No Flag,Within Range,High potential validated by skip-level.
CAL-8152,EMP-6152,Linda Williams,Data Science,Individual Contributor,Data Science,Boston MA,EMP-5003,Q1 2026 Mid-Year,2026,3 - Meets Expectations,3,3 - Meets Expectations,Stable,Growth Potential,Balanced Contributor,Low,3.64,Ready 3-5 Years,Finalized,2 - Partially Meets,No,Upward,2.47,5.35,No,No,Innovation,Data-Driven,Strategic Vision,1.7,8.7,0.783,2018-10-02,URM,Below Range,Flagged for retention risk.
CAL-8153,EMP-6153,Margaret Taylor,Legal & Compliance,Director,Legal & Compliance,Chicago IL,EMP-5049,Q3 2025 Annual,2025,3 - Meets Expectations,3,5 - Exceptional,Declined,Growth Potential,Balanced Contributor,Low,8.7,Ready Now,Calibration Complete,5 - Exceptional,Yes,No Change,3.38,5.76,No,No,Leadership,Mentoring,Prioritization,8.4,2.4,1.022,2020-01-12,Person with Disability,Above Range,New to role - calibration advisory only.
CAL-8154,EMP-6154,William Johnson,Sales,Individual Contributor,Sales,Remote,EMP-5021,Q3 2026 Annual,2026,3 - Meets Expectations,3,1 - Does Not Meet,Improved,Needs Coaching,Balanced Contributor,Low,5.05,Ready 1-2 Years,Finalized,2 - Partially Meets,Yes,Upward,3.22,4.04,No,No,Innovation,Problem Solving,People Management,8.0,2.4,0.855,2021-08-12,URM,Within Range,
CAL-8155,EMP-6155,Thomas Johnson,Engineering,Individual Contributor,Engineering,New York NY,EMP-5017,Q1 2026 Mid-Year,2026,3 - Meets Expectations,3,3 - Meets Expectations,Stable,Growth Potential,Balanced Contributor,Medium,8.66,Ready Now,Calibration Complete,2 - Partially Meets,No,No Change,2.16,4.23,No,No,Collaboration,Stakeholder Mgmt,Communication Clarity,12.8,7.2,1.24,2024-11-06,No Flag,Below Range,New to role - calibration advisory only.
CAL-8156,EMP-6156,John Davis,Product,Individual Contributor,Product,Frisco TX,EMP-5011,Q3 2026 Annual,2026,2 - Partially Meets,2,3 - Meets Expectations,Declined,Solid Performer,Balanced Contributor,High,9.21,Ready 3-5 Years,Finalized,3 - Meets Expectations,No,No Change,1.97,3.79,No,No,Collaboration,Problem Solving,Strategic Vision,4.0,2.0,0.751,2019-12-27,Person with Disability,Above Range,Calibration adjusted after group review.
CAL-8157,EMP-6157,Richard Martinez,Product,Individual Contributor,Product,Frisco TX,EMP-5039,Q3 2026 Annual,2026,1 - Does Not Meet,1,3 - Meets Expectations,Declined,Needs Coaching,Underperformer,Low,8.22,Ready 1-2 Years,Calibration Complete,4 - Exceeds Expectations,No,No Change,0.0,0.0,No,Yes,Technical Excellence,Project Delivery,Cross-Functional Collaboration,9.3,7.0,0.829,2022-04-25,Person with Disability,Below Range,High potential validated by skip-level.
CAL-8158,EMP-6158,Jessica Lopez,Data Science,SVP,Data Science,Frisco TX,EMP-5025,Q3 2026 Annual,2026,4 - Exceeds Expectations,4,5 - Exceptional,Declined,Needs Coaching,Balanced Contributor,High,8.78,Ready Now,Calibration Complete,3 - Meets Expectations,No,Downward,3.61,8.18,Yes,No,Adaptability,Mentoring,Strategic Vision,15.2,3.1,1.175,2023-04-29,Veteran,Below Range,
CAL-8159,EMP-6159,Sandra Davis,Data Science,Individual Contributor,Data Science,Remote,EMP-5048,Q1 2026 Mid-Year,2026,3 - Meets Expectations,3,4 - Exceeds Expectations,Declined,Solid Performer,Backbone,Low,1.75,Ready 3-5 Years,Pending Manager Review,3 - Meets Expectations,No,No Change,2.14,2.09,No,No,Customer Focus,Process Improvement,Delegation,3.3,1.2,0.995,2018-10-14,URM,Above Range,New to role - calibration advisory only.
CAL-8160,EMP-6160,Nancy Anderson,Sales,Individual Contributor,Sales,Chicago IL,EMP-5003,Q1 2025 Mid-Year,2025,5 - Exceptional,5,4 - Exceeds Expectations,Improved,High Potential,Star,Low,3.67,Ready Now,Calibration Complete,2 - Partially Meets,No,Downward,6.74,8.06,No,No,Adaptability,Process Improvement,Strategic Vision,18.7,0.7,0.928,2022-08-27,Gender Minority,Below Range,PIP recommended post calibration.
CAL-8161,EMP-6161,Susan Miller,Marketing,Individual Contributor,Marketing,Atlanta GA,EMP-5025,Q1 2026 Mid-Year,2026,3 - Meets Expectations,3,2 - Partially Meets,Improved,Needs Coaching,Balanced Contributor,Medium,1.54,Ready 3-5 Years,Finalized,4 - Exceeds Expectations,No,No Change,2.58,6.41,No,No,Adaptability,Project Delivery,People Management,7.3,8.4,0.994,2018-01-28,Gender Minority,Above Range,Consistent performer over 3 cycles.
CAL-8162,EMP-6162,Richard Thomas,Finance,Director,Finance,Chicago IL,EMP-5043,Q1 2025 Mid-Year,2025,3 - Meets Expectations,3,3 - Meets Expectations,Stable,Needs Coaching,Balanced Contributor,Low,8.53,Ready Now,Finalized,2 - Partially Meets,No,Upward,2.62,6.26,No,No,Innovation,Stakeholder Mgmt,Cross-Functional Collaboration,10.2,6.8,0.827,2018-04-09,No Flag,Within Range,PIP recommended post calibration.
CAL-8163,EMP-6163,Nancy Jackson,Engineering,Individual Contributor,Engineering,Austin TX,EMP-5012,Q3 2025 Annual,2025,3 - Meets Expectations,3,4 - Exceeds Expectations,Declined,Solid Performer,Backbone,Medium,8.5,Not Applicable,Pending Manager Review,3 - Meets Expectations,No,No Change,2.09,1.92,No,No,Execution,Mentoring,Executive Presence,4.6,3.1,0.922,2019-01-29,Gender Minority,Below Range,High potential validated by skip-level.
CAL-8164,EMP-6164,Elizabeth Thomas,Product,Team Lead,Product,San Francisco CA,EMP-5037,Q3 2025 Annual,2025,1 - Does Not Meet,1,3 - Meets Expectations,Declined,Solid Performer,Balanced Contributor,Low,9.85,Ready Now,Pending Manager Review,3 - Meets Expectations,Yes,Upward,0.0,0.0,No,Yes,Customer Focus,Problem Solving,Strategic Vision,17.9,1.1,0.863,2025-09-07,Veteran,Below Range,High potential validated by skip-level.
CAL-8165,EMP-6165,Christopher Johnson,Operations,VP,Operations,Boston MA,EMP-5043,Q3 2025 Annual,2025,2 - Partially Meets,2,2 - Partially Meets,Stable,Solid Performer,Balanced Contributor,Medium,1.88,Ready 3-5 Years,Finalized,2 - Partially Meets,No,Downward,0.64,1.22,No,No,Customer Focus,Stakeholder Mgmt,Cross-Functional Collaboration,17.3,8.7,0.798,2025-04-23,No Flag,Within Range,
CAL-8166,EMP-6166,Margaret Taylor,Sales,Team Lead,Sales,Boston MA,EMP-5050,Q1 2025 Mid-Year,2025,2 - Partially Meets,2,4 - Exceeds Expectations,Declined,Growth Potential,Inconsistent Player,Low,5.37,Ready 1-2 Years,Pending Manager Review,3 - Meets Expectations,No,No Change,0.41,0.62,No,No,Execution,Problem Solving,Executive Presence,1.5,3.4,1.288,2021-07-03,No Flag,Below Range,Consistent performer over 3 cycles.
CAL-8167,EMP-6167,Charles Anderson,Marketing,Individual Contributor,Marketing,Chicago IL,EMP-5016,Q1 2026 Mid-Year,2026,4 - Exceeds Expectations,4,4 - Exceeds Expectations,Stable,Needs Coaching,Balanced Contributor,Low,5.96,Ready 1-2 Years,Finalized,3 - Meets Expectations,No,No Change,4.85,9.65,No,No,Strategic Thinking,Problem Solving,Executive Presence,6.3,6.5,0.895,2022-02-12,URM,Below Range,High potential validated by skip-level.
CAL-8168,EMP-6168,Nancy Moore,People & HR,Individual Contributor,People & HR,Boston MA,EMP-5028,Q3 2025 Annual,2025,1 - Does Not Meet,1,1 - Does Not Meet,Stable,Watch List,Risk,Medium,2.36,Not Applicable,Finalized,3 - Meets Expectations,No,No Change,0.0,0.0,No,Yes,Customer Focus,Project Delivery,Prioritization,18.4,3.3,0.99,2021-03-24,Person with Disability,Within Range,Calibration adjusted after group review.
CAL-8169,EMP-6169,Maria Smith,Engineering,Manager,Engineering,Boston MA,EMP-5028,Q3 2026 Annual,2026,1 - Does Not Meet,1,2 - Partially Meets,Declined,High Potential,Balanced Contributor,Low,4.69,Ready Now,Finalized,4 - Exceeds Expectations,No,No Change,0.0,0.0,No,Yes,Technical Excellence,Data-Driven,Delegation,17.8,5.4,0.852,2020-12-07,Gender Minority,Above Range,PIP recommended post calibration.
CAL-8170,EMP-6170,Patricia Smith,Engineering,Senior Manager,Engineering,Chicago IL,EMP-5020,Q3 2026 Annual,2026,2 - Partially Meets,2,3 - Meets Expectations,Declined,Solid Performer,Balanced Contributor,Medium,1.96,Ready 1-2 Years,Finalized,3 - Meets Expectations,No,No Change,0.7,0.81,No,No,Adaptability,Project Delivery,Technical Depth,5.3,9.5,1.163,2022-05-11,No Flag,Within Range,
CAL-8171,EMP-6171,Patricia Brown,Marketing,Individual Contributor,Marketing,New York NY,EMP-5039,Q1 2026 Mid-Year,2026,2 - Partially Meets,2,4 - Exceeds Expectations,Declined,Solid Performer,Balanced Contributor,Low,6.93,Not Applicable,Calibration Complete,3 - Meets Expectations,No,No Change,0.61,0.84,No,No,Innovation,Team Building,Strategic Vision,1.4,6.6,1.302,2021-05-07,Gender Minority,Within Range,New to role - calibration advisory only.
CAL-8172,EMP-6172,Matthew Taylor,Marketing,Senior Manager,Marketing,Denver CO,EMP-5012,Q3 2026 Annual,2026,3 - Meets Expectations,3,3 - Meets Expectations,Stable,Growth Potential,Balanced Contributor,Low,1.14,Ready 3-5 Years,Finalized,3 - Meets Expectations,No,No Change,3.48,2.98,No,No,Adaptability,Process Improvement,People Management,4.2,7.4,1.274,2018-04-06,URM,Below Range,
CAL-8173,EMP-6173,Jessica Davis,Sales,Individual Contributor,Sales,Denver CO,EMP-5037,Q1 2025 Mid-Year,2025,1 - Does Not Meet,1,2 - Partially Meets,Declined,High Potential,Balanced Contributor,Low,7.53,Ready 3-5 Years,Calibration Complete,3 - Meets Expectations,No,No Change,0.0,0.0,No,Yes,Technical Excellence,Mentoring,Executive Presence,5.9,6.0,0.791,2019-08-09,Veteran,Within Range,Strong calibration supported by peers.
CAL-8174,EMP-6174,Robert Johnson,Data Science,Senior Manager,Data Science,Remote,EMP-5042,Q3 2025 Annual,2025,5 - Exceptional,5,2 - Partially Meets,Improved,Needs Coaching,Balanced Contributor,Medium,2.88,Ready 1-2 Years,Calibration Complete,4 - Exceeds Expectations,Yes,No Change,7.67,10.6,No,No,Adaptability,Process Improvement,Delegation,12.0,3.7,0.773,2023-07-01,No Flag,Within Range,
CAL-8175,EMP-6175,Karen Brown,Engineering,Individual Contributor,Engineering,Atlanta GA,EMP-5015,Q3 2025 Annual,2025,3 - Meets Expectations,3,2 - Partially Meets,Improved,Growth Potential,Balanced Contributor,Medium,7.72,Ready Now,Calibration Complete,5 - Exceptional,Yes,No Change,3.19,6.91,No,No,Leadership,Data-Driven,Technical Depth,12.7,7.0,0.944,2023-02-28,URM,Within Range,PIP recommended post calibration.
CAL-8176,EMP-6176,Michael Gonzalez,Engineering,Individual Contributor,Engineering,Denver CO,EMP-5031,Q1 2025 Mid-Year,2025,5 - Exceptional,5,5 - Exceptional,Stable,High Potential,Star,Medium,9.93,Ready Now,Finalized,3 - Meets Expectations,No,No Change,5.68,4.62,No,No,Execution,Mentoring,People Management,19.4,6.2,1.12,2020-01-24,Veteran,Below Range,Calibration adjusted after group review.
CAL-8177,EMP-6177,Nancy Rodriguez,Operations,Individual Contributor,Operations,Seattle WA,EMP-5048,Q3 2025 Annual,2025,3 - Meets Expectations,3,5 - Exceptional,Declined,Needs Coaching,Balanced Contributor,Low,9.9,Ready 1-2 Years,Pending Manager Review,2 - Partially Meets,Yes,No Change,2.63,4.9,No,No,Collaboration,Data-Driven,Executive Presence,2.5,4.8,0.932,2023-11-15,Gender Minority,Above Range,New to role - calibration advisory only.
CAL-8178,EMP-6178,Maria Thomas,Sales,Manager,Sales,Austin TX,EMP-5002,Q3 2026 Annual,2026,5 - Exceptional,5,4 - Exceeds Expectations,Improved,Needs Coaching,Balanced Contributor,Medium,7.37,Ready Now,Finalized,5 - Exceptional,No,No Change,6.26,13.24,Yes,No,Customer Focus,Team Building,Strategic Vision,14.1,9.1,1.048,2018-09-25,No Flag,Above Range,New to role - calibration advisory only.
CAL-8179,EMP-6179,Patricia Thomas,Sales,Manager,Sales,Remote,EMP-5044,Q3 2026 Annual,2026,3 - Meets Expectations,3,2 - Partially Meets,Improved,Growth Potential,Balanced Contributor,Medium,8.7,Ready 1-2 Years,Pending Manager Review,3 - Meets Expectations,No,No Change,2.15,2.81,No,No,Technical Excellence,Results Orientation,People Management,17.4,6.2,1.209,2024-08-21,Person with Disability,Above Range,Calibration adjusted after group review.
CAL-8180,EMP-6180,Daniel Johnson,Finance,Individual Contributor,Finance,New York NY,EMP-5005,Q1 2026 Mid-Year,2026,3 - Meets Expectations,3,3 - Meets Expectations,Stable,Solid Performer,Backbone,Low,4.5,Ready 3-5 Years,Finalized,3 - Meets Expectations,Yes,No Change,3.13,5.38,No,No,Technical Excellence,Stakeholder Mgmt,Delegation,7.5,1.1,1.132,2020-05-05,No Flag,Below Range,PIP recommended post calibration.
CAL-8181,EMP-6181,Daniel Jackson,Data Science,SVP,Data Science,Chicago IL,EMP-5034,Q1 2026 Mid-Year,2026,2 - Partially Meets,2,3 - Meets Expectations,Declined,Needs Coaching,Needs Development,High,1.77,Ready 3-5 Years,Pending Manager Review,1 - Does Not Meet,No,No Change,1.86,3.1,No,No,Leadership,Project Delivery,People Management,3.4,1.0,0.922,2024-01-25,Person with Disability,Above Range,New to role - calibration advisory only.
CAL-8182,EMP-6182,Barbara Jones,Operations,Team Lead,Operations,Denver CO,EMP-5016,Q3 2025 Annual,2025,3 - Meets Expectations,3,3 - Meets Expectations,Stable,Growth Potential,Balanced Contributor,High,7.13,Ready 1-2 Years,Finalized,3 - Meets Expectations,No,No Change,3.0,3.75,No,No,Leadership,Results Orientation,Communication Clarity,12.2,1.1,1.286,2020-05-08,No Flag,Within Range,Strong calibration supported by peers.
CAL-8183,EMP-6183,Christopher Smith,Customer Experience,Director,Customer Experience,Seattle WA,EMP-5038,Q1 2026 Mid-Year,2026,2 - Partially Meets,2,3 - Meets Expectations,Declined,High Potential,Balanced Contributor,Low,9.83,Ready Now,Calibration Complete,3 - Meets Expectations,No,Upward,1.31,1.61,No,No,Customer Focus,Team Building,Strategic Vision,13.7,3.4,1.141,2018-03-05,Gender Minority,Within Range,PIP recommended post calibration.
CAL-8184,EMP-6184,Ashley Davis,Legal & Compliance,Manager,Legal & Compliance,Atlanta GA,EMP-5038,Q3 2025 Annual,2025,4 - Exceeds Expectations,4,4 - Exceeds Expectations,Stable,Solid Performer,Balanced Contributor,Low,8.19,Ready 3-5 Years,Calibration Complete,2 - Partially Meets,No,No Change,4.41,4.0,No,No,Strategic Thinking,Data-Driven,Technical Depth,18.8,8.1,1.167,2021-04-02,Gender Minority,Below Range,Strong calibration supported by peers.
CAL-8185,EMP-6185,Anthony Brown,Product,Individual Contributor,Product,Atlanta GA,EMP-5000,Q3 2026 Annual,2026,5 - Exceptional,5,3 - Meets Expectations,Improved,Growth Potential,High Performer,Low,5.02,Ready 3-5 Years,Pending Manager Review,4 - Exceeds Expectations,No,No Change,7.09,16.59,No,No,Analytical Rigor,Stakeholder Mgmt,People Management,12.3,1.3,1.301,2018-01-19,Gender Minority,Within Range,High potential validated by skip-level.
CAL-8186,EMP-6186,Daniel Jackson,Finance,Senior Manager,Finance,Boston MA,EMP-5010,Q1 2025 Mid-Year,2025,2 - Partially Meets,2,2 - Partially Meets,Stable,Watch List,Balanced Contributor,Low,2.68,Ready 3-5 Years,Calibration Complete,3 - Meets Expectations,No,No Change,0.95,2.16,No,No,Analytical Rigor,Problem Solving,Strategic Vision,1.3,3.1,0.891,2024-02-07,Person with Disability,Above Range,PIP recommended post calibration.
CAL-8187,EMP-6187,Anthony Rodriguez,People & HR,Senior Manager,People & HR,Denver CO,EMP-5015,Q1 2026 Mid-Year,2026,3 - Meets Expectations,3,2 - Partially Meets,Improved,Solid Performer,Backbone,Low,5.18,Ready Now,Finalized,4 - Exceeds Expectations,No,Downward,2.27,4.64,No,No,Execution,Stakeholder Mgmt,Communication Clarity,19.0,1.0,1.334,2025-02-10,URM,Above Range,High potential validated by skip-level.
CAL-8188,EMP-6188,Michael Rodriguez,People & HR,Individual Contributor,People & HR,Seattle WA,EMP-5025,Q1 2026 Mid-Year,2026,3 - Meets Expectations,3,3 - Meets Expectations,Stable,Solid Performer,Backbone,Medium,3.95,Ready 3-5 Years,Pending Manager Review,4 - Exceeds Expectations,No,No Change,2.48,4.3,No,No,Adaptability,Process Improvement,People Management,1.6,7.7,1.317,2022-10-19,No Flag,Above Range,High potential validated by skip-level.
CAL-8189,EMP-6189,Jennifer Smith,People & HR,Individual Contributor,People & HR,Boston MA,EMP-5000,Q3 2026 Annual,2026,3 - Meets Expectations,3,3 - Meets Expectations,Stable,Needs Coaching,Balanced Contributor,Low,6.97,Ready 1-2 Years,Finalized,2 - Partially Meets,Yes,No Change,3.41,4.07,No,No,Leadership,Problem Solving,Cross-Functional Collaboration,6.2,5.0,0.974,2022-01-05,Person with Disability,Above Range,New to role - calibration advisory only.
CAL-8190,EMP-6190,Betty Jones,Finance,Director,Finance,San Francisco CA,EMP-5002,Q3 2025 Annual,2025,2 - Partially Meets,2,1 - Does Not Meet,Improved,Growth Potential,Inconsistent Player,Low,8.55,Ready 1-2 Years,Calibration Complete,3 - Meets Expectations,No,No Change,0.24,0.21,No,No,Analytical Rigor,Project Delivery,People Management,1.1,7.2,1.3,2018-08-02,Veteran,Above Range,Strong calibration supported by peers.
CAL-8191,EMP-6191,Sarah Miller,People & HR,Team Lead,People & HR,Atlanta GA,EMP-5004,Q3 2025 Annual,2025,4 - Exceeds Expectations,4,2 - Partially Meets,Improved,Needs Coaching,Balanced Contributor,Low,7.28,Ready 1-2 Years,Pending Manager Review,3 - Meets Expectations,No,Downward,3.66,7.88,No,No,Strategic Thinking,Problem Solving,Delegation,4.4,8.6,0.967,2022-07-11,Gender Minority,Below Range,New to role - calibration advisory only.
CAL-8192,EMP-6192,Betty Martinez,Finance,Team Lead,Finance,Denver CO,EMP-5000,Q3 2026 Annual,2026,4 - Exceeds Expectations,4,4 - Exceeds Expectations,Stable,Solid Performer,Balanced Contributor,Low,2.99,Ready 1-2 Years,Finalized,1 - Does Not Meet,No,Downward,5.41,6.64,No,No,Analytical Rigor,Results Orientation,Executive Presence,14.1,9.7,0.989,2023-04-08,Gender Minority,Below Range,Calibration adjusted after group review.
CAL-8193,EMP-6193,Jessica Gonzalez,People & HR,Individual Contributor,People & HR,New York NY,EMP-5014,Q3 2025 Annual,2025,3 - Meets Expectations,3,2 - Partially Meets,Improved,Needs Coaching,Balanced Contributor,Medium,1.24,Not Applicable,Pending Manager Review,2 - Partially Meets,No,No Change,2.36,3.21,No,No,Adaptability,Process Improvement,Cross-Functional Collaboration,10.0,3.9,0.87,2019-09-19,URM,Above Range,Strong calibration supported by peers.
CAL-8194,EMP-6194,Jessica Moore,Finance,Director,Finance,Chicago IL,EMP-5008,Q1 2025 Mid-Year,2025,4 - Exceeds Expectations,4,3 - Meets Expectations,Improved,Solid Performer,Balanced Contributor,Low,2.05,Ready 3-5 Years,Calibration Complete,3 - Meets Expectations,No,No Change,4.31,5.7,No,No,Communication,Stakeholder Mgmt,Delegation,2.9,7.5,1.242,2018-12-08,No Flag,Within Range,Calibration adjusted after group review.
CAL-8195,EMP-6195,Linda Brown,Operations,Manager,Operations,Seattle WA,EMP-5043,Q3 2026 Annual,2026,3 - Meets Expectations,3,5 - Exceptional,Declined,Solid Performer,Backbone,Medium,1.71,Not Applicable,Finalized,3 - Meets Expectations,No,No Change,2.47,4.82,No,No,Communication,Problem Solving,Prioritization,7.6,7.8,0.944,2019-11-06,Veteran,Above Range,Calibration adjusted after group review.
CAL-8196,EMP-6196,Robert Anderson,Legal & Compliance,Manager,Legal & Compliance,Frisco TX,EMP-5010,Q3 2026 Annual,2026,3 - Meets Expectations,3,3 - Meets Expectations,Stable,Needs Coaching,Balanced Contributor,High,3.22,Ready 1-2 Years,Finalized,3 - Meets Expectations,No,Upward,2.42,2.81,No,No,Innovation,Mentoring,Executive Presence,9.5,7.8,0.836,2023-06-20,Veteran,Above Range,Flagged for retention risk.
CAL-8197,EMP-6197,William Hernandez,Marketing,Senior Manager,Marketing,Remote,EMP-5037,Q3 2026 Annual,2026,3 - Meets Expectations,3,3 - Meets Expectations,Stable,High Potential,Emerging Talent,Low,2.61,Ready 3-5 Years,Finalized,2 - Partially Meets,No,No Change,2.53,5.05,No,No,Adaptability,Results Orientation,Delegation,1.7,4.6,0.775,2021-12-30,URM,Above Range,
CAL-8198,EMP-6198,Matthew Smith,Operations,VP,Operations,Austin TX,EMP-5001,Q3 2026 Annual,2026,2 - Partially Meets,2,2 - Partially Meets,Stable,High Potential,Balanced Contributor,Medium,2.27,Ready 1-2 Years,Calibration Complete,1 - Does Not Meet,No,No Change,1.31,2.24,No,No,Collaboration,Mentoring,People Management,19.4,5.4,0.969,2023-04-06,Person with Disability,Within Range,PIP recommended post calibration.
CAL-8199,EMP-6199,Jessica Williams,Customer Experience,VP,Customer Experience,Chicago IL,EMP-5023,Q3 2025 Annual,2025,5 - Exceptional,5,3 - Meets Expectations,Improved,Solid Performer,Balanced Contributor,Low,1.51,Ready Now,Pending Manager Review,4 - Exceeds Expectations,No,Upward,7.81,10.36,Yes,No,Innovation,Results Orientation,Prioritization,17.8,8.5,1.325,2020-04-30,URM,Below Range,New to role - calibration advisory only.
CAL-8200,EMP-6200,Barbara Williams,Legal & Compliance,Team Lead,Legal & Compliance,Frisco TX,EMP-5031,Q3 2026 Annual,2026,3 - Meets Expectations,3,4 - Exceeds Expectations,Declined,High Potential,Emerging Talent,Medium,7.21,Ready Now,Pending Manager Review,5 - Exceptional,Yes,No Change,2.58,2.14,No,No,Analytical Rigor,Mentoring,Delegation,11.6,9.6,0.961,2020-03-13,Person with Disability,Below Range,Strong calibration supported by peers.
CAL-8201,EMP-6201,David Anderson,Finance,SVP,Finance,Chicago IL,EMP-5038,Q3 2026 Annual,2026,4 - Exceeds Expectations,4,2 - Partially Meets,Improved,Solid Performer,Balanced Contributor,Low,6.83,Not Applicable,Finalized,4 - Exceeds Expectations,No,No Change,3.66,7.47,No,No,Technical Excellence,Project Delivery,Executive Presence,14.3,4.7,1.065,2019-01-30,Person with Disability,Above Range,Strong calibration supported by peers.
CAL-8202,EMP-6202,Robert Hernandez,People & HR,Director,People & HR,Boston MA,EMP-5018,Q1 2026 Mid-Year,2026,1 - Does Not Meet,1,3 - Meets Expectations,Declined,High Potential,Balanced Contributor,Low,8.55,Ready 3-5 Years,Finalized,5 - Exceptional,No,Downward,0.0,0.0,No,No,Collaboration,Team Building,Delegation,7.2,5.2,0.828,2023-10-07,URM,Above Range,Consistent performer over 3 cycles.
CAL-8203,EMP-6203,Elizabeth Miller,Operations,Manager,Operations,Denver CO,EMP-5035,Q3 2025 Annual,2025,3 - Meets Expectations,3,3 - Meets Expectations,Stable,Solid Performer,Backbone,Low,1.93,Not Applicable,Pending Manager Review,3 - Meets Expectations,No,Upward,2.67,4.2,No,No,Collaboration,Mentoring,Executive Presence,3.9,6.8,1.249,2018-04-03,Person with Disability,Within Range,
CAL-8204,EMP-6204,Daniel Rodriguez,People & HR,Manager,People & HR,Austin TX,EMP-5049,Q3 2025 Annual,2025,3 - Meets Expectations,3,1 - Does Not Meet,Improved,Needs Coaching,Balanced Contributor,Low,5.58,Not Applicable,Finalized,4 - Exceeds Expectations,No,No Change,3.03,7.31,No,No,Adaptability,Process Improvement,Communication Clarity,11.2,4.8,0.878,2020-07-03,URM,Within Range,New to role - calibration advisory only.
CAL-8205,EMP-6205,Robert Jackson,Legal & Compliance,Individual Contributor,Legal & Compliance,Seattle WA,EMP-5033,Q1 2025 Mid-Year,2025,3 - Meets Expectations,3,2 - Partially Meets,Improved,Solid Performer,Backbone,High,6.5,Ready Now,Finalized,3 - Meets Expectations,Yes,No Change,3.14,6.38,No,No,Strategic Thinking,Project Delivery,Communication Clarity,9.1,6.8,1.086,2025-01-29,Gender Minority,Above Range,PIP recommended post calibration.
CAL-8206,EMP-6206,Linda Martinez,Customer Experience,Senior Manager,Customer Experience,Boston MA,EMP-5021,Q1 2026 Mid-Year,2026,2 - Partially Meets,2,2 - Partially Meets,Stable,Watch List,Balanced Contributor,Low,9.49,Ready 1-2 Years,Calibration Complete,1 - Does Not Meet,No,Upward,1.61,1.59,No,No,Strategic Thinking,Stakeholder Mgmt,Executive Presence,12.9,7.1,1.074,2018-12-07,No Flag,Below Range,PIP recommended post calibration.
CAL-8207,EMP-6207,James Martin,Data Science,Individual Contributor,Data Science,Frisco TX,EMP-5002,Q3 2025 Annual,2025,3 - Meets Expectations,3,3 - Meets Expectations,Stable,Needs Coaching,Balanced Contributor,High,5.21,Ready 1-2 Years,Pending Manager Review,1 - Does Not Meet,No,Upward,2.03,2.46,No,No,Strategic Thinking,Team Building,Delegation,4.6,3.4,0.807,2018-08-13,Person with Disability,Below Range,Strong calibration supported by peers.
CAL-8208,EMP-6208,Joseph Wilson,Sales,Individual Contributor,Sales,Atlanta GA,EMP-5043,Q3 2025 Annual,2025,2 - Partially Meets,2,3 - Meets Expectations,Declined,Needs Coaching,Needs Development,High,7.92,Ready Now,Pending Manager Review,3 - Meets Expectations,No,No Change,0.06,0.14,No,No,Execution,Problem Solving,People Management,16.7,6.1,0.833,2022-03-03,Gender Minority,Above Range,Flagged for retention risk.
CAL-8209,EMP-6209,Karen Smith,Data Science,Director,Data Science,Remote,EMP-5032,Q1 2025 Mid-Year,2025,3 - Meets Expectations,3,5 - Exceptional,Declined,High Potential,Emerging Talent,Medium,9.07,Not Applicable,Calibration Complete,4 - Exceeds Expectations,No,No Change,2.57,3.0,No,No,Innovation,Data-Driven,Delegation,3.1,9.8,1.048,2021-06-17,Veteran,Below Range,High potential validated by skip-level.
CAL-8210,EMP-6210,Jessica Thomas,Operations,Team Lead,Operations,New York NY,EMP-5022,Q3 2026 Annual,2026,2 - Partially Meets,2,2 - Partially Meets,Stable,Solid Performer,Balanced Contributor,Low,2.29,Not Applicable,Finalized,3 - Meets Expectations,No,No Change,0.16,0.19,No,No,Execution,Team Building,People Management,5.8,4.6,0.882,2020-11-02,Person with Disability,Above Range,Calibration adjusted after group review.
CAL-8211,EMP-6211,Michael Anderson,Sales,Individual Contributor,Sales,Denver CO,EMP-5010,Q3 2025 Annual,2025,1 - Does Not Meet,1,4 - Exceeds Expectations,Declined,Solid Performer,Balanced Contributor,Medium,1.31,Ready 3-5 Years,Finalized,3 - Meets Expectations,Yes,No Change,0.0,0.0,No,No,Collaboration,Project Delivery,Strategic Vision,9.8,4.7,0.888,2024-09-23,URM,Below Range,Strong calibration supported by peers.
CAL-8212,EMP-6212,Jessica Jackson,Sales,Senior Manager,Sales,Seattle WA,EMP-5032,Q3 2026 Annual,2026,3 - Meets Expectations,3,1 - Does Not Meet,Improved,Solid Performer,Backbone,Low,5.27,Ready 1-2 Years,Pending Manager Review,3 - Meets Expectations,No,Upward,3.26,4.05,No,No,Execution,Stakeholder Mgmt,Strategic Vision,11.5,5.2,0.902,2025-11-25,Veteran,Below Range,New to role - calibration advisory only.
CAL-8213,EMP-6213,Linda Hernandez,Finance,Senior Manager,Finance,San Francisco CA,EMP-5026,Q1 2026 Mid-Year,2026,3 - Meets Expectations,3,4 - Exceeds Expectations,Declined,Solid Performer,Backbone,Low,3.25,Ready 3-5 Years,Calibration Complete,3 - Meets Expectations,No,No Change,3.17,6.98,No,No,Strategic Thinking,Stakeholder Mgmt,Prioritization,10.2,2.9,1.337,2021-08-28,Gender Minority,Above Range,PIP recommended post calibration.
CAL-8214,EMP-6214,Christopher Jackson,Engineering,Individual Contributor,Engineering,Frisco TX,EMP-5035,Q1 2025 Mid-Year,2025,3 - Meets Expectations,3,4 - Exceeds Expectations,Declined,Needs Coaching,Balanced Contributor,Low,8.46,Ready 1-2 Years,Finalized,5 - Exceptional,Yes,No Change,2.63,3.46,No,No,Strategic Thinking,Process Improvement,Strategic Vision,6.1,0.7,0.778,2020-10-10,No Flag,Within Range,PIP recommended post calibration.
CAL-8215,EMP-6215,Mark Brown,Operations,Senior Manager,Operations,Seattle WA,EMP-5043,Q3 2025 Annual,2025,3 - Meets Expectations,3,4 - Exceeds Expectations,Declined,Solid Performer,Backbone,Medium,4.96,Ready Now,Pending Manager Review,3 - Meets Expectations,No,No Change,2.86,5.93,No,No,Customer Focus,Process Improvement,People Management,1.1,4.9,1.102,2018-08-28,Gender Minority,Above Range,New to role - calibration advisory only.
CAL-8216,EMP-6216,Christopher Williams,Product,Individual Contributor,Product,Atlanta GA,EMP-5019,Q3 2026 Annual,2026,3 - Meets Expectations,3,4 - Exceeds Expectations,Declined,Growth Potential,Balanced Contributor,Low,8.68,Ready 1-2 Years,Calibration Complete,3 - Meets Expectations,No,No Change,2.12,4.02,No,No,Innovation,Project Delivery,Strategic Vision,13.8,0.5,0.818,2019-09-02,Veteran,Above Range,High potential validated by skip-level.
CAL-8217,EMP-6217,Thomas Johnson,Sales,Individual Contributor,Sales,Seattle WA,EMP-5000,Q1 2025 Mid-Year,2025,5 - Exceptional,5,4 - Exceeds Expectations,Improved,Growth Potential,High Performer,Medium,2.89,Ready 3-5 Years,Finalized,2 - Partially Meets,Yes,No Change,7.44,7.5,Yes,No,Leadership,Results Orientation,Executive Presence,10.4,8.8,0.857,2020-12-22,URM,Below Range,New to role - calibration advisory only.
CAL-8218,EMP-6218,Anthony Johnson,Engineering,Individual Contributor,Engineering,Remote,EMP-5040,Q3 2025 Annual,2025,3 - Meets Expectations,3,2 - Partially Meets,Improved,Solid Performer,Backbone,Low,5.27,Ready 1-2 Years,Finalized,3 - Meets Expectations,No,Downward,2.47,5.3,No,No,Communication,Stakeholder Mgmt,People Management,9.7,7.9,1.185,2019-05-25,No Flag,Within Range,PIP recommended post calibration.
CAL-8219,EMP-6219,Nancy Anderson,Sales,Director,Sales,Seattle WA,EMP-5019,Q3 2026 Annual,2026,4 - Exceeds Expectations,4,2 - Partially Meets,Improved,Solid Performer,Balanced Contributor,Low,5.89,Ready 3-5 Years,Finalized,4 - Exceeds Expectations,No,No Change,3.9,6.28,Yes,No,Innovation,Mentoring,Strategic Vision,2.7,7.3,0.764,2021-04-06,Veteran,Within Range,High potential validated by skip-level.
CAL-8220,EMP-6220,Elizabeth Anderson,Operations,Team Lead,Operations,Boston MA,EMP-5026,Q1 2025 Mid-Year,2025,2 - Partially Meets,2,4 - Exceeds Expectations,Declined,Growth Potential,Inconsistent Player,Low,1.15,Ready 3-5 Years,Pending Manager Review,3 - Meets Expectations,No,Upward,0.71,0.57,No,No,Strategic Thinking,Process Improvement,Delegation,19.9,9.6,0.752,2020-11-13,Veteran,Within Range,
CAL-8221,EMP-6221,Elizabeth Taylor,Legal & Compliance,Senior Manager,Legal & Compliance,Boston MA,EMP-5005,Q1 2026 Mid-Year,2026,2 - Partially Meets,2,3 - Meets Expectations,Declined,Growth Potential,Inconsistent Player,Low,7.55,Ready Now,Pending Manager Review,3 - Meets Expectations,No,No Change,0.44,0.55,No,No,Analytical Rigor,Mentoring,People Management,15.9,7.8,0.892,2025-03-19,No Flag,Below Range,Strong calibration supported by peers.
CAL-8222,EMP-6222,Linda Rodriguez,Sales,Manager,Sales,Boston MA,EMP-5049,Q3 2026 Annual,2026,1 - Does Not Meet,1,3 - Meets Expectations,Declined,Solid Performer,Balanced Contributor,High,6.09,Ready 1-2 Years,Calibration Complete,3 - Meets Expectations,No,Downward,0.0,0.0,No,Yes,Innovation,Data-Driven,Prioritization,8.4,5.0,1.055,2022-09-11,No Flag,Above Range,High potential validated by skip-level.
CAL-8223,EMP-6223,David Jackson,Legal & Compliance,Manager,Legal & Compliance,New York NY,EMP-5031,Q1 2025 Mid-Year,2025,3 - Meets Expectations,3,2 - Partially Meets,Improved,Needs Coaching,Balanced Contributor,Low,6.89,Ready Now,Calibration Complete,5 - Exceptional,No,No Change,3.03,5.56,No,No,Execution,Process Improvement,Technical Depth,14.8,3.8,1.051,2021-12-24,Veteran,Below Range,High potential validated by skip-level.
CAL-8224,EMP-6224,Nancy Jones,Operations,Team Lead,Operations,San Francisco CA,EMP-5030,Q1 2026 Mid-Year,2026,3 - Meets Expectations,3,1 - Does Not Meet,Improved,Solid Performer,Backbone,High,9.07,Ready Now,Pending Manager Review,2 - Partially Meets,No,Downward,2.74,2.38,No,No,Technical Excellence,Stakeholder Mgmt,Cross-Functional Collaboration,9.1,8.4,0.777,2018-09-20,No Flag,Within Range,PIP recommended post calibration.
CAL-8225,EMP-6225,Christopher Jackson,Operations,Individual Contributor,Operations,New York NY,EMP-5024,Q3 2026 Annual,2026,3 - Meets Expectations,3,3 - Meets Expectations,Stable,Watch List,Balanced Contributor,Medium,1.3,Ready 1-2 Years,Finalized,3 - Meets Expectations,No,No Change,3.15,7.75,No,No,Collaboration,Mentoring,People Management,7.1,9.3,1.025,2019-05-05,URM,Within Range,New to role - calibration advisory only.
CAL-8226,EMP-6226,Linda Wilson,Operations,Senior Manager,Operations,Chicago IL,EMP-5012,Q1 2026 Mid-Year,2026,3 - Meets Expectations,3,3 - Meets Expectations,Stable,Growth Potential,Balanced Contributor,Low,8.1,Ready 1-2 Years,Calibration Complete,2 - Partially Meets,No,Downward,3.15,6.68,No,No,Innovation,Data-Driven,Communication Clarity,15.4,0.7,1.243,2023-05-10,URM,Above Range,Flagged for retention risk.
CAL-8227,EMP-6227,Thomas Anderson,People & HR,Senior Manager,People & HR,New York NY,EMP-5022,Q3 2026 Annual,2026,2 - Partially Meets,2,2 - Partially Meets,Stable,Growth Potential,Inconsistent Player,Low,4.47,Ready Now,Finalized,3 - Meets Expectations,No,No Change,0.99,1.69,No,No,Execution,Problem Solving,Strategic Vision,3.6,9.4,0.852,2020-12-14,URM,Within Range,Flagged for retention risk.
CAL-8228,EMP-6228,David Brown,People & HR,Individual Contributor,People & HR,Remote,EMP-5022,Q1 2026 Mid-Year,2026,3 - Meets Expectations,3,3 - Meets Expectations,Stable,Watch List,Balanced Contributor,Low,5.41,Not Applicable,Calibration Complete,4 - Exceeds Expectations,No,No Change,3.23,7.38,No,No,Collaboration,Data-Driven,Delegation,9.8,10.0,1.112,2019-12-10,Person with Disability,Above Range,Consistent performer over 3 cycles.
CAL-8229,EMP-6229,Linda Brown,Engineering,Team Lead,Engineering,Austin TX,EMP-5008,Q1 2026 Mid-Year,2026,3 - Meets Expectations,3,3 - Meets Expectations,Stable,Solid Performer,Backbone,Low,9.1,Not Applicable,Calibration Complete,3 - Meets Expectations,No,No Change,2.68,3.42,No,No,Execution,Mentoring,People Management,5.8,1.7,0.799,2019-12-20,URM,Within Range,
CAL-8230,EMP-6230,Daniel Taylor,Marketing,Individual Contributor,Marketing,Seattle WA,EMP-5020,Q1 2026 Mid-Year,2026,4 - Exceeds Expectations,4,5 - Exceptional,Declined,High Potential,Future Leader,Medium,8.82,Ready 3-5 Years,Calibration Complete,3 - Meets Expectations,Yes,No Change,5.44,8.56,Yes,No,Communication,Mentoring,Executive Presence,18.4,2.9,0.871,2018-10-21,Veteran,Above Range,Flagged for retention risk.
CAL-8231,EMP-6231,Patricia Jones,Engineering,Individual Contributor,Engineering,San Francisco CA,EMP-5021,Q3 2026 Annual,2026,3 - Meets Expectations,3,2 - Partially Meets,Improved,Watch List,Balanced Contributor,High,1.74,Ready 1-2 Years,Finalized,5 - Exceptional,No,No Change,2.06,4.73,No,No,Communication,Process Improvement,Strategic Vision,2.7,7.4,0.825,2024-11-02,URM,Within Range,High potential validated by skip-level.
CAL-8232,EMP-6232,John Hernandez,Marketing,Individual Contributor,Marketing,Remote,EMP-5010,Q1 2025 Mid-Year,2025,3 - Meets Expectations,3,3 - Meets Expectations,Stable,Solid Performer,Backbone,Medium,1.9,Not Applicable,Calibration Complete,3 - Meets Expectations,No,Upward,2.44,5.84,No,No,Analytical Rigor,Results Orientation,Communication Clarity,12.5,1.4,0.766,2020-11-02,No Flag,Above Range,PIP recommended post calibration.
CAL-8233,EMP-6233,Jessica Williams,Product,Team Lead,Product,San Francisco CA,EMP-5022,Q1 2026 Mid-Year,2026,3 - Meets Expectations,3,5 - Exceptional,Declined,Growth Potential,Balanced Contributor,Low,6.53,Ready Now,Finalized,3 - Meets Expectations,No,No Change,3.42,5.78,No,No,Innovation,Problem Solving,Delegation,14.6,4.1,1.127,2022-04-25,Veteran,Below Range,Calibration adjusted after group review.
CAL-8234,EMP-6234,Anthony Garcia,Data Science,Individual Contributor,Data Science,Boston MA,EMP-5010,Q3 2025 Annual,2025,5 - Exceptional,5,3 - Meets Expectations,Improved,Growth Potential,High Performer,High,7.8,Ready 1-2 Years,Finalized,1 - Does Not Meet,No,No Change,5.98,7.54,No,No,Communication,Problem Solving,Delegation,4.4,2.5,1.08,2023-01-08,Gender Minority,Within Range,High potential validated by skip-level.
CAL-8235,EMP-6235,Patricia Brown,Data Science,Individual Contributor,Data Science,San Francisco CA,EMP-5012,Q1 2025 Mid-Year,2025,4 - Exceeds Expectations,4,3 - Meets Expectations,Improved,Needs Coaching,Balanced Contributor,High,1.41,Ready Now,Finalized,3 - Meets Expectations,No,No Change,5.14,11.41,Yes,No,Technical Excellence,Process Improvement,Strategic Vision,12.0,4.1,1.162,2020-03-08,Gender Minority,Below Range,Calibration adjusted after group review.
CAL-8236,EMP-6236,Robert Martin,Operations,Senior Manager,Operations,Austin TX,EMP-5048,Q1 2025 Mid-Year,2025,3 - Meets Expectations,3,4 - Exceeds Expectations,Declined,Needs Coaching,Balanced Contributor,High,4.77,Not Applicable,Finalized,4 - Exceeds Expectations,No,Downward,2.26,4.5,No,No,Customer Focus,Project Delivery,Executive Presence,3.9,1.4,1.25,2021-01-22,Gender Minority,Below Range,Consistent performer over 3 cycles.
CAL-8237,EMP-6237,Nancy Anderson,Legal & Compliance,Individual Contributor,Legal & Compliance,Frisco TX,EMP-5044,Q3 2026 Annual,2026,3 - Meets Expectations,3,5 - Exceptional,Declined,Solid Performer,Backbone,Low,6.93,Not Applicable,Finalized,4 - Exceeds Expectations,No,No Change,2.65,2.39,No,No,Execution,Results Orientation,Cross-Functional Collaboration,10.3,7.4,1.198,2025-01-21,Gender Minority,Within Range,Strong calibration supported by peers.
CAL-8238,EMP-6238,Charles Jones,Legal & Compliance,Director,Legal & Compliance,Remote,EMP-5047,Q3 2025 Annual,2025,3 - Meets Expectations,3,1 - Does Not Meet,Improved,Solid Performer,Backbone,High,6.84,Ready Now,Finalized,5 - Exceptional,Yes,Downward,3.23,7.92,No,No,Execution,Results Orientation,Executive Presence,19.9,8.2,0.782,2022-12-04,URM,Below Range,PIP recommended post calibration.
CAL-8239,EMP-6239,Barbara Johnson,Data Science,Individual Contributor,Data Science,San Francisco CA,EMP-5007,Q3 2025 Annual,2025,5 - Exceptional,5,3 - Meets Expectations,Improved,Solid Performer,Balanced Contributor,Low,1.06,Ready Now,Calibration Complete,4 - Exceeds Expectations,No,Downward,7.73,15.42,Yes,No,Technical Excellence,Process Improvement,Executive Presence,12.9,4.3,1.217,2022-12-28,URM,Above Range,New to role - calibration advisory only.
CAL-8240,EMP-6240,Richard Williams,Sales,Individual Contributor,Sales,Remote,EMP-5034,Q1 2026 Mid-Year,2026,4 - Exceeds Expectations,4,2 - Partially Meets,Improved,Needs Coaching,Balanced Contributor,High,5.38,Ready 3-5 Years,Calibration Complete,2 - Partially Meets,Yes,Upward,3.71,7.03,Yes,No,Technical Excellence,Process Improvement,Delegation,4.4,4.6,1.036,2020-11-13,Gender Minority,Within Range,High potential validated by skip-level.
CAL-8241,EMP-6241,Sarah Moore,People & HR,Manager,People & HR,Denver CO,EMP-5017,Q3 2026 Annual,2026,3 - Meets Expectations,3,4 - Exceeds Expectations,Declined,Solid Performer,Backbone,High,9.38,Ready 1-2 Years,Pending Manager Review,3 - Meets Expectations,No,Downward,2.95,2.9,No,No,Communication,Problem Solving,Technical Depth,13.0,6.1,1.241,2020-10-10,Person with Disability,Within Range,High potential validated by skip-level.
CAL-8242,EMP-6242,Nancy Wilson,Operations,Senior Manager,Operations,Austin TX,EMP-5009,Q1 2026 Mid-Year,2026,4 - Exceeds Expectations,4,3 - Meets Expectations,Improved,High Potential,Future Leader,Low,6.52,Ready 3-5 Years,Finalized,2 - Partially Meets,No,Upward,4.58,7.24,No,No,Analytical Rigor,Problem Solving,People Management,5.2,2.4,1.235,2025-01-30,URM,Below Range,Strong calibration supported by peers.
CAL-8243,EMP-6243,Charles Garcia,People & HR,Team Lead,People & HR,Chicago IL,EMP-5016,Q1 2026 Mid-Year,2026,2 - Partially Meets,2,4 - Exceeds Expectations,Declined,Growth Potential,Inconsistent Player,Low,4.67,Ready 1-2 Years,Finalized,3 - Meets Expectations,No,No Change,0.47,0.53,No,No,Collaboration,Results Orientation,Communication Clarity,17.2,3.7,0.817,2020-08-02,Person with Disability,Above Range,Consistent performer over 3 cycles.
CAL-8244,EMP-6244,Richard Smith,Legal & Compliance,Individual Contributor,Legal & Compliance,Denver CO,EMP-5030,Q3 2025 Annual,2025,4 - Exceeds Expectations,4,2 - Partially Meets,Improved,High Potential,Future Leader,Medium,5.38,Ready 1-2 Years,Calibration Complete,5 - Exceptional,Yes,Downward,3.7,3.13,No,No,Strategic Thinking,Project Delivery,Cross-Functional Collaboration,5.1,9.5,1.211,2018-11-22,Person with Disability,Within Range,New to role - calibration advisory only.
CAL-8245,EMP-6245,David Wilson,Data Science,Individual Contributor,Data Science,Atlanta GA,EMP-5028,Q1 2026 Mid-Year,2026,3 - Meets Expectations,3,4 - Exceeds Expectations,Declined,High Potential,Emerging Talent,High,4.15,Ready 3-5 Years,Finalized,4 - Exceeds Expectations,Yes,No Change,2.67,5.57,No,No,Technical Excellence,Process Improvement,People Management,5.1,2.6,1.32,2018-10-06,Person with Disability,Above Range,Strong calibration supported by peers.
CAL-8246,EMP-6246,Sarah Johnson,People & HR,Team Lead,People & HR,Boston MA,EMP-5006,Q3 2025 Annual,2025,3 - Meets Expectations,3,2 - Partially Meets,Improved,Needs Coaching,Balanced Contributor,Low,9.63,Ready 1-2 Years,Finalized,5 - Exceptional,No,No Change,3.05,4.43,No,No,Technical Excellence,Stakeholder Mgmt,Strategic Vision,13.3,4.7,1.102,2020-02-07,No Flag,Within Range,Strong calibration supported by peers.
CAL-8247,EMP-6247,Anthony Martin,Marketing,Individual Contributor,Marketing,Remote,EMP-5009,Q1 2026 Mid-Year,2026,3 - Meets Expectations,3,5 - Exceptional,Declined,Watch List,Balanced Contributor,Medium,7.5,Ready Now,Pending Manager Review,5 - Exceptional,No,No Change,2.81,6.52,No,No,Strategic Thinking,Project Delivery,Strategic Vision,19.7,10.0,1.261,2024-12-14,No Flag,Above Range,
CAL-8248,EMP-6248,Jessica Jackson,Customer Experience,Manager,Customer Experience,Frisco TX,EMP-5046,Q3 2025 Annual,2025,2 - Partially Meets,2,5 - Exceptional,Declined,Solid Performer,Balanced Contributor,Low,4.15,Ready Now,Calibration Complete,3 - Meets Expectations,No,Downward,0.27,0.24,No,No,Analytical Rigor,Problem Solving,People Management,18.2,6.1,1.244,2019-03-31,Gender Minority,Below Range,Calibration adjusted after group review.
CAL-8249,EMP-6249,Barbara Smith,People & HR,Manager,People & HR,Atlanta GA,EMP-5020,Q3 2025 Annual,2025,4 - Exceeds Expectations,4,5 - Exceptional,Declined,Solid Performer,Balanced Contributor,Medium,1.29,Not Applicable,Calibration Complete,2 - Partially Meets,No,No Change,5.38,7.04,No,No,Adaptability,Results Orientation,Delegation,2.6,6.1,1.345,2021-06-02,Gender Minority,Within Range,Consistent performer over 3 cycles.
CAL-8250,EMP-6250,Margaret Garcia,People & HR,Manager,People & HR,San Francisco CA,EMP-5022,Q3 2026 Annual,2026,4 - Exceeds Expectations,4,3 - Meets Expectations,Improved,Solid Performer,Balanced Contributor,High,8.98,Ready Now,Pending Manager Review,3 - Meets Expectations,No,Upward,3.95,6.43,No,No,Analytical Rigor,Problem Solving,Prioritization,10.4,7.7,1.061,2018-02-06,No Flag,Within Range,Flagged for retention risk.
CAL-8251,EMP-6251,Sandra Miller,Product,Team Lead,Product,Frisco TX,EMP-5035,Q1 2026 Mid-Year,2026,3 - Meets Expectations,3,3 - Meets Expectations,Stable,Solid Performer,Backbone,Low,9.92,Ready 3-5 Years,Pending Manager Review,3 - Meets Expectations,No,No Change,2.9,5.62,No,No,Adaptability,Problem Solving,Delegation,12.8,2.9,1.073,2021-10-14,Veteran,Below Range,High potential validated by skip-level.
CAL-8252,EMP-6252,Robert Rodriguez,Finance,Senior Manager,Finance,New York NY,EMP-5007,Q3 2025 Annual,2025,4 - Exceeds Expectations,4,2 - Partially Meets,Improved,Growth Potential,Core Contributor,High,6.77,Ready 3-5 Years,Finalized,4 - Exceeds Expectations,No,No Change,4.8,6.19,No,No,Collaboration,Data-Driven,Delegation,8.0,4.5,1.253,2019-12-08,URM,Within Range,
CAL-8253,EMP-6253,Richard Brown,Finance,VP,Finance,Denver CO,EMP-5007,Q3 2026 Annual,2026,3 - Meets Expectations,3,3 - Meets Expectations,Stable,Solid Performer,Backbone,Medium,3.89,Ready 3-5 Years,Finalized,3 - Meets Expectations,No,No Change,3.35,2.84,No,No,Adaptability,Mentoring,Communication Clarity,15.7,7.2,0.971,2018-08-18,Person with Disability,Within Range,Calibration adjusted after group review.
CAL-8254,EMP-6254,David Gonzalez,Finance,Manager,Finance,Denver CO,EMP-5035,Q1 2025 Mid-Year,2025,4 - Exceeds Expectations,4,2 - Partially Meets,Improved,Watch List,Balanced Contributor,Low,3.93,Ready Now,Finalized,2 - Partially Meets,No,Downward,4.43,7.63,No,No,Adaptability,Results Orientation,Cross-Functional Collaboration,1.2,1.6,0.915,2019-03-18,Veteran,Within Range,PIP recommended post calibration.
CAL-8255,EMP-6255,Margaret Moore,Legal & Compliance,Senior Manager,Legal & Compliance,Denver CO,EMP-5013,Q3 2026 Annual,2026,2 - Partially Meets,2,4 - Exceeds Expectations,Declined,Solid Performer,Balanced Contributor,Low,3.57,Ready Now,Pending Manager Review,1 - Does Not Meet,No,No Change,0.97,1.72,No,No,Execution,Team Building,Executive Presence,5.7,0.5,1.234,2018-05-07,Person with Disability,Within Range,PIP recommended post calibration.
CAL-8256,EMP-6256,Mark Martinez,Customer Experience,Team Lead,Customer Experience,New York NY,EMP-5027,Q3 2026 Annual,2026,4 - Exceeds Expectations,4,5 - Exceptional,Declined,Solid Performer,Balanced Contributor,Low,1.94,Not Applicable,Finalized,2 - Partially Meets,No,No Change,4.87,4.81,No,No,Leadership,Stakeholder Mgmt,Communication Clarity,14.7,8.9,1.286,2025-09-19,Person with Disability,Below Range,New to role - calibration advisory only.
CAL-8257,EMP-6257,Barbara Brown,Customer Experience,Individual Contributor,Customer Experience,Atlanta GA,EMP-5035,Q3 2026 Annual,2026,4 - Exceeds Expectations,4,2 - Partially Meets,Improved,Solid Performer,Balanced Contributor,High,3.63,Ready Now,Finalized,5 - Exceptional,No,Downward,3.72,3.78,No,No,Collaboration,Team Building,Communication Clarity,17.0,7.5,0.794,2024-02-02,Gender Minority,Above Range,Consistent performer over 3 cycles.
CAL-8258,EMP-6258,William Anderson,Engineering,Team Lead,Engineering,Atlanta GA,EMP-5043,Q1 2025 Mid-Year,2025,3 - Meets Expectations,3,3 - Meets Expectations,Stable,Solid Performer,Backbone,Low,5.54,Ready 1-2 Years,Calibration Complete,3 - Meets Expectations,No,No Change,2.39,3.77,No,No,Communication,Problem Solving,Communication Clarity,10.7,7.4,1.202,2019-05-03,Person with Disability,Below Range,PIP recommended post calibration.
CAL-8259,EMP-6259,Nancy Anderson,Product,Manager,Product,New York NY,EMP-5026,Q3 2025 Annual,2025,4 - Exceeds Expectations,4,2 - Partially Meets,Improved,High Potential,Future Leader,Low,9.25,Ready Now,Finalized,3 - Meets Expectations,No,Upward,4.49,4.49,No,No,Innovation,Data-Driven,Technical Depth,14.7,2.2,0.916,2019-08-31,Person with Disability,Within Range,Flagged for retention risk.
CAL-8260,EMP-6260,Mark Martin,Finance,Team Lead,Finance,Austin TX,EMP-5002,Q3 2026 Annual,2026,5 - Exceptional,5,3 - Meets Expectations,Improved,High Potential,Star,High,8.25,Ready 1-2 Years,Calibration Complete,4 - Exceeds Expectations,No,No Change,7.21,6.1,No,No,Innovation,Data-Driven,Communication Clarity,4.5,6.4,1.018,2018-02-27,Veteran,Above Range,Calibration adjusted after group review.
CAL-8261,EMP-6261,John Hernandez,Operations,Manager,Operations,New York NY,EMP-5026,Q3 2025 Annual,2025,3 - Meets Expectations,3,3 - Meets Expectations,Stable,Needs Coaching,Balanced Contributor,Low,7.06,Ready Now,Finalized,4 - Exceeds Expectations,No,Upward,2.61,5.41,No,No,Analytical Rigor,Data-Driven,Prioritization,6.5,5.9,1.329,2018-06-19,Person with Disability,Above Range,
CAL-8262,EMP-6262,Maria Lopez,People & HR,VP,People & HR,Chicago IL,EMP-5023,Q3 2026 Annual,2026,2 - Partially Meets,2,3 - Meets Expectations,Declined,Growth Potential,Inconsistent Player,Low,1.77,Ready 3-5 Years,Pending Manager Review,3 - Meets Expectations,No,No Change,0.66,0.74,No,No,Adaptability,Results Orientation,Delegation,14.3,1.0,0.824,2020-09-28,Person with Disability,Below Range,Flagged for retention risk.
CAL-8263,EMP-6263,Betty Anderson,Sales,Manager,Sales,Remote,EMP-5049,Q1 2026 Mid-Year,2026,5 - Exceptional,5,4 - Exceeds Expectations,Improved,Solid Performer,Balanced Contributor,Medium,8.25,Ready 1-2 Years,Calibration Complete,4 - Exceeds Expectations,Yes,No Change,7.89,12.28,Yes,No,Collaboration,Results Orientation,Prioritization,3.7,7.2,1.279,2025-05-06,URM,Below Range,New to role - calibration advisory only.
CAL-8264,EMP-6264,Mark Smith,Engineering,Team Lead,Engineering,Frisco TX,EMP-5025,Q3 2026 Annual,2026,5 - Exceptional,5,3 - Meets Expectations,Improved,Growth Potential,High Performer,Low,9.16,Not Applicable,Finalized,5 - Exceptional,No,No Change,6.64,13.29,No,No,Adaptability,Problem Solving,Prioritization,7.8,5.4,1.243,2020-12-24,URM,Within Range,New to role - calibration advisory only.
CAL-8265,EMP-6265,Daniel Wilson,Product,Director,Product,Frisco TX,EMP-5006,Q3 2026 Annual,2026,3 - Meets Expectations,3,4 - Exceeds Expectations,Declined,Solid Performer,Backbone,High,7.09,Ready Now,Calibration Complete,5 - Exceptional,No,Downward,3.32,6.84,No,No,Execution,Project Delivery,Cross-Functional Collaboration,11.8,4.4,0.8,2021-01-23,Gender Minority,Below Range,Consistent performer over 3 cycles.
CAL-8266,EMP-6266,Nancy Williams,Data Science,Manager,Data Science,Boston MA,EMP-5047,Q3 2026 Annual,2026,5 - Exceptional,5,4 - Exceeds Expectations,Improved,Growth Potential,High Performer,Low,2.68,Ready 3-5 Years,Finalized,2 - Partially Meets,No,No Change,6.54,5.43,Yes,No,Execution,Process Improvement,Prioritization,4.6,7.7,1.01,2023-11-06,Gender Minority,Within Range,Flagged for retention risk.
CAL-8267,EMP-6267,Jennifer Smith,Marketing,Team Lead,Marketing,New York NY,EMP-5037,Q1 2025 Mid-Year,2025,2 - Partially Meets,2,4 - Exceeds Expectations,Declined,Growth Potential,Inconsistent Player,High,6.7,Ready 3-5 Years,Finalized,3 - Meets Expectations,No,Upward,0.86,0.69,No,No,Technical Excellence,Data-Driven,Prioritization,3.6,1.3,1.029,2021-05-08,No Flag,Below Range,Calibration adjusted after group review.
CAL-8268,EMP-6268,Susan Brown,Sales,Manager,Sales,Denver CO,EMP-5012,Q3 2026 Annual,2026,3 - Meets Expectations,3,4 - Exceeds Expectations,Declined,Solid Performer,Backbone,Medium,8.37,Ready Now,Pending Manager Review,4 - Exceeds Expectations,No,Upward,2.82,5.04,No,No,Execution,Team Building,Technical Depth,7.4,9.9,1.304,2018-04-05,Person with Disability,Below Range,New to role - calibration advisory only.
CAL-8269,EMP-6269,Margaret Williams,Customer Experience,Director,Customer Experience,San Francisco CA,EMP-5038,Q3 2026 Annual,2026,3 - Meets Expectations,3,3 - Meets Expectations,Stable,Needs Coaching,Balanced Contributor,Low,1.81,Ready Now,Finalized,2 - Partially Meets,Yes,No Change,3.24,5.6,No,No,Adaptability,Process Improvement,Strategic Vision,19.2,6.3,1.146,2018-09-11,Person with Disability,Below Range,New to role - calibration advisory only.
CAL-8270,EMP-6270,Maria Brown,Finance,Manager,Finance,Denver CO,EMP-5011,Q1 2025 Mid-Year,2025,2 - Partially Meets,2,3 - Meets Expectations,Declined,Solid Performer,Balanced Contributor,Low,4.61,Not Applicable,Finalized,4 - Exceeds Expectations,No,No Change,0.74,0.74,No,No,Innovation,Stakeholder Mgmt,Prioritization,7.7,6.7,0.821,2024-02-26,Gender Minority,Above Range,Flagged for retention risk.
CAL-8271,EMP-6271,Sandra Johnson,Data Science,Individual Contributor,Data Science,Austin TX,EMP-5019,Q3 2026 Annual,2026,3 - Meets Expectations,3,2 - Partially Meets,Improved,Watch List,Balanced Contributor,Medium,9.68,Ready Now,Finalized,4 - Exceeds Expectations,No,Downward,2.05,2.19,No,No,Strategic Thinking,Problem Solving,Cross-Functional Collaboration,16.1,4.5,0.834,2024-01-13,Person with Disability,Within Range,New to role - calibration advisory only.
CAL-8272,EMP-6272,Jennifer Martin,Marketing,Manager,Marketing,Atlanta GA,EMP-5040,Q1 2026 Mid-Year,2026,3 - Meets Expectations,3,4 - Exceeds Expectations,Declined,Needs Coaching,Balanced Contributor,Low,5.13,Not Applicable,Finalized,4 - Exceeds Expectations,Yes,No Change,2.79,3.45,No,No,Innovation,Data-Driven,Executive Presence,12.3,9.6,1.088,2023-01-08,Gender Minority,Within Range,
CAL-8273,EMP-6273,Jennifer Anderson,Marketing,Director,Marketing,Austin TX,EMP-5001,Q1 2025 Mid-Year,2025,5 - Exceptional,5,3 - Meets Expectations,Improved,Growth Potential,High Performer,High,6.34,Ready 3-5 Years,Finalized,3 - Meets Expectations,No,No Change,5.71,8.38,No,No,Analytical Rigor,Process Improvement,Prioritization,17.5,5.4,1.318,2022-02-27,Gender Minority,Below Range,Strong calibration supported by peers.
CAL-8274,EMP-6274,Mark Williams,People & HR,Senior Manager,People & HR,Remote,EMP-5028,Q3 2026 Annual,2026,4 - Exceeds Expectations,4,4 - Exceeds Expectations,Stable,Growth Potential,Core Contributor,High,5.78,Not Applicable,Pending Manager Review,5 - Exceptional,No,Downward,3.85,3.55,No,No,Adaptability,Problem Solving,Prioritization,9.9,3.5,1.071,2024-08-07,Person with Disability,Below Range,Flagged for retention risk.
CAL-8275,EMP-6275,Ashley Gonzalez,Legal & Compliance,Director,Legal & Compliance,Boston MA,EMP-5004,Q3 2026 Annual,2026,2 - Partially Meets,2,3 - Meets Expectations,Declined,High Potential,Balanced Contributor,Low,6.27,Ready 1-2 Years,Pending Manager Review,2 - Partially Meets,No,No Change,1.56,3.2,No,No,Leadership,Mentoring,Communication Clarity,12.2,5.3,1.053,2023-05-09,Person with Disability,Within Range,PIP recommended post calibration.
CAL-8276,EMP-6276,Sandra Moore,Legal & Compliance,Director,Legal & Compliance,Boston MA,EMP-5038,Q1 2025 Mid-Year,2025,3 - Meets Expectations,3,1 - Does Not Meet,Improved,Needs Coaching,Balanced Contributor,Low,9.84,Ready 3-5 Years,Finalized,2 - Partially Meets,No,Upward,3.24,3.53,No,No,Technical Excellence,Results Orientation,Executive Presence,3.7,5.1,1.282,2022-11-11,No Flag,Below Range,
CAL-8277,EMP-6277,Karen Moore,Finance,Senior Manager,Finance,Boston MA,EMP-5040,Q1 2026 Mid-Year,2026,2 - Partially Meets,2,5 - Exceptional,Declined,Solid Performer,Balanced Contributor,High,4.21,Not Applicable,Finalized,3 - Meets Expectations,No,Downward,1.24,1.51,No,No,Collaboration,Results Orientation,Prioritization,3.9,2.0,1.026,2025-04-08,Person with Disability,Below Range,New to role - calibration advisory only.
CAL-8278,EMP-6278,Joseph Thomas,Operations,Team Lead,Operations,Boston MA,EMP-5021,Q1 2025 Mid-Year,2025,3 - Meets Expectations,3,4 - Exceeds Expectations,Declined,Needs Coaching,Balanced Contributor,High,2.18,Ready 3-5 Years,Calibration Complete,4 - Exceeds Expectations,No,No Change,2.85,4.49,No,No,Execution,Mentoring,Cross-Functional Collaboration,10.9,1.4,1.276,2022-09-23,Veteran,Above Range,Consistent performer over 3 cycles.
CAL-8279,EMP-6279,Betty Johnson,Operations,Team Lead,Operations,Frisco TX,EMP-5049,Q3 2025 Annual,2025,3 - Meets Expectations,3,3 - Meets Expectations,Stable,Solid Performer,Backbone,High,4.25,Not Applicable,Pending Manager Review,1 - Does Not Meet,Yes,Upward,2.82,4.95,No,No,Collaboration,Problem Solving,People Management,17.9,5.8,0.803,2023-09-19,URM,Within Range,New to role - calibration advisory only.
CAL-8280,EMP-6280,Betty Jackson,People & HR,SVP,People & HR,Denver CO,EMP-5015,Q1 2026 Mid-Year,2026,2 - Partially Meets,2,3 - Meets Expectations,Declined,Growth Potential,Inconsistent Player,Low,5.57,Not Applicable,Pending Manager Review,4 - Exceeds Expectations,No,No Change,1.96,3.3,No,No,Adaptability,Problem Solving,Communication Clarity,3.4,3.4,0.754,2019-07-11,Person with Disability,Within Range,Flagged for retention risk.
CAL-8281,EMP-6281,Margaret Miller,Marketing,Team Lead,Marketing,Austin TX,EMP-5012,Q3 2025 Annual,2025,2 - Partially Meets,2,3 - Meets Expectations,Declined,Solid Performer,Balanced Contributor,Low,3.03,Ready Now,Finalized,4 - Exceeds Expectations,No,No Change,1.37,1.47,No,No,Strategic Thinking,Stakeholder Mgmt,Strategic Vision,5.6,1.0,1.279,2025-03-24,Gender Minority,Within Range,Consistent performer over 3 cycles.
CAL-8282,EMP-6282,Barbara Anderson,Product,Individual Contributor,Product,Boston MA,EMP-5033,Q3 2025 Annual,2025,2 - Partially Meets,2,2 - Partially Meets,Stable,Needs Coaching,Needs Development,Low,7.77,Ready Now,Finalized,3 - Meets Expectations,No,No Change,1.8,3.68,No,No,Execution,Process Improvement,Strategic Vision,6.3,5.8,1.0,2020-08-16,Person with Disability,Below Range,Calibration adjusted after group review.
CAL-8283,EMP-6283,Daniel Lopez,Customer Experience,VP,Customer Experience,Remote,EMP-5049,Q1 2026 Mid-Year,2026,3 - Meets Expectations,3,3 - Meets Expectations,Stable,Needs Coaching,Balanced Contributor,Medium,8.65,Ready 3-5 Years,Calibration Complete,3 - Meets Expectations,Yes,Upward,2.36,4.19,No,No,Communication,Project Delivery,Strategic Vision,9.0,8.5,0.914,2022-03-31,Veteran,Within Range,Calibration adjusted after group review.
CAL-8284,EMP-6284,David Smith,Finance,Senior Manager,Finance,Remote,EMP-5036,Q3 2025 Annual,2025,3 - Meets Expectations,3,3 - Meets Expectations,Stable,Needs Coaching,Balanced Contributor,High,9.66,Not Applicable,Pending Manager Review,5 - Exceptional,No,Downward,2.14,2.58,No,No,Strategic Thinking,Team Building,Executive Presence,6.8,5.3,0.982,2025-05-21,Person with Disability,Below Range,High potential validated by skip-level.
CAL-8285,EMP-6285,Richard Anderson,Marketing,Individual Contributor,Marketing,Frisco TX,EMP-5041,Q1 2026 Mid-Year,2026,2 - Partially Meets,2,2 - Partially Meets,Stable,Growth Potential,Inconsistent Player,Medium,4.7,Ready 1-2 Years,Finalized,3 - Meets Expectations,No,No Change,0.78,1.52,No,No,Communication,Process Improvement,Prioritization,14.6,6.0,0.851,2020-03-11,No Flag,Below Range,New to role - calibration advisory only.
CAL-8286,EMP-6286,Sandra Smith,People & HR,Director,People & HR,Boston MA,EMP-5026,Q3 2026 Annual,2026,5 - Exceptional,5,5 - Exceptional,Stable,Growth Potential,High Performer,High,1.76,Ready Now,Finalized,4 - Exceeds Expectations,Yes,No Change,6.97,14.49,No,No,Collaboration,Stakeholder Mgmt,People Management,8.4,0.8,1.27,2023-11-03,URM,Within Range,Flagged for retention risk.
CAL-8287,EMP-6287,Elizabeth Williams,Customer Experience,Manager,Customer Experience,Atlanta GA,EMP-5033,Q3 2025 Annual,2025,3 - Meets Expectations,3,1 - Does Not Meet,Improved,Growth Potential,Balanced Contributor,High,4.17,Ready Now,Finalized,2 - Partially Meets,Yes,No Change,2.28,2.99,No,No,Strategic Thinking,Team Building,Prioritization,13.6,2.1,0.856,2022-08-11,No Flag,Above Range,Strong calibration supported by peers.
CAL-8288,EMP-6288,Jessica Garcia,Finance,Individual Contributor,Finance,Remote,EMP-5042,Q1 2025 Mid-Year,2025,3 - Meets Expectations,3,3 - Meets Expectations,Stable,Watch List,Balanced Contributor,Low,2.71,Ready 1-2 Years,Pending Manager Review,4 - Exceeds Expectations,No,Downward,3.39,4.76,No,No,Execution,Results Orientation,Executive Presence,5.0,8.9,0.799,2022-11-08,Veteran,Within Range,PIP recommended post calibration.
CAL-8289,EMP-6289,William Moore,Product,Individual Contributor,Product,New York NY,EMP-5006,Q3 2026 Annual,2026,1 - Does Not Meet,1,1 - Does Not Meet,Stable,Needs Coaching,Underperformer,Low,7.91,Not Applicable,Finalized,4 - Exceeds Expectations,No,No Change,0.0,0.0,No,Yes,Customer Focus,Mentoring,Executive Presence,12.7,7.2,1.063,2022-03-22,URM,Within Range,High potential validated by skip-level.
CAL-8290,EMP-6290,Anthony Moore,People & HR,Individual Contributor,People & HR,San Francisco CA,EMP-5025,Q1 2026 Mid-Year,2026,4 - Exceeds Expectations,4,4 - Exceeds Expectations,Stable,High Potential,Future Leader,Low,4.33,Not Applicable,Calibration Complete,2 - Partially Meets,No,Upward,4.96,5.52,No,No,Execution,Results Orientation,Prioritization,18.3,1.5,1.153,2023-09-27,URM,Within Range,Consistent performer over 3 cycles.
CAL-8291,EMP-6291,William Jones,Product,Senior Manager,Product,Chicago IL,EMP-5038,Q1 2025 Mid-Year,2025,2 - Partially Meets,2,1 - Does Not Meet,Improved,High Potential,Balanced Contributor,High,5.49,Ready 1-2 Years,Pending Manager Review,2 - Partially Meets,No,No Change,1.2,1.64,No,No,Technical Excellence,Stakeholder Mgmt,Strategic Vision,16.0,1.7,1.187,2018-07-02,No Flag,Within Range,Calibration adjusted after group review.
CAL-8292,EMP-6292,Joseph Johnson,People & HR,Individual Contributor,People & HR,New York NY,EMP-5050,Q3 2025 Annual,2025,2 - Partially Meets,2,2 - Partially Meets,Stable,Needs Coaching,Needs Development,Low,6.89,Ready 1-2 Years,Finalized,2 - Partially Meets,No,No Change,0.3,0.6,No,No,Analytical Rigor,Process Improvement,Delegation,10.6,3.3,0.964,2025-12-23,No Flag,Below Range,High potential validated by skip-level.
CAL-8293,EMP-6293,Betty Brown,Customer Experience,Team Lead,Customer Experience,Frisco TX,EMP-5020,Q3 2026 Annual,2026,3 - Meets Expectations,3,5 - Exceptional,Declined,Solid Performer,Backbone,Medium,5.35,Ready 1-2 Years,Finalized,2 - Partially Meets,No,Upward,2.01,2.26,No,No,Analytical Rigor,Data-Driven,Executive Presence,19.8,6.2,1.148,2025-10-02,Veteran,Above Range,
CAL-8294,EMP-6294,Charles Miller,Product,Manager,Product,Austin TX,EMP-5010,Q3 2025 Annual,2025,3 - Meets Expectations,3,3 - Meets Expectations,Stable,Needs Coaching,Balanced Contributor,Low,5.41,Not Applicable,Pending Manager Review,3 - Meets Expectations,No,No Change,3.38,6.5,No,No,Communication,Mentoring,Strategic Vision,7.1,7.8,0.866,2024-10-06,URM,Within Range,PIP recommended post calibration.
CAL-8295,EMP-6295,Mark Jones,Marketing,Manager,Marketing,Austin TX,EMP-5015,Q3 2026 Annual,2026,5 - Exceptional,5,2 - Partially Meets,Improved,High Potential,Star,Low,1.12,Ready 1-2 Years,Finalized,4 - Exceeds Expectations,No,No Change,7.86,12.27,No,No,Analytical Rigor,Stakeholder Mgmt,Delegation,4.0,1.6,1.294,2023-03-14,No Flag,Within Range,Consistent performer over 3 cycles.
CAL-8296,EMP-6296,Anthony Rodriguez,Finance,Team Lead,Finance,Seattle WA,EMP-5030,Q1 2026 Mid-Year,2026,2 - Partially Meets,2,1 - Does Not Meet,Improved,High Potential,Balanced Contributor,High,6.94,Ready 3-5 Years,Calibration Complete,5 - Exceptional,No,No Change,0.99,1.91,No,No,Collaboration,Problem Solving,Prioritization,17.3,4.8,0.784,2020-01-14,Person with Disability,Above Range,Consistent performer over 3 cycles.
CAL-8297,EMP-6297,Matthew Williams,Finance,Individual Contributor,Finance,Frisco TX,EMP-5036,Q3 2026 Annual,2026,4 - Exceeds Expectations,4,3 - Meets Expectations,Improved,Growth Potential,Core Contributor,High,4.12,Ready Now,Calibration Complete,4 - Exceeds Expectations,No,No Change,4.67,7.93,No,No,Leadership,Data-Driven,Delegation,17.1,4.9,0.941,2021-09-27,No Flag,Below Range,High potential validated by skip-level.
CAL-8298,EMP-6298,James Wilson,Finance,Director,Finance,Austin TX,EMP-5012,Q3 2025 Annual,2025,4 - Exceeds Expectations,4,1 - Does Not Meet,Improved,Solid Performer,Balanced Contributor,High,9.85,Ready Now,Finalized,4 - Exceeds Expectations,No,No Change,3.55,3.64,No,No,Adaptability,Process Improvement,Cross-Functional Collaboration,12.8,4.0,0.858,2023-05-11,No Flag,Below Range,Strong calibration supported by peers.
CAL-8299,EMP-6299,Betty Thomas,Operations,Director,Operations,Austin TX,EMP-5039,Q3 2026 Annual,2026,4 - Exceeds Expectations,4,2 - Partially Meets,Improved,Growth Potential,Core Contributor,Low,3.76,Ready Now,Calibration Complete,2 - Partially Meets,No,No Change,4.47,10.64,No,No,Analytical Rigor,Stakeholder Mgmt,Delegation,3.8,3.7,1.11,2019-05-24,URM,Within Range,Strong calibration supported by peers.
CAL-8300,EMP-6300,Michael Moore,Engineering,Senior Manager,Engineering,San Francisco CA,EMP-5039,Q1 2026 Mid-Year,2026,4 - Exceeds Expectations,4,3 - Meets Expectations,Improved,Needs Coaching,Balanced Contributor,Medium,4.74,Ready 3-5 Years,Finalized,3 - Meets Expectations,No,No Change,3.53,5.83,Yes,No,Leadership,Data-Driven,Strategic Vision,11.2,9.1,1.337,2025-04-07,No Flag,Below Range,Strong calibration supported by peers.
CAL-8301,EMP-6301,Jennifer Anderson,Sales,Individual Contributor,Sales,Remote,EMP-5037,Q3 2025 Annual,2025,3 - Meets Expectations,3,3 - Meets Expectations,Stable,Needs Coaching,Balanced Contributor,Medium,9.33,Ready Now,Finalized,3 - Meets Expectations,Yes,Upward,3.11,3.81,No,No,Innovation,Problem Solving,Delegation,9.1,8.8,1.2,2023-02-05,Veteran,Below Range,New to role - calibration advisory only.
CAL-8302,EMP-6302,Betty Martin,Legal & Compliance,Senior Manager,Legal & Compliance,Seattle WA,EMP-5029,Q3 2025 Annual,2025,5 - Exceptional,5,4 - Exceeds Expectations,Improved,Needs Coaching,Balanced Contributor,Low,6.48,Not Applicable,Finalized,3 - Meets Expectations,Yes,No Change,6.08,12.34,No,No,Leadership,Mentoring,Delegation,11.5,3.2,1.314,2023-12-15,Person with Disability,Below Range,New to role - calibration advisory only.
CAL-8303,EMP-6303,Christopher Jones,Sales,Team Lead,Sales,Frisco TX,EMP-5010,Q3 2026 Annual,2026,1 - Does Not Meet,1,2 - Partially Meets,Declined,Needs Coaching,Underperformer,Medium,6.37,Ready 1-2 Years,Finalized,3 - Meets Expectations,No,Downward,0.0,0.0,No,No,Analytical Rigor,Stakeholder Mgmt,Technical Depth,5.1,4.0,0.836,2022-07-23,No Flag,Below Range,Consistent performer over 3 cycles.
CAL-8304,EMP-6304,Linda Anderson,Sales,Individual Contributor,Sales,San Francisco CA,EMP-5047,Q3 2025 Annual,2025,3 - Meets Expectations,3,3 - Meets Expectations,Stable,Watch List,Balanced Contributor,Low,2.94,Ready 3-5 Years,Finalized,4 - Exceeds Expectations,Yes,Upward,2.88,2.72,No,No,Strategic Thinking,Data-Driven,Strategic Vision,16.0,7.4,1.216,2021-07-05,URM,Below Range,Flagged for retention risk.
CAL-8305,EMP-6305,Jennifer Thomas,Product,Senior Manager,Product,Frisco TX,EMP-5021,Q3 2026 Annual,2026,2 - Partially Meets,2,3 - Meets Expectations,Declined,Needs Coaching,Needs Development,Low,1.24,Ready Now,Pending Manager Review,3 - Meets Expectations,No,Upward,1.19,2.63,No,No,Technical Excellence,Problem Solving,Delegation,12.4,0.9,1.303,2023-01-20,Person with Disability,Within Range,High potential validated by skip-level.
CAL-8306,EMP-6306,Matthew Wilson,Finance,Individual Contributor,Finance,Atlanta GA,EMP-5004,Q3 2026 Annual,2026,5 - Exceptional,5,3 - Meets Expectations,Improved,Solid Performer,Balanced Contributor,Low,4.14,Ready Now,Finalized,2 - Partially Meets,No,Downward,5.58,7.26,No,No,Collaboration,Results Orientation,Executive Presence,4.8,0.8,1.273,2023-06-20,Gender Minority,Within Range,Calibration adjusted after group review.
CAL-8307,EMP-6307,Linda Martin,Customer Experience,VP,Customer Experience,Atlanta GA,EMP-5041,Q1 2025 Mid-Year,2025,3 - Meets Expectations,3,4 - Exceeds Expectations,Declined,Needs Coaching,Balanced Contributor,Low,7.55,Ready Now,Calibration Complete,4 - Exceeds Expectations,No,No Change,2.57,3.85,No,No,Execution,Team Building,Technical Depth,19.5,2.6,1.053,2023-07-16,URM,Above Range,PIP recommended post calibration.
CAL-8308,EMP-6308,Charles Davis,Product,Manager,Product,Austin TX,EMP-5046,Q3 2025 Annual,2025,4 - Exceeds Expectations,4,5 - Exceptional,Declined,Needs Coaching,Balanced Contributor,Low,2.42,Ready Now,Finalized,3 - Meets Expectations,No,No Change,4.38,3.6,No,No,Communication,Process Improvement,People Management,18.4,7.0,1.028,2022-11-01,URM,Within Range,High potential validated by skip-level.
CAL-8309,EMP-6309,Matthew Jackson,Customer Experience,Individual Contributor,Customer Experience,Austin TX,EMP-5017,Q3 2026 Annual,2026,3 - Meets Expectations,3,5 - Exceptional,Declined,Solid Performer,Backbone,Low,5.16,Ready 3-5 Years,Pending Manager Review,2 - Partially Meets,No,No Change,2.43,2.54,No,No,Technical Excellence,Problem Solving,Communication Clarity,13.6,6.8,1.321,2021-07-27,Veteran,Below Range,Flagged for retention risk.
CAL-8310,EMP-6310,Charles Garcia,Product,Manager,Product,Boston MA,EMP-5010,Q3 2026 Annual,2026,2 - Partially Meets,2,3 - Meets Expectations,Declined,Needs Coaching,Needs Development,High,7.45,Ready 3-5 Years,Pending Manager Review,5 - Exceptional,No,Downward,0.08,0.1,No,No,Execution,Process Improvement,Strategic Vision,1.9,6.3,0.834,2020-07-18,No Flag,Within Range,High potential validated by skip-level.
CAL-8311,EMP-6311,Sarah Miller,Finance,Individual Contributor,Finance,San Francisco CA,EMP-5012,Q3 2025 Annual,2025,4 - Exceeds Expectations,4,3 - Meets Expectations,Improved,Needs Coaching,Balanced Contributor,Medium,7.08,Ready 3-5 Years,Calibration Complete,1 - Does Not Meet,Yes,No Change,4.96,8.39,Yes,No,Analytical Rigor,Mentoring,Prioritization,2.6,2.0,1.252,2023-01-30,Gender Minority,Below Range,High potential validated by skip-level.
CAL-8312,EMP-6312,Thomas Thomas,Marketing,Individual Contributor,Marketing,Seattle WA,EMP-5001,Q1 2026 Mid-Year,2026,2 - Partially Meets,2,3 - Meets Expectations,Declined,Needs Coaching,Needs Development,High,7.56,Ready 1-2 Years,Pending Manager Review,3 - Meets Expectations,No,Downward,0.94,1.99,No,No,Collaboration,Process Improvement,Cross-Functional Collaboration,17.9,1.1,0.843,2018-05-20,URM,Above Range,High potential validated by skip-level.
CAL-8313,EMP-6313,Mark Williams,Product,Individual Contributor,Product,New York NY,EMP-5014,Q3 2026 Annual,2026,4 - Exceeds Expectations,4,3 - Meets Expectations,Improved,Solid Performer,Balanced Contributor,High,9.49,Ready 3-5 Years,Calibration Complete,1 - Does Not Meet,No,No Change,5.0,4.67,Yes,No,Analytical Rigor,Stakeholder Mgmt,Technical Depth,3.6,6.2,0.809,2020-03-24,URM,Within Range,Strong calibration supported by peers.
CAL-8314,EMP-6314,William Brown,Sales,Individual Contributor,Sales,Remote,EMP-5013,Q1 2025 Mid-Year,2025,4 - Exceeds Expectations,4,3 - Meets Expectations,Improved,Solid Performer,Balanced Contributor,Low,8.74,Not Applicable,Calibration Complete,3 - Meets Expectations,No,Downward,4.14,9.42,Yes,No,Communication,Process Improvement,Strategic Vision,7.8,9.2,0.875,2019-02-16,Person with Disability,Within Range,
CAL-8315,EMP-6315,Charles Wilson,Customer Experience,Manager,Customer Experience,San Francisco CA,EMP-5022,Q3 2025 Annual,2025,4 - Exceeds Expectations,4,2 - Partially Meets,Improved,Solid Performer,Balanced Contributor,Low,2.16,Ready Now,Pending Manager Review,3 - Meets Expectations,No,No Change,4.1,7.5,No,No,Analytical Rigor,Mentoring,Executive Presence,9.9,4.9,1.215,2024-12-05,Veteran,Above Range,Consistent performer over 3 cycles.
CAL-8316,EMP-6316,Christopher Wilson,Sales,Individual Contributor,Sales,Boston MA,EMP-5008,Q1 2026 Mid-Year,2026,2 - Partially Meets,2,4 - Exceeds Expectations,Declined,Solid Performer,Balanced Contributor,Low,3.73,Not Applicable,Finalized,3 - Meets Expectations,No,Upward,0.59,0.63,No,No,Execution,Results Orientation,Technical Depth,17.7,1.0,0.757,2021-10-06,Person with Disability,Below Range,
CAL-8317,EMP-6317,Patricia Martin,People & HR,Senior Manager,People & HR,Austin TX,EMP-5021,Q3 2025 Annual,2025,1 - Does Not Meet,1,4 - Exceeds Expectations,Declined,Solid Performer,Balanced Contributor,High,4.43,Ready Now,Finalized,3 - Meets Expectations,No,No Change,0.0,0.0,No,Yes,Analytical Rigor,Process Improvement,Strategic Vision,2.9,0.5,1.278,2019-11-05,Veteran,Within Range,
CAL-8318,EMP-6318,David Rodriguez,Engineering,VP,Engineering,Boston MA,EMP-5001,Q1 2025 Mid-Year,2025,3 - Meets Expectations,3,4 - Exceeds Expectations,Declined,Growth Potential,Balanced Contributor,Low,6.14,Ready 3-5 Years,Calibration Complete,1 - Does Not Meet,No,No Change,3.11,5.59,No,No,Execution,Stakeholder Mgmt,Executive Presence,13.8,5.6,1.033,2023-05-17,URM,Above Range,New to role - calibration advisory only.
CAL-8319,EMP-6319,Sarah Anderson,Finance,Individual Contributor,Finance,Seattle WA,EMP-5023,Q1 2026 Mid-Year,2026,3 - Meets Expectations,3,3 - Meets Expectations,Stable,Growth Potential,Balanced Contributor,Medium,4.15,Ready 3-5 Years,Pending Manager Review,2 - Partially Meets,Yes,No Change,2.47,5.75,No,No,Adaptability,Mentoring,Strategic Vision,15.5,9.4,0.904,2024-03-09,Veteran,Above Range,High potential validated by skip-level.
CAL-8320,EMP-6320,Jessica Rodriguez,Customer Experience,Manager,Customer Experience,Denver CO,EMP-5050,Q1 2026 Mid-Year,2026,5 - Exceptional,5,2 - Partially Meets,Improved,Solid Performer,Balanced Contributor,Low,7.91,Ready 3-5 Years,Calibration Complete,3 - Meets Expectations,No,No Change,7.18,10.05,No,No,Strategic Thinking,Mentoring,Prioritization,11.2,3.0,1.076,2021-02-04,No Flag,Below Range,Consistent performer over 3 cycles.
CAL-8321,EMP-6321,Barbara Martinez,Data Science,Director,Data Science,Remote,EMP-5047,Q3 2026 Annual,2026,5 - Exceptional,5,4 - Exceeds Expectations,Improved,Needs Coaching,Balanced Contributor,Low,2.0,Ready 3-5 Years,Calibration Complete,3 - Meets Expectations,No,No Change,7.9,18.27,Yes,No,Communication,Mentoring,Strategic Vision,15.5,7.2,1.131,2021-02-27,Person with Disability,Above Range,High potential validated by skip-level.
CAL-8322,EMP-6322,Betty Brown,Engineering,Individual Contributor,Engineering,Boston MA,EMP-5016,Q1 2026 Mid-Year,2026,3 - Meets Expectations,3,2 - Partially Meets,Improved,Needs Coaching,Balanced Contributor,Low,9.5,Not Applicable,Finalized,3 - Meets Expectations,No,No Change,2.33,3.43,No,No,Innovation,Results Orientation,Executive Presence,14.6,2.1,1.31,2020-10-04,URM,Within Range,PIP recommended post calibration.
CAL-8323,EMP-6323,Barbara Martinez,Data Science,Individual Contributor,Data Science,Boston MA,EMP-5001,Q1 2025 Mid-Year,2025,4 - Exceeds Expectations,4,3 - Meets Expectations,Improved,Growth Potential,Core Contributor,Medium,8.22,Ready Now,Finalized,4 - Exceeds Expectations,Yes,Upward,3.78,6.48,No,No,Communication,Mentoring,Prioritization,2.7,2.1,1.12,2024-10-16,Person with Disability,Within Range,High potential validated by skip-level.
CAL-8324,EMP-6324,Michael Williams,Customer Experience,Senior Manager,Customer Experience,San Francisco CA,EMP-5001,Q3 2025 Annual,2025,3 - Meets Expectations,3,3 - Meets Expectations,Stable,Solid Performer,Backbone,Low,1.66,Not Applicable,Pending Manager Review,2 - Partially Meets,Yes,No Change,2.47,2.16,No,No,Strategic Thinking,Stakeholder Mgmt,Technical Depth,4.9,8.4,0.781,2022-08-24,No Flag,Below Range,Flagged for retention risk.
CAL-8325,EMP-6325,Linda Anderson,Customer Experience,Individual Contributor,Customer Experience,Frisco TX,EMP-5002,Q1 2026 Mid-Year,2026,4 - Exceeds Expectations,4,3 - Meets Expectations,Improved,Solid Performer,Balanced Contributor,High,5.24,Ready 1-2 Years,Finalized,2 - Partially Meets,No,Upward,5.3,5.5,No,No,Innovation,Mentoring,Communication Clarity,10.1,7.6,0.81,2018-07-02,Veteran,Within Range,Consistent performer over 3 cycles.
CAL-8326,EMP-6326,David Martin,Data Science,Individual Contributor,Data Science,San Francisco CA,EMP-5014,Q3 2025 Annual,2025,3 - Meets Expectations,3,3 - Meets Expectations,Stable,Watch List,Balanced Contributor,Low,4.13,Ready 1-2 Years,Finalized,2 - Partially Meets,No,Downward,2.28,5.11,No,No,Communication,Project Delivery,Cross-Functional Collaboration,14.3,5.0,1.031,2018-05-07,URM,Below Range,Calibration adjusted after group review.
CAL-8327,EMP-6327,Betty Brown,Finance,Individual Contributor,Finance,San Francisco CA,EMP-5008,Q1 2026 Mid-Year,2026,1 - Does Not Meet,1,3 - Meets Expectations,Declined,Solid Performer,Balanced Contributor,Medium,1.89,Not Applicable,Pending Manager Review,2 - Partially Meets,No,Downward,0.0,0.0,No,No,Leadership,Team Building,Executive Presence,7.9,8.3,1.129,2023-03-30,Person with Disability,Above Range,Consistent performer over 3 cycles.
CAL-8328,EMP-6328,Daniel Brown,Sales,SVP,Sales,San Francisco CA,EMP-5033,Q3 2026 Annual,2026,3 - Meets Expectations,3,3 - Meets Expectations,Stable,Needs Coaching,Balanced Contributor,Medium,1.37,Ready 3-5 Years,Finalized,3 - Meets Expectations,No,No Change,3.34,2.95,No,No,Adaptability,Mentoring,Strategic Vision,6.6,6.7,0.825,2021-04-11,No Flag,Below Range,
CAL-8329,EMP-6329,Elizabeth Wilson,People & HR,Manager,People & HR,Austin TX,EMP-5042,Q1 2026 Mid-Year,2026,1 - Does Not Meet,1,4 - Exceeds Expectations,Declined,Solid Performer,Balanced Contributor,Low,4.96,Not Applicable,Pending Manager Review,2 - Partially Meets,No,No Change,0.0,0.0,No,Yes,Innovation,Stakeholder Mgmt,Executive Presence,15.0,6.8,0.844,2020-09-30,Person with Disability,Above Range,Strong calibration supported by peers.
CAL-8330,EMP-6330,Nancy Garcia,Customer Experience,Manager,Customer Experience,Atlanta GA,EMP-5037,Q1 2026 Mid-Year,2026,2 - Partially Meets,2,4 - Exceeds Expectations,Declined,High Potential,Balanced Contributor,Low,2.08,Ready Now,Finalized,3 - Meets Expectations,Yes,Upward,1.88,1.51,No,No,Analytical Rigor,Problem Solving,Communication Clarity,10.0,8.7,0.957,2025-11-08,No Flag,Within Range,Consistent performer over 3 cycles.
CAL-8331,EMP-6331,William Moore,Finance,Senior Manager,Finance,Austin TX,EMP-5047,Q3 2026 Annual,2026,3 - Meets Expectations,3,4 - Exceeds Expectations,Declined,Growth Potential,Balanced Contributor,Medium,9.91,Ready Now,Pending Manager Review,3 - Meets Expectations,No,Upward,2.08,1.89,No,No,Communication,Mentoring,Cross-Functional Collaboration,19.4,2.0,0.775,2024-12-17,No Flag,Above Range,PIP recommended post calibration.
CAL-8332,EMP-6332,Nancy Davis,Engineering,Individual Contributor,Engineering,Boston MA,EMP-5014,Q3 2025 Annual,2025,3 - Meets Expectations,3,4 - Exceeds Expectations,Declined,Watch List,Balanced Contributor,Medium,9.84,Ready 3-5 Years,Finalized,3 - Meets Expectations,No,Downward,2.62,4.68,No,No,Innovation,Project Delivery,Technical Depth,12.8,3.5,0.967,2018-06-20,Gender Minority,Above Range,Consistent performer over 3 cycles.
CAL-8333,EMP-6333,Joseph Davis,Product,Individual Contributor,Product,New York NY,EMP-5048,Q3 2025 Annual,2025,4 - Exceeds Expectations,4,3 - Meets Expectations,Improved,Solid Performer,Balanced Contributor,Low,4.88,Ready 3-5 Years,Pending Manager Review,3 - Meets Expectations,No,No Change,4.64,5.87,Yes,No,Communication,Results Orientation,Strategic Vision,18.0,5.1,0.785,2021-05-03,URM,Below Range,
CAL-8334,EMP-6334,Susan Williams,Legal & Compliance,Individual Contributor,Legal & Compliance,San Francisco CA,EMP-5002,Q1 2026 Mid-Year,2026,3 - Meets Expectations,3,2 - Partially Meets,Improved,Solid Performer,Backbone,Medium,7.08,Ready Now,Pending Manager Review,4 - Exceeds Expectations,No,No Change,2.65,6.56,No,No,Collaboration,Process Improvement,Prioritization,10.4,8.0,0.832,2023-01-02,URM,Within Range,High potential validated by skip-level.
CAL-8335,EMP-6335,Charles Martin,Finance,Senior Manager,Finance,San Francisco CA,EMP-5026,Q3 2026 Annual,2026,1 - Does Not Meet,1,3 - Meets Expectations,Declined,Solid Performer,Balanced Contributor,Medium,4.91,Ready 3-5 Years,Calibration Complete,2 - Partially Meets,No,No Change,0.0,0.0,No,No,Adaptability,Project Delivery,Delegation,7.9,8.5,1.283,2022-10-08,URM,Below Range,PIP recommended post calibration.
CAL-8336,EMP-6336,Sarah Gonzalez,Legal & Compliance,Director,Legal & Compliance,Atlanta GA,EMP-5016,Q1 2026 Mid-Year,2026,2 - Partially Meets,2,3 - Meets Expectations,Declined,Needs Coaching,Needs Development,Medium,1.15,Ready Now,Finalized,2 - Partially Meets,No,Downward,1.12,2.02,No,No,Technical Excellence,Process Improvement,Communication Clarity,4.1,6.4,1.314,2023-11-23,No Flag,Within Range,High potential validated by skip-level.
CAL-8337,EMP-6337,Barbara Johnson,Sales,VP,Sales,Frisco TX,EMP-5006,Q3 2026 Annual,2026,4 - Exceeds Expectations,4,5 - Exceptional,Declined,Solid Performer,Balanced Contributor,High,4.15,Ready Now,Pending Manager Review,3 - Meets Expectations,No,No Change,5.12,4.94,Yes,No,Customer Focus,Mentoring,Prioritization,11.1,7.8,0.972,2022-03-05,Gender Minority,Within Range,New to role - calibration advisory only.
CAL-8338,EMP-6338,Susan Martinez,Customer Experience,Individual Contributor,Customer Experience,Frisco TX,EMP-5000,Q3 2026 Annual,2026,1 - Does Not Meet,1,2 - Partially Meets,Declined,Solid Performer,Balanced Contributor,Medium,9.94,Ready Now,Calibration Complete,4 - Exceeds Expectations,Yes,No Change,0.0,0.0,No,No,Strategic Thinking,Stakeholder Mgmt,Delegation,19.3,2.7,1.137,2018-01-28,Veteran,Within Range,High potential validated by skip-level.
CAL-8339,EMP-6339,Linda Rodriguez,Data Science,Individual Contributor,Data Science,Frisco TX,EMP-5028,Q1 2026 Mid-Year,2026,3 - Meets Expectations,3,4 - Exceeds Expectations,Declined,Solid Performer,Backbone,Low,7.99,Ready 1-2 Years,Pending Manager Review,1 - Does Not Meet,No,Upward,3.0,4.53,No,No,Innovation,Mentoring,Communication Clarity,15.1,1.7,0.884,2025-07-15,URM,Within Range,
CAL-8340,EMP-6340,Ashley Garcia,Product,Senior Manager,Product,Seattle WA,EMP-5003,Q3 2025 Annual,2025,3 - Meets Expectations,3,3 - Meets Expectations,Stable,Solid Performer,Backbone,Low,2.46,Ready 1-2 Years,Finalized,2 - Partially Meets,No,Downward,2.34,5.19,No,No,Technical Excellence,Team Building,Delegation,5.2,3.1,0.798,2020-05-23,Veteran,Above Range,PIP recommended post calibration.
CAL-8341,EMP-6341,Thomas Williams,Sales,Individual Contributor,Sales,Remote,EMP-5007,Q1 2025 Mid-Year,2025,2 - Partially Meets,2,1 - Does Not Meet,Improved,Solid Performer,Balanced Contributor,Low,6.03,Ready Now,Finalized,3 - Meets Expectations,No,Downward,0.5,0.77,No,No,Customer Focus,Results Orientation,Strategic Vision,14.3,4.6,1.062,2018-07-15,Person with Disability,Below Range,Calibration adjusted after group review.
CAL-8342,EMP-6342,Daniel Miller,Data Science,Senior Manager,Data Science,San Francisco CA,EMP-5035,Q1 2026 Mid-Year,2026,3 - Meets Expectations,3,4 - Exceeds Expectations,Declined,High Potential,Emerging Talent,High,2.57,Not Applicable,Calibration Complete,3 - Meets Expectations,No,No Change,3.23,3.47,No,No,Communication,Project Delivery,Technical Depth,8.2,8.9,1.037,2023-04-28,No Flag,Within Range,Strong calibration supported by peers.
CAL-8343,EMP-6343,Charles Lopez,Customer Experience,Team Lead,Customer Experience,Austin TX,EMP-5030,Q1 2025 Mid-Year,2025,2 - Partially Meets,2,3 - Meets Expectations,Declined,Growth Potential,Inconsistent Player,Low,1.05,Ready 3-5 Years,Calibration Complete,3 - Meets Expectations,No,No Change,0.98,2.02,No,No,Strategic Thinking,Mentoring,People Management,12.5,5.1,0.902,2024-10-11,Veteran,Above Range,Flagged for retention risk.
CAL-8344,EMP-6344,Mark Garcia,Finance,Individual Contributor,Finance,Chicago IL,EMP-5033,Q1 2025 Mid-Year,2025,2 - Partially Meets,2,2 - Partially Meets,Stable,Solid Performer,Balanced Contributor,Low,3.76,Not Applicable,Finalized,3 - Meets Expectations,No,Upward,0.41,0.35,No,No,Technical Excellence,Data-Driven,People Management,9.8,2.9,1.125,2018-03-14,URM,Within Range,Strong calibration supported by peers.
CAL-8345,EMP-6345,John Martin,Operations,Manager,Operations,Seattle WA,EMP-5033,Q1 2025 Mid-Year,2025,2 - Partially Meets,2,1 - Does Not Meet,Improved,Solid Performer,Balanced Contributor,High,8.93,Ready 3-5 Years,Finalized,3 - Meets Expectations,No,No Change,0.7,1.36,No,No,Collaboration,Project Delivery,Communication Clarity,16.9,4.3,1.164,2022-11-07,Veteran,Below Range,Consistent performer over 3 cycles.
CAL-8346,EMP-6346,Jennifer Johnson,People & HR,Individual Contributor,People & HR,Boston MA,EMP-5040,Q1 2026 Mid-Year,2026,3 - Meets Expectations,3,3 - Meets Expectations,Stable,High Potential,Emerging Talent,High,7.66,Ready 1-2 Years,Finalized,4 - Exceeds Expectations,No,No Change,2.57,3.78,No,No,Strategic Thinking,Stakeholder Mgmt,Prioritization,13.2,2.7,1.028,2022-07-02,URM,Below Range,
CAL-8347,EMP-6347,Thomas Taylor,People & HR,Team Lead,People & HR,Remote,EMP-5018,Q1 2026 Mid-Year,2026,3 - Meets Expectations,3,3 - Meets Expectations,Stable,Solid Performer,Backbone,Medium,7.24,Ready Now,Finalized,5 - Exceptional,Yes,Upward,3.42,3.79,No,No,Communication,Problem Solving,Technical Depth,12.5,8.5,0.825,2018-12-25,Veteran,Below Range,High potential validated by skip-level.
CAL-8348,EMP-6348,Richard Wilson,People & HR,Team Lead,People & HR,Chicago IL,EMP-5006,Q1 2025 Mid-Year,2025,3 - Meets Expectations,3,2 - Partially Meets,Improved,Watch List,Balanced Contributor,Medium,6.81,Not Applicable,Finalized,3 - Meets Expectations,No,No Change,2.92,4.01,No,No,Technical Excellence,Stakeholder Mgmt,Prioritization,19.8,5.0,0.869,2022-02-04,Gender Minority,Below Range,Calibration adjusted after group review.
CAL-8349,EMP-6349,Karen Martinez,Product,Senior Manager,Product,Remote,EMP-5002,Q1 2026 Mid-Year,2026,3 - Meets Expectations,3,3 - Meets Expectations,Stable,Needs Coaching,Balanced Contributor,Low,7.37,Ready 1-2 Years,Pending Manager Review,3 - Meets Expectations,Yes,No Change,3.08,6.27,No,No,Execution,Mentoring,People Management,19.0,5.8,1.298,2022-04-21,URM,Above Range,High potential validated by skip-level.
CAL-8350,EMP-6350,Daniel Anderson,Finance,Individual Contributor,Finance,Frisco TX,EMP-5029,Q3 2025 Annual,2025,3 - Meets Expectations,3,4 - Exceeds Expectations,Declined,High Potential,Emerging Talent,Low,7.22,Ready 3-5 Years,Finalized,5 - Exceptional,Yes,Downward,3.34,5.27,No,No,Communication,Problem Solving,Technical Depth,6.7,1.9,1.015,2022-06-27,Person with Disability,Within Range,Consistent performer over 3 cycles.
CAL-8351,EMP-6351,Karen Gonzalez,Data Science,Individual Contributor,Data Science,Denver CO,EMP-5049,Q3 2026 Annual,2026,3 - Meets Expectations,3,3 - Meets Expectations,Stable,High Potential,Emerging Talent,High,6.88,Ready 3-5 Years,Finalized,2 - Partially Meets,No,Upward,2.84,3.13,No,No,Customer Focus,Process Improvement,Strategic Vision,17.3,4.2,1.151,2019-02-21,No Flag,Within Range,Strong calibration supported by peers.
CAL-8352,EMP-6352,Betty Garcia,Data Science,Manager,Data Science,New York NY,EMP-5004,Q1 2025 Mid-Year,2025,2 - Partially Meets,2,5 - Exceptional,Declined,Watch List,Balanced Contributor,Low,7.93,Not Applicable,Pending Manager Review,4 - Exceeds Expectations,No,No Change,1.1,1.94,No,No,Communication,Mentoring,Delegation,9.0,0.5,1.032,2024-03-09,Gender Minority,Below Range,Flagged for retention risk.
CAL-8353,EMP-6353,Michael Brown,Sales,Individual Contributor,Sales,Remote,EMP-5042,Q3 2026 Annual,2026,4 - Exceeds Expectations,4,4 - Exceeds Expectations,Stable,Needs Coaching,Balanced Contributor,Low,1.21,Ready 3-5 Years,Pending Manager Review,2 - Partially Meets,No,Downward,5.47,9.47,No,No,Leadership,Team Building,Technical Depth,3.8,3.5,0.985,2024-08-19,URM,Above Range,Calibration adjusted after group review.
CAL-8354,EMP-6354,John Johnson,Marketing,Individual Contributor,Marketing,Chicago IL,EMP-5011,Q1 2026 Mid-Year,2026,5 - Exceptional,5,2 - Partially Meets,Improved,Needs Coaching,Balanced Contributor,Low,9.78,Ready 3-5 Years,Finalized,2 - Partially Meets,No,No Change,7.11,10.91,Yes,No,Leadership,Process Improvement,Strategic Vision,14.9,0.7,0.977,2021-08-27,URM,Below Range,PIP recommended post calibration.
CAL-8355,EMP-6355,Charles Rodriguez,Marketing,Senior Manager,Marketing,New York NY,EMP-5043,Q3 2026 Annual,2026,2 - Partially Meets,2,4 - Exceeds Expectations,Declined,Growth Potential,Inconsistent Player,Low,1.23,Ready 1-2 Years,Pending Manager Review,3 - Meets Expectations,Yes,No Change,0.99,1.74,No,No,Collaboration,Mentoring,Cross-Functional Collaboration,3.9,6.8,1.21,2022-08-08,Person with Disability,Within Range,PIP recommended post calibration.
CAL-8356,EMP-6356,Richard Jones,Legal & Compliance,Individual Contributor,Legal & Compliance,New York NY,EMP-5049,Q3 2026 Annual,2026,3 - Meets Expectations,3,3 - Meets Expectations,Stable,Growth Potential,Balanced Contributor,Low,1.81,Ready 1-2 Years,Pending Manager Review,5 - Exceptional,No,No Change,2.79,6.86,No,No,Adaptability,Mentoring,Technical Depth,16.8,3.0,1.161,2019-05-10,Veteran,Above Range,Calibration adjusted after group review.
CAL-8357,EMP-6357,Charles Jones,Engineering,Individual Contributor,Engineering,Austin TX,EMP-5004,Q3 2026 Annual,2026,3 - Meets Expectations,3,3 - Meets Expectations,Stable,Growth Potential,Balanced Contributor,High,8.96,Ready 1-2 Years,Pending Manager Review,3 - Meets Expectations,Yes,No Change,2.13,2.68,No,No,Customer Focus,Data-Driven,Executive Presence,2.2,6.8,0.948,2025-11-19,URM,Below Range,Flagged for retention risk.
CAL-8358,EMP-6358,Mark Martin,Customer Experience,Manager,Customer Experience,Seattle WA,EMP-5050,Q3 2026 Annual,2026,3 - Meets Expectations,3,4 - Exceeds Expectations,Declined,Watch List,Balanced Contributor,Low,3.02,Not Applicable,Pending Manager Review,2 - Partially Meets,No,No Change,2.42,5.1,No,No,Innovation,Mentoring,Communication Clarity,11.8,4.0,0.974,2025-01-22,URM,Above Range,New to role - calibration advisory only.
CAL-8359,EMP-6359,Anthony Hernandez,Marketing,Manager,Marketing,Denver CO,EMP-5048,Q1 2025 Mid-Year,2025,4 - Exceeds Expectations,4,4 - Exceeds Expectations,Stable,Needs Coaching,Balanced Contributor,Low,9.56,Ready Now,Finalized,2 - Partially Meets,No,No Change,4.89,10.68,Yes,No,Innovation,Process Improvement,Delegation,17.0,8.2,1.14,2021-08-20,No Flag,Within Range,PIP recommended post calibration.
CAL-8360,EMP-6360,Karen Johnson,Operations,VP,Operations,Atlanta GA,EMP-5032,Q3 2025 Annual,2025,3 - Meets Expectations,3,4 - Exceeds Expectations,Declined,High Potential,Emerging Talent,Medium,6.44,Ready Now,Finalized,4 - Exceeds Expectations,No,Upward,3.4,7.69,No,No,Communication,Stakeholder Mgmt,Strategic Vision,16.1,9.9,0.858,2025-02-20,URM,Below Range,PIP recommended post calibration.
CAL-8361,EMP-6361,Margaret Jones,Finance,Individual Contributor,Finance,Chicago IL,EMP-5026,Q3 2025 Annual,2025,3 - Meets Expectations,3,2 - Partially Meets,Improved,Growth Potential,Balanced Contributor,Medium,6.52,Not Applicable,Finalized,3 - Meets Expectations,No,Upward,2.75,4.51,No,No,Strategic Thinking,Data-Driven,Prioritization,9.8,9.3,1.245,2023-09-07,Veteran,Below Range,New to role - calibration advisory only.
CAL-8362,EMP-6362,Barbara Thomas,Marketing,Senior Manager,Marketing,San Francisco CA,EMP-5045,Q3 2026 Annual,2026,1 - Does Not Meet,1,4 - Exceeds Expectations,Declined,High Potential,Balanced Contributor,High,1.92,Ready 3-5 Years,Finalized,5 - Exceptional,Yes,Upward,0.0,0.0,No,Yes,Execution,Stakeholder Mgmt,Communication Clarity,2.3,5.0,1.24,2024-11-27,Person with Disability,Below Range,Flagged for retention risk.
CAL-8363,EMP-6363,Patricia Moore,People & HR,Senior Manager,People & HR,Boston MA,EMP-5045,Q3 2025 Annual,2025,3 - Meets Expectations,3,3 - Meets Expectations,Stable,Growth Potential,Balanced Contributor,Medium,5.49,Ready 3-5 Years,Pending Manager Review,2 - Partially Meets,No,No Change,2.38,4.82,No,No,Leadership,Project Delivery,Prioritization,18.8,1.1,1.283,2024-09-24,Gender Minority,Within Range,Strong calibration supported by peers.
CAL-8364,EMP-6364,Richard Wilson,Customer Experience,Team Lead,Customer Experience,Austin TX,EMP-5017,Q1 2026 Mid-Year,2026,2 - Partially Meets,2,4 - Exceeds Expectations,Declined,Solid Performer,Balanced Contributor,High,4.44,Ready Now,Finalized,3 - Meets Expectations,No,No Change,0.97,2.1,No,No,Adaptability,Project Delivery,Executive Presence,10.7,7.7,0.781,2022-05-19,URM,Below Range,PIP recommended post calibration.
CAL-8365,EMP-6365,Ashley Jackson,Legal & Compliance,Individual Contributor,Legal & Compliance,Frisco TX,EMP-5027,Q1 2026 Mid-Year,2026,3 - Meets Expectations,3,2 - Partially Meets,Improved,High Potential,Emerging Talent,High,4.75,Ready 1-2 Years,Finalized,3 - Meets Expectations,No,No Change,2.56,4.15,No,No,Strategic Thinking,Data-Driven,Cross-Functional Collaboration,1.1,9.1,0.954,2025-03-19,Veteran,Within Range,PIP recommended post calibration.
CAL-8366,EMP-6366,Karen Miller,People & HR,Team Lead,People & HR,New York NY,EMP-5024,Q1 2025 Mid-Year,2025,5 - Exceptional,5,5 - Exceptional,Stable,Solid Performer,Balanced Contributor,Low,2.75,Ready Now,Finalized,2 - Partially Meets,No,No Change,5.32,6.62,No,No,Strategic Thinking,Mentoring,Strategic Vision,14.9,5.0,0.966,2023-09-11,Veteran,Above Range,Calibration adjusted after group review.
CAL-8367,EMP-6367,Anthony Smith,Data Science,Team Lead,Data Science,Boston MA,EMP-5040,Q3 2026 Annual,2026,3 - Meets Expectations,3,3 - Meets Expectations,Stable,Solid Performer,Backbone,High,5.41,Ready Now,Pending Manager Review,3 - Meets Expectations,No,No Change,2.34,5.21,No,No,Collaboration,Results Orientation,Cross-Functional Collaboration,6.3,5.6,1.157,2018-03-21,Person with Disability,Above Range,New to role - calibration advisory only.
CAL-8368,EMP-6368,John Garcia,Legal & Compliance,Manager,Legal & Compliance,Atlanta GA,EMP-5041,Q1 2025 Mid-Year,2025,3 - Meets Expectations,3,5 - Exceptional,Declined,Growth Potential,Balanced Contributor,High,8.48,Ready 1-2 Years,Calibration Complete,2 - Partially Meets,No,Upward,2.95,2.83,No,No,Strategic Thinking,Data-Driven,Delegation,5.8,4.3,1.2,2019-11-10,URM,Above Range,High potential validated by skip-level.
CAL-8369,EMP-6369,Betty Davis,Finance,Director,Finance,Chicago IL,EMP-5037,Q1 2025 Mid-Year,2025,4 - Exceeds Expectations,4,2 - Partially Meets,Improved,Watch List,Balanced Contributor,Medium,9.41,Ready Now,Pending Manager Review,3 - Meets Expectations,Yes,No Change,5.33,7.11,No,No,Innovation,Process Improvement,Strategic Vision,19.3,9.8,0.888,2018-06-09,Person with Disability,Above Range,PIP recommended post calibration.
CAL-8370,EMP-6370,Sandra Martinez,Customer Experience,Individual Contributor,Customer Experience,Denver CO,EMP-5020,Q1 2026 Mid-Year,2026,4 - Exceeds Expectations,4,3 - Meets Expectations,Improved,Needs Coaching,Balanced Contributor,High,3.38,Ready Now,Finalized,3 - Meets Expectations,No,No Change,3.57,6.13,No,No,Collaboration,Mentoring,Delegation,12.4,6.6,0.754,2019-02-20,Veteran,Within Range,New to role - calibration advisory only.
CAL-8371,EMP-6371,Betty Johnson,People & HR,Senior Manager,People & HR,Chicago IL,EMP-5034,Q1 2025 Mid-Year,2025,3 - Meets Expectations,3,3 - Meets Expectations,Stable,Growth Potential,Balanced Contributor,High,1.41,Ready 3-5 Years,Calibration Complete,3 - Meets Expectations,No,No Change,2.72,5.35,No,No,Technical Excellence,Data-Driven,Delegation,9.0,5.2,0.983,2019-02-05,URM,Within Range,Strong calibration supported by peers.
CAL-8372,EMP-6372,Matthew Moore,Customer Experience,Team Lead,Customer Experience,Seattle WA,EMP-5047,Q3 2026 Annual,2026,3 - Meets Expectations,3,3 - Meets Expectations,Stable,Solid Performer,Backbone,Low,7.31,Ready Now,Finalized,3 - Meets Expectations,No,No Change,3.28,7.54,No,No,Technical Excellence,Project Delivery,Executive Presence,13.3,5.4,0.819,2025-01-27,Veteran,Within Range,High potential validated by skip-level.
CAL-8373,EMP-6373,Christopher Gonzalez,People & HR,Individual Contributor,People & HR,Chicago IL,EMP-5015,Q1 2025 Mid-Year,2025,2 - Partially Meets,2,3 - Meets Expectations,Declined,Growth Potential,Inconsistent Player,Low,5.12,Ready Now,Finalized,3 - Meets Expectations,No,Upward,0.9,1.94,No,No,Execution,Team Building,Prioritization,16.3,9.6,0.919,2020-07-27,No Flag,Above Range,Strong calibration supported by peers.
CAL-8374,EMP-6374,Sandra Hernandez,Operations,Individual Contributor,Operations,Denver CO,EMP-5037,Q3 2025 Annual,2025,5 - Exceptional,5,3 - Meets Expectations,Improved,Growth Potential,High Performer,Medium,2.05,Ready Now,Pending Manager Review,3 - Meets Expectations,Yes,No Change,5.22,12.31,No,No,Innovation,Team Building,People Management,16.3,5.5,1.058,2018-07-04,Veteran,Within Range,
CAL-8375,EMP-6375,John Brown,Finance,Manager,Finance,Austin TX,EMP-5048,Q1 2026 Mid-Year,2026,3 - Meets Expectations,3,2 - Partially Meets,Improved,Growth Potential,Balanced Contributor,Low,9.8,Ready 3-5 Years,Finalized,3 - Meets Expectations,Yes,No Change,2.15,4.88,No,No,Leadership,Problem Solving,Delegation,4.5,7.1,1.279,2025-11-03,No Flag,Within Range,Calibration adjusted after group review.
CAL-8376,EMP-6376,Margaret Brown,Data Science,Individual Contributor,Data Science,Denver CO,EMP-5019,Q1 2026 Mid-Year,2026,3 - Meets Expectations,3,2 - Partially Meets,Improved,Solid Performer,Backbone,Low,3.42,Ready Now,Finalized,3 - Meets Expectations,No,No Change,3.04,4.76,No,No,Adaptability,Problem Solving,People Management,5.1,4.8,1.338,2018-12-04,Gender Minority,Within Range,New to role - calibration advisory only.
CAL-8377,EMP-6377,Margaret Hernandez,Product,Team Lead,Product,Boston MA,EMP-5019,Q3 2025 Annual,2025,2 - Partially Meets,2,2 - Partially Meets,Stable,Solid Performer,Balanced Contributor,Low,7.89,Ready Now,Calibration Complete,2 - Partially Meets,Yes,No Change,1.16,1.61,No,No,Analytical Rigor,Data-Driven,Technical Depth,15.1,7.2,1.325,2019-11-24,Person with Disability,Within Range,High potential validated by skip-level.
CAL-8378,EMP-6378,William Moore,People & HR,Senior Manager,People & HR,Frisco TX,EMP-5023,Q3 2025 Annual,2025,3 - Meets Expectations,3,4 - Exceeds Expectations,Declined,Needs Coaching,Balanced Contributor,Low,3.96,Not Applicable,Finalized,2 - Partially Meets,Yes,No Change,3.07,5.52,No,No,Technical Excellence,Data-Driven,Cross-Functional Collaboration,2.1,3.4,1.184,2024-06-08,Person with Disability,Within Range,Strong calibration supported by peers.
CAL-8379,EMP-6379,Maria Jackson,Data Science,Director,Data Science,San Francisco CA,EMP-5045,Q1 2026 Mid-Year,2026,1 - Does Not Meet,1,3 - Meets Expectations,Declined,Solid Performer,Balanced Contributor,Low,9.34,Ready 1-2 Years,Finalized,5 - Exceptional,No,No Change,0.0,0.0,No,Yes,Analytical Rigor,Stakeholder Mgmt,Communication Clarity,18.6,7.1,1.108,2020-10-12,No Flag,Above Range,PIP recommended post calibration.
CAL-8380,EMP-6380,John Thomas,Data Science,Manager,Data Science,Frisco TX,EMP-5003,Q1 2025 Mid-Year,2025,3 - Meets Expectations,3,2 - Partially Meets,Improved,Solid Performer,Backbone,High,6.21,Ready 3-5 Years,Pending Manager Review,4 - Exceeds Expectations,No,No Change,2.5,3.75,No,No,Technical Excellence,Stakeholder Mgmt,Prioritization,6.4,1.5,0.819,2018-07-08,Gender Minority,Above Range,PIP recommended post calibration.
CAL-8381,EMP-6381,Ashley Martinez,People & HR,Manager,People & HR,Boston MA,EMP-5032,Q3 2026 Annual,2026,4 - Exceeds Expectations,4,1 - Does Not Meet,Improved,Growth Potential,Core Contributor,Low,8.93,Not Applicable,Pending Manager Review,1 - Does Not Meet,No,No Change,5.14,9.4,Yes,No,Collaboration,Problem Solving,People Management,0.7,2.1,0.81,2021-11-07,Veteran,Above Range,Consistent performer over 3 cycles.
CAL-8382,EMP-6382,Barbara Thomas,People & HR,Team Lead,People & HR,Chicago IL,EMP-5025,Q3 2025 Annual,2025,3 - Meets Expectations,3,4 - Exceeds Expectations,Declined,Growth Potential,Balanced Contributor,Low,1.22,Ready Now,Finalized,4 - Exceeds Expectations,No,No Change,3.31,7.49,No,No,Analytical Rigor,Data-Driven,Strategic Vision,3.4,9.2,1.035,2023-01-08,Veteran,Within Range,Consistent performer over 3 cycles.
CAL-8383,EMP-6383,Elizabeth Gonzalez,Data Science,Individual Contributor,Data Science,San Francisco CA,EMP-5013,Q3 2026 Annual,2026,2 - Partially Meets,2,4 - Exceeds Expectations,Declined,Growth Potential,Inconsistent Player,Low,3.19,Ready 3-5 Years,Pending Manager Review,3 - Meets Expectations,No,No Change,0.6,0.52,No,No,Customer Focus,Project Delivery,Technical Depth,9.9,4.8,1.114,2020-03-21,Person with Disability,Within Range,High potential validated by skip-level.
CAL-8384,EMP-6384,Joseph Anderson,Engineering,Individual Contributor,Engineering,Boston MA,EMP-5035,Q3 2025 Annual,2025,3 - Meets Expectations,3,3 - Meets Expectations,Stable,Solid Performer,Backbone,High,9.41,Ready 1-2 Years,Finalized,5 - Exceptional,No,No Change,3.46,3.23,No,No,Communication,Process Improvement,Cross-Functional Collaboration,7.2,3.7,1.185,2021-12-20,Veteran,Within Range,Calibration adjusted after group review.
CAL-8385,EMP-6385,Maria Gonzalez,Product,Director,Product,Austin TX,EMP-5040,Q3 2025 Annual,2025,2 - Partially Meets,2,4 - Exceeds Expectations,Declined,Needs Coaching,Needs Development,Medium,2.51,Ready 1-2 Years,Calibration Complete,2 - Partially Meets,Yes,No Change,0.45,0.4,No,No,Strategic Thinking,Project Delivery,Technical Depth,15.1,3.0,1.165,2018-10-19,No Flag,Above Range,Strong calibration supported by peers.
CAL-8386,EMP-6386,Thomas Jones,People & HR,Individual Contributor,People & HR,Atlanta GA,EMP-5038,Q1 2026 Mid-Year,2026,3 - Meets Expectations,3,4 - Exceeds Expectations,Declined,Solid Performer,Backbone,Low,6.01,Not Applicable,Finalized,3 - Meets Expectations,No,No Change,2.5,4.0,No,No,Collaboration,Stakeholder Mgmt,Delegation,10.8,4.4,1.264,2023-10-22,URM,Above Range,High potential validated by skip-level.
CAL-8387,EMP-6387,Elizabeth Davis,Marketing,Manager,Marketing,Austin TX,EMP-5041,Q1 2026 Mid-Year,2026,1 - Does Not Meet,1,4 - Exceeds Expectations,Declined,Growth Potential,Balanced Contributor,Medium,7.21,Ready Now,Calibration Complete,4 - Exceeds Expectations,No,No Change,0.0,0.0,No,Yes,Leadership,Project Delivery,Technical Depth,14.9,1.2,1.099,2022-08-03,Gender Minority,Below Range,
CAL-8388,EMP-6388,Maria Brown,Legal & Compliance,Manager,Legal & Compliance,Frisco TX,EMP-5043,Q1 2025 Mid-Year,2025,3 - Meets Expectations,3,2 - Partially Meets,Improved,Growth Potential,Balanced Contributor,High,6.01,Ready Now,Calibration Complete,2 - Partially Meets,No,No Change,2.25,3.71,No,No,Technical Excellence,Results Orientation,Executive Presence,19.8,6.8,1.32,2020-05-08,URM,Below Range,New to role - calibration advisory only.
CAL-8389,EMP-6389,Margaret Hernandez,People & HR,Senior Manager,People & HR,New York NY,EMP-5021,Q1 2025 Mid-Year,2025,5 - Exceptional,5,3 - Meets Expectations,Improved,Solid Performer,Balanced Contributor,High,3.94,Ready 1-2 Years,Calibration Complete,3 - Meets Expectations,No,Upward,5.17,12.56,Yes,No,Innovation,Project Delivery,Executive Presence,16.0,1.4,1.08,2019-08-05,Gender Minority,Above Range,Calibration adjusted after group review.
CAL-8390,EMP-6390,Margaret Jackson,Operations,VP,Operations,New York NY,EMP-5017,Q1 2025 Mid-Year,2025,3 - Meets Expectations,3,2 - Partially Meets,Improved,High Potential,Emerging Talent,High,7.05,Ready 1-2 Years,Finalized,3 - Meets Expectations,No,No Change,2.73,5.09,No,No,Strategic Thinking,Data-Driven,Cross-Functional Collaboration,6.0,9.2,1.146,2021-12-17,Veteran,Below Range,Strong calibration supported by peers.
CAL-8391,EMP-6391,Maria Hernandez,Sales,Team Lead,Sales,Frisco TX,EMP-5025,Q3 2026 Annual,2026,3 - Meets Expectations,3,3 - Meets Expectations,Stable,Solid Performer,Backbone,Medium,2.21,Ready Now,Calibration Complete,3 - Meets Expectations,Yes,Downward,2.39,3.81,No,No,Adaptability,Process Improvement,Communication Clarity,14.1,9.0,1.012,2025-06-17,Veteran,Above Range,Consistent performer over 3 cycles.
CAL-8392,EMP-6392,Linda Anderson,Customer Experience,Manager,Customer Experience,Frisco TX,EMP-5030,Q3 2026 Annual,2026,3 - Meets Expectations,3,3 - Meets Expectations,Stable,Solid Performer,Backbone,Medium,2.59,Ready Now,Finalized,2 - Partially Meets,No,No Change,3.11,3.4,No,No,Leadership,Stakeholder Mgmt,Delegation,13.9,2.7,1.313,2022-07-23,URM,Above Range,Consistent performer over 3 cycles.
CAL-8393,EMP-6393,Betty Martin,Marketing,Individual Contributor,Marketing,Boston MA,EMP-5025,Q3 2025 Annual,2025,3 - Meets Expectations,3,4 - Exceeds Expectations,Declined,Solid Performer,Backbone,Low,2.38,Ready 3-5 Years,Pending Manager Review,2 - Partially Meets,No,No Change,2.98,5.94,No,No,Customer Focus,Mentoring,Executive Presence,14.2,6.1,0.911,2025-09-26,Person with Disability,Above Range,Strong calibration supported by peers.
CAL-8394,EMP-6394,Margaret Jones,Legal & Compliance,VP,Legal & Compliance,New York NY,EMP-5039,Q3 2026 Annual,2026,3 - Meets Expectations,3,3 - Meets Expectations,Stable,Needs Coaching,Balanced Contributor,Medium,6.36,Ready 3-5 Years,Pending Manager Review,2 - Partially Meets,Yes,No Change,2.73,6.02,No,No,Strategic Thinking,Data-Driven,Delegation,2.3,6.4,0.875,2018-04-01,No Flag,Above Range,High potential validated by skip-level.
CAL-8395,EMP-6395,Linda Wilson,Engineering,Individual Contributor,Engineering,Frisco TX,EMP-5004,Q1 2025 Mid-Year,2025,1 - Does Not Meet,1,5 - Exceptional,Declined,Needs Coaching,Underperformer,Medium,8.24,Ready 1-2 Years,Pending Manager Review,3 - Meets Expectations,No,No Change,0.0,0.0,No,No,Innovation,Team Building,Cross-Functional Collaboration,16.5,0.6,0.885,2022-04-26,Person with Disability,Below Range,Strong calibration supported by peers.
CAL-8396,EMP-6396,Maria Jackson,Customer Experience,Individual Contributor,Customer Experience,New York NY,EMP-5032,Q3 2026 Annual,2026,3 - Meets Expectations,3,2 - Partially Meets,Improved,Growth Potential,Balanced Contributor,Medium,2.17,Not Applicable,Calibration Complete,4 - Exceeds Expectations,No,Downward,3.32,4.2,No,No,Collaboration,Data-Driven,Prioritization,3.8,2.4,0.992,2021-12-08,No Flag,Within Range,Strong calibration supported by peers.
CAL-8397,EMP-6397,Daniel Wilson,Operations,Director,Operations,New York NY,EMP-5021,Q3 2026 Annual,2026,4 - Exceeds Expectations,4,2 - Partially Meets,Improved,Solid Performer,Balanced Contributor,High,2.45,Not Applicable,Calibration Complete,3 - Meets Expectations,Yes,No Change,5.41,9.89,No,No,Strategic Thinking,Mentoring,Prioritization,20.0,4.1,0.864,2019-12-22,Gender Minority,Below Range,Strong calibration supported by peers.
CAL-8398,EMP-6398,Robert Jones,Finance,Individual Contributor,Finance,Seattle WA,EMP-5009,Q1 2026 Mid-Year,2026,3 - Meets Expectations,3,1 - Does Not Meet,Improved,Solid Performer,Backbone,Medium,2.75,Ready 1-2 Years,Pending Manager Review,2 - Partially Meets,No,No Change,2.4,2.62,No,No,Customer Focus,Project Delivery,Executive Presence,18.8,6.4,1.035,2018-08-02,Gender Minority,Above Range,New to role - calibration advisory only.
CAL-8399,EMP-6399,Anthony Williams,Sales,Manager,Sales,Denver CO,EMP-5029,Q3 2026 Annual,2026,5 - Exceptional,5,3 - Meets Expectations,Improved,Solid Performer,Balanced Contributor,Low,9.76,Not Applicable,Pending Manager Review,2 - Partially Meets,Yes,Downward,5.99,14.18,No,No,Technical Excellence,Results Orientation,Technical Depth,6.3,9.8,0.891,2023-02-11,No Flag,Below Range,PIP recommended post calibration.
CAL-8400,EMP-6400,Matthew Smith,Engineering,Individual Contributor,Engineering,Atlanta GA,EMP-5035,Q1 2025 Mid-Year,2025,3 - Meets Expectations,3,1 - Does Not Meet,Improved,Needs Coaching,Balanced Contributor,High,2.76,Ready 3-5 Years,Finalized,4 - Exceeds Expectations,No,No Change,2.59,5.08,No,No,Collaboration,Problem Solving,Executive Presence,15.0,2.5,1.301,2018-09-18,Veteran,Above Range,PIP recommended post calibration.
CAL-8401,EMP-6401,Patricia Martin,Data Science,Manager,Data Science,Austin TX,EMP-5010,Q3 2026 Annual,2026,5 - Exceptional,5,3 - Meets Expectations,Improved,High Potential,Star,Medium,4.12,Not Applicable,Finalized,1 - Does Not Meet,No,No Change,6.83,5.55,No,No,Innovation,Data-Driven,Prioritization,2.7,4.4,1.208,2019-02-08,No Flag,Below Range,Flagged for retention risk.
CAL-8402,EMP-6402,Michael Gonzalez,Data Science,Individual Contributor,Data Science,Frisco TX,EMP-5010,Q1 2026 Mid-Year,2026,3 - Meets Expectations,3,1 - Does Not Meet,Improved,Watch List,Balanced Contributor,Low,8.3,Ready 3-5 Years,Calibration Complete,2 - Partially Meets,No,No Change,3.49,8.44,No,No,Customer Focus,Stakeholder Mgmt,Cross-Functional Collaboration,16.7,8.0,1.138,2024-05-26,No Flag,Below Range,
CAL-8403,EMP-6403,Barbara Thomas,Operations,VP,Operations,Atlanta GA,EMP-5037,Q3 2026 Annual,2026,4 - Exceeds Expectations,4,3 - Meets Expectations,Improved,High Potential,Future Leader,Low,7.03,Ready 3-5 Years,Pending Manager Review,3 - Meets Expectations,Yes,No Change,4.92,12.05,Yes,No,Execution,Data-Driven,Strategic Vision,7.0,1.7,0.763,2020-09-21,Gender Minority,Below Range,
CAL-8404,EMP-6404,David Lopez,Operations,Team Lead,Operations,Austin TX,EMP-5022,Q3 2025 Annual,2025,3 - Meets Expectations,3,4 - Exceeds Expectations,Declined,Solid Performer,Backbone,Low,3.47,Not Applicable,Finalized,5 - Exceptional,No,No Change,3.42,6.59,No,No,Strategic Thinking,Mentoring,Delegation,12.9,8.8,0.764,2024-02-05,URM,Within Range,Calibration adjusted after group review.
CAL-8405,EMP-6405,Richard Davis,Product,Individual Contributor,Product,Austin TX,EMP-5025,Q3 2025 Annual,2025,1 - Does Not Meet,1,3 - Meets Expectations,Declined,Needs Coaching,Underperformer,High,7.33,Ready Now,Finalized,3 - Meets Expectations,Yes,No Change,0.0,0.0,No,No,Leadership,Results Orientation,Prioritization,4.2,2.8,0.976,2025-12-19,Person with Disability,Below Range,
CAL-8406,EMP-6406,Charles Williams,Product,Individual Contributor,Product,Boston MA,EMP-5006,Q3 2025 Annual,2025,5 - Exceptional,5,4 - Exceeds Expectations,Improved,Solid Performer,Balanced Contributor,Low,5.24,Ready Now,Finalized,4 - Exceeds Expectations,No,No Change,5.55,6.06,Yes,No,Execution,Problem Solving,Delegation,16.1,4.5,1.126,2018-06-09,Gender Minority,Below Range,Flagged for retention risk.
CAL-8407,EMP-6407,Michael Garcia,Legal & Compliance,Individual Contributor,Legal & Compliance,Denver CO,EMP-5029,Q3 2025 Annual,2025,1 - Does Not Meet,1,2 - Partially Meets,Declined,Solid Performer,Balanced Contributor,High,4.27,Ready 3-5 Years,Finalized,5 - Exceptional,No,No Change,0.0,0.0,No,No,Adaptability,Data-Driven,Executive Presence,19.6,2.2,1.207,2018-01-20,Person with Disability,Above Range,Strong calibration supported by peers.
CAL-8408,EMP-6408,Robert Brown,Data Science,Director,Data Science,Boston MA,EMP-5034,Q1 2025 Mid-Year,2025,3 - Meets Expectations,3,4 - Exceeds Expectations,Declined,Solid Performer,Backbone,Medium,8.86,Ready 1-2 Years,Calibration Complete,3 - Meets Expectations,Yes,No Change,2.57,5.73,No,No,Technical Excellence,Stakeholder Mgmt,Delegation,11.4,2.4,0.925,2018-08-06,Gender Minority,Within Range,High potential validated by skip-level.
CAL-8409,EMP-6409,Richard Martinez,People & HR,Individual Contributor,People & HR,Seattle WA,EMP-5013,Q1 2026 Mid-Year,2026,2 - Partially Meets,2,5 - Exceptional,Declined,High Potential,Balanced Contributor,Low,3.9,Ready Now,Pending Manager Review,3 - Meets Expectations,Yes,Upward,1.78,4.0,No,No,Execution,Mentoring,Delegation,13.5,3.7,1.309,2023-07-05,Gender Minority,Below Range,Flagged for retention risk.
CAL-8410,EMP-6410,Daniel Wilson,People & HR,Senior Manager,People & HR,San Francisco CA,EMP-5045,Q1 2025 Mid-Year,2025,3 - Meets Expectations,3,4 - Exceeds Expectations,Declined,High Potential,Emerging Talent,Medium,3.53,Ready 3-5 Years,Calibration Complete,1 - Does Not Meet,Yes,Downward,3.38,3.11,No,No,Innovation,Stakeholder Mgmt,Executive Presence,19.5,4.1,0.89,2023-09-12,Person with Disability,Within Range,Consistent performer over 3 cycles.
CAL-8411,EMP-6411,Robert Anderson,Customer Experience,Individual Contributor,Customer Experience,Seattle WA,EMP-5028,Q1 2025 Mid-Year,2025,4 - Exceeds Expectations,4,3 - Meets Expectations,Improved,Needs Coaching,Balanced Contributor,Medium,3.67,Ready 1-2 Years,Finalized,3 - Meets Expectations,Yes,No Change,3.52,7.84,No,No,Leadership,Results Orientation,Delegation,8.0,7.9,1.078,2020-10-11,Person with Disability,Above Range,High potential validated by skip-level.
CAL-8412,EMP-6412,Joseph Thomas,Data Science,Individual Contributor,Data Science,Austin TX,EMP-5046,Q3 2026 Annual,2026,4 - Exceeds Expectations,4,2 - Partially Meets,Improved,Solid Performer,Balanced Contributor,High,5.55,Ready 3-5 Years,Finalized,4 - Exceeds Expectations,No,Downward,5.4,5.9,No,No,Adaptability,Process Improvement,Communication Clarity,3.6,1.5,1.082,2020-05-19,Gender Minority,Within Range,Flagged for retention risk.
CAL-8413,EMP-6413,Joseph Anderson,Legal & Compliance,Manager,Legal & Compliance,Seattle WA,EMP-5029,Q3 2025 Annual,2025,3 - Meets Expectations,3,3 - Meets Expectations,Stable,Needs Coaching,Balanced Contributor,Medium,2.2,Ready Now,Finalized,4 - Exceeds Expectations,No,Downward,2.92,6.79,No,No,Communication,Stakeholder Mgmt,Communication Clarity,16.1,8.4,0.945,2021-08-29,Person with Disability,Within Range,Strong calibration supported by peers.
CAL-8414,EMP-6414,William Rodriguez,Engineering,Manager,Engineering,Chicago IL,EMP-5013,Q3 2026 Annual,2026,4 - Exceeds Expectations,4,4 - Exceeds Expectations,Stable,Solid Performer,Balanced Contributor,Low,6.86,Ready 1-2 Years,Finalized,3 - Meets Expectations,No,No Change,4.46,9.01,No,No,Technical Excellence,Stakeholder Mgmt,Executive Presence,17.8,6.8,0.886,2020-08-05,Veteran,Below Range,PIP recommended post calibration.
CAL-8415,EMP-6415,Maria Jackson,Finance,Team Lead,Finance,New York NY,EMP-5017,Q1 2025 Mid-Year,2025,3 - Meets Expectations,3,2 - Partially Meets,Improved,Solid Performer,Backbone,High,2.8,Ready 3-5 Years,Pending Manager Review,4 - Exceeds Expectations,No,No Change,2.71,5.26,No,No,Technical Excellence,Stakeholder Mgmt,Delegation,1.9,0.7,1.043,2018-09-02,Gender Minority,Above Range,High potential validated by skip-level.
CAL-8416,EMP-6416,David Hernandez,Customer Experience,Manager,Customer Experience,Seattle WA,EMP-5032,Q3 2025 Annual,2025,2 - Partially Meets,2,3 - Meets Expectations,Declined,Needs Coaching,Needs Development,Medium,4.24,Not Applicable,Pending Manager Review,3 - Meets Expectations,No,Upward,0.68,1.1,No,No,Strategic Thinking,Process Improvement,Communication Clarity,2.6,9.5,1.016,2023-03-22,Person with Disability,Within Range,New to role - calibration advisory only.
CAL-8417,EMP-6417,Sarah Martinez,Data Science,Senior Manager,Data Science,Frisco TX,EMP-5042,Q1 2026 Mid-Year,2026,3 - Meets Expectations,3,3 - Meets Expectations,Stable,Growth Potential,Balanced Contributor,Medium,1.09,Not Applicable,Pending Manager Review,4 - Exceeds Expectations,No,Upward,2.2,2.4,No,No,Analytical Rigor,Project Delivery,People Management,18.6,7.6,1.168,2019-08-22,Person with Disability,Above Range,Consistent performer over 3 cycles.
CAL-8418,EMP-6418,Sarah Taylor,Finance,Individual Contributor,Finance,Austin TX,EMP-5037,Q1 2025 Mid-Year,2025,4 - Exceeds Expectations,4,1 - Does Not Meet,Improved,Growth Potential,Core Contributor,Low,7.34,Ready 1-2 Years,Pending Manager Review,4 - Exceeds Expectations,Yes,No Change,3.78,9.28,Yes,No,Leadership,Results Orientation,Technical Depth,17.3,5.8,1.256,2022-06-06,Person with Disability,Above Range,New to role - calibration advisory only.
CAL-8419,EMP-6419,Daniel Smith,Data Science,Individual Contributor,Data Science,Chicago IL,EMP-5045,Q1 2026 Mid-Year,2026,1 - Does Not Meet,1,2 - Partially Meets,Declined,Solid Performer,Balanced Contributor,High,6.49,Ready 1-2 Years,Finalized,2 - Partially Meets,No,Upward,0.0,0.0,No,No,Execution,Stakeholder Mgmt,Strategic Vision,2.0,1.1,1.001,2022-04-25,Veteran,Below Range,Calibration adjusted after group review.
CAL-8420,EMP-6420,Sandra Garcia,Engineering,SVP,Engineering,Boston MA,EMP-5044,Q1 2025 Mid-Year,2025,4 - Exceeds Expectations,4,2 - Partially Meets,Improved,Solid Performer,Balanced Contributor,Medium,2.26,Ready 3-5 Years,Pending Manager Review,5 - Exceptional,Yes,No Change,4.05,6.78,Yes,No,Execution,Problem Solving,Technical Depth,13.9,7.8,0.934,2019-07-12,Person with Disability,Within Range,High potential validated by skip-level.
CAL-8421,EMP-6421,Margaret Smith,Sales,Individual Contributor,Sales,Frisco TX,EMP-5015,Q1 2025 Mid-Year,2025,5 - Exceptional,5,1 - Does Not Meet,Improved,Growth Potential,High Performer,Low,3.89,Ready 1-2 Years,Finalized,3 - Meets Expectations,Yes,Upward,5.78,9.24,Yes,No,Adaptability,Stakeholder Mgmt,Communication Clarity,3.3,6.0,1.339,2025-12-27,Gender Minority,Above Range,High potential validated by skip-level.
CAL-8422,EMP-6422,Anthony Johnson,Legal & Compliance,Manager,Legal & Compliance,New York NY,EMP-5001,Q3 2026 Annual,2026,4 - Exceeds Expectations,4,2 - Partially Meets,Improved,Watch List,Balanced Contributor,Medium,3.01,Not Applicable,Finalized,4 - Exceeds Expectations,Yes,Upward,4.39,6.38,No,No,Communication,Project Delivery,Strategic Vision,12.3,7.5,1.277,2019-04-10,No Flag,Above Range,
CAL-8423,EMP-6423,Nancy Davis,Marketing,Individual Contributor,Marketing,Atlanta GA,EMP-5013,Q3 2025 Annual,2025,2 - Partially Meets,2,2 - Partially Meets,Stable,Growth Potential,Inconsistent Player,Low,5.65,Ready 1-2 Years,Finalized,3 - Meets Expectations,Yes,No Change,1.09,0.93,No,No,Customer Focus,Data-Driven,Technical Depth,10.5,7.6,1.288,2021-06-16,Person with Disability,Below Range,Strong calibration supported by peers.
CAL-8424,EMP-6424,Michael Miller,People & HR,Manager,People & HR,Boston MA,EMP-5033,Q1 2025 Mid-Year,2025,5 - Exceptional,5,4 - Exceeds Expectations,Improved,Solid Performer,Balanced Contributor,Low,2.07,Not Applicable,Finalized,3 - Meets Expectations,No,No Change,6.47,12.56,No,No,Collaboration,Project Delivery,Prioritization,14.2,9.3,0.989,2024-01-15,Person with Disability,Above Range,Flagged for retention risk.
CAL-8425,EMP-6425,Thomas Martin,Marketing,Senior Manager,Marketing,Denver CO,EMP-5047,Q3 2026 Annual,2026,3 - Meets Expectations,3,3 - Meets Expectations,Stable,Growth Potential,Balanced Contributor,High,9.57,Ready 3-5 Years,Calibration Complete,3 - Meets Expectations,Yes,No Change,2.4,2.84,No,No,Leadership,Mentoring,Technical Depth,8.8,7.4,1.116,2025-02-25,Gender Minority,Below Range,New to role - calibration advisory only.
CAL-8426,EMP-6426,Thomas Williams,Customer Experience,Manager,Customer Experience,Denver CO,EMP-5023,Q3 2025 Annual,2025,3 - Meets Expectations,3,3 - Meets Expectations,Stable,High Potential,Emerging Talent,Low,4.1,Ready Now,Finalized,5 - Exceptional,No,Downward,2.01,2.67,No,No,Strategic Thinking,Process Improvement,People Management,14.4,7.8,1.265,2020-12-12,No Flag,Above Range,Calibration adjusted after group review.
CAL-8427,EMP-6427,Jennifer Taylor,Sales,Team Lead,Sales,San Francisco CA,EMP-5035,Q1 2026 Mid-Year,2026,2 - Partially Meets,2,4 - Exceeds Expectations,Declined,Watch List,Balanced Contributor,High,6.71,Ready 3-5 Years,Calibration Complete,3 - Meets Expectations,No,No Change,0.56,0.95,No,No,Strategic Thinking,Problem Solving,Cross-Functional Collaboration,9.2,3.4,0.963,2025-01-08,No Flag,Within Range,Flagged for retention risk.
CAL-8428,EMP-6428,William Gonzalez,Operations,Senior Manager,Operations,Frisco TX,EMP-5002,Q3 2025 Annual,2025,3 - Meets Expectations,3,4 - Exceeds Expectations,Declined,Solid Performer,Backbone,Medium,5.22,Ready 1-2 Years,Pending Manager Review,3 - Meets Expectations,No,No Change,2.39,5.3,No,No,Strategic Thinking,Problem Solving,Cross-Functional Collaboration,16.0,8.1,0.854,2019-04-01,No Flag,Below Range,Calibration adjusted after group review.
CAL-8429,EMP-6429,John Miller,Operations,Individual Contributor,Operations,Seattle WA,EMP-5043,Q1 2026 Mid-Year,2026,4 - Exceeds Expectations,4,2 - Partially Meets,Improved,Watch List,Balanced Contributor,Medium,9.48,Ready 1-2 Years,Finalized,3 - Meets Expectations,No,No Change,3.81,3.99,Yes,No,Customer Focus,Problem Solving,Technical Depth,3.2,8.1,1.193,2025-12-01,Gender Minority,Above Range,New to role - calibration advisory only.
CAL-8430,EMP-6430,Barbara Miller,Finance,Director,Finance,San Francisco CA,EMP-5006,Q1 2026 Mid-Year,2026,3 - Meets Expectations,3,4 - Exceeds Expectations,Declined,Growth Potential,Balanced Contributor,High,3.05,Not Applicable,Pending Manager Review,2 - Partially Meets,No,No Change,2.11,4.39,No,No,Collaboration,Mentoring,Technical Depth,14.9,3.2,0.758,2024-04-15,Veteran,Within Range,Calibration adjusted after group review.
CAL-8431,EMP-6431,Daniel Brown,Marketing,Team Lead,Marketing,Denver CO,EMP-5012,Q1 2026 Mid-Year,2026,2 - Partially Meets,2,3 - Meets Expectations,Declined,High Potential,Balanced Contributor,Medium,8.6,Ready 1-2 Years,Finalized,4 - Exceeds Expectations,No,No Change,1.18,2.45,No,No,Technical Excellence,Stakeholder Mgmt,Executive Presence,8.0,8.6,0.759,2019-04-16,Veteran,Below Range,PIP recommended post calibration.
CAL-8432,EMP-6432,Sarah Jackson,Legal & Compliance,Manager,Legal & Compliance,Seattle WA,EMP-5027,Q3 2025 Annual,2025,4 - Exceeds Expectations,4,3 - Meets Expectations,Improved,High Potential,Future Leader,Low,3.1,Ready 3-5 Years,Calibration Complete,3 - Meets Expectations,No,No Change,3.64,5.19,Yes,No,Leadership,Project Delivery,People Management,7.0,1.1,1.035,2025-10-04,No Flag,Above Range,High potential validated by skip-level.
CAL-8433,EMP-6433,Thomas Hernandez,Engineering,Team Lead,Engineering,New York NY,EMP-5046,Q3 2025 Annual,2025,4 - Exceeds Expectations,4,3 - Meets Expectations,Improved,Growth Potential,Core Contributor,High,3.29,Ready 3-5 Years,Finalized,3 - Meets Expectations,No,No Change,4.79,4.82,No,No,Analytical Rigor,Mentoring,Delegation,12.2,4.0,1.023,2024-12-04,Veteran,Below Range,New to role - calibration advisory only.
CAL-8434,EMP-6434,Daniel Martinez,Operations,Team Lead,Operations,San Francisco CA,EMP-5011,Q3 2025 Annual,2025,4 - Exceeds Expectations,4,3 - Meets Expectations,Improved,Growth Potential,Core Contributor,Low,4.99,Not Applicable,Finalized,4 - Exceeds Expectations,No,No Change,3.79,3.91,No,No,Innovation,Data-Driven,Prioritization,14.5,8.0,1.315,2021-04-07,URM,Within Range,
CAL-8435,EMP-6435,Nancy Johnson,Finance,Individual Contributor,Finance,Denver CO,EMP-5005,Q3 2026 Annual,2026,4 - Exceeds Expectations,4,3 - Meets Expectations,Improved,Growth Potential,Core Contributor,Low,5.27,Ready 1-2 Years,Finalized,4 - Exceeds Expectations,No,Downward,5.4,6.55,No,No,Communication,Mentoring,Technical Depth,1.4,5.2,0.773,2021-01-28,Gender Minority,Within Range,Strong calibration supported by peers.
CAL-8436,EMP-6436,Jessica Lopez,Customer Experience,Individual Contributor,Customer Experience,Remote,EMP-5014,Q1 2026 Mid-Year,2026,3 - Meets Expectations,3,4 - Exceeds Expectations,Declined,Solid Performer,Backbone,High,4.99,Ready 3-5 Years,Calibration Complete,4 - Exceeds Expectations,No,Downward,3.27,2.94,No,No,Leadership,Mentoring,Technical Depth,5.4,4.9,1.26,2025-07-09,Gender Minority,Below Range,High potential validated by skip-level.
CAL-8437,EMP-6437,Elizabeth Lopez,People & HR,Individual Contributor,People & HR,Remote,EMP-5048,Q3 2026 Annual,2026,1 - Does Not Meet,1,2 - Partially Meets,Declined,Needs Coaching,Underperformer,Medium,9.31,Ready 3-5 Years,Finalized,4 - Exceeds Expectations,No,No Change,0.0,0.0,No,No,Customer Focus,Results Orientation,Executive Presence,18.6,4.2,1.313,2023-12-18,Veteran,Above Range,Flagged for retention risk.
CAL-8438,EMP-6438,Richard Rodriguez,Product,Individual Contributor,Product,Chicago IL,EMP-5022,Q3 2025 Annual,2025,3 - Meets Expectations,3,3 - Meets Expectations,Stable,Needs Coaching,Balanced Contributor,Low,7.01,Ready 3-5 Years,Calibration Complete,4 - Exceeds Expectations,No,No Change,2.22,2.02,No,No,Leadership,Results Orientation,Strategic Vision,17.5,5.4,0.895,2025-08-20,URM,Within Range,Consistent performer over 3 cycles.
CAL-8439,EMP-6439,Mark Thomas,People & HR,VP,People & HR,Denver CO,EMP-5010,Q3 2026 Annual,2026,2 - Partially Meets,2,4 - Exceeds Expectations,Declined,Needs Coaching,Needs Development,Low,1.46,Ready 1-2 Years,Finalized,2 - Partially Meets,Yes,No Change,0.21,0.44,No,No,Customer Focus,Project Delivery,Executive Presence,9.7,6.6,0.983,2019-12-31,URM,Below Range,Strong calibration supported by peers.
CAL-8440,EMP-6440,Jessica Wilson,Marketing,Manager,Marketing,Austin TX,EMP-5030,Q3 2026 Annual,2026,4 - Exceeds Expectations,4,2 - Partially Meets,Improved,Solid Performer,Balanced Contributor,Low,4.09,Ready Now,Pending Manager Review,4 - Exceeds Expectations,Yes,No Change,3.67,8.04,Yes,No,Adaptability,Project Delivery,Executive Presence,1.9,1.0,1.153,2025-08-06,Person with Disability,Below Range,Calibration adjusted after group review.
CAL-8441,EMP-6441,Elizabeth Taylor,Data Science,Individual Contributor,Data Science,Frisco TX,EMP-5042,Q3 2025 Annual,2025,3 - Meets Expectations,3,1 - Does Not Meet,Improved,Solid Performer,Backbone,Low,7.14,Ready Now,Finalized,3 - Meets Expectations,No,No Change,3.38,7.74,No,No,Strategic Thinking,Project Delivery,Delegation,17.5,3.4,0.762,2018-11-28,Veteran,Below Range,Strong calibration supported by peers.
CAL-8442,EMP-6442,Christopher Jones,Operations,Manager,Operations,Atlanta GA,EMP-5032,Q1 2026 Mid-Year,2026,5 - Exceptional,5,4 - Exceeds Expectations,Improved,Needs Coaching,Balanced Contributor,High,6.69,Ready Now,Finalized,1 - Does Not Meet,No,Downward,5.31,8.51,No,No,Execution,Stakeholder Mgmt,Communication Clarity,17.2,5.6,1.184,2021-01-20,Person with Disability,Above Range,Strong calibration supported by peers.
CAL-8443,EMP-6443,Margaret Miller,Customer Experience,Individual Contributor,Customer Experience,Seattle WA,EMP-5050,Q3 2026 Annual,2026,2 - Partially Meets,2,2 - Partially Meets,Stable,Solid Performer,Balanced Contributor,Medium,9.32,Ready 1-2 Years,Finalized,4 - Exceeds Expectations,Yes,No Change,1.84,1.97,No,No,Customer Focus,Problem Solving,Delegation,7.8,6.3,0.791,2025-06-04,No Flag,Below Range,New to role - calibration advisory only.
CAL-8444,EMP-6444,Sandra Brown,Customer Experience,Director,Customer Experience,Denver CO,EMP-5024,Q3 2026 Annual,2026,4 - Exceeds Expectations,4,1 - Does Not Meet,Improved,Solid Performer,Balanced Contributor,Low,7.63,Ready 3-5 Years,Finalized,4 - Exceeds Expectations,Yes,No Change,3.57,7.72,No,No,Communication,Team Building,Technical Depth,0.7,4.8,0.809,2023-10-10,Veteran,Below Range,Calibration adjusted after group review.
CAL-8445,EMP-6445,Karen Davis,Marketing,Individual Contributor,Marketing,Denver CO,EMP-5038,Q1 2026 Mid-Year,2026,2 - Partially Meets,2,1 - Does Not Meet,Improved,Solid Performer,Balanced Contributor,Low,3.16,Ready 1-2 Years,Finalized,5 - Exceptional,No,No Change,0.07,0.08,No,No,Customer Focus,Problem Solving,Delegation,6.0,4.2,0.996,2023-05-12,Gender Minority,Above Range,Calibration adjusted after group review.
CAL-8446,EMP-6446,Jennifer Gonzalez,Engineering,Team Lead,Engineering,Remote,EMP-5050,Q1 2025 Mid-Year,2025,2 - Partially Meets,2,4 - Exceeds Expectations,Declined,Growth Potential,Inconsistent Player,Low,2.38,Not Applicable,Calibration Complete,1 - Does Not Meet,No,No Change,1.0,2.28,No,No,Customer Focus,Data-Driven,Executive Presence,4.6,4.7,1.081,2020-10-21,Veteran,Within Range,New to role - calibration advisory only.
CAL-8447,EMP-6447,Michael Gonzalez,Customer Experience,Individual Contributor,Customer Experience,Austin TX,EMP-5043,Q1 2025 Mid-Year,2025,1 - Does Not Meet,1,4 - Exceeds Expectations,Declined,Growth Potential,Balanced Contributor,Low,5.36,Ready 1-2 Years,Finalized,3 - Meets Expectations,No,Upward,0.0,0.0,No,Yes,Communication,Results Orientation,Executive Presence,6.7,3.2,0.799,2022-06-18,Person with Disability,Above Range,Consistent performer over 3 cycles.
CAL-8448,EMP-6448,Margaret Williams,Finance,SVP,Finance,Austin TX,EMP-5045,Q3 2025 Annual,2025,4 - Exceeds Expectations,4,4 - Exceeds Expectations,Stable,Solid Performer,Balanced Contributor,High,1.68,Ready Now,Calibration Complete,3 - Meets Expectations,No,No Change,4.99,9.99,No,No,Analytical Rigor,Problem Solving,Executive Presence,17.9,8.3,1.072,2021-06-01,Gender Minority,Above Range,Calibration adjusted after group review.
CAL-8449,EMP-6449,Michael Jones,Finance,Team Lead,Finance,San Francisco CA,EMP-5030,Q1 2026 Mid-Year,2026,3 - Meets Expectations,3,4 - Exceeds Expectations,Declined,Solid Performer,Backbone,Low,3.45,Not Applicable,Pending Manager Review,3 - Meets Expectations,No,No Change,3.08,4.58,No,No,Collaboration,Process Improvement,Strategic Vision,13.9,9.4,1.024,2020-02-09,Gender Minority,Within Range,High potential validated by skip-level.
CAL-8450,EMP-6450,William Wilson,Marketing,Individual Contributor,Marketing,Boston MA,EMP-5030,Q3 2025 Annual,2025,3 - Meets Expectations,3,4 - Exceeds Expectations,Declined,Solid Performer,Backbone,High,1.6,Ready 1-2 Years,Calibration Complete,5 - Exceptional,Yes,No Change,3.0,3.96,No,No,Strategic Thinking,Team Building,People Management,15.8,3.1,1.095,2023-05-12,No Flag,Within Range,Strong calibration supported by peers.
CAL-8451,EMP-6451,Mark Davis,Product,Senior Manager,Product,New York NY,EMP-5016,Q3 2025 Annual,2025,1 - Does Not Meet,1,3 - Meets Expectations,Declined,Solid Performer,Balanced Contributor,Low,5.04,Not Applicable,Finalized,5 - Exceptional,No,No Change,0.0,0.0,No,Yes,Collaboration,Process Improvement,Prioritization,5.1,3.6,1.033,2018-03-16,URM,Below Range,Consistent performer over 3 cycles.
CAL-8452,EMP-6452,Matthew Gonzalez,Customer Experience,Manager,Customer Experience,Atlanta GA,EMP-5023,Q3 2026 Annual,2026,3 - Meets Expectations,3,2 - Partially Meets,Improved,Solid Performer,Backbone,Low,6.71,Ready Now,Calibration Complete,4 - Exceeds Expectations,Yes,No Change,2.83,3.7,No,No,Strategic Thinking,Process Improvement,People Management,18.3,9.6,1.222,2022-01-09,URM,Above Range,PIP recommended post calibration.
CAL-8453,EMP-6453,Nancy Gonzalez,Product,Individual Contributor,Product,Frisco TX,EMP-5050,Q1 2025 Mid-Year,2025,5 - Exceptional,5,1 - Does Not Meet,Improved,High Potential,Star,Low,1.91,Ready 1-2 Years,Calibration Complete,4 - Exceeds Expectations,No,No Change,5.61,4.97,No,No,Technical Excellence,Team Building,Technical Depth,5.0,5.6,0.826,2018-11-03,Veteran,Below Range,New to role - calibration advisory only.
CAL-8454,EMP-6454,Susan Miller,Data Science,Individual Contributor,Data Science,San Francisco CA,EMP-5018,Q1 2025 Mid-Year,2025,2 - Partially Meets,2,4 - Exceeds Expectations,Declined,Growth Potential,Inconsistent Player,High,1.18,Not Applicable,Pending Manager Review,3 - Meets Expectations,No,No Change,1.0,2.32,No,No,Customer Focus,Mentoring,Strategic Vision,11.8,0.7,0.792,2020-07-17,Person with Disability,Above Range,New to role - calibration advisory only.
CAL-8455,EMP-6455,Michael Jones,Product,Manager,Product,Denver CO,EMP-5025,Q1 2026 Mid-Year,2026,5 - Exceptional,5,3 - Meets Expectations,Improved,Watch List,Balanced Contributor,Low,3.73,Ready 1-2 Years,Calibration Complete,1 - Does Not Meet,No,No Change,6.48,9.96,Yes,No,Innovation,Team Building,Executive Presence,14.4,9.2,0.793,2023-11-20,Person with Disability,Within Range,New to role - calibration advisory only.
CAL-8456,EMP-6456,Barbara Jackson,Engineering,Director,Engineering,Austin TX,EMP-5008,Q1 2025 Mid-Year,2025,3 - Meets Expectations,3,1 - Does Not Meet,Improved,Growth Potential,Balanced Contributor,High,9.39,Ready Now,Calibration Complete,2 - Partially Meets,No,No Change,2.65,2.43,No,No,Communication,Data-Driven,Technical Depth,13.0,4.5,1.179,2018-11-07,Gender Minority,Above Range,PIP recommended post calibration.
CAL-8457,EMP-6457,Anthony Martin,Customer Experience,Individual Contributor,Customer Experience,Atlanta GA,EMP-5005,Q1 2026 Mid-Year,2026,5 - Exceptional,5,3 - Meets Expectations,Improved,Watch List,Balanced Contributor,Low,4.37,Not Applicable,Pending Manager Review,3 - Meets Expectations,No,No Change,6.48,10.78,No,No,Communication,Data-Driven,Cross-Functional Collaboration,12.3,9.9,0.908,2021-10-30,No Flag,Within Range,Strong calibration supported by peers.
CAL-8458,EMP-6458,Jennifer Gonzalez,Sales,Individual Contributor,Sales,Remote,EMP-5045,Q3 2026 Annual,2026,1 - Does Not Meet,1,3 - Meets Expectations,Declined,Solid Performer,Balanced Contributor,Medium,6.35,Ready 1-2 Years,Finalized,1 - Does Not Meet,No,No Change,0.0,0.0,No,No,Collaboration,Team Building,Technical Depth,9.7,3.8,0.933,2020-07-21,No Flag,Above Range,Consistent performer over 3 cycles.
CAL-8459,EMP-6459,Maria Hernandez,Legal & Compliance,Individual Contributor,Legal & Compliance,New York NY,EMP-5024,Q3 2025 Annual,2025,1 - Does Not Meet,1,3 - Meets Expectations,Declined,Solid Performer,Balanced Contributor,Medium,4.48,Ready 3-5 Years,Calibration Complete,3 - Meets Expectations,No,No Change,0.0,0.0,No,Yes,Customer Focus,Problem Solving,Cross-Functional Collaboration,3.2,4.8,0.813,2022-06-02,Veteran,Above Range,High potential validated by skip-level.
CAL-8460,EMP-6460,Thomas Moore,People & HR,Individual Contributor,People & HR,Denver CO,EMP-5046,Q1 2026 Mid-Year,2026,2 - Partially Meets,2,4 - Exceeds Expectations,Declined,Needs Coaching,Needs Development,Low,6.15,Ready 1-2 Years,Finalized,3 - Meets Expectations,No,No Change,1.32,1.95,No,No,Execution,Project Delivery,Communication Clarity,12.8,1.0,0.775,2020-11-30,Person with Disability,Below Range,Consistent performer over 3 cycles.
CAL-8461,EMP-6461,Nancy Brown,Sales,Senior Manager,Sales,Chicago IL,EMP-5039,Q3 2026 Annual,2026,1 - Does Not Meet,1,2 - Partially Meets,Declined,Solid Performer,Balanced Contributor,Low,4.38,Not Applicable,Calibration Complete,3 - Meets Expectations,No,No Change,0.0,0.0,No,Yes,Customer Focus,Team Building,Executive Presence,12.8,5.0,1.306,2020-12-18,No Flag,Above Range,PIP recommended post calibration.
CAL-8462,EMP-6462,John Taylor,Finance,Individual Contributor,Finance,Frisco TX,EMP-5003,Q1 2026 Mid-Year,2026,3 - Meets Expectations,3,3 - Meets Expectations,Stable,High Potential,Emerging Talent,Low,9.35,Ready Now,Calibration Complete,3 - Meets Expectations,Yes,No Change,2.82,4.49,No,No,Execution,Stakeholder Mgmt,Executive Presence,19.2,8.8,0.996,2019-10-23,No Flag,Within Range,High potential validated by skip-level.
CAL-8463,EMP-6463,Robert Hernandez,Legal & Compliance,Manager,Legal & Compliance,Austin TX,EMP-5001,Q3 2025 Annual,2025,4 - Exceeds Expectations,4,4 - Exceeds Expectations,Stable,Watch List,Balanced Contributor,High,5.84,Ready 1-2 Years,Finalized,3 - Meets Expectations,No,No Change,3.66,7.74,No,No,Communication,Stakeholder Mgmt,Technical Depth,19.7,5.2,0.791,2021-06-24,Veteran,Within Range,Strong calibration supported by peers.
CAL-8464,EMP-6464,John Moore,Engineering,Manager,Engineering,New York NY,EMP-5015,Q1 2025 Mid-Year,2025,3 - Meets Expectations,3,3 - Meets Expectations,Stable,Needs Coaching,Balanced Contributor,Low,7.0,Ready 3-5 Years,Finalized,3 - Meets Expectations,No,No Change,3.14,3.6,No,No,Collaboration,Team Building,Prioritization,11.4,9.9,1.148,2020-09-29,Gender Minority,Below Range,Calibration adjusted after group review.
CAL-8465,EMP-6465,Christopher Brown,Engineering,Team Lead,Engineering,Remote,EMP-5035,Q1 2025 Mid-Year,2025,4 - Exceeds Expectations,4,1 - Does Not Meet,Improved,Growth Potential,Core Contributor,Medium,7.92,Not Applicable,Pending Manager Review,3 - Meets Expectations,No,Upward,4.6,8.89,No,No,Collaboration,Problem Solving,Communication Clarity,15.2,7.5,1.01,2019-03-17,URM,Within Range,Flagged for retention risk.
CAL-8466,EMP-6466,Mark Rodriguez,Product,Senior Manager,Product,Seattle WA,EMP-5008,Q1 2026 Mid-Year,2026,3 - Meets Expectations,3,3 - Meets Expectations,Stable,Solid Performer,Backbone,Low,8.5,Not Applicable,Calibration Complete,4 - Exceeds Expectations,No,No Change,3.2,4.21,No,No,Communication,Problem Solving,Prioritization,10.9,4.6,0.953,2019-03-14,No Flag,Below Range,High potential validated by skip-level.
CAL-8467,EMP-6467,Charles Jackson,Data Science,VP,Data Science,Atlanta GA,EMP-5008,Q3 2025 Annual,2025,3 - Meets Expectations,3,5 - Exceptional,Declined,Needs Coaching,Balanced Contributor,Low,4.39,Ready 3-5 Years,Pending Manager Review,4 - Exceeds Expectations,No,No Change,2.32,1.99,No,No,Innovation,Results Orientation,Executive Presence,16.0,8.4,1.116,2025-06-16,Veteran,Below Range,
CAL-8468,EMP-6468,Ashley Moore,People & HR,Individual Contributor,People & HR,Denver CO,EMP-5005,Q3 2026 Annual,2026,3 - Meets Expectations,3,3 - Meets Expectations,Stable,Solid Performer,Backbone,Low,4.23,Ready 1-2 Years,Calibration Complete,3 - Meets Expectations,No,No Change,2.39,5.84,No,No,Adaptability,Process Improvement,Executive Presence,16.5,5.8,0.917,2023-10-09,Veteran,Above Range,Calibration adjusted after group review.
CAL-8469,EMP-6469,Nancy Johnson,People & HR,Individual Contributor,People & HR,Frisco TX,EMP-5029,Q3 2026 Annual,2026,3 - Meets Expectations,3,3 - Meets Expectations,Stable,Watch List,Balanced Contributor,Medium,4.98,Not Applicable,Pending Manager Review,3 - Meets Expectations,No,No Change,2.9,4.62,No,No,Leadership,Process Improvement,Communication Clarity,5.0,2.6,1.138,2019-07-11,Veteran,Below Range,Calibration adjusted after group review.
CAL-8470,EMP-6470,Margaret Williams,Operations,Individual Contributor,Operations,Denver CO,EMP-5003,Q3 2025 Annual,2025,1 - Does Not Meet,1,3 - Meets Expectations,Declined,Watch List,Risk,Low,3.47,Not Applicable,Finalized,4 - Exceeds Expectations,No,No Change,0.0,0.0,No,No,Execution,Process Improvement,Cross-Functional Collaboration,6.7,9.8,0.915,2019-06-19,URM,Above Range,Calibration adjusted after group review.
CAL-8471,EMP-6471,Sarah Davis,People & HR,Team Lead,People & HR,Atlanta GA,EMP-5042,Q3 2026 Annual,2026,1 - Does Not Meet,1,3 - Meets Expectations,Declined,Growth Potential,Balanced Contributor,Low,1.27,Ready Now,Calibration Complete,3 - Meets Expectations,No,No Change,0.0,0.0,No,Yes,Collaboration,Stakeholder Mgmt,Prioritization,2.7,9.2,0.79,2023-08-02,URM,Above Range,
CAL-8472,EMP-6472,Jessica Lopez,People & HR,Individual Contributor,People & HR,Atlanta GA,EMP-5045,Q3 2026 Annual,2026,2 - Partially Meets,2,3 - Meets Expectations,Declined,Growth Potential,Inconsistent Player,Medium,3.1,Ready 3-5 Years,Finalized,3 - Meets Expectations,No,Upward,1.24,1.86,No,No,Analytical Rigor,Process Improvement,Cross-Functional Collaboration,14.9,2.2,1.185,2021-05-16,Gender Minority,Within Range,PIP recommended post calibration.
CAL-8473,EMP-6473,Barbara Garcia,Legal & Compliance,Director,Legal & Compliance,Chicago IL,EMP-5004,Q1 2026 Mid-Year,2026,4 - Exceeds Expectations,4,2 - Partially Meets,Improved,Growth Potential,Core Contributor,Low,2.22,Not Applicable,Finalized,2 - Partially Meets,No,No Change,4.45,8.96,Yes,No,Execution,Process Improvement,Technical Depth,8.2,2.4,1.274,2024-12-26,Person with Disability,Within Range,Flagged for retention risk.
CAL-8474,EMP-6474,David Williams,Engineering,Team Lead,Engineering,Frisco TX,EMP-5017,Q1 2026 Mid-Year,2026,1 - Does Not Meet,1,3 - Meets Expectations,Declined,Growth Potential,Balanced Contributor,Low,8.25,Ready 1-2 Years,Finalized,2 - Partially Meets,No,No Change,0.0,0.0,No,No,Adaptability,Team Building,Cross-Functional Collaboration,7.5,1.1,1.28,2023-10-28,URM,Within Range,High potential validated by skip-level.
CAL-8475,EMP-6475,Anthony Moore,Marketing,Individual Contributor,Marketing,Denver CO,EMP-5021,Q1 2025 Mid-Year,2025,4 - Exceeds Expectations,4,2 - Partially Meets,Improved,Solid Performer,Balanced Contributor,Low,5.79,Ready 3-5 Years,Calibration Complete,2 - Partially Meets,No,No Change,3.74,3.74,No,No,Execution,Data-Driven,Cross-Functional Collaboration,3.4,3.2,0.882,2022-11-05,Person with Disability,Within Range,High potential validated by skip-level.
CAL-8476,EMP-6476,Jessica Gonzalez,Engineering,Individual Contributor,Engineering,Chicago IL,EMP-5004,Q3 2025 Annual,2025,3 - Meets Expectations,3,3 - Meets Expectations,Stable,High Potential,Emerging Talent,Medium,3.41,Ready Now,Pending Manager Review,4 - Exceeds Expectations,No,No Change,2.97,2.38,No,No,Innovation,Problem Solving,People Management,11.4,6.3,1.301,2020-10-21,No Flag,Above Range,Consistent performer over 3 cycles.
CAL-8477,EMP-6477,Daniel Rodriguez,Engineering,Senior Manager,Engineering,New York NY,EMP-5047,Q1 2026 Mid-Year,2026,3 - Meets Expectations,3,2 - Partially Meets,Improved,Growth Potential,Balanced Contributor,Medium,9.95,Not Applicable,Pending Manager Review,4 - Exceeds Expectations,Yes,Downward,2.79,4.84,No,No,Collaboration,Results Orientation,Technical Depth,3.7,2.0,0.836,2020-03-14,URM,Above Range,PIP recommended post calibration.
CAL-8478,EMP-6478,Karen Smith,Data Science,Individual Contributor,Data Science,San Francisco CA,EMP-5003,Q1 2025 Mid-Year,2025,4 - Exceeds Expectations,4,5 - Exceptional,Declined,High Potential,Future Leader,Low,5.93,Ready 3-5 Years,Finalized,3 - Meets Expectations,No,No Change,4.66,5.47,No,No,Collaboration,Stakeholder Mgmt,Delegation,14.1,5.7,1.169,2020-03-27,Gender Minority,Above Range,Strong calibration supported by peers.
CAL-8479,EMP-6479,Mark Martinez,Marketing,Manager,Marketing,Atlanta GA,EMP-5028,Q1 2026 Mid-Year,2026,3 - Meets Expectations,3,3 - Meets Expectations,Stable,Solid Performer,Backbone,Medium,4.16,Not Applicable,Finalized,5 - Exceptional,No,No Change,2.07,5.0,No,No,Collaboration,Stakeholder Mgmt,Executive Presence,5.3,1.9,1.069,2019-10-10,Veteran,Above Range,Calibration adjusted after group review.
CAL-8480,EMP-6480,William Davis,Sales,Individual Contributor,Sales,Chicago IL,EMP-5022,Q1 2025 Mid-Year,2025,4 - Exceeds Expectations,4,2 - Partially Meets,Improved,Growth Potential,Core Contributor,Low,8.59,Ready 3-5 Years,Finalized,3 - Meets Expectations,No,No Change,4.18,6.19,No,No,Collaboration,Mentoring,Strategic Vision,8.7,8.4,1.155,2023-03-07,Person with Disability,Above Range,PIP recommended post calibration.
CAL-8481,EMP-6481,Betty Williams,Legal & Compliance,Manager,Legal & Compliance,Denver CO,EMP-5021,Q3 2026 Annual,2026,4 - Exceeds Expectations,4,3 - Meets Expectations,Improved,Solid Performer,Balanced Contributor,Low,3.47,Not Applicable,Finalized,1 - Does Not Meet,No,No Change,4.44,7.19,No,No,Technical Excellence,Stakeholder Mgmt,Delegation,9.1,7.6,1.109,2025-01-14,Person with Disability,Below Range,New to role - calibration advisory only.
CAL-8482,EMP-6482,John Jones,Data Science,Individual Contributor,Data Science,Atlanta GA,EMP-5045,Q3 2025 Annual,2025,4 - Exceeds Expectations,4,4 - Exceeds Expectations,Stable,Solid Performer,Balanced Contributor,Medium,2.2,Ready 1-2 Years,Calibration Complete,4 - Exceeds Expectations,No,No Change,4.63,10.08,No,No,Strategic Thinking,Process Improvement,Executive Presence,19.7,6.7,0.784,2023-06-03,URM,Above Range,
CAL-8483,EMP-6483,Ashley Johnson,Sales,Individual Contributor,Sales,Chicago IL,EMP-5045,Q3 2026 Annual,2026,2 - Partially Meets,2,1 - Does Not Meet,Improved,Growth Potential,Inconsistent Player,High,4.91,Not Applicable,Finalized,3 - Meets Expectations,No,No Change,1.76,4.28,No,No,Technical Excellence,Data-Driven,Delegation,5.0,8.2,1.239,2019-05-06,Veteran,Below Range,PIP recommended post calibration.
CAL-8484,EMP-6484,Patricia Garcia,Marketing,Individual Contributor,Marketing,Austin TX,EMP-5025,Q3 2025 Annual,2025,4 - Exceeds Expectations,4,3 - Meets Expectations,Improved,Growth Potential,Core Contributor,Medium,4.63,Ready 3-5 Years,Calibration Complete,4 - Exceeds Expectations,No,Upward,4.33,10.12,No,No,Collaboration,Process Improvement,Technical Depth,10.9,6.7,1.105,2019-10-15,Gender Minority,Above Range,PIP recommended post calibration.
CAL-8485,EMP-6485,Richard Garcia,Data Science,VP,Data Science,Austin TX,EMP-5031,Q1 2026 Mid-Year,2026,3 - Meets Expectations,3,4 - Exceeds Expectations,Declined,Growth Potential,Balanced Contributor,Low,8.72,Ready Now,Finalized,3 - Meets Expectations,Yes,No Change,2.32,2.18,No,No,Analytical Rigor,Team Building,Executive Presence,9.4,7.8,0.988,2025-08-14,URM,Below Range,Flagged for retention risk.
CAL-8486,EMP-6486,James Wilson,People & HR,Director,People & HR,Denver CO,EMP-5042,Q1 2026 Mid-Year,2026,2 - Partially Meets,2,3 - Meets Expectations,Declined,Growth Potential,Inconsistent Player,Low,6.33,Ready 3-5 Years,Finalized,4 - Exceeds Expectations,Yes,Upward,1.44,2.71,No,No,Leadership,Stakeholder Mgmt,Strategic Vision,15.5,9.7,0.861,2018-06-15,Person with Disability,Within Range,Consistent performer over 3 cycles.
CAL-8487,EMP-6487,Daniel Martin,Finance,Director,Finance,Remote,EMP-5006,Q3 2025 Annual,2025,3 - Meets Expectations,3,3 - Meets Expectations,Stable,Needs Coaching,Balanced Contributor,Low,7.33,Ready 1-2 Years,Pending Manager Review,3 - Meets Expectations,No,Upward,3.39,3.9,No,No,Strategic Thinking,Stakeholder Mgmt,Technical Depth,0.9,9.9,1.139,2021-10-17,Person with Disability,Within Range,Consistent performer over 3 cycles.
CAL-8488,EMP-6488,Thomas Rodriguez,People & HR,Individual Contributor,People & HR,San Francisco CA,EMP-5037,Q3 2026 Annual,2026,2 - Partially Meets,2,2 - Partially Meets,Stable,Solid Performer,Balanced Contributor,Low,3.39,Ready Now,Finalized,3 - Meets Expectations,No,No Change,0.74,0.92,No,No,Strategic Thinking,Stakeholder Mgmt,Prioritization,13.1,2.5,0.814,2020-07-25,Veteran,Above Range,Calibration adjusted after group review.
CAL-8489,EMP-6489,William Miller,Legal & Compliance,Team Lead,Legal & Compliance,San Francisco CA,EMP-5023,Q1 2026 Mid-Year,2026,3 - Meets Expectations,3,3 - Meets Expectations,Stable,High Potential,Emerging Talent,Medium,6.88,Ready Now,Finalized,3 - Meets Expectations,No,No Change,3.18,4.01,No,No,Collaboration,Stakeholder Mgmt,Prioritization,3.2,8.7,1.033,2020-05-15,Gender Minority,Within Range,High potential validated by skip-level.
CAL-8490,EMP-6490,Elizabeth Wilson,Legal & Compliance,Director,Legal & Compliance,New York NY,EMP-5033,Q3 2025 Annual,2025,5 - Exceptional,5,3 - Meets Expectations,Improved,Solid Performer,Balanced Contributor,Medium,9.48,Ready 1-2 Years,Finalized,2 - Partially Meets,No,No Change,6.88,7.56,Yes,No,Execution,Problem Solving,Strategic Vision,4.1,6.4,1.272,2019-02-06,Gender Minority,Within Range,
CAL-8491,EMP-6491,Charles Garcia,People & HR,SVP,People & HR,Frisco TX,EMP-5050,Q3 2025 Annual,2025,3 - Meets Expectations,3,4 - Exceeds Expectations,Declined,Growth Potential,Balanced Contributor,Low,4.87,Not Applicable,Finalized,3 - Meets Expectations,No,No Change,2.99,3.7,No,No,Innovation,Data-Driven,Cross-Functional Collaboration,1.1,4.2,0.95,2018-11-14,Veteran,Below Range,High potential validated by skip-level.
CAL-8492,EMP-6492,David Rodriguez,Customer Experience,Senior Manager,Customer Experience,Boston MA,EMP-5029,Q3 2025 Annual,2025,3 - Meets Expectations,3,3 - Meets Expectations,Stable,High Potential,Emerging Talent,High,2.88,Ready 3-5 Years,Finalized,4 - Exceeds Expectations,No,No Change,2.03,3.02,No,No,Strategic Thinking,Results Orientation,Technical Depth,19.4,4.2,1.182,2019-09-23,Gender Minority,Within Range,Consistent performer over 3 cycles.
CAL-8493,EMP-6493,Mark Jackson,Customer Experience,Director,Customer Experience,Chicago IL,EMP-5019,Q3 2026 Annual,2026,3 - Meets Expectations,3,4 - Exceeds Expectations,Declined,Solid Performer,Backbone,Medium,3.97,Ready Now,Finalized,4 - Exceeds Expectations,No,Downward,2.77,4.51,No,No,Communication,Data-Driven,People Management,14.1,8.2,0.858,2018-02-09,No Flag,Above Range,Calibration adjusted after group review.
CAL-8494,EMP-6494,Charles Martin,Data Science,Senior Manager,Data Science,Frisco TX,EMP-5031,Q1 2026 Mid-Year,2026,3 - Meets Expectations,3,3 - Meets Expectations,Stable,Growth Potential,Balanced Contributor,High,3.12,Ready Now,Finalized,3 - Meets Expectations,No,No Change,2.03,3.39,No,No,Adaptability,Mentoring,Prioritization,8.2,6.6,1.34,2023-07-24,Person with Disability,Below Range,Consistent performer over 3 cycles.
CAL-8495,EMP-6495,John Johnson,Operations,Individual Contributor,Operations,Remote,EMP-5017,Q3 2026 Annual,2026,3 - Meets Expectations,3,5 - Exceptional,Declined,Growth Potential,Balanced Contributor,High,2.82,Not Applicable,Finalized,4 - Exceeds Expectations,No,No Change,3.01,6.74,No,No,Analytical Rigor,Mentoring,People Management,6.9,8.8,0.805,2022-09-22,Gender Minority,Above Range,Strong calibration supported by peers.
CAL-8496,EMP-6496,Robert Wilson,Marketing,Manager,Marketing,Denver CO,EMP-5035,Q3 2026 Annual,2026,4 - Exceeds Expectations,4,2 - Partially Meets,Improved,High Potential,Future Leader,High,5.75,Ready Now,Finalized,2 - Partially Meets,No,No Change,4.32,6.56,No,No,Adaptability,Team Building,Strategic Vision,18.4,0.6,1.128,2020-10-17,URM,Below Range,New to role - calibration advisory only.
CAL-8497,EMP-6497,Jennifer Brown,Marketing,Individual Contributor,Marketing,Seattle WA,EMP-5031,Q3 2026 Annual,2026,3 - Meets Expectations,3,4 - Exceeds Expectations,Declined,Growth Potential,Balanced Contributor,High,6.35,Ready 3-5 Years,Pending Manager Review,1 - Does Not Meet,Yes,Downward,2.8,5.58,No,No,Strategic Thinking,Project Delivery,Technical Depth,12.7,6.9,1.053,2023-07-27,Person with Disability,Below Range,
CAL-8498,EMP-6498,Robert Davis,People & HR,Individual Contributor,People & HR,San Francisco CA,EMP-5005,Q1 2025 Mid-Year,2025,4 - Exceeds Expectations,4,3 - Meets Expectations,Improved,Solid Performer,Balanced Contributor,Low,5.13,Ready 1-2 Years,Pending Manager Review,3 - Meets Expectations,No,No Change,4.72,8.57,No,No,Leadership,Problem Solving,Executive Presence,6.0,6.7,0.98,2021-05-09,URM,Below Range,Strong calibration supported by peers.
CAL-8499,EMP-6499,Daniel Taylor,Product,Individual Contributor,Product,New York NY,EMP-5032,Q1 2026 Mid-Year,2026,3 - Meets Expectations,3,3 - Meets Expectations,Stable,High Potential,Emerging Talent,Low,9.51,Ready 1-2 Years,Calibration Complete,3 - Meets Expectations,No,No Change,2.93,5.57,No,No,Execution,Data-Driven,Delegation,15.8,4.8,0.942,2021-02-24,URM,Above Range,Flagged for retention risk.
CAL-8500,EMP-6500,Sandra Johnson,Product,Director,Product,Frisco TX,EMP-5035,Q3 2025 Annual,2025,5 - Exceptional,5,4 - Exceeds Expectations,Improved,Solid Performer,Balanced Contributor,Low,3.48,Not Applicable,Pending Manager Review,2 - Partially Meets,No,Downward,5.44,7.14,Yes,No,Adaptability,Stakeholder Mgmt,Technical Depth,7.7,3.0,1.329,2019-06-24,No Flag,Within Range,Consistent performer over 3 cycles.
CAL-8501,EMP-6501,Maria Gonzalez,Data Science,Senior Manager,Data Science,Remote,EMP-5010,Q3 2025 Annual,2025,3 - Meets Expectations,3,2 - Partially Meets,Improved,High Potential,Emerging Talent,High,3.42,Ready Now,Finalized,2 - Partially Meets,No,No Change,2.42,2.24,No,No,Leadership,Project Delivery,Cross-Functional Collaboration,8.9,3.2,1.103,2025-11-01,Veteran,Below Range,High potential validated by skip-level.
CAL-8502,EMP-6502,Margaret Taylor,Operations,Senior Manager,Operations,San Francisco CA,EMP-5021,Q3 2026 Annual,2026,2 - Partially Meets,2,3 - Meets Expectations,Declined,Growth Potential,Inconsistent Player,High,5.6,Not Applicable,Finalized,3 - Meets Expectations,No,No Change,0.15,0.22,No,No,Leadership,Project Delivery,Executive Presence,9.8,5.5,1.162,2020-07-23,Person with Disability,Above Range,PIP recommended post calibration.
CAL-8503,EMP-6503,Susan Brown,Marketing,Manager,Marketing,Frisco TX,EMP-5035,Q3 2025 Annual,2025,3 - Meets Expectations,3,4 - Exceeds Expectations,Declined,Growth Potential,Balanced Contributor,Low,8.05,Ready 1-2 Years,Finalized,3 - Meets Expectations,Yes,No Change,2.11,3.39,No,No,Innovation,Mentoring,Technical Depth,0.7,8.5,1.335,2020-03-06,Veteran,Below Range,Strong calibration supported by peers.
CAL-8504,EMP-6504,Daniel Jones,Sales,Individual Contributor,Sales,Chicago IL,EMP-5023,Q1 2026 Mid-Year,2026,4 - Exceeds Expectations,4,3 - Meets Expectations,Improved,Solid Performer,Balanced Contributor,High,2.01,Ready Now,Finalized,2 - Partially Meets,No,Downward,3.77,3.22,Yes,No,Strategic Thinking,Project Delivery,Cross-Functional Collaboration,18.7,6.8,0.883,2024-02-21,No Flag,Within Range,Strong calibration supported by peers.
CAL-8505,EMP-6505,Jennifer Garcia,Data Science,Individual Contributor,Data Science,Frisco TX,EMP-5014,Q1 2025 Mid-Year,2025,4 - Exceeds Expectations,4,5 - Exceptional,Declined,Needs Coaching,Balanced Contributor,Low,4.08,Ready 3-5 Years,Finalized,4 - Exceeds Expectations,No,Downward,5.03,9.23,No,No,Communication,Process Improvement,Delegation,2.0,3.3,1.343,2021-09-24,Gender Minority,Within Range,PIP recommended post calibration.
CAL-8506,EMP-6506,Barbara Taylor,Engineering,Manager,Engineering,Chicago IL,EMP-5027,Q3 2026 Annual,2026,4 - Exceeds Expectations,4,3 - Meets Expectations,Improved,High Potential,Future Leader,Low,6.97,Ready 1-2 Years,Calibration Complete,3 - Meets Expectations,No,No Change,5.13,10.41,No,No,Communication,Results Orientation,Cross-Functional Collaboration,13.0,3.2,1.334,2018-06-15,URM,Below Range,
CAL-8507,EMP-6507,Sandra Martin,Marketing,SVP,Marketing,Boston MA,EMP-5007,Q1 2025 Mid-Year,2025,4 - Exceeds Expectations,4,2 - Partially Meets,Improved,Solid Performer,Balanced Contributor,Medium,4.06,Ready Now,Finalized,3 - Meets Expectations,No,No Change,5.34,9.21,Yes,No,Strategic Thinking,Process Improvement,Communication Clarity,16.1,9.3,0.953,2023-10-13,No Flag,Below Range,Consistent performer over 3 cycles.
CAL-8508,EMP-6508,Maria Johnson,Marketing,Individual Contributor,Marketing,Atlanta GA,EMP-5043,Q3 2025 Annual,2025,3 - Meets Expectations,3,3 - Meets Expectations,Stable,Growth Potential,Balanced Contributor,Low,8.75,Ready 1-2 Years,Calibration Complete,3 - Meets Expectations,No,No Change,2.33,5.25,No,No,Collaboration,Mentoring,Cross-Functional Collaboration,13.4,9.0,0.975,2019-11-28,No Flag,Above Range,Calibration adjusted after group review.
CAL-8509,EMP-6509,Elizabeth Wilson,Finance,Manager,Finance,San Francisco CA,EMP-5036,Q3 2025 Annual,2025,4 - Exceeds Expectations,4,3 - Meets Expectations,Improved,Solid Performer,Balanced Contributor,Low,7.94,Ready 3-5 Years,Pending Manager Review,2 - Partially Meets,Yes,Upward,5.36,13.28,No,No,Innovation,Process Improvement,Strategic Vision,4.7,7.2,0.796,2024-03-07,No Flag,Below Range,PIP recommended post calibration.
CAL-8510,EMP-6510,Michael Thomas,Customer Experience,Individual Contributor,Customer Experience,Seattle WA,EMP-5010,Q3 2026 Annual,2026,3 - Meets Expectations,3,4 - Exceeds Expectations,Declined,Needs Coaching,Balanced Contributor,High,1.41,Ready 3-5 Years,Finalized,2 - Partially Meets,No,No Change,3.31,7.26,No,No,Adaptability,Project Delivery,Strategic Vision,14.5,7.7,1.193,2019-03-01,No Flag,Below Range,Strong calibration supported by peers.
CAL-8511,EMP-6511,Christopher Brown,People & HR,Manager,People & HR,Boston MA,EMP-5043,Q3 2025 Annual,2025,5 - Exceptional,5,3 - Meets Expectations,Improved,Needs Coaching,Balanced Contributor,Medium,2.85,Not Applicable,Finalized,3 - Meets Expectations,No,Upward,5.45,7.7,No,No,Leadership,Team Building,People Management,3.5,5.6,0.857,2018-01-23,No Flag,Above Range,New to role - calibration advisory only.
CAL-8512,EMP-6512,William Johnson,People & HR,Individual Contributor,People & HR,New York NY,EMP-5022,Q1 2026 Mid-Year,2026,2 - Partially Meets,2,3 - Meets Expectations,Declined,High Potential,Balanced Contributor,Medium,6.05,Not Applicable,Pending Manager Review,4 - Exceeds Expectations,Yes,No Change,0.67,0.71,No,No,Technical Excellence,Project Delivery,Delegation,9.5,7.9,1.343,2025-03-28,URM,Within Range,
CAL-8513,EMP-6513,Sarah Williams,People & HR,VP,People & HR,Seattle WA,EMP-5000,Q1 2026 Mid-Year,2026,2 - Partially Meets,2,3 - Meets Expectations,Declined,Solid Performer,Balanced Contributor,Medium,7.33,Not Applicable,Finalized,3 - Meets Expectations,No,Downward,0.78,1.85,No,No,Innovation,Process Improvement,Delegation,18.0,7.9,1.325,2018-06-14,Veteran,Below Range,PIP recommended post calibration.
CAL-8514,EMP-6514,Anthony Taylor,Legal & Compliance,Manager,Legal & Compliance,San Francisco CA,EMP-5047,Q1 2025 Mid-Year,2025,4 - Exceeds Expectations,4,1 - Does Not Meet,Improved,Growth Potential,Core Contributor,Low,1.87,Not Applicable,Finalized,2 - Partially Meets,No,No Change,4.8,4.13,No,No,Technical Excellence,Data-Driven,Executive Presence,19.2,1.6,0.803,2020-11-30,URM,Below Range,
CAL-8515,EMP-6515,Ashley Garcia,Operations,Team Lead,Operations,Atlanta GA,EMP-5040,Q3 2025 Annual,2025,5 - Exceptional,5,5 - Exceptional,Stable,Solid Performer,Balanced Contributor,High,4.46,Ready 1-2 Years,Finalized,2 - Partially Meets,No,Upward,5.58,9.67,No,No,Adaptability,Team Building,Technical Depth,7.3,2.7,1.278,2021-07-08,No Flag,Above Range,Calibration adjusted after group review.
CAL-8516,EMP-6516,Maria Lopez,Customer Experience,Team Lead,Customer Experience,New York NY,EMP-5024,Q3 2026 Annual,2026,4 - Exceeds Expectations,4,3 - Meets Expectations,Improved,High Potential,Future Leader,High,1.92,Ready 1-2 Years,Finalized,2 - Partially Meets,No,Downward,4.91,11.93,No,No,Strategic Thinking,Stakeholder Mgmt,Executive Presence,8.6,3.2,1.188,2019-11-30,Veteran,Above Range,PIP recommended post calibration.
CAL-8517,EMP-6517,Charles Taylor,Engineering,Director,Engineering,Boston MA,EMP-5015,Q1 2026 Mid-Year,2026,1 - Does Not Meet,1,3 - Meets Expectations,Declined,Solid Performer,Balanced Contributor,Low,1.07,Not Applicable,Finalized,2 - Partially Meets,Yes,Downward,0.0,0.0,No,No,Leadership,Results Orientation,Cross-Functional Collaboration,19.1,8.1,1.079,2024-11-12,Gender Minority,Below Range,Consistent performer over 3 cycles.
CAL-8518,EMP-6518,John Hernandez,Customer Experience,Team Lead,Customer Experience,Seattle WA,EMP-5040,Q3 2026 Annual,2026,3 - Meets Expectations,3,4 - Exceeds Expectations,Declined,Needs Coaching,Balanced Contributor,Low,4.82,Not Applicable,Finalized,3 - Meets Expectations,No,No Change,2.8,5.04,No,No,Adaptability,Team Building,Delegation,4.5,9.1,1.069,2020-08-23,Veteran,Below Range,Calibration adjusted after group review.
CAL-8519,EMP-6519,Sandra Martin,Operations,Individual Contributor,Operations,Atlanta GA,EMP-5009,Q3 2026 Annual,2026,3 - Meets Expectations,3,5 - Exceptional,Declined,Growth Potential,Balanced Contributor,High,8.18,Ready 3-5 Years,Finalized,5 - Exceptional,No,No Change,3.33,7.0,No,No,Analytical Rigor,Results Orientation,Communication Clarity,19.1,3.5,0.845,2024-06-12,URM,Below Range,
CAL-8520,EMP-6520,Michael Jones,People & HR,Manager,People & HR,Boston MA,EMP-5018,Q3 2025 Annual,2025,3 - Meets Expectations,3,3 - Meets Expectations,Stable,Growth Potential,Balanced Contributor,Low,3.24,Ready Now,Finalized,4 - Exceeds Expectations,No,No Change,2.02,2.78,No,No,Customer Focus,Project Delivery,Prioritization,2.6,4.8,1.205,2022-03-24,URM,Below Range,Flagged for retention risk.
CAL-8521,EMP-6521,David Martin,Operations,Manager,Operations,San Francisco CA,EMP-5027,Q3 2025 Annual,2025,3 - Meets Expectations,3,4 - Exceeds Expectations,Declined,Solid Performer,Backbone,Medium,1.89,Not Applicable,Finalized,4 - Exceeds Expectations,No,No Change,2.27,4.86,No,No,Customer Focus,Process Improvement,Prioritization,9.7,5.9,0.76,2024-03-14,No Flag,Below Range,
CAL-8522,EMP-6522,Linda Taylor,People & HR,Individual Contributor,People & HR,San Francisco CA,EMP-5015,Q3 2026 Annual,2026,4 - Exceeds Expectations,4,2 - Partially Meets,Improved,Growth Potential,Core Contributor,Low,9.14,Ready 3-5 Years,Pending Manager Review,1 - Does Not Meet,Yes,No Change,4.75,6.12,No,No,Communication,Mentoring,Delegation,19.5,3.8,0.97,2019-06-10,Person with Disability,Below Range,High potential validated by skip-level.
CAL-8523,EMP-6523,Mark Rodriguez,Operations,Director,Operations,Chicago IL,EMP-5033,Q1 2025 Mid-Year,2025,3 - Meets Expectations,3,1 - Does Not Meet,Improved,Watch List,Balanced Contributor,High,8.49,Ready Now,Pending Manager Review,4 - Exceeds Expectations,No,No Change,2.85,3.66,No,No,Technical Excellence,Stakeholder Mgmt,Delegation,8.8,3.0,0.791,2021-12-26,Gender Minority,Below Range,
CAL-8524,EMP-6524,Linda Lopez,Finance,VP,Finance,Remote,EMP-5024,Q3 2025 Annual,2025,3 - Meets Expectations,3,3 - Meets Expectations,Stable,Growth Potential,Balanced Contributor,Low,2.58,Ready Now,Pending Manager Review,3 - Meets Expectations,No,Upward,2.41,2.48,No,No,Execution,Team Building,Executive Presence,6.9,3.4,1.131,2018-04-26,Gender Minority,Above Range,Strong calibration supported by peers.
CAL-8525,EMP-6525,Christopher Taylor,Sales,Individual Contributor,Sales,New York NY,EMP-5030,Q3 2026 Annual,2026,3 - Meets Expectations,3,2 - Partially Meets,Improved,Solid Performer,Backbone,Medium,2.75,Not Applicable,Finalized,3 - Meets Expectations,No,Downward,2.83,5.55,No,No,Collaboration,Mentoring,Communication Clarity,2.0,6.1,1.116,2022-09-11,URM,Above Range,
CAL-8526,EMP-6526,James Wilson,Finance,Team Lead,Finance,Denver CO,EMP-5009,Q3 2026 Annual,2026,5 - Exceptional,5,3 - Meets Expectations,Improved,Solid Performer,Balanced Contributor,Low,4.59,Ready 3-5 Years,Pending Manager Review,2 - Partially Meets,No,No Change,6.35,7.99,No,No,Collaboration,Process Improvement,People Management,6.0,3.7,1.329,2019-12-28,Gender Minority,Within Range,Consistent performer over 3 cycles.
CAL-8527,EMP-6527,William Lopez,Product,Individual Contributor,Product,Frisco TX,EMP-5007,Q1 2026 Mid-Year,2026,2 - Partially Meets,2,3 - Meets Expectations,Declined,Needs Coaching,Needs Development,Medium,1.06,Ready 1-2 Years,Pending Manager Review,3 - Meets Expectations,No,No Change,0.75,1.18,No,No,Strategic Thinking,Project Delivery,Communication Clarity,7.5,7.1,1.275,2021-12-16,Veteran,Below Range,
CAL-8528,EMP-6528,Jennifer Anderson,Product,Director,Product,Atlanta GA,EMP-5028,Q1 2025 Mid-Year,2025,2 - Partially Meets,2,3 - Meets Expectations,Declined,Growth Potential,Inconsistent Player,Low,6.68,Ready 1-2 Years,Pending Manager Review,3 - Meets Expectations,No,Downward,1.37,2.08,No,No,Leadership,Results Orientation,Prioritization,9.9,2.7,0.817,2023-05-13,URM,Below Range,New to role - calibration advisory only.
CAL-8529,EMP-6529,William Wilson,People & HR,Team Lead,People & HR,Austin TX,EMP-5047,Q1 2025 Mid-Year,2025,4 - Exceeds Expectations,4,3 - Meets Expectations,Improved,High Potential,Future Leader,Low,3.22,Ready Now,Pending Manager Review,2 - Partially Meets,Yes,Downward,4.24,4.13,No,No,Innovation,Project Delivery,Delegation,9.5,2.3,1.205,2025-04-26,No Flag,Within Range,New to role - calibration advisory only.
CAL-8530,EMP-6530,Linda Smith,Operations,Team Lead,Operations,Chicago IL,EMP-5033,Q1 2025 Mid-Year,2025,4 - Exceeds Expectations,4,1 - Does Not Meet,Improved,Solid Performer,Balanced Contributor,Medium,7.27,Ready 3-5 Years,Calibration Complete,4 - Exceeds Expectations,Yes,Downward,5.06,11.26,No,No,Communication,Data-Driven,Executive Presence,15.8,1.4,1.289,2019-06-18,Person with Disability,Within Range,High potential validated by skip-level.
CAL-8531,EMP-6531,Richard Hernandez,Finance,Individual Contributor,Finance,Frisco TX,EMP-5015,Q3 2026 Annual,2026,4 - Exceeds Expectations,4,3 - Meets Expectations,Improved,Needs Coaching,Balanced Contributor,Medium,9.54,Ready 1-2 Years,Pending Manager Review,3 - Meets Expectations,No,No Change,5.06,11.61,No,No,Leadership,Mentoring,Strategic Vision,10.7,9.8,1.333,2024-06-19,URM,Below Range,New to role - calibration advisory only.
CAL-8532,EMP-6532,Linda Hernandez,People & HR,Individual Contributor,People & HR,Denver CO,EMP-5038,Q1 2025 Mid-Year,2025,2 - Partially Meets,2,2 - Partially Meets,Stable,Solid Performer,Balanced Contributor,Low,5.94,Not Applicable,Pending Manager Review,2 - Partially Meets,No,No Change,1.14,2.64,No,No,Communication,Team Building,Communication Clarity,6.6,5.3,0.967,2025-01-17,No Flag,Within Range,
CAL-8533,EMP-6533,Betty Smith,Data Science,Director,Data Science,Atlanta GA,EMP-5005,Q1 2025 Mid-Year,2025,3 - Meets Expectations,3,3 - Meets Expectations,Stable,Solid Performer,Backbone,Low,1.9,Ready 1-2 Years,Pending Manager Review,3 - Meets Expectations,No,No Change,2.19,2.57,No,No,Innovation,Mentoring,Strategic Vision,8.4,4.6,1.035,2024-08-06,URM,Below Range,Calibration adjusted after group review.
CAL-8534,EMP-6534,Patricia Taylor,Sales,Director,Sales,Remote,EMP-5045,Q1 2025 Mid-Year,2025,3 - Meets Expectations,3,2 - Partially Meets,Improved,Growth Potential,Balanced Contributor,Low,4.7,Ready Now,Finalized,1 - Does Not Meet,No,No Change,2.91,6.43,No,No,Innovation,Team Building,Cross-Functional Collaboration,17.2,0.8,1.252,2019-11-09,Person with Disability,Within Range,Calibration adjusted after group review.
CAL-8535,EMP-6535,Patricia Hernandez,Operations,Team Lead,Operations,Chicago IL,EMP-5015,Q1 2025 Mid-Year,2025,4 - Exceeds Expectations,4,4 - Exceeds Expectations,Stable,Needs Coaching,Balanced Contributor,Low,9.52,Ready Now,Calibration Complete,4 - Exceeds Expectations,No,Downward,3.82,5.09,No,No,Customer Focus,Stakeholder Mgmt,Executive Presence,18.0,7.7,0.809,2025-09-12,Gender Minority,Above Range,
CAL-8536,EMP-6536,Michael Davis,Product,VP,Product,Frisco TX,EMP-5041,Q1 2026 Mid-Year,2026,3 - Meets Expectations,3,5 - Exceptional,Declined,Needs Coaching,Balanced Contributor,High,1.82,Ready 1-2 Years,Finalized,3 - Meets Expectations,No,Upward,3.06,3.6,No,No,Customer Focus,Process Improvement,Executive Presence,11.1,6.4,1.263,2019-04-18,Veteran,Within Range,New to role - calibration advisory only.
CAL-8537,EMP-6537,Jennifer Gonzalez,Legal & Compliance,Senior Manager,Legal & Compliance,Frisco TX,EMP-5003,Q1 2025 Mid-Year,2025,5 - Exceptional,5,4 - Exceeds Expectations,Improved,High Potential,Star,High,6.13,Ready Now,Calibration Complete,3 - Meets Expectations,No,No Change,7.82,13.84,Yes,No,Communication,Project Delivery,Prioritization,2.3,5.9,0.987,2022-03-21,Gender Minority,Below Range,Calibration adjusted after group review.
CAL-8538,EMP-6538,Mark Williams,Customer Experience,Team Lead,Customer Experience,San Francisco CA,EMP-5007,Q1 2026 Mid-Year,2026,3 - Meets Expectations,3,1 - Does Not Meet,Improved,Solid Performer,Backbone,Medium,9.57,Ready 1-2 Years,Calibration Complete,3 - Meets Expectations,No,No Change,2.61,3.46,No,No,Execution,Problem Solving,Strategic Vision,14.8,8.1,0.961,2020-06-29,Veteran,Above Range,Strong calibration supported by peers.
CAL-8539,EMP-6539,Linda Brown,Data Science,Individual Contributor,Data Science,Remote,EMP-5026,Q1 2025 Mid-Year,2025,3 - Meets Expectations,3,4 - Exceeds Expectations,Declined,Growth Potential,Balanced Contributor,High,9.35,Ready 3-5 Years,Calibration Complete,5 - Exceptional,No,Upward,2.86,5.22,No,No,Customer Focus,Problem Solving,Technical Depth,13.2,3.0,1.071,2019-07-31,No Flag,Within Range,New to role - calibration advisory only.
CAL-8540,EMP-6540,Susan Davis,Data Science,Manager,Data Science,Remote,EMP-5035,Q1 2025 Mid-Year,2025,4 - Exceeds Expectations,4,4 - Exceeds Expectations,Stable,High Potential,Future Leader,Medium,5.27,Ready Now,Pending Manager Review,5 - Exceptional,No,No Change,5.45,11.93,Yes,No,Adaptability,Stakeholder Mgmt,People Management,13.5,3.7,1.212,2022-04-22,Person with Disability,Above Range,
CAL-8541,EMP-6541,Joseph Martin,Marketing,Individual Contributor,Marketing,Chicago IL,EMP-5012,Q1 2025 Mid-Year,2025,3 - Meets Expectations,3,4 - Exceeds Expectations,Declined,Solid Performer,Backbone,Medium,3.57,Ready 3-5 Years,Pending Manager Review,5 - Exceptional,No,No Change,2.56,4.35,No,No,Customer Focus,Data-Driven,People Management,18.3,2.8,1.049,2021-05-19,URM,Above Range,Strong calibration supported by peers.
CAL-8542,EMP-6542,Robert Thomas,Marketing,Individual Contributor,Marketing,Frisco TX,EMP-5029,Q1 2026 Mid-Year,2026,3 - Meets Expectations,3,5 - Exceptional,Declined,Needs Coaching,Balanced Contributor,Medium,4.45,Ready Now,Finalized,4 - Exceeds Expectations,Yes,No Change,3.32,6.39,No,No,Execution,Project Delivery,Delegation,5.6,8.5,0.968,2024-06-10,No Flag,Within Range,PIP recommended post calibration.
CAL-8543,EMP-6543,Jennifer Taylor,Sales,Manager,Sales,San Francisco CA,EMP-5050,Q3 2026 Annual,2026,3 - Meets Expectations,3,4 - Exceeds Expectations,Declined,Needs Coaching,Balanced Contributor,High,7.64,Not Applicable,Pending Manager Review,3 - Meets Expectations,No,Downward,2.03,3.7,No,No,Collaboration,Team Building,Technical Depth,8.1,4.9,0.839,2025-08-15,URM,Above Range,
CAL-8544,EMP-6544,Betty Brown,Sales,Individual Contributor,Sales,San Francisco CA,EMP-5046,Q1 2026 Mid-Year,2026,3 - Meets Expectations,3,1 - Does Not Meet,Improved,Solid Performer,Backbone,Medium,8.88,Ready Now,Finalized,3 - Meets Expectations,Yes,Upward,2.65,3.23,No,No,Adaptability,Project Delivery,Cross-Functional Collaboration,3.0,7.5,1.326,2018-06-10,Veteran,Above Range,PIP recommended post calibration.
CAL-8545,EMP-6545,Michael Moore,Engineering,Individual Contributor,Engineering,Chicago IL,EMP-5007,Q3 2026 Annual,2026,2 - Partially Meets,2,4 - Exceeds Expectations,Declined,Watch List,Balanced Contributor,Low,1.66,Not Applicable,Calibration Complete,4 - Exceeds Expectations,Yes,No Change,0.34,0.6,No,No,Analytical Rigor,Mentoring,Cross-Functional Collaboration,6.7,8.8,0.81,2025-08-31,No Flag,Above Range,Consistent performer over 3 cycles.
CAL-8546,EMP-6546,Jessica Taylor,Product,Manager,Product,Chicago IL,EMP-5035,Q3 2025 Annual,2025,5 - Exceptional,5,3 - Meets Expectations,Improved,Solid Performer,Balanced Contributor,Medium,7.2,Not Applicable,Finalized,4 - Exceeds Expectations,No,No Change,6.09,8.14,No,No,Collaboration,Results Orientation,Cross-Functional Collaboration,16.4,7.7,1.178,2018-02-05,URM,Below Range,Strong calibration supported by peers.
CAL-8547,EMP-6547,Mark Hernandez,People & HR,Team Lead,People & HR,Seattle WA,EMP-5007,Q1 2025 Mid-Year,2025,3 - Meets Expectations,3,2 - Partially Meets,Improved,Needs Coaching,Balanced Contributor,Low,8.67,Ready Now,Pending Manager Review,2 - Partially Meets,Yes,No Change,2.54,3.71,No,No,Customer Focus,Process Improvement,Communication Clarity,17.3,6.9,0.974,2022-12-23,No Flag,Within Range,New to role - calibration advisory only.
CAL-8548,EMP-6548,Michael Martin,People & HR,Senior Manager,People & HR,Boston MA,EMP-5012,Q3 2026 Annual,2026,3 - Meets Expectations,3,3 - Meets Expectations,Stable,Needs Coaching,Balanced Contributor,Low,1.24,Ready 3-5 Years,Calibration Complete,1 - Does Not Meet,No,No Change,2.14,2.35,No,No,Collaboration,Results Orientation,Cross-Functional Collaboration,10.7,4.9,0.854,2025-12-18,Person with Disability,Above Range,Consistent performer over 3 cycles.
CAL-8549,EMP-6549,Nancy Garcia,Data Science,Manager,Data Science,New York NY,EMP-5032,Q1 2025 Mid-Year,2025,4 - Exceeds Expectations,4,2 - Partially Meets,Improved,Growth Potential,Core Contributor,Low,9.02,Ready 1-2 Years,Finalized,3 - Meets Expectations,Yes,No Change,3.94,6.18,Yes,No,Collaboration,Process Improvement,Prioritization,13.2,6.1,0.84,2025-11-28,Person with Disability,Within Range,Flagged for retention risk.
CAL-8550,EMP-6550,Karen Anderson,Sales,Manager,Sales,Remote,EMP-5044,Q1 2025 Mid-Year,2025,4 - Exceeds Expectations,4,4 - Exceeds Expectations,Stable,Solid Performer,Balanced Contributor,Low,1.25,Ready 1-2 Years,Calibration Complete,3 - Meets Expectations,Yes,No Change,4.89,4.29,No,No,Analytical Rigor,Mentoring,Strategic Vision,0.6,7.5,1.108,2019-05-30,Gender Minority,Within Range,New to role - calibration advisory only.
CAL-8551,EMP-6551,Matthew Miller,Marketing,VP,Marketing,Denver CO,EMP-5038,Q3 2026 Annual,2026,4 - Exceeds Expectations,4,2 - Partially Meets,Improved,Solid Performer,Balanced Contributor,High,6.59,Ready 3-5 Years,Finalized,3 - Meets Expectations,No,No Change,5.03,4.8,No,No,Execution,Mentoring,Executive Presence,16.0,9.0,1.202,2019-05-19,Person with Disability,Within Range,Strong calibration supported by peers.
CAL-8552,EMP-6552,Ashley Davis,People & HR,Senior Manager,People & HR,Atlanta GA,EMP-5025,Q1 2025 Mid-Year,2025,4 - Exceeds Expectations,4,2 - Partially Meets,Improved,High Potential,Future Leader,Medium,9.75,Ready Now,Finalized,3 - Meets Expectations,No,No Change,3.63,8.19,No,No,Innovation,Results Orientation,Prioritization,6.4,9.5,1.04,2020-09-01,Veteran,Below Range,Calibration adjusted after group review.
CAL-8553,EMP-6553,Susan Martin,Sales,Team Lead,Sales,Seattle WA,EMP-5009,Q1 2025 Mid-Year,2025,4 - Exceeds Expectations,4,3 - Meets Expectations,Improved,Growth Potential,Core Contributor,Low,7.06,Not Applicable,Pending Manager Review,5 - Exceptional,No,No Change,4.97,7.25,Yes,No,Technical Excellence,Process Improvement,Communication Clarity,5.3,6.8,1.004,2023-12-19,No Flag,Within Range,New to role - calibration advisory only.
CAL-8554,EMP-6554,Betty Martin,Data Science,Individual Contributor,Data Science,Seattle WA,EMP-5021,Q3 2025 Annual,2025,2 - Partially Meets,2,3 - Meets Expectations,Declined,Solid Performer,Balanced Contributor,Low,5.98,Not Applicable,Finalized,4 - Exceeds Expectations,Yes,No Change,0.68,0.89,No,No,Execution,Mentoring,Communication Clarity,12.1,4.5,0.932,2019-06-11,Veteran,Above Range,Flagged for retention risk.
CAL-8555,EMP-6555,Patricia Jackson,Engineering,Manager,Engineering,Atlanta GA,EMP-5040,Q1 2026 Mid-Year,2026,4 - Exceeds Expectations,4,4 - Exceeds Expectations,Stable,Needs Coaching,Balanced Contributor,Low,5.68,Ready 3-5 Years,Finalized,4 - Exceeds Expectations,No,Downward,4.45,4.31,No,No,Analytical Rigor,Stakeholder Mgmt,People Management,3.6,5.7,1.042,2024-10-19,Person with Disability,Below Range,
CAL-8556,EMP-6556,John Martinez,Engineering,Director,Engineering,Remote,EMP-5012,Q1 2026 Mid-Year,2026,3 - Meets Expectations,3,3 - Meets Expectations,Stable,Watch List,Balanced Contributor,Low,1.32,Ready Now,Pending Manager Review,3 - Meets Expectations,Yes,No Change,3.37,6.31,No,No,Technical Excellence,Project Delivery,People Management,18.8,3.1,0.82,2018-11-17,Veteran,Within Range,PIP recommended post calibration.
CAL-8557,EMP-6557,Ashley Lopez,Marketing,Individual Contributor,Marketing,Seattle WA,EMP-5045,Q3 2025 Annual,2025,4 - Exceeds Expectations,4,2 - Partially Meets,Improved,Growth Potential,Core Contributor,Low,2.35,Ready 3-5 Years,Finalized,3 - Meets Expectations,No,No Change,4.55,4.3,Yes,No,Adaptability,Project Delivery,Executive Presence,9.8,4.9,1.059,2019-12-12,No Flag,Above Range,PIP recommended post calibration.
CAL-8558,EMP-6558,William Jones,Product,Director,Product,Austin TX,EMP-5026,Q3 2025 Annual,2025,1 - Does Not Meet,1,4 - Exceeds Expectations,Declined,Needs Coaching,Underperformer,Medium,9.03,Not Applicable,Pending Manager Review,2 - Partially Meets,No,No Change,0.0,0.0,No,Yes,Adaptability,Data-Driven,Delegation,10.1,8.0,0.93,2024-12-16,Person with Disability,Below Range,
CAL-8559,EMP-6559,Elizabeth Johnson,Finance,Team Lead,Finance,Denver CO,EMP-5019,Q1 2025 Mid-Year,2025,3 - Meets Expectations,3,3 - Meets Expectations,Stable,Watch List,Balanced Contributor,Medium,9.92,Ready 3-5 Years,Finalized,4 - Exceeds Expectations,Yes,No Change,3.2,7.66,No,No,Technical Excellence,Mentoring,People Management,17.3,1.7,1.268,2020-09-30,Person with Disability,Below Range,Calibration adjusted after group review.
CAL-8560,EMP-6560,Sarah Brown,Finance,Manager,Finance,Remote,EMP-5031,Q1 2026 Mid-Year,2026,2 - Partially Meets,2,1 - Does Not Meet,Improved,Watch List,Balanced Contributor,Low,9.07,Not Applicable,Calibration Complete,3 - Meets Expectations,Yes,Upward,1.08,2.07,No,No,Innovation,Results Orientation,Strategic Vision,9.8,7.7,1.236,2024-10-15,No Flag,Within Range,Consistent performer over 3 cycles.
CAL-8561,EMP-6561,James Williams,Customer Experience,Individual Contributor,Customer Experience,Denver CO,EMP-5027,Q1 2026 Mid-Year,2026,4 - Exceeds Expectations,4,4 - Exceeds Expectations,Stable,Watch List,Balanced Contributor,High,2.02,Not Applicable,Pending Manager Review,2 - Partially Meets,No,No Change,4.3,10.67,No,No,Analytical Rigor,Data-Driven,Executive Presence,10.0,9.1,1.032,2024-06-23,Person with Disability,Within Range,Strong calibration supported by peers.
CAL-8562,EMP-6562,Christopher Gonzalez,People & HR,Manager,People & HR,Remote,EMP-5050,Q1 2025 Mid-Year,2025,1 - Does Not Meet,1,5 - Exceptional,Declined,Solid Performer,Balanced Contributor,Medium,7.74,Ready 3-5 Years,Finalized,3 - Meets Expectations,Yes,Downward,0.0,0.0,No,Yes,Innovation,Data-Driven,People Management,12.7,3.6,0.967,2025-11-25,URM,Within Range,New to role - calibration advisory only.
CAL-8563,EMP-6563,Elizabeth Martin,Finance,Team Lead,Finance,Seattle WA,EMP-5001,Q1 2025 Mid-Year,2025,5 - Exceptional,5,3 - Meets Expectations,Improved,Growth Potential,High Performer,Low,3.48,Ready Now,Pending Manager Review,3 - Meets Expectations,No,No Change,7.63,13.86,No,No,Adaptability,Stakeholder Mgmt,Prioritization,15.0,7.2,0.866,2025-05-11,No Flag,Above Range,Consistent performer over 3 cycles.
CAL-8564,EMP-6564,Betty Wilson,Product,Senior Manager,Product,Atlanta GA,EMP-5046,Q3 2025 Annual,2025,3 - Meets Expectations,3,4 - Exceeds Expectations,Declined,Solid Performer,Backbone,Medium,5.16,Ready 3-5 Years,Finalized,2 - Partially Meets,No,No Change,2.56,2.16,No,No,Collaboration,Team Building,Delegation,4.4,5.2,1.313,2021-07-24,Gender Minority,Within Range,Flagged for retention risk.
CAL-8565,EMP-6565,Richard Martinez,Marketing,Team Lead,Marketing,Chicago IL,EMP-5049,Q3 2026 Annual,2026,4 - Exceeds Expectations,4,4 - Exceeds Expectations,Stable,Growth Potential,Core Contributor,Medium,9.5,Ready Now,Finalized,2 - Partially Meets,No,No Change,4.51,3.74,Yes,No,Leadership,Process Improvement,Strategic Vision,14.4,6.6,0.753,2021-10-16,URM,Within Range,New to role - calibration advisory only.
CAL-8566,EMP-6566,Matthew Taylor,Marketing,Team Lead,Marketing,Frisco TX,EMP-5014,Q3 2025 Annual,2025,5 - Exceptional,5,3 - Meets Expectations,Improved,Watch List,Balanced Contributor,High,5.56,Ready 3-5 Years,Finalized,3 - Meets Expectations,Yes,Upward,6.62,6.88,Yes,No,Execution,Process Improvement,Prioritization,10.5,6.7,1.276,2020-10-13,URM,Below Range,Flagged for retention risk.
CAL-8567,EMP-6567,Joseph Gonzalez,Legal & Compliance,Individual Contributor,Legal & Compliance,Atlanta GA,EMP-5049,Q1 2025 Mid-Year,2025,3 - Meets Expectations,3,3 - Meets Expectations,Stable,Solid Performer,Backbone,High,4.96,Not Applicable,Calibration Complete,3 - Meets Expectations,No,No Change,3.32,7.3,No,No,Adaptability,Process Improvement,Prioritization,13.7,7.8,0.913,2023-07-16,Person with Disability,Within Range,Flagged for retention risk.
CAL-8568,EMP-6568,Mark Lopez,People & HR,Senior Manager,People & HR,Boston MA,EMP-5008,Q1 2025 Mid-Year,2025,1 - Does Not Meet,1,3 - Meets Expectations,Declined,Growth Potential,Balanced Contributor,Low,5.79,Ready 3-5 Years,Pending Manager Review,4 - Exceeds Expectations,No,Upward,0.0,0.0,No,Yes,Collaboration,Mentoring,Prioritization,10.0,4.1,1.085,2023-06-25,URM,Below Range,New to role - calibration advisory only.
CAL-8569,EMP-6569,Karen Moore,Engineering,Manager,Engineering,Austin TX,EMP-5041,Q1 2026 Mid-Year,2026,3 - Meets Expectations,3,2 - Partially Meets,Improved,High Potential,Emerging Talent,Low,6.65,Ready 3-5 Years,Calibration Complete,5 - Exceptional,Yes,No Change,2.88,7.14,No,No,Innovation,Data-Driven,Strategic Vision,10.1,4.1,0.849,2018-05-17,Gender Minority,Within Range,Strong calibration supported by peers.
CAL-8570,EMP-6570,Richard Williams,People & HR,Senior Manager,People & HR,Chicago IL,EMP-5039,Q3 2026 Annual,2026,2 - Partially Meets,2,4 - Exceeds Expectations,Declined,High Potential,Balanced Contributor,Medium,5.1,Ready 1-2 Years,Finalized,3 - Meets Expectations,No,No Change,1.26,1.47,No,No,Execution,Team Building,Delegation,9.2,1.3,0.9,2025-08-08,Gender Minority,Above Range,
CAL-8571,EMP-6571,Joseph Jones,Operations,Individual Contributor,Operations,Denver CO,EMP-5036,Q3 2025 Annual,2025,5 - Exceptional,5,3 - Meets Expectations,Improved,Watch List,Balanced Contributor,Low,3.86,Ready 3-5 Years,Finalized,2 - Partially Meets,No,No Change,5.04,12.4,No,No,Customer Focus,Team Building,Technical Depth,11.1,7.3,0.77,2022-12-21,Gender Minority,Below Range,Calibration adjusted after group review.
CAL-8572,EMP-6572,Matthew Brown,Customer Experience,Director,Customer Experience,Chicago IL,EMP-5027,Q3 2025 Annual,2025,3 - Meets Expectations,3,3 - Meets Expectations,Stable,Growth Potential,Balanced Contributor,Medium,5.23,Ready 1-2 Years,Finalized,3 - Meets Expectations,No,No Change,2.43,3.74,No,No,Communication,Process Improvement,Strategic Vision,6.1,1.9,1.282,2020-09-29,Veteran,Below Range,PIP recommended post calibration.
CAL-8573,EMP-6573,Sandra Williams,Data Science,Individual Contributor,Data Science,Atlanta GA,EMP-5035,Q3 2025 Annual,2025,2 - Partially Meets,2,2 - Partially Meets,Stable,Solid Performer,Balanced Contributor,High,6.66,Ready 3-5 Years,Finalized,3 - Meets Expectations,No,No Change,0.78,1.82,No,No,Analytical Rigor,Mentoring,Communication Clarity,10.8,1.2,1.091,2022-01-29,Gender Minority,Above Range,Consistent performer over 3 cycles.
CAL-8574,EMP-6574,Jessica Smith,Engineering,Manager,Engineering,San Francisco CA,EMP-5006,Q3 2026 Annual,2026,4 - Exceeds Expectations,4,3 - Meets Expectations,Improved,Watch List,Balanced Contributor,Medium,2.41,Ready Now,Finalized,2 - Partially Meets,No,No Change,4.38,5.93,No,No,Execution,Stakeholder Mgmt,People Management,6.9,3.4,0.782,2021-11-03,Veteran,Within Range,Consistent performer over 3 cycles.
CAL-8575,EMP-6575,Patricia Anderson,Operations,Team Lead,Operations,Boston MA,EMP-5024,Q3 2026 Annual,2026,3 - Meets Expectations,3,3 - Meets Expectations,Stable,Solid Performer,Backbone,Low,5.37,Ready 3-5 Years,Finalized,3 - Meets Expectations,Yes,No Change,2.98,2.55,No,No,Analytical Rigor,Stakeholder Mgmt,Delegation,19.9,7.9,0.947,2021-05-28,Person with Disability,Below Range,High potential validated by skip-level.
CAL-8576,EMP-6576,Joseph Rodriguez,Finance,Director,Finance,Denver CO,EMP-5049,Q1 2026 Mid-Year,2026,2 - Partially Meets,2,2 - Partially Meets,Stable,High Potential,Balanced Contributor,Low,4.07,Not Applicable,Finalized,1 - Does Not Meet,No,No Change,0.97,1.31,No,No,Communication,Project Delivery,Communication Clarity,10.3,5.3,0.751,2021-12-24,Gender Minority,Within Range,
CAL-8577,EMP-6577,David Gonzalez,People & HR,Individual Contributor,People & HR,Boston MA,EMP-5038,Q1 2026 Mid-Year,2026,3 - Meets Expectations,3,3 - Meets Expectations,Stable,Needs Coaching,Balanced Contributor,Low,9.02,Ready Now,Calibration Complete,5 - Exceptional,No,No Change,3.46,7.64,No,No,Strategic Thinking,Results Orientation,Delegation,17.4,6.3,1.032,2021-02-02,URM,Above Range,PIP recommended post calibration.
CAL-8578,EMP-6578,Jessica Smith,Sales,Team Lead,Sales,Denver CO,EMP-5029,Q1 2026 Mid-Year,2026,3 - Meets Expectations,3,2 - Partially Meets,Improved,Growth Potential,Balanced Contributor,High,5.11,Not Applicable,Finalized,3 - Meets Expectations,Yes,Downward,3.39,4.12,No,No,Execution,Problem Solving,Technical Depth,16.1,5.2,0.904,2020-01-20,Person with Disability,Above Range,PIP recommended post calibration.
CAL-8579,EMP-6579,Mark Jones,Customer Experience,Individual Contributor,Customer Experience,Chicago IL,EMP-5014,Q3 2025 Annual,2025,3 - Meets Expectations,3,3 - Meets Expectations,Stable,Growth Potential,Balanced Contributor,Low,9.21,Ready 1-2 Years,Calibration Complete,3 - Meets Expectations,No,No Change,2.68,5.42,No,No,Strategic Thinking,Results Orientation,Delegation,11.2,2.4,0.811,2025-05-05,Person with Disability,Above Range,Consistent performer over 3 cycles.
CAL-8580,EMP-6580,Matthew Martin,Product,Individual Contributor,Product,Frisco TX,EMP-5002,Q1 2025 Mid-Year,2025,1 - Does Not Meet,1,3 - Meets Expectations,Declined,High Potential,Balanced Contributor,Low,1.38,Not Applicable,Finalized,3 - Meets Expectations,No,No Change,0.0,0.0,No,No,Leadership,Data-Driven,Strategic Vision,3.5,2.7,1.284,2021-09-25,Veteran,Below Range,Strong calibration supported by peers.
CAL-8581,EMP-6581,Betty Moore,Customer Experience,Individual Contributor,Customer Experience,Denver CO,EMP-5014,Q1 2026 Mid-Year,2026,3 - Meets Expectations,3,2 - Partially Meets,Improved,Growth Potential,Balanced Contributor,Low,2.77,Ready 3-5 Years,Finalized,4 - Exceeds Expectations,No,No Change,2.67,4.38,No,No,Communication,Process Improvement,Strategic Vision,11.4,9.9,1.103,2021-12-25,URM,Above Range,Calibration adjusted after group review.
CAL-8582,EMP-6582,Robert Hernandez,Marketing,Individual Contributor,Marketing,Remote,EMP-5015,Q1 2025 Mid-Year,2025,4 - Exceeds Expectations,4,3 - Meets Expectations,Improved,Solid Performer,Balanced Contributor,High,7.65,Ready 3-5 Years,Finalized,4 - Exceeds Expectations,No,No Change,5.12,7.52,No,No,Adaptability,Data-Driven,Technical Depth,10.0,7.9,1.197,2023-01-08,No Flag,Below Range,Consistent performer over 3 cycles.
CAL-8583,EMP-6583,Patricia Martin,Engineering,Manager,Engineering,Boston MA,EMP-5046,Q3 2025 Annual,2025,3 - Meets Expectations,3,2 - Partially Meets,Improved,High Potential,Emerging Talent,Low,4.11,Ready 1-2 Years,Finalized,2 - Partially Meets,No,Upward,2.28,2.36,No,No,Leadership,Problem Solving,Strategic Vision,3.2,8.6,0.897,2021-12-06,No Flag,Within Range,
CAL-8584,EMP-6584,Daniel Rodriguez,Data Science,Manager,Data Science,Austin TX,EMP-5003,Q3 2026 Annual,2026,4 - Exceeds Expectations,4,2 - Partially Meets,Improved,Solid Performer,Balanced Contributor,Low,3.86,Ready 1-2 Years,Finalized,2 - Partially Meets,Yes,No Change,3.99,6.96,No,No,Adaptability,Mentoring,Technical Depth,7.0,9.0,0.924,2019-06-10,URM,Within Range,PIP recommended post calibration.
CAL-8585,EMP-6585,David Anderson,Marketing,Team Lead,Marketing,Atlanta GA,EMP-5044,Q3 2026 Annual,2026,3 - Meets Expectations,3,3 - Meets Expectations,Stable,Solid Performer,Backbone,High,3.14,Ready Now,Calibration Complete,4 - Exceeds Expectations,No,No Change,2.22,4.51,No,No,Collaboration,Project Delivery,Delegation,5.6,2.2,1.137,2024-11-02,URM,Below Range,Flagged for retention risk.
CAL-8586,EMP-6586,Linda Wilson,Finance,Director,Finance,Boston MA,EMP-5013,Q3 2026 Annual,2026,3 - Meets Expectations,3,3 - Meets Expectations,Stable,Solid Performer,Backbone,Low,8.34,Ready Now,Pending Manager Review,3 - Meets Expectations,No,No Change,2.93,4.43,No,No,Innovation,Problem Solving,Strategic Vision,6.7,8.9,0.761,2018-04-19,URM,Below Range,Flagged for retention risk.
CAL-8587,EMP-6587,Nancy Rodriguez,Marketing,Manager,Marketing,Frisco TX,EMP-5023,Q3 2026 Annual,2026,3 - Meets Expectations,3,3 - Meets Expectations,Stable,High Potential,Emerging Talent,High,3.47,Not Applicable,Finalized,3 - Meets Expectations,No,No Change,2.8,5.62,No,No,Execution,Team Building,Prioritization,5.0,1.6,1.108,2023-05-20,Gender Minority,Above Range,Flagged for retention risk.
CAL-8588,EMP-6588,John Rodriguez,Product,Individual Contributor,Product,Denver CO,EMP-5047,Q1 2026 Mid-Year,2026,3 - Meets Expectations,3,4 - Exceeds Expectations,Declined,Solid Performer,Backbone,Low,2.35,Ready Now,Pending Manager Review,3 - Meets Expectations,No,No Change,2.1,3.68,No,No,Leadership,Stakeholder Mgmt,Executive Presence,1.0,4.3,1.178,2022-07-28,Gender Minority,Below Range,Strong calibration supported by peers.
CAL-8589,EMP-6589,Joseph Anderson,Customer Experience,Individual Contributor,Customer Experience,Chicago IL,EMP-5031,Q1 2025 Mid-Year,2025,3 - Meets Expectations,3,2 - Partially Meets,Improved,Watch List,Balanced Contributor,Low,8.97,Ready 3-5 Years,Finalized,3 - Meets Expectations,Yes,Downward,2.36,3.26,No,No,Customer Focus,Project Delivery,Delegation,16.8,2.6,1.188,2019-12-09,Person with Disability,Below Range,New to role - calibration advisory only.
CAL-8590,EMP-6590,Mark Gonzalez,Sales,Director,Sales,Seattle WA,EMP-5011,Q3 2025 Annual,2025,4 - Exceeds Expectations,4,3 - Meets Expectations,Improved,High Potential,Future Leader,Low,7.46,Ready 1-2 Years,Calibration Complete,3 - Meets Expectations,Yes,No Change,4.36,10.18,Yes,No,Customer Focus,Stakeholder Mgmt,Cross-Functional Collaboration,1.3,7.3,0.954,2021-09-24,Veteran,Below Range,PIP recommended post calibration.
CAL-8591,EMP-6591,Margaret Williams,Finance,Team Lead,Finance,San Francisco CA,EMP-5033,Q1 2026 Mid-Year,2026,4 - Exceeds Expectations,4,3 - Meets Expectations,Improved,Growth Potential,Core Contributor,Low,1.68,Ready 3-5 Years,Pending Manager Review,5 - Exceptional,No,No Change,3.64,3.61,No,No,Innovation,Results Orientation,Cross-Functional Collaboration,12.5,9.8,0.91,2021-05-31,Veteran,Below Range,PIP recommended post calibration.
CAL-8592,EMP-6592,Anthony Brown,Operations,Individual Contributor,Operations,Atlanta GA,EMP-5038,Q1 2025 Mid-Year,2025,3 - Meets Expectations,3,3 - Meets Expectations,Stable,Solid Performer,Backbone,Low,9.04,Ready 1-2 Years,Finalized,3 - Meets Expectations,No,Downward,2.37,3.47,No,No,Analytical Rigor,Mentoring,Strategic Vision,0.6,4.5,0.977,2025-04-12,Veteran,Within Range,Calibration adjusted after group review.
CAL-8593,EMP-6593,Mark Rodriguez,Marketing,Team Lead,Marketing,Denver CO,EMP-5022,Q3 2026 Annual,2026,4 - Exceeds Expectations,4,4 - Exceeds Expectations,Stable,Solid Performer,Balanced Contributor,Medium,7.41,Ready 3-5 Years,Finalized,3 - Meets Expectations,Yes,No Change,3.85,8.13,No,No,Collaboration,Mentoring,Prioritization,11.0,9.6,1.183,2022-10-28,Person with Disability,Below Range,New to role - calibration advisory only.
CAL-8594,EMP-6594,Joseph Taylor,Customer Experience,Director,Customer Experience,Boston MA,EMP-5008,Q3 2026 Annual,2026,3 - Meets Expectations,3,3 - Meets Expectations,Stable,Solid Performer,Backbone,Medium,7.49,Not Applicable,Finalized,4 - Exceeds Expectations,No,Downward,2.98,6.26,No,No,Execution,Data-Driven,Delegation,5.0,10.0,1.252,2019-04-11,No Flag,Below Range,Consistent performer over 3 cycles.
CAL-8595,EMP-6595,Betty Jackson,Finance,VP,Finance,Frisco TX,EMP-5036,Q1 2025 Mid-Year,2025,3 - Meets Expectations,3,3 - Meets Expectations,Stable,Solid Performer,Backbone,Low,8.13,Not Applicable,Finalized,3 - Meets Expectations,No,Downward,3.37,6.36,No,No,Technical Excellence,Project Delivery,Technical Depth,11.6,3.4,0.906,2022-12-29,Gender Minority,Below Range,New to role - calibration advisory only.
CAL-8596,EMP-6596,Daniel Hernandez,People & HR,Individual Contributor,People & HR,San Francisco CA,EMP-5031,Q1 2026 Mid-Year,2026,2 - Partially Meets,2,3 - Meets Expectations,Declined,Solid Performer,Balanced Contributor,Low,5.92,Ready 1-2 Years,Pending Manager Review,4 - Exceeds Expectations,Yes,Downward,1.89,3.42,No,No,Innovation,Mentoring,People Management,16.8,6.0,1.159,2020-04-05,URM,Below Range,Flagged for retention risk.
CAL-8597,EMP-6597,Sarah Davis,Legal & Compliance,SVP,Legal & Compliance,San Francisco CA,EMP-5045,Q1 2026 Mid-Year,2026,3 - Meets Expectations,3,4 - Exceeds Expectations,Declined,Solid Performer,Backbone,High,1.36,Ready 1-2 Years,Finalized,2 - Partially Meets,Yes,No Change,2.09,2.2,No,No,Innovation,Mentoring,Executive Presence,17.9,4.4,1.161,2020-07-02,No Flag,Within Range,PIP recommended post calibration.
CAL-8598,EMP-6598,Daniel Davis,Customer Experience,Individual Contributor,Customer Experience,San Francisco CA,EMP-5027,Q1 2025 Mid-Year,2025,3 - Meets Expectations,3,4 - Exceeds Expectations,Declined,Growth Potential,Balanced Contributor,Medium,9.19,Ready Now,Calibration Complete,3 - Meets Expectations,Yes,No Change,2.82,3.44,No,No,Execution,Results Orientation,Communication Clarity,3.9,7.4,0.871,2022-07-15,Veteran,Below Range,Calibration adjusted after group review.
CAL-8599,EMP-6599,Mark Rodriguez,Legal & Compliance,Senior Manager,Legal & Compliance,Atlanta GA,EMP-5013,Q1 2026 Mid-Year,2026,3 - Meets Expectations,3,5 - Exceptional,Declined,Solid Performer,Backbone,High,1.95,Ready Now,Calibration Complete,1 - Does Not Meet,No,Downward,2.64,5.93,No,No,Innovation,Problem Solving,Communication Clarity,14.9,7.6,1.203,2020-01-01,Gender Minority,Within Range,PIP recommended post calibration.
CAL-8600,EMP-6600,John Moore,Marketing,Manager,Marketing,Chicago IL,EMP-5000,Q1 2025 Mid-Year,2025,4 - Exceeds Expectations,4,3 - Meets Expectations,Improved,Solid Performer,Balanced Contributor,Low,5.71,Ready Now,Pending Manager Review,4 - Exceeds Expectations,No,Downward,4.82,8.18,No,No,Analytical Rigor,Problem Solving,Strategic Vision,6.9,1.9,1.226,2019-05-02,Person with Disability,Above Range,
CAL-8601,EMP-6601,Patricia Hernandez,People & HR,Manager,People & HR,Remote,EMP-5009,Q3 2025 Annual,2025,3 - Meets Expectations,3,3 - Meets Expectations,Stable,Solid Performer,Backbone,Medium,6.1,Ready Now,Pending Manager Review,2 - Partially Meets,No,No Change,2.16,3.32,No,No,Communication,Results Orientation,Delegation,13.7,3.7,1.083,2021-04-03,No Flag,Below Range,Flagged for retention risk.
CAL-8602,EMP-6602,Matthew Johnson,People & HR,Senior Manager,People & HR,Denver CO,EMP-5035,Q1 2026 Mid-Year,2026,3 - Meets Expectations,3,4 - Exceeds Expectations,Declined,Solid Performer,Backbone,High,1.15,Not Applicable,Finalized,3 - Meets Expectations,No,No Change,2.42,1.94,No,No,Customer Focus,Stakeholder Mgmt,Communication Clarity,16.7,3.2,1.011,2020-12-11,No Flag,Below Range,Calibration adjusted after group review.
CAL-8603,EMP-6603,Linda Anderson,Sales,Senior Manager,Sales,Denver CO,EMP-5048,Q3 2026 Annual,2026,3 - Meets Expectations,3,3 - Meets Expectations,Stable,Solid Performer,Backbone,Low,2.91,Ready 3-5 Years,Pending Manager Review,1 - Does Not Meet,No,No Change,2.62,2.27,No,No,Adaptability,Stakeholder Mgmt,People Management,1.3,9.4,1.275,2020-09-12,URM,Within Range,High potential validated by skip-level.
CAL-8604,EMP-6604,Barbara Garcia,Marketing,SVP,Marketing,Seattle WA,EMP-5046,Q1 2026 Mid-Year,2026,3 - Meets Expectations,3,3 - Meets Expectations,Stable,Needs Coaching,Balanced Contributor,Low,5.72,Ready 3-5 Years,Pending Manager Review,2 - Partially Meets,No,Downward,2.87,3.64,No,No,Innovation,Problem Solving,Executive Presence,11.5,2.0,1.134,2019-07-19,Gender Minority,Below Range,Flagged for retention risk.
CAL-8605,EMP-6605,Charles Thomas,Data Science,Director,Data Science,Chicago IL,EMP-5003,Q1 2026 Mid-Year,2026,3 - Meets Expectations,3,4 - Exceeds Expectations,Declined,Solid Performer,Backbone,Low,2.63,Ready Now,Calibration Complete,1 - Does Not Meet,No,Downward,2.76,3.59,No,No,Technical Excellence,Mentoring,Technical Depth,14.3,8.8,1.339,2018-10-08,No Flag,Within Range,
CAL-8606,EMP-6606,Christopher Johnson,Data Science,Senior Manager,Data Science,San Francisco CA,EMP-5044,Q1 2025 Mid-Year,2025,4 - Exceeds Expectations,4,3 - Meets Expectations,Improved,Needs Coaching,Balanced Contributor,Medium,8.09,Ready 1-2 Years,Finalized,3 - Meets Expectations,Yes,Upward,4.18,6.95,No,No,Strategic Thinking,Project Delivery,Communication Clarity,5.8,9.9,0.872,2023-10-06,No Flag,Above Range,
CAL-8607,EMP-6607,Linda Martin,Legal & Compliance,Individual Contributor,Legal & Compliance,Seattle WA,EMP-5005,Q1 2026 Mid-Year,2026,3 - Meets Expectations,3,4 - Exceeds Expectations,Declined,Needs Coaching,Balanced Contributor,Medium,4.68,Ready 1-2 Years,Pending Manager Review,3 - Meets Expectations,Yes,Downward,2.48,4.76,No,No,Collaboration,Team Building,People Management,9.5,3.8,0.827,2020-07-09,Person with Disability,Below Range,
CAL-8608,EMP-6608,Sarah Smith,Sales,Manager,Sales,New York NY,EMP-5033,Q1 2025 Mid-Year,2025,2 - Partially Meets,2,4 - Exceeds Expectations,Declined,High Potential,Balanced Contributor,Medium,8.65,Ready 3-5 Years,Finalized,3 - Meets Expectations,No,Upward,1.47,2.94,No,No,Strategic Thinking,Process Improvement,Strategic Vision,1.1,0.6,1.271,2021-03-03,URM,Below Range,Consistent performer over 3 cycles.
CAL-8609,EMP-6609,Matthew Taylor,Operations,Manager,Operations,Denver CO,EMP-5009,Q1 2025 Mid-Year,2025,3 - Meets Expectations,3,3 - Meets Expectations,Stable,Needs Coaching,Balanced Contributor,Low,2.26,Ready 3-5 Years,Finalized,3 - Meets Expectations,Yes,No Change,3.34,6.75,No,No,Strategic Thinking,Results Orientation,Communication Clarity,8.2,7.0,1.236,2025-06-21,URM,Within Range,Strong calibration supported by peers.
CAL-8610,EMP-6610,John Lopez,Legal & Compliance,Individual Contributor,Legal & Compliance,San Francisco CA,EMP-5025,Q1 2026 Mid-Year,2026,4 - Exceeds Expectations,4,4 - Exceeds Expectations,Stable,High Potential,Future Leader,Low,7.88,Ready 3-5 Years,Pending Manager Review,5 - Exceptional,Yes,Upward,3.71,4.13,No,No,Customer Focus,Results Orientation,Prioritization,13.1,6.3,1.237,2020-11-03,Gender Minority,Above Range,Consistent performer over 3 cycles.
CAL-8611,EMP-6611,Sarah Johnson,Data Science,Director,Data Science,Denver CO,EMP-5045,Q1 2025 Mid-Year,2025,4 - Exceeds Expectations,4,5 - Exceptional,Declined,Needs Coaching,Balanced Contributor,Low,1.62,Ready Now,Calibration Complete,2 - Partially Meets,No,No Change,5.27,5.48,Yes,No,Communication,Mentoring,Technical Depth,15.6,1.9,1.296,2019-01-18,URM,Within Range,New to role - calibration advisory only.
CAL-8612,EMP-6612,Sarah Jones,Data Science,Senior Manager,Data Science,Frisco TX,EMP-5023,Q3 2025 Annual,2025,3 - Meets Expectations,3,3 - Meets Expectations,Stable,Solid Performer,Backbone,Medium,7.86,Not Applicable,Calibration Complete,4 - Exceeds Expectations,No,No Change,2.4,1.98,No,No,Analytical Rigor,Project Delivery,Executive Presence,5.3,8.0,1.057,2023-02-23,No Flag,Within Range,
CAL-8613,EMP-6613,Ashley Jackson,Finance,Team Lead,Finance,New York NY,EMP-5033,Q3 2025 Annual,2025,3 - Meets Expectations,3,3 - Meets Expectations,Stable,High Potential,Emerging Talent,Low,4.58,Ready Now,Finalized,4 - Exceeds Expectations,No,No Change,2.55,5.74,No,No,Collaboration,Data-Driven,Delegation,16.4,6.4,1.117,2020-02-28,Gender Minority,Within Range,New to role - calibration advisory only.
CAL-8614,EMP-6614,Sandra Anderson,Engineering,Director,Engineering,Atlanta GA,EMP-5020,Q3 2025 Annual,2025,3 - Meets Expectations,3,2 - Partially Meets,Improved,High Potential,Emerging Talent,Low,5.34,Not Applicable,Calibration Complete,3 - Meets Expectations,No,No Change,3.48,3.27,No,No,Technical Excellence,Data-Driven,Technical Depth,10.7,3.3,1.075,2025-03-01,Gender Minority,Above Range,
CAL-8615,EMP-6615,Patricia Garcia,Finance,VP,Finance,Denver CO,EMP-5019,Q3 2026 Annual,2026,5 - Exceptional,5,3 - Meets Expectations,Improved,High Potential,Star,High,3.1,Ready 3-5 Years,Pending Manager Review,3 - Meets Expectations,No,No Change,7.74,12.21,Yes,No,Analytical Rigor,Stakeholder Mgmt,Technical Depth,16.4,8.0,0.989,2022-02-18,No Flag,Below Range,
CAL-8616,EMP-6616,Jennifer Williams,Legal & Compliance,Team Lead,Legal & Compliance,San Francisco CA,EMP-5040,Q3 2025 Annual,2025,1 - Does Not Meet,1,4 - Exceeds Expectations,Declined,Growth Potential,Balanced Contributor,Low,1.63,Not Applicable,Pending Manager Review,2 - Partially Meets,No,Upward,0.0,0.0,No,No,Leadership,Mentoring,Prioritization,10.8,7.2,1.106,2020-02-22,No Flag,Below Range,PIP recommended post calibration.
CAL-8617,EMP-6617,John Johnson,Sales,VP,Sales,Denver CO,EMP-5016,Q1 2025 Mid-Year,2025,4 - Exceeds Expectations,4,3 - Meets Expectations,Improved,Growth Potential,Core Contributor,High,5.89,Ready 1-2 Years,Finalized,2 - Partially Meets,No,Upward,4.66,11.24,Yes,No,Innovation,Process Improvement,People Management,11.9,4.3,0.958,2019-11-01,URM,Above Range,Strong calibration supported by peers.
CAL-8618,EMP-6618,John Anderson,Finance,Individual Contributor,Finance,Atlanta GA,EMP-5027,Q3 2026 Annual,2026,4 - Exceeds Expectations,4,2 - Partially Meets,Improved,High Potential,Future Leader,Low,1.88,Ready 3-5 Years,Pending Manager Review,3 - Meets Expectations,Yes,No Change,4.34,8.17,No,No,Execution,Stakeholder Mgmt,Cross-Functional Collaboration,16.5,6.7,0.878,2025-10-14,No Flag,Within Range,New to role - calibration advisory only.
CAL-8619,EMP-6619,Ashley Garcia,Data Science,Individual Contributor,Data Science,Chicago IL,EMP-5044,Q3 2025 Annual,2025,2 - Partially Meets,2,2 - Partially Meets,Stable,Solid Performer,Balanced Contributor,Low,1.34,Ready Now,Finalized,2 - Partially Meets,No,No Change,1.3,3.02,No,No,Customer Focus,Data-Driven,Strategic Vision,18.7,2.0,1.013,2018-11-23,No Flag,Below Range,High potential validated by skip-level.
CAL-8620,EMP-6620,Nancy Moore,Customer Experience,Manager,Customer Experience,Frisco TX,EMP-5034,Q1 2025 Mid-Year,2025,3 - Meets Expectations,3,5 - Exceptional,Declined,Growth Potential,Balanced Contributor,Medium,7.53,Not Applicable,Finalized,4 - Exceeds Expectations,No,No Change,2.32,3.61,No,No,Collaboration,Problem Solving,Technical Depth,18.2,7.9,0.9,2019-02-08,Veteran,Above Range,Flagged for retention risk.
CAL-8621,EMP-6621,William Jackson,Sales,Individual Contributor,Sales,Boston MA,EMP-5013,Q3 2026 Annual,2026,3 - Meets Expectations,3,1 - Does Not Meet,Improved,Growth Potential,Balanced Contributor,High,1.13,Not Applicable,Finalized,3 - Meets Expectations,No,No Change,2.43,2.69,No,No,Communication,Project Delivery,Prioritization,16.0,4.4,1.07,2023-07-13,URM,Within Range,Strong calibration supported by peers.
CAL-8622,EMP-6622,Christopher Hernandez,Data Science,Senior Manager,Data Science,Denver CO,EMP-5026,Q1 2026 Mid-Year,2026,4 - Exceeds Expectations,4,3 - Meets Expectations,Improved,Needs Coaching,Balanced Contributor,Medium,4.24,Ready 3-5 Years,Finalized,1 - Does Not Meet,No,No Change,4.35,4.09,No,No,Strategic Thinking,Team Building,Prioritization,3.6,5.5,1.01,2018-05-25,Veteran,Below Range,Strong calibration supported by peers.
CAL-8623,EMP-6623,Maria Jones,Product,Individual Contributor,Product,Austin TX,EMP-5001,Q3 2025 Annual,2025,3 - Meets Expectations,3,3 - Meets Expectations,Stable,Solid Performer,Backbone,Medium,9.14,Ready Now,Pending Manager Review,4 - Exceeds Expectations,No,No Change,2.08,4.69,No,No,Technical Excellence,Process Improvement,Strategic Vision,2.8,6.7,1.055,2023-06-12,Veteran,Within Range,
CAL-8624,EMP-6624,Daniel Garcia,Product,Team Lead,Product,New York NY,EMP-5032,Q1 2025 Mid-Year,2025,3 - Meets Expectations,3,3 - Meets Expectations,Stable,Solid Performer,Backbone,Low,8.92,Ready Now,Pending Manager Review,3 - Meets Expectations,No,Downward,3.17,3.91,No,No,Adaptability,Results Orientation,Strategic Vision,18.4,0.7,1.3,2024-01-03,Veteran,Below Range,High potential validated by skip-level.
CAL-8625,EMP-6625,Robert Wilson,Customer Experience,Senior Manager,Customer Experience,Boston MA,EMP-5010,Q3 2026 Annual,2026,3 - Meets Expectations,3,1 - Does Not Meet,Improved,Growth Potential,Balanced Contributor,Medium,7.67,Ready 1-2 Years,Finalized,4 - Exceeds Expectations,No,No Change,3.45,7.32,No,No,Innovation,Mentoring,Technical Depth,3.4,5.6,1.141,2025-09-28,Person with Disability,Below Range,New to role - calibration advisory only.
CAL-8626,EMP-6626,Nancy Anderson,Customer Experience,Individual Contributor,Customer Experience,Chicago IL,EMP-5015,Q1 2026 Mid-Year,2026,3 - Meets Expectations,3,3 - Meets Expectations,Stable,High Potential,Emerging Talent,Low,3.77,Ready Now,Finalized,3 - Meets Expectations,Yes,Upward,2.2,2.02,No,No,Leadership,Data-Driven,Delegation,5.2,3.5,1.334,2019-01-18,Person with Disability,Above Range,Consistent performer over 3 cycles.
CAL-8627,EMP-6627,Mark Wilson,Operations,Director,Operations,Boston MA,EMP-5035,Q1 2026 Mid-Year,2026,3 - Meets Expectations,3,3 - Meets Expectations,Stable,Solid Performer,Backbone,Medium,3.67,Ready Now,Finalized,3 - Meets Expectations,No,No Change,2.49,2.46,No,No,Execution,Results Orientation,Strategic Vision,16.3,1.6,1.299,2024-04-29,Gender Minority,Within Range,New to role - calibration advisory only.
CAL-8628,EMP-6628,Betty Moore,People & HR,Team Lead,People & HR,Frisco TX,EMP-5016,Q3 2025 Annual,2025,4 - Exceeds Expectations,4,2 - Partially Meets,Improved,Growth Potential,Core Contributor,Medium,2.81,Ready Now,Pending Manager Review,3 - Meets Expectations,No,No Change,4.79,7.35,No,No,Execution,Stakeholder Mgmt,Prioritization,8.6,9.3,1.169,2021-01-20,Gender Minority,Above Range,Flagged for retention risk.
CAL-8629,EMP-6629,William Johnson,Customer Experience,Team Lead,Customer Experience,Atlanta GA,EMP-5042,Q1 2026 Mid-Year,2026,2 - Partially Meets,2,4 - Exceeds Expectations,Declined,Growth Potential,Inconsistent Player,High,6.71,Not Applicable,Pending Manager Review,3 - Meets Expectations,No,Upward,0.54,1.08,No,No,Communication,Process Improvement,Prioritization,9.6,3.6,0.91,2022-11-08,Veteran,Above Range,PIP recommended post calibration.
CAL-8630,EMP-6630,Thomas Thomas,Sales,Individual Contributor,Sales,Frisco TX,EMP-5049,Q3 2026 Annual,2026,4 - Exceeds Expectations,4,2 - Partially Meets,Improved,Needs Coaching,Balanced Contributor,Low,2.57,Not Applicable,Calibration Complete,4 - Exceeds Expectations,Yes,No Change,5.12,12.03,No,No,Technical Excellence,Process Improvement,Strategic Vision,9.6,0.7,0.802,2021-10-19,URM,Below Range,
CAL-8631,EMP-6631,Patricia Jones,Data Science,Manager,Data Science,Austin TX,EMP-5033,Q1 2025 Mid-Year,2025,3 - Meets Expectations,3,4 - Exceeds Expectations,Declined,Solid Performer,Backbone,High,9.17,Ready Now,Pending Manager Review,4 - Exceeds Expectations,No,No Change,2.12,2.04,No,No,Communication,Team Building,People Management,9.2,9.0,1.105,2025-01-23,Person with Disability,Below Range,PIP recommended post calibration.
CAL-8632,EMP-6632,William Lopez,Customer Experience,Individual Contributor,Customer Experience,Austin TX,EMP-5021,Q1 2025 Mid-Year,2025,4 - Exceeds Expectations,4,2 - Partially Meets,Improved,Needs Coaching,Balanced Contributor,Medium,6.23,Not Applicable,Finalized,3 - Meets Expectations,No,No Change,4.19,10.1,Yes,No,Communication,Results Orientation,Communication Clarity,11.7,3.2,0.96,2019-03-22,No Flag,Within Range,New to role - calibration advisory only.
CAL-8633,EMP-6633,Charles Garcia,Engineering,Manager,Engineering,Remote,EMP-5024,Q1 2026 Mid-Year,2026,2 - Partially Meets,2,3 - Meets Expectations,Declined,Needs Coaching,Needs Development,Low,6.77,Ready 1-2 Years,Pending Manager Review,1 - Does Not Meet,No,No Change,1.2,1.25,No,No,Innovation,Process Improvement,Executive Presence,1.7,4.8,0.913,2023-08-27,Person with Disability,Within Range,Flagged for retention risk.
CAL-8634,EMP-6634,Karen Johnson,Product,VP,Product,Atlanta GA,EMP-5029,Q1 2025 Mid-Year,2025,3 - Meets Expectations,3,4 - Exceeds Expectations,Declined,Solid Performer,Backbone,Low,1.27,Ready Now,Finalized,5 - Exceptional,No,No Change,2.81,5.63,No,No,Communication,Problem Solving,Strategic Vision,5.3,8.6,1.309,2019-11-06,Person with Disability,Below Range,Strong calibration supported by peers.
CAL-8635,EMP-6635,Karen Jones,Customer Experience,Senior Manager,Customer Experience,New York NY,EMP-5019,Q3 2026 Annual,2026,4 - Exceeds Expectations,4,5 - Exceptional,Declined,High Potential,Future Leader,High,5.05,Not Applicable,Pending Manager Review,3 - Meets Expectations,No,No Change,3.61,4.29,Yes,No,Communication,Stakeholder Mgmt,Delegation,2.6,0.8,1.329,2023-08-29,URM,Within Range,New to role - calibration advisory only.
CAL-8636,EMP-6636,Karen Thomas,Data Science,Team Lead,Data Science,San Francisco CA,EMP-5029,Q3 2026 Annual,2026,2 - Partially Meets,2,3 - Meets Expectations,Declined,Needs Coaching,Needs Development,High,2.9,Ready 3-5 Years,Pending Manager Review,1 - Does Not Meet,No,No Change,1.47,1.73,No,No,Collaboration,Process Improvement,Technical Depth,17.3,7.9,1.301,2018-07-05,No Flag,Below Range,High potential validated by skip-level.
CAL-8637,EMP-6637,Betty Hernandez,Operations,VP,Operations,Chicago IL,EMP-5041,Q1 2025 Mid-Year,2025,3 - Meets Expectations,3,3 - Meets Expectations,Stable,Solid Performer,Backbone,High,7.08,Ready 1-2 Years,Finalized,3 - Meets Expectations,No,Downward,2.8,4.75,No,No,Collaboration,Problem Solving,Communication Clarity,2.4,6.4,0.882,2019-12-21,Gender Minority,Above Range,Strong calibration supported by peers.
CAL-8638,EMP-6638,Jessica Martinez,Legal & Compliance,Senior Manager,Legal & Compliance,Frisco TX,EMP-5037,Q3 2026 Annual,2026,4 - Exceeds Expectations,4,4 - Exceeds Expectations,Stable,High Potential,Future Leader,Low,2.94,Not Applicable,Calibration Complete,2 - Partially Meets,No,No Change,5.46,8.8,No,No,Strategic Thinking,Problem Solving,Executive Presence,1.8,9.8,1.286,2024-11-19,Gender Minority,Above Range,Flagged for retention risk.
CAL-8639,EMP-6639,Elizabeth Rodriguez,Engineering,Director,Engineering,Atlanta GA,EMP-5035,Q1 2026 Mid-Year,2026,3 - Meets Expectations,3,3 - Meets Expectations,Stable,High Potential,Emerging Talent,High,3.59,Not Applicable,Pending Manager Review,5 - Exceptional,Yes,Upward,3.41,7.48,No,No,Leadership,Team Building,Prioritization,10.6,1.4,0.819,2023-08-02,Veteran,Within Range,Calibration adjusted after group review.
CAL-8640,EMP-6640,Jessica Taylor,Customer Experience,SVP,Customer Experience,Atlanta GA,EMP-5011,Q1 2025 Mid-Year,2025,3 - Meets Expectations,3,2 - Partially Meets,Improved,Growth Potential,Balanced Contributor,High,1.85,Ready 1-2 Years,Finalized,5 - Exceptional,Yes,No Change,2.14,5.25,No,No,Technical Excellence,Stakeholder Mgmt,Technical Depth,15.3,1.4,1.036,2018-06-26,Gender Minority,Within Range,Strong calibration supported by peers.
CAL-8641,EMP-6641,Barbara Taylor,People & HR,Individual Contributor,People & HR,New York NY,EMP-5022,Q1 2025 Mid-Year,2025,2 - Partially Meets,2,5 - Exceptional,Declined,Watch List,Balanced Contributor,Low,8.76,Ready Now,Calibration Complete,4 - Exceeds Expectations,No,No Change,0.42,0.83,No,No,Analytical Rigor,Stakeholder Mgmt,Communication Clarity,6.8,7.3,0.891,2021-08-28,Veteran,Within Range,Consistent performer over 3 cycles.
CAL-8642,EMP-6642,Mark Smith,Engineering,Senior Manager,Engineering,Chicago IL,EMP-5011,Q1 2025 Mid-Year,2025,4 - Exceeds Expectations,4,3 - Meets Expectations,Improved,Needs Coaching,Balanced Contributor,Low,6.8,Ready 1-2 Years,Finalized,4 - Exceeds Expectations,No,No Change,4.09,8.89,No,No,Adaptability,Stakeholder Mgmt,Executive Presence,7.3,5.2,1.197,2019-04-10,Gender Minority,Above Range,New to role - calibration advisory only.
CAL-8643,EMP-6643,Patricia Smith,Legal & Compliance,Manager,Legal & Compliance,Atlanta GA,EMP-5038,Q3 2026 Annual,2026,3 - Meets Expectations,3,2 - Partially Meets,Improved,Growth Potential,Balanced Contributor,Medium,5.95,Ready 3-5 Years,Finalized,4 - Exceeds Expectations,No,No Change,3.48,8.65,No,No,Innovation,Stakeholder Mgmt,Executive Presence,10.9,0.7,0.821,2021-11-14,Gender Minority,Above Range,High potential validated by skip-level.
CAL-8644,EMP-6644,Daniel Martinez,Engineering,Manager,Engineering,Seattle WA,EMP-5008,Q1 2026 Mid-Year,2026,3 - Meets Expectations,3,4 - Exceeds Expectations,Declined,Solid Performer,Backbone,High,9.0,Ready Now,Finalized,3 - Meets Expectations,No,No Change,3.49,6.33,No,No,Collaboration,Data-Driven,Communication Clarity,12.9,8.3,0.992,2025-04-15,URM,Below Range,Flagged for retention risk.
CAL-8645,EMP-6645,Thomas Williams,Finance,Manager,Finance,Atlanta GA,EMP-5024,Q3 2025 Annual,2025,3 - Meets Expectations,3,2 - Partially Meets,Improved,Growth Potential,Balanced Contributor,Low,7.54,Ready 3-5 Years,Finalized,4 - Exceeds Expectations,No,No Change,3.26,6.19,No,No,Execution,Mentoring,Executive Presence,12.2,3.2,0.813,2018-03-03,No Flag,Within Range,High potential validated by skip-level.
CAL-8646,EMP-6646,Nancy Garcia,Finance,Individual Contributor,Finance,Chicago IL,EMP-5012,Q1 2025 Mid-Year,2025,3 - Meets Expectations,3,5 - Exceptional,Declined,Growth Potential,Balanced Contributor,Low,2.98,Ready 3-5 Years,Pending Manager Review,4 - Exceeds Expectations,Yes,No Change,2.25,3.6,No,No,Adaptability,Stakeholder Mgmt,Cross-Functional Collaboration,2.6,8.1,1.195,2018-02-02,URM,Above Range,High potential validated by skip-level.
CAL-8647,EMP-6647,Anthony Lopez,Legal & Compliance,Director,Legal & Compliance,Remote,EMP-5049,Q1 2025 Mid-Year,2025,3 - Meets Expectations,3,1 - Does Not Meet,Improved,Growth Potential,Balanced Contributor,Low,4.61,Ready 1-2 Years,Finalized,5 - Exceptional,No,No Change,3.01,4.8,No,No,Innovation,Team Building,Strategic Vision,1.9,7.3,1.329,2023-07-17,Person with Disability,Below Range,PIP recommended post calibration.
CAL-8648,EMP-6648,Ashley Garcia,People & HR,Senior Manager,People & HR,Seattle WA,EMP-5050,Q1 2025 Mid-Year,2025,2 - Partially Meets,2,3 - Meets Expectations,Declined,High Potential,Balanced Contributor,Medium,3.52,Ready 3-5 Years,Calibration Complete,3 - Meets Expectations,No,No Change,0.1,0.17,No,No,Strategic Thinking,Data-Driven,Cross-Functional Collaboration,19.7,1.3,1.31,2022-03-13,Gender Minority,Below Range,
CAL-8649,EMP-6649,Nancy Martinez,Customer Experience,Individual Contributor,Customer Experience,Chicago IL,EMP-5019,Q3 2026 Annual,2026,3 - Meets Expectations,3,2 - Partially Meets,Improved,Solid Performer,Backbone,Low,7.79,Ready Now,Calibration Complete,2 - Partially Meets,Yes,No Change,2.84,3.57,No,No,Innovation,Data-Driven,Strategic Vision,19.1,5.4,1.103,2023-08-24,Gender Minority,Above Range,Flagged for retention risk.
CAL-8650,EMP-6650,Sandra Martin,Legal & Compliance,Team Lead,Legal & Compliance,Atlanta GA,EMP-5027,Q3 2025 Annual,2025,1 - Does Not Meet,1,4 - Exceeds Expectations,Declined,Watch List,Risk,High,8.88,Not Applicable,Pending Manager Review,4 - Exceeds Expectations,No,No Change,0.0,0.0,No,Yes,Technical Excellence,Mentoring,Prioritization,12.5,7.8,0.969,2022-03-29,URM,Above Range,Calibration adjusted after group review.
CAL-8651,EMP-6651,Jessica Jones,Engineering,Manager,Engineering,Austin TX,EMP-5040,Q3 2026 Annual,2026,3 - Meets Expectations,3,4 - Exceeds Expectations,Declined,Solid Performer,Backbone,Medium,6.05,Ready 3-5 Years,Pending Manager Review,3 - Meets Expectations,No,No Change,2.73,3.87,No,No,Collaboration,Project Delivery,Cross-Functional Collaboration,11.0,0.6,1.041,2020-09-24,Veteran,Within Range,Strong calibration supported by peers.
CAL-8652,EMP-6652,Mark Thomas,Operations,Director,Operations,Denver CO,EMP-5021,Q1 2025 Mid-Year,2025,3 - Meets Expectations,3,3 - Meets Expectations,Stable,Growth Potential,Balanced Contributor,High,1.89,Ready Now,Pending Manager Review,3 - Meets Expectations,No,Upward,2.4,2.45,No,No,Customer Focus,Results Orientation,Technical Depth,19.2,3.8,1.327,2022-08-26,URM,Within Range,Flagged for retention risk.
CAL-8653,EMP-6653,John Gonzalez,Legal & Compliance,Individual Contributor,Legal & Compliance,New York NY,EMP-5034,Q3 2026 Annual,2026,4 - Exceeds Expectations,4,2 - Partially Meets,Improved,Solid Performer,Balanced Contributor,Low,2.86,Ready 3-5 Years,Finalized,4 - Exceeds Expectations,No,No Change,3.8,7.11,No,No,Technical Excellence,Mentoring,Cross-Functional Collaboration,18.5,5.2,1.141,2024-08-07,Gender Minority,Below Range,Strong calibration supported by peers.
CAL-8654,EMP-6654,Barbara Davis,People & HR,Director,People & HR,Frisco TX,EMP-5041,Q1 2025 Mid-Year,2025,2 - Partially Meets,2,4 - Exceeds Expectations,Declined,Solid Performer,Balanced Contributor,Medium,6.39,Not Applicable,Finalized,4 - Exceeds Expectations,Yes,Downward,0.67,0.87,No,No,Innovation,Data-Driven,Technical Depth,19.9,5.9,0.883,2024-03-24,No Flag,Above Range,Strong calibration supported by peers.
CAL-8655,EMP-6655,Mark Garcia,People & HR,Manager,People & HR,Frisco TX,EMP-5039,Q1 2026 Mid-Year,2026,3 - Meets Expectations,3,4 - Exceeds Expectations,Declined,Solid Performer,Backbone,High,1.9,Not Applicable,Finalized,3 - Meets Expectations,No,No Change,3.18,5.61,No,No,Execution,Process Improvement,Communication Clarity,13.5,9.2,1.196,2022-03-13,Person with Disability,Above Range,Flagged for retention risk.
CAL-8656,EMP-6656,Jennifer Martinez,Sales,Director,Sales,Seattle WA,EMP-5039,Q1 2026 Mid-Year,2026,2 - Partially Meets,2,4 - Exceeds Expectations,Declined,Watch List,Balanced Contributor,Medium,1.26,Not Applicable,Finalized,3 - Meets Expectations,No,No Change,1.07,1.54,No,No,Leadership,Results Orientation,Strategic Vision,19.8,1.3,0.753,2022-01-31,Veteran,Below Range,
CAL-8657,EMP-6657,Matthew Brown,Finance,Team Lead,Finance,San Francisco CA,EMP-5031,Q3 2026 Annual,2026,4 - Exceeds Expectations,4,3 - Meets Expectations,Improved,Growth Potential,Core Contributor,Low,9.57,Ready 3-5 Years,Finalized,3 - Meets Expectations,No,No Change,3.53,7.18,Yes,No,Adaptability,Team Building,Cross-Functional Collaboration,10.3,3.0,0.784,2024-06-17,Gender Minority,Above Range,Consistent performer over 3 cycles.
CAL-8658,EMP-6658,Karen Lopez,Engineering,Director,Engineering,San Francisco CA,EMP-5025,Q3 2026 Annual,2026,4 - Exceeds Expectations,4,5 - Exceptional,Declined,Solid Performer,Balanced Contributor,Medium,4.46,Ready Now,Pending Manager Review,3 - Meets Expectations,No,Downward,4.08,8.77,No,No,Leadership,Mentoring,Strategic Vision,15.1,6.3,0.78,2019-12-16,Gender Minority,Within Range,Calibration adjusted after group review.
CAL-8659,EMP-6659,Thomas Jackson,Data Science,Individual Contributor,Data Science,Seattle WA,EMP-5023,Q1 2026 Mid-Year,2026,3 - Meets Expectations,3,3 - Meets Expectations,Stable,Growth Potential,Balanced Contributor,Medium,4.72,Ready 1-2 Years,Calibration Complete,2 - Partially Meets,No,Upward,2.32,5.38,No,No,Execution,Mentoring,Technical Depth,18.9,6.8,0.91,2019-04-03,URM,Above Range,PIP recommended post calibration.
CAL-8660,EMP-6660,Robert Williams,Finance,Director,Finance,Remote,EMP-5012,Q3 2026 Annual,2026,3 - Meets Expectations,3,2 - Partially Meets,Improved,High Potential,Emerging Talent,High,5.55,Not Applicable,Finalized,2 - Partially Meets,No,No Change,2.89,5.97,No,No,Adaptability,Results Orientation,Prioritization,17.6,3.6,1.132,2019-04-29,No Flag,Below Range,High potential validated by skip-level.
CAL-8661,EMP-6661,Jessica Smith,Finance,Team Lead,Finance,Austin TX,EMP-5012,Q3 2025 Annual,2025,1 - Does Not Meet,1,3 - Meets Expectations,Declined,High Potential,Balanced Contributor,Low,4.71,Ready 1-2 Years,Finalized,4 - Exceeds Expectations,No,Downward,0.0,0.0,No,No,Innovation,Data-Driven,Executive Presence,20.0,6.0,0.883,2019-06-24,URM,Below Range,New to role - calibration advisory only.
CAL-8662,EMP-6662,Karen Rodriguez,Operations,Team Lead,Operations,Chicago IL,EMP-5049,Q1 2026 Mid-Year,2026,4 - Exceeds Expectations,4,3 - Meets Expectations,Improved,Solid Performer,Balanced Contributor,Medium,6.22,Not Applicable,Pending Manager Review,4 - Exceeds Expectations,No,No Change,5.21,12.53,Yes,No,Customer Focus,Project Delivery,Executive Presence,3.6,5.9,1.337,2025-11-02,Gender Minority,Below Range,Strong calibration supported by peers.
CAL-8663,EMP-6663,Maria Wilson,Product,Individual Contributor,Product,Austin TX,EMP-5004,Q3 2026 Annual,2026,4 - Exceeds Expectations,4,3 - Meets Expectations,Improved,Growth Potential,Core Contributor,Low,6.97,Ready 3-5 Years,Pending Manager Review,1 - Does Not Meet,Yes,Upward,4.02,4.63,No,No,Adaptability,Mentoring,Cross-Functional Collaboration,6.7,4.9,1.096,2018-05-09,No Flag,Below Range,High potential validated by skip-level.
CAL-8664,EMP-6664,Joseph Martinez,Engineering,Senior Manager,Engineering,Atlanta GA,EMP-5026,Q1 2026 Mid-Year,2026,3 - Meets Expectations,3,3 - Meets Expectations,Stable,High Potential,Emerging Talent,Low,9.15,Ready Now,Finalized,3 - Meets Expectations,Yes,No Change,2.11,4.35,No,No,Analytical Rigor,Mentoring,Prioritization,18.6,9.2,1.136,2024-02-29,Gender Minority,Within Range,Flagged for retention risk.
CAL-8665,EMP-6665,Thomas Anderson,Legal & Compliance,Individual Contributor,Legal & Compliance,Frisco TX,EMP-5049,Q3 2025 Annual,2025,2 - Partially Meets,2,4 - Exceeds Expectations,Declined,Needs Coaching,Needs Development,Low,7.13,Ready 3-5 Years,Pending Manager Review,3 - Meets Expectations,No,No Change,1.47,1.64,No,No,Collaboration,Team Building,Cross-Functional Collaboration,4.3,3.6,1.285,2022-06-04,Gender Minority,Within Range,
CAL-8666,EMP-6666,Robert Jackson,Legal & Compliance,Individual Contributor,Legal & Compliance,Austin TX,EMP-5028,Q1 2025 Mid-Year,2025,4 - Exceeds Expectations,4,4 - Exceeds Expectations,Stable,Growth Potential,Core Contributor,High,8.9,Ready Now,Finalized,2 - Partially Meets,No,No Change,4.27,7.94,No,No,Technical Excellence,Mentoring,People Management,4.5,3.0,1.001,2019-08-09,No Flag,Above Range,Calibration adjusted after group review.
CAL-8667,EMP-6667,Karen Moore,Marketing,Individual Contributor,Marketing,Frisco TX,EMP-5021,Q3 2026 Annual,2026,1 - Does Not Meet,1,3 - Meets Expectations,Declined,Solid Performer,Balanced Contributor,High,3.36,Ready 1-2 Years,Finalized,3 - Meets Expectations,No,Upward,0.0,0.0,No,No,Leadership,Team Building,Technical Depth,8.2,4.3,0.827,2024-03-30,No Flag,Within Range,High potential validated by skip-level.
CAL-8668,EMP-6668,Joseph Wilson,Engineering,Senior Manager,Engineering,Chicago IL,EMP-5034,Q3 2026 Annual,2026,3 - Meets Expectations,3,2 - Partially Meets,Improved,High Potential,Emerging Talent,High,3.0,Ready 3-5 Years,Finalized,3 - Meets Expectations,No,No Change,2.08,4.03,No,No,Technical Excellence,Problem Solving,Technical Depth,18.3,2.9,0.893,2019-11-18,Veteran,Above Range,New to role - calibration advisory only.
CAL-8669,EMP-6669,Matthew Miller,Operations,Individual Contributor,Operations,Atlanta GA,EMP-5026,Q3 2025 Annual,2025,3 - Meets Expectations,3,3 - Meets Expectations,Stable,Growth Potential,Balanced Contributor,Low,9.62,Ready 1-2 Years,Calibration Complete,3 - Meets Expectations,No,No Change,2.84,4.45,No,No,Customer Focus,Process Improvement,People Management,6.2,1.7,0.792,2021-12-02,No Flag,Above Range,Flagged for retention risk.
CAL-8670,EMP-6670,Margaret Williams,Engineering,Team Lead,Engineering,Denver CO,EMP-5029,Q3 2026 Annual,2026,3 - Meets Expectations,3,4 - Exceeds Expectations,Declined,Solid Performer,Backbone,High,4.67,Ready 1-2 Years,Finalized,3 - Meets Expectations,No,No Change,3.11,3.13,No,No,Innovation,Data-Driven,Technical Depth,8.6,8.7,1.261,2023-04-07,URM,Within Range,High potential validated by skip-level.
CAL-8671,EMP-6671,Barbara Jones,Product,SVP,Product,Seattle WA,EMP-5029,Q1 2025 Mid-Year,2025,3 - Meets Expectations,3,4 - Exceeds Expectations,Declined,Growth Potential,Balanced Contributor,Low,3.62,Not Applicable,Finalized,1 - Does Not Meet,No,Upward,2.33,5.54,No,No,Communication,Problem Solving,Executive Presence,11.6,5.1,1.09,2023-04-25,Gender Minority,Within Range,PIP recommended post calibration.
CAL-8672,EMP-6672,Elizabeth Martinez,Operations,Individual Contributor,Operations,Seattle WA,EMP-5039,Q3 2026 Annual,2026,3 - Meets Expectations,3,1 - Does Not Meet,Improved,Solid Performer,Backbone,High,1.41,Ready 1-2 Years,Finalized,2 - Partially Meets,No,No Change,2.22,2.96,No,No,Analytical Rigor,Mentoring,People Management,0.7,5.8,0.981,2022-09-22,Veteran,Within Range,Strong calibration supported by peers.
CAL-8673,EMP-6673,Daniel Martin,Finance,Team Lead,Finance,Austin TX,EMP-5004,Q1 2025 Mid-Year,2025,2 - Partially Meets,2,2 - Partially Meets,Stable,Solid Performer,Balanced Contributor,Low,2.47,Ready 3-5 Years,Calibration Complete,2 - Partially Meets,No,No Change,1.81,1.7,No,No,Leadership,Data-Driven,Prioritization,3.7,9.8,0.775,2025-11-01,No Flag,Above Range,Calibration adjusted after group review.
CAL-8674,EMP-6674,Susan Miller,Operations,Individual Contributor,Operations,Denver CO,EMP-5010,Q3 2025 Annual,2025,4 - Exceeds Expectations,4,3 - Meets Expectations,Improved,Solid Performer,Balanced Contributor,Medium,1.16,Ready Now,Calibration Complete,1 - Does Not Meet,Yes,No Change,3.79,5.39,Yes,No,Execution,Results Orientation,People Management,2.6,6.8,1.325,2021-10-23,Veteran,Below Range,Strong calibration supported by peers.
CAL-8675,EMP-6675,Mark Williams,Data Science,Team Lead,Data Science,Boston MA,EMP-5041,Q3 2025 Annual,2025,1 - Does Not Meet,1,1 - Does Not Meet,Stable,Needs Coaching,Underperformer,High,9.42,Ready Now,Finalized,1 - Does Not Meet,No,No Change,0.0,0.0,No,Yes,Strategic Thinking,Results Orientation,Delegation,16.4,0.9,1.199,2023-07-12,Veteran,Within Range,PIP recommended post calibration.
CAL-8676,EMP-6676,Elizabeth Taylor,Product,Manager,Product,Chicago IL,EMP-5031,Q3 2025 Annual,2025,3 - Meets Expectations,3,4 - Exceeds Expectations,Declined,Needs Coaching,Balanced Contributor,Low,7.98,Ready 3-5 Years,Calibration Complete,3 - Meets Expectations,No,No Change,3.02,6.4,No,No,Innovation,Process Improvement,Executive Presence,3.4,6.7,1.238,2019-11-11,Veteran,Within Range,
CAL-8677,EMP-6677,Anthony Thomas,Sales,Individual Contributor,Sales,New York NY,EMP-5018,Q3 2026 Annual,2026,3 - Meets Expectations,3,2 - Partially Meets,Improved,High Potential,Emerging Talent,High,3.98,Not Applicable,Pending Manager Review,3 - Meets Expectations,No,No Change,2.19,5.12,No,No,Customer Focus,Data-Driven,Cross-Functional Collaboration,13.4,9.9,0.933,2023-04-19,Gender Minority,Above Range,PIP recommended post calibration.
CAL-8678,EMP-6678,Barbara Garcia,Finance,Manager,Finance,New York NY,EMP-5042,Q1 2025 Mid-Year,2025,3 - Meets Expectations,3,3 - Meets Expectations,Stable,Needs Coaching,Balanced Contributor,Medium,6.58,Ready 3-5 Years,Finalized,4 - Exceeds Expectations,No,No Change,2.11,3.55,No,No,Technical Excellence,Data-Driven,Cross-Functional Collaboration,7.7,2.3,1.308,2020-06-11,Gender Minority,Within Range,PIP recommended post calibration.
CAL-8679,EMP-6679,Ashley Davis,Finance,Individual Contributor,Finance,Denver CO,EMP-5007,Q1 2026 Mid-Year,2026,2 - Partially Meets,2,2 - Partially Meets,Stable,High Potential,Balanced Contributor,High,6.86,Not Applicable,Finalized,2 - Partially Meets,No,No Change,1.4,2.14,No,No,Technical Excellence,Mentoring,Communication Clarity,1.6,5.9,1.007,2019-07-10,Person with Disability,Above Range,Calibration adjusted after group review.
CAL-8680,EMP-6680,Anthony Brown,Legal & Compliance,Manager,Legal & Compliance,San Francisco CA,EMP-5000,Q1 2025 Mid-Year,2025,3 - Meets Expectations,3,4 - Exceeds Expectations,Declined,Needs Coaching,Balanced Contributor,Low,5.82,Ready Now,Calibration Complete,2 - Partially Meets,Yes,No Change,2.82,5.0,No,No,Innovation,Project Delivery,Communication Clarity,6.5,4.4,0.973,2020-10-27,Veteran,Above Range,High potential validated by skip-level.
CAL-8681,EMP-6681,Joseph Gonzalez,Finance,Team Lead,Finance,Atlanta GA,EMP-5008,Q3 2026 Annual,2026,1 - Does Not Meet,1,4 - Exceeds Expectations,Declined,Solid Performer,Balanced Contributor,Medium,1.53,Ready 3-5 Years,Calibration Complete,4 - Exceeds Expectations,No,Upward,0.0,0.0,No,No,Strategic Thinking,Process Improvement,Strategic Vision,11.8,8.5,1.145,2020-07-31,Gender Minority,Above Range,New to role - calibration advisory only.
CAL-8682,EMP-6682,Sandra Garcia,Finance,Individual Contributor,Finance,Remote,EMP-5041,Q3 2026 Annual,2026,4 - Exceeds Expectations,4,4 - Exceeds Expectations,Stable,Solid Performer,Balanced Contributor,Low,8.2,Ready 3-5 Years,Pending Manager Review,2 - Partially Meets,No,No Change,3.96,6.03,Yes,No,Leadership,Project Delivery,Delegation,14.2,5.6,0.919,2018-11-17,Veteran,Above Range,PIP recommended post calibration.
CAL-8683,EMP-6683,Mark Jackson,Engineering,Senior Manager,Engineering,Boston MA,EMP-5020,Q1 2025 Mid-Year,2025,3 - Meets Expectations,3,1 - Does Not Meet,Improved,Growth Potential,Balanced Contributor,Medium,4.19,Ready Now,Pending Manager Review,3 - Meets Expectations,No,Upward,2.37,4.14,No,No,Strategic Thinking,Process Improvement,Cross-Functional Collaboration,12.7,8.9,0.978,2018-03-24,URM,Above Range,High potential validated by skip-level.
CAL-8684,EMP-6684,Ashley Lopez,Data Science,Manager,Data Science,Boston MA,EMP-5011,Q1 2025 Mid-Year,2025,3 - Meets Expectations,3,4 - Exceeds Expectations,Declined,Needs Coaching,Balanced Contributor,Low,7.77,Ready 3-5 Years,Finalized,3 - Meets Expectations,No,No Change,2.56,3.31,No,No,Technical Excellence,Process Improvement,Executive Presence,3.4,5.5,0.834,2025-03-29,Person with Disability,Within Range,High potential validated by skip-level.
CAL-8685,EMP-6685,Patricia Thomas,People & HR,Individual Contributor,People & HR,Austin TX,EMP-5045,Q1 2026 Mid-Year,2026,3 - Meets Expectations,3,5 - Exceptional,Declined,Needs Coaching,Balanced Contributor,Medium,8.16,Ready 1-2 Years,Pending Manager Review,4 - Exceeds Expectations,No,Upward,2.49,2.64,No,No,Leadership,Data-Driven,Executive Presence,10.3,6.7,0.839,2020-03-27,Gender Minority,Above Range,Flagged for retention risk.
CAL-8686,EMP-6686,Sandra Miller,Engineering,Manager,Engineering,Atlanta GA,EMP-5031,Q1 2026 Mid-Year,2026,3 - Meets Expectations,3,1 - Does Not Meet,Improved,Solid Performer,Backbone,Low,9.15,Not Applicable,Finalized,3 - Meets Expectations,No,Upward,2.89,5.5,No,No,Strategic Thinking,Process Improvement,Cross-Functional Collaboration,13.9,5.2,1.009,2025-03-07,Person with Disability,Above Range,PIP recommended post calibration.
CAL-8687,EMP-6687,Ashley Rodriguez,Customer Experience,Individual Contributor,Customer Experience,Denver CO,EMP-5031,Q3 2026 Annual,2026,3 - Meets Expectations,3,3 - Meets Expectations,Stable,High Potential,Emerging Talent,Low,7.62,Ready Now,Finalized,2 - Partially Meets,No,No Change,3.07,5.34,No,No,Technical Excellence,Data-Driven,Communication Clarity,3.3,1.6,0.781,2022-06-16,Veteran,Above Range,New to role - calibration advisory only.
CAL-8688,EMP-6688,Maria Thomas,Sales,Individual Contributor,Sales,Frisco TX,EMP-5047,Q1 2026 Mid-Year,2026,2 - Partially Meets,2,1 - Does Not Meet,Improved,High Potential,Balanced Contributor,High,4.4,Ready Now,Finalized,1 - Does Not Meet,No,Downward,0.59,0.81,No,No,Leadership,Process Improvement,Executive Presence,15.7,8.9,0.783,2021-11-20,Person with Disability,Below Range,Consistent performer over 3 cycles.
CAL-8689,EMP-6689,Sandra Gonzalez,Engineering,Individual Contributor,Engineering,Austin TX,EMP-5047,Q1 2025 Mid-Year,2025,3 - Meets Expectations,3,3 - Meets Expectations,Stable,Solid Performer,Backbone,Medium,2.95,Ready Now,Finalized,3 - Meets Expectations,No,No Change,2.34,4.94,No,No,Technical Excellence,Project Delivery,Cross-Functional Collaboration,4.8,4.1,1.275,2020-06-09,Gender Minority,Above Range,Flagged for retention risk.
CAL-8690,EMP-6690,Sarah Smith,Marketing,Individual Contributor,Marketing,Seattle WA,EMP-5041,Q3 2026 Annual,2026,4 - Exceeds Expectations,4,5 - Exceptional,Declined,Solid Performer,Balanced Contributor,Low,5.88,Not Applicable,Pending Manager Review,3 - Meets Expectations,No,No Change,3.93,9.32,Yes,No,Execution,Data-Driven,Technical Depth,3.6,1.9,0.764,2022-05-04,Veteran,Above Range,
CAL-8691,EMP-6691,Anthony Moore,Operations,Director,Operations,Austin TX,EMP-5019,Q1 2026 Mid-Year,2026,3 - Meets Expectations,3,3 - Meets Expectations,Stable,Growth Potential,Balanced Contributor,Medium,2.8,Ready 3-5 Years,Finalized,4 - Exceeds Expectations,No,No Change,2.73,3.12,No,No,Execution,Stakeholder Mgmt,Strategic Vision,7.3,5.6,1.026,2024-05-28,Gender Minority,Within Range,PIP recommended post calibration.
CAL-8692,EMP-6692,Barbara Jones,Sales,Individual Contributor,Sales,New York NY,EMP-5010,Q3 2026 Annual,2026,3 - Meets Expectations,3,5 - Exceptional,Declined,High Potential,Emerging Talent,High,2.25,Ready 3-5 Years,Pending Manager Review,4 - Exceeds Expectations,No,No Change,2.44,2.34,No,No,Leadership,Process Improvement,Technical Depth,15.0,5.9,1.052,2025-03-12,No Flag,Above Range,Flagged for retention risk.
CAL-8693,EMP-6693,Ashley Rodriguez,Marketing,Director,Marketing,Frisco TX,EMP-5028,Q3 2026 Annual,2026,4 - Exceeds Expectations,4,2 - Partially Meets,Improved,Solid Performer,Balanced Contributor,Low,9.64,Ready 1-2 Years,Finalized,4 - Exceeds Expectations,No,No Change,3.74,7.11,Yes,No,Customer Focus,Stakeholder Mgmt,Communication Clarity,13.8,6.5,1.329,2021-08-31,Veteran,Within Range,Calibration adjusted after group review.
CAL-8694,EMP-6694,Barbara Martinez,Customer Experience,Individual Contributor,Customer Experience,Austin TX,EMP-5015,Q1 2026 Mid-Year,2026,3 - Meets Expectations,3,1 - Does Not Meet,Improved,Growth Potential,Balanced Contributor,Low,1.64,Not Applicable,Calibration Complete,3 - Meets Expectations,No,Upward,3.0,3.75,No,No,Customer Focus,Project Delivery,Delegation,7.0,2.2,0.981,2022-08-23,URM,Within Range,PIP recommended post calibration.
CAL-8695,EMP-6695,Charles Martinez,Finance,Team Lead,Finance,Remote,EMP-5035,Q3 2025 Annual,2025,4 - Exceeds Expectations,4,3 - Meets Expectations,Improved,Watch List,Balanced Contributor,Medium,6.82,Not Applicable,Finalized,4 - Exceeds Expectations,No,No Change,3.67,4.38,No,No,Strategic Thinking,Team Building,Cross-Functional Collaboration,13.4,4.3,0.987,2025-03-23,Person with Disability,Within Range,PIP recommended post calibration.
CAL-8696,EMP-6696,Betty Brown,Legal & Compliance,VP,Legal & Compliance,Denver CO,EMP-5006,Q1 2026 Mid-Year,2026,2 - Partially Meets,2,3 - Meets Expectations,Declined,Solid Performer,Balanced Contributor,Low,5.59,Ready 3-5 Years,Calibration Complete,2 - Partially Meets,No,No Change,1.75,3.9,No,No,Leadership,Problem Solving,Cross-Functional Collaboration,14.3,6.8,0.758,2019-10-15,URM,Within Range,Flagged for retention risk.
CAL-8697,EMP-6697,Sandra Rodriguez,People & HR,Team Lead,People & HR,Atlanta GA,EMP-5013,Q3 2025 Annual,2025,3 - Meets Expectations,3,5 - Exceptional,Declined,Solid Performer,Backbone,Medium,9.56,Ready 1-2 Years,Finalized,2 - Partially Meets,No,Downward,3.09,6.47,No,No,Leadership,Process Improvement,Delegation,4.8,8.0,1.155,2025-09-19,No Flag,Above Range,Consistent performer over 3 cycles.
CAL-8698,EMP-6698,Elizabeth Anderson,People & HR,Team Lead,People & HR,Boston MA,EMP-5047,Q3 2025 Annual,2025,2 - Partially Meets,2,1 - Does Not Meet,Improved,Needs Coaching,Needs Development,Low,1.56,Ready Now,Pending Manager Review,3 - Meets Expectations,Yes,No Change,1.59,1.77,No,No,Innovation,Results Orientation,People Management,16.3,7.5,0.897,2021-11-08,No Flag,Above Range,
CAL-8699,EMP-6699,Maria Wilson,Engineering,Individual Contributor,Engineering,Austin TX,EMP-5023,Q3 2026 Annual,2026,3 - Meets Expectations,3,2 - Partially Meets,Improved,Solid Performer,Backbone,High,2.51,Ready 1-2 Years,Pending Manager Review,5 - Exceptional,Yes,No Change,2.4,4.74,No,No,Leadership,Team Building,People Management,5.2,1.8,1.281,2020-03-06,Veteran,Within Range,Flagged for retention risk.
CAL-8700,EMP-6700,Nancy Hernandez,People & HR,Team Lead,People & HR,Seattle WA,EMP-5029,Q3 2025 Annual,2025,5 - Exceptional,5,3 - Meets Expectations,Improved,High Potential,Star,High,8.37,Ready 1-2 Years,Calibration Complete,4 - Exceeds Expectations,No,No Change,6.43,13.03,Yes,No,Communication,Stakeholder Mgmt,Cross-Functional Collaboration,4.1,1.8,1.306,2025-05-02,No Flag,Below Range,Consistent performer over 3 cycles.
CAL-8701,EMP-6701,Mark Taylor,Engineering,Manager,Engineering,Frisco TX,EMP-5035,Q3 2025 Annual,2025,4 - Exceeds Expectations,4,4 - Exceeds Expectations,Stable,Growth Potential,Core Contributor,Low,6.62,Ready 3-5 Years,Pending Manager Review,3 - Meets Expectations,No,Downward,4.57,3.7,Yes,No,Technical Excellence,Mentoring,Strategic Vision,11.0,4.1,1.2,2019-05-30,URM,Above Range,New to role - calibration advisory only.
CAL-8702,EMP-6702,Sandra Jackson,Product,Individual Contributor,Product,New York NY,EMP-5018,Q3 2026 Annual,2026,3 - Meets Expectations,3,2 - Partially Meets,Improved,Growth Potential,Balanced Contributor,Low,6.49,Ready 3-5 Years,Calibration Complete,2 - Partially Meets,No,Downward,2.53,3.31,No,No,Execution,Project Delivery,Communication Clarity,9.3,1.5,1.029,2023-07-19,URM,Below Range,Flagged for retention risk.
CAL-8703,EMP-6703,Linda Taylor,Legal & Compliance,Team Lead,Legal & Compliance,Denver CO,EMP-5040,Q3 2025 Annual,2025,2 - Partially Meets,2,3 - Meets Expectations,Declined,High Potential,Balanced Contributor,High,1.44,Not Applicable,Calibration Complete,4 - Exceeds Expectations,No,Upward,0.63,0.81,No,No,Collaboration,Team Building,Cross-Functional Collaboration,12.2,4.5,1.202,2021-03-24,No Flag,Below Range,New to role - calibration advisory only.
CAL-8704,EMP-6704,Charles Gonzalez,Sales,Senior Manager,Sales,New York NY,EMP-5009,Q1 2026 Mid-Year,2026,4 - Exceeds Expectations,4,4 - Exceeds Expectations,Stable,Solid Performer,Balanced Contributor,Low,2.42,Ready 3-5 Years,Finalized,3 - Meets Expectations,No,No Change,4.34,4.91,No,No,Strategic Thinking,Mentoring,Technical Depth,14.2,4.5,0.852,2023-08-09,Gender Minority,Within Range,High potential validated by skip-level.
CAL-8705,EMP-6705,Charles Gonzalez,Operations,Individual Contributor,Operations,Frisco TX,EMP-5036,Q3 2026 Annual,2026,3 - Meets Expectations,3,3 - Meets Expectations,Stable,Needs Coaching,Balanced Contributor,Medium,6.71,Ready 3-5 Years,Pending Manager Review,1 - Does Not Meet,No,No Change,3.06,7.03,No,No,Communication,Project Delivery,Delegation,18.5,6.4,0.871,2021-08-20,URM,Above Range,
CAL-8706,EMP-6706,Nancy Thomas,Customer Experience,Manager,Customer Experience,Boston MA,EMP-5019,Q1 2025 Mid-Year,2025,5 - Exceptional,5,2 - Partially Meets,Improved,Needs Coaching,Balanced Contributor,Low,8.31,Ready 3-5 Years,Finalized,3 - Meets Expectations,No,No Change,7.62,14.81,No,No,Execution,Mentoring,Technical Depth,10.9,4.2,0.951,2021-09-05,Veteran,Above Range,Strong calibration supported by peers.
CAL-8707,EMP-6707,Joseph Gonzalez,Finance,Senior Manager,Finance,Austin TX,EMP-5021,Q1 2026 Mid-Year,2026,2 - Partially Meets,2,1 - Does Not Meet,Improved,High Potential,Balanced Contributor,Medium,4.6,Ready 3-5 Years,Calibration Complete,2 - Partially Meets,No,No Change,1.64,3.16,No,No,Adaptability,Project Delivery,Cross-Functional Collaboration,18.3,5.8,1.254,2025-01-31,Person with Disability,Above Range,
CAL-8708,EMP-6708,Maria Martin,Customer Experience,Director,Customer Experience,Frisco TX,EMP-5040,Q3 2026 Annual,2026,3 - Meets Expectations,3,4 - Exceeds Expectations,Declined,Growth Potential,Balanced Contributor,Low,8.88,Not Applicable,Finalized,2 - Partially Meets,No,Downward,3.25,3.61,No,No,Innovation,Project Delivery,Communication Clarity,17.9,9.5,0.889,2020-11-13,No Flag,Above Range,New to role - calibration advisory only.
CAL-8709,EMP-6709,Patricia Wilson,Product,Manager,Product,Austin TX,EMP-5041,Q3 2026 Annual,2026,4 - Exceeds Expectations,4,3 - Meets Expectations,Improved,Needs Coaching,Balanced Contributor,Low,6.85,Ready 3-5 Years,Finalized,5 - Exceptional,No,No Change,4.6,7.7,No,No,Communication,Data-Driven,Technical Depth,17.0,5.3,1.047,2021-02-05,URM,Below Range,Flagged for retention risk.
CAL-8710,EMP-6710,Betty Taylor,Sales,VP,Sales,Atlanta GA,EMP-5008,Q1 2026 Mid-Year,2026,4 - Exceeds Expectations,4,4 - Exceeds Expectations,Stable,Solid Performer,Balanced Contributor,Medium,5.24,Ready Now,Calibration Complete,2 - Partially Meets,No,No Change,4.63,6.97,No,No,Customer Focus,Results Orientation,People Management,18.7,5.9,0.965,2018-05-11,Person with Disability,Below Range,New to role - calibration advisory only.
CAL-8711,EMP-6711,Margaret Jackson,Data Science,Manager,Data Science,Atlanta GA,EMP-5005,Q1 2025 Mid-Year,2025,3 - Meets Expectations,3,2 - Partially Meets,Improved,Needs Coaching,Balanced Contributor,High,1.24,Ready Now,Calibration Complete,3 - Meets Expectations,No,Downward,2.12,3.56,No,No,Leadership,Results Orientation,Technical Depth,1.4,5.9,1.293,2018-01-11,No Flag,Below Range,Calibration adjusted after group review.
CAL-8712,EMP-6712,Nancy Johnson,People & HR,Director,People & HR,New York NY,EMP-5045,Q1 2026 Mid-Year,2026,3 - Meets Expectations,3,3 - Meets Expectations,Stable,Growth Potential,Balanced Contributor,Low,5.7,Ready Now,Calibration Complete,3 - Meets Expectations,No,Downward,2.52,2.1,No,No,Leadership,Stakeholder Mgmt,Delegation,10.9,9.4,1.334,2018-12-09,Veteran,Within Range,Consistent performer over 3 cycles.
CAL-8713,EMP-6713,Daniel Gonzalez,Sales,Team Lead,Sales,Austin TX,EMP-5035,Q1 2026 Mid-Year,2026,2 - Partially Meets,2,2 - Partially Meets,Stable,Needs Coaching,Needs Development,Low,1.43,Ready Now,Pending Manager Review,3 - Meets Expectations,No,No Change,1.19,2.42,No,No,Leadership,Stakeholder Mgmt,Delegation,16.3,7.7,1.221,2023-06-17,Person with Disability,Within Range,High potential validated by skip-level.
CAL-8714,EMP-6714,Patricia Rodriguez,Operations,Individual Contributor,Operations,New York NY,EMP-5037,Q3 2025 Annual,2025,3 - Meets Expectations,3,2 - Partially Meets,Improved,Solid Performer,Backbone,Medium,5.13,Ready 1-2 Years,Calibration Complete,4 - Exceeds Expectations,No,Downward,3.25,2.75,No,No,Collaboration,Mentoring,Prioritization,7.5,7.3,1.21,2024-03-29,No Flag,Above Range,Calibration adjusted after group review.
CAL-8715,EMP-6715,Susan Davis,Customer Experience,Director,Customer Experience,Boston MA,EMP-5000,Q3 2026 Annual,2026,3 - Meets Expectations,3,3 - Meets Expectations,Stable,Solid Performer,Backbone,High,5.41,Ready 1-2 Years,Pending Manager Review,3 - Meets Expectations,No,No Change,2.57,4.72,No,No,Execution,Data-Driven,Executive Presence,19.4,7.5,1.137,2020-12-22,Gender Minority,Above Range,Consistent performer over 3 cycles.
CAL-8716,EMP-6716,Betty Brown,Sales,Manager,Sales,Chicago IL,EMP-5001,Q3 2026 Annual,2026,5 - Exceptional,5,2 - Partially Meets,Improved,Solid Performer,Balanced Contributor,Low,8.58,Ready 1-2 Years,Calibration Complete,3 - Meets Expectations,No,Downward,5.32,9.99,No,No,Innovation,Project Delivery,Delegation,7.6,1.5,1.295,2024-01-14,URM,Above Range,
CAL-8717,EMP-6717,Joseph Brown,Marketing,Senior Manager,Marketing,Frisco TX,EMP-5022,Q3 2026 Annual,2026,3 - Meets Expectations,3,3 - Meets Expectations,Stable,Growth Potential,Balanced Contributor,High,5.9,Ready Now,Finalized,4 - Exceeds Expectations,No,Downward,3.1,4.01,No,No,Adaptability,Mentoring,Technical Depth,9.8,2.4,1.285,2021-08-12,No Flag,Below Range,
CAL-8718,EMP-6718,Charles Wilson,Sales,Individual Contributor,Sales,Chicago IL,EMP-5041,Q1 2025 Mid-Year,2025,2 - Partially Meets,2,4 - Exceeds Expectations,Declined,Growth Potential,Inconsistent Player,High,5.25,Not Applicable,Calibration Complete,2 - Partially Meets,No,Downward,1.74,1.95,No,No,Execution,Problem Solving,Cross-Functional Collaboration,13.5,0.9,0.803,2018-10-05,Gender Minority,Within Range,PIP recommended post calibration.
CAL-8719,EMP-6719,Jennifer Martin,Sales,Team Lead,Sales,Frisco TX,EMP-5011,Q1 2026 Mid-Year,2026,2 - Partially Meets,2,4 - Exceeds Expectations,Declined,High Potential,Balanced Contributor,Medium,4.93,Ready 1-2 Years,Finalized,3 - Meets Expectations,No,No Change,0.55,1.08,No,No,Collaboration,Process Improvement,People Management,9.2,5.0,1.024,2021-11-10,Gender Minority,Above Range,Flagged for retention risk.
CAL-8720,EMP-6720,William Lopez,Marketing,Individual Contributor,Marketing,San Francisco CA,EMP-5014,Q1 2026 Mid-Year,2026,5 - Exceptional,5,1 - Does Not Meet,Improved,High Potential,Star,Low,2.7,Ready Now,Finalized,3 - Meets Expectations,Yes,No Change,5.0,5.28,No,No,Communication,Project Delivery,Delegation,18.0,4.8,1.171,2021-08-11,URM,Above Range,PIP recommended post calibration.
CAL-8721,EMP-6721,Christopher Martin,Sales,Manager,Sales,Remote,EMP-5008,Q1 2025 Mid-Year,2025,4 - Exceeds Expectations,4,3 - Meets Expectations,Improved,High Potential,Future Leader,High,9.02,Ready 1-2 Years,Calibration Complete,4 - Exceeds Expectations,No,No Change,3.61,5.38,No,No,Collaboration,Stakeholder Mgmt,Cross-Functional Collaboration,13.6,2.9,1.118,2021-08-29,No Flag,Within Range,Strong calibration supported by peers.
CAL-8722,EMP-6722,Jessica Gonzalez,Operations,Individual Contributor,Operations,San Francisco CA,EMP-5048,Q1 2025 Mid-Year,2025,3 - Meets Expectations,3,2 - Partially Meets,Improved,High Potential,Emerging Talent,Medium,3.84,Not Applicable,Finalized,2 - Partially Meets,No,Upward,3.34,8.24,No,No,Customer Focus,Project Delivery,Technical Depth,6.5,4.8,1.009,2025-04-08,Veteran,Below Range,New to role - calibration advisory only.
CAL-8723,EMP-6723,Nancy Gonzalez,Operations,Manager,Operations,Denver CO,EMP-5026,Q1 2025 Mid-Year,2025,4 - Exceeds Expectations,4,3 - Meets Expectations,Improved,Needs Coaching,Balanced Contributor,Medium,6.37,Ready 3-5 Years,Finalized,5 - Exceptional,No,Upward,3.57,8.14,No,No,Analytical Rigor,Results Orientation,Delegation,3.0,4.9,1.313,2023-03-10,No Flag,Above Range,Consistent performer over 3 cycles.
CAL-8724,EMP-6724,Jessica Martin,Customer Experience,Individual Contributor,Customer Experience,Denver CO,EMP-5032,Q3 2025 Annual,2025,2 - Partially Meets,2,3 - Meets Expectations,Declined,High Potential,Balanced Contributor,Medium,3.9,Not Applicable,Pending Manager Review,2 - Partially Meets,No,No Change,0.65,1.16,No,No,Innovation,Problem Solving,People Management,18.8,3.8,1.015,2024-09-13,URM,Above Range,High potential validated by skip-level.
CAL-8725,EMP-6725,Susan Garcia,Product,Manager,Product,Austin TX,EMP-5013,Q1 2026 Mid-Year,2026,3 - Meets Expectations,3,3 - Meets Expectations,Stable,Growth Potential,Balanced Contributor,Medium,9.69,Ready Now,Calibration Complete,4 - Exceeds Expectations,Yes,No Change,2.7,3.9,No,No,Innovation,Project Delivery,Technical Depth,2.2,9.0,1.208,2022-03-20,Person with Disability,Below Range,Calibration adjusted after group review.
CAL-8726,EMP-6726,Michael Thomas,Engineering,Individual Contributor,Engineering,Atlanta GA,EMP-5032,Q3 2026 Annual,2026,4 - Exceeds Expectations,4,2 - Partially Meets,Improved,Solid Performer,Balanced Contributor,Medium,3.89,Ready 3-5 Years,Finalized,3 - Meets Expectations,No,No Change,4.56,9.0,No,No,Adaptability,Mentoring,Prioritization,9.3,0.7,0.989,2020-10-11,No Flag,Within Range,Consistent performer over 3 cycles.
CAL-8727,EMP-6727,Daniel Martin,Product,SVP,Product,Denver CO,EMP-5047,Q1 2026 Mid-Year,2026,4 - Exceeds Expectations,4,5 - Exceptional,Declined,Growth Potential,Core Contributor,Low,6.6,Ready Now,Pending Manager Review,2 - Partially Meets,Yes,No Change,3.51,6.23,Yes,No,Execution,Problem Solving,Strategic Vision,17.5,5.4,1.027,2018-03-25,Gender Minority,Within Range,New to role - calibration advisory only.
CAL-8728,EMP-6728,Patricia Smith,Operations,Manager,Operations,Atlanta GA,EMP-5047,Q3 2026 Annual,2026,4 - Exceeds Expectations,4,2 - Partially Meets,Improved,High Potential,Future Leader,Low,8.46,Ready Now,Pending Manager Review,3 - Meets Expectations,Yes,Upward,4.77,5.48,Yes,No,Strategic Thinking,Team Building,Communication Clarity,8.3,2.3,1.004,2023-11-13,Veteran,Below Range,Strong calibration supported by peers.
CAL-8729,EMP-6729,Sarah Davis,Operations,Individual Contributor,Operations,Austin TX,EMP-5013,Q1 2025 Mid-Year,2025,1 - Does Not Meet,1,3 - Meets Expectations,Declined,Needs Coaching,Underperformer,Low,4.6,Ready 3-5 Years,Finalized,3 - Meets Expectations,No,No Change,0.0,0.0,No,No,Leadership,Project Delivery,Cross-Functional Collaboration,7.2,1.9,0.96,2024-04-17,Veteran,Within Range,Strong calibration supported by peers.
CAL-8730,EMP-6730,Charles Gonzalez,Product,Individual Contributor,Product,Austin TX,EMP-5043,Q1 2026 Mid-Year,2026,3 - Meets Expectations,3,3 - Meets Expectations,Stable,Solid Performer,Backbone,Medium,2.0,Ready Now,Finalized,1 - Does Not Meet,Yes,Upward,2.34,2.12,No,No,Adaptability,Results Orientation,Prioritization,13.7,4.3,0.848,2019-05-20,URM,Above Range,
CAL-8731,EMP-6731,Matthew Lopez,Data Science,Director,Data Science,Remote,EMP-5045,Q1 2025 Mid-Year,2025,1 - Does Not Meet,1,1 - Does Not Meet,Stable,Solid Performer,Balanced Contributor,Low,8.14,Ready Now,Finalized,5 - Exceptional,No,Upward,0.0,0.0,No,Yes,Innovation,Data-Driven,Executive Presence,17.0,1.4,0.94,2022-05-29,URM,Above Range,Calibration adjusted after group review.
CAL-8732,EMP-6732,Betty Anderson,Sales,Senior Manager,Sales,New York NY,EMP-5023,Q3 2025 Annual,2025,3 - Meets Expectations,3,5 - Exceptional,Declined,Solid Performer,Backbone,Low,4.07,Ready 1-2 Years,Pending Manager Review,2 - Partially Meets,Yes,No Change,2.37,4.89,No,No,Execution,Results Orientation,Communication Clarity,4.6,6.5,1.07,2024-08-23,URM,Within Range,Flagged for retention risk.
CAL-8733,EMP-6733,Barbara Martinez,Engineering,Team Lead,Engineering,Remote,EMP-5031,Q1 2025 Mid-Year,2025,4 - Exceeds Expectations,4,4 - Exceeds Expectations,Stable,Solid Performer,Balanced Contributor,Low,5.58,Ready 3-5 Years,Finalized,1 - Does Not Meet,No,No Change,4.87,9.5,No,No,Collaboration,Problem Solving,Strategic Vision,7.6,4.1,1.073,2022-05-24,Veteran,Above Range,High potential validated by skip-level.
CAL-8734,EMP-6734,James Anderson,Engineering,Manager,Engineering,San Francisco CA,EMP-5019,Q1 2026 Mid-Year,2026,3 - Meets Expectations,3,3 - Meets Expectations,Stable,Solid Performer,Backbone,High,6.15,Ready 3-5 Years,Calibration Complete,4 - Exceeds Expectations,No,No Change,2.1,2.2,No,No,Innovation,Team Building,Strategic Vision,19.6,8.8,1.277,2021-04-24,Veteran,Within Range,High potential validated by skip-level.
CAL-8735,EMP-6735,Linda Brown,Data Science,Director,Data Science,Seattle WA,EMP-5023,Q1 2026 Mid-Year,2026,2 - Partially Meets,2,4 - Exceeds Expectations,Declined,Growth Potential,Inconsistent Player,Low,3.41,Ready Now,Calibration Complete,4 - Exceeds Expectations,Yes,No Change,0.33,0.78,No,No,Leadership,Project Delivery,Communication Clarity,14.0,2.0,0.755,2018-05-09,Gender Minority,Within Range,Flagged for retention risk.
CAL-8736,EMP-6736,Maria Garcia,Legal & Compliance,SVP,Legal & Compliance,Austin TX,EMP-5010,Q3 2026 Annual,2026,5 - Exceptional,5,3 - Meets Expectations,Improved,High Potential,Star,Medium,1.08,Not Applicable,Calibration Complete,3 - Meets Expectations,No,No Change,7.45,18.39,Yes,No,Strategic Thinking,Mentoring,People Management,8.0,9.1,1.036,2023-07-30,URM,Within Range,Flagged for retention risk.
CAL-8737,EMP-6737,Joseph Hernandez,Sales,Manager,Sales,Austin TX,EMP-5038,Q1 2025 Mid-Year,2025,2 - Partially Meets,2,3 - Meets Expectations,Declined,Growth Potential,Inconsistent Player,Low,2.13,Ready 1-2 Years,Finalized,3 - Meets Expectations,No,No Change,1.6,2.75,No,No,Strategic Thinking,Stakeholder Mgmt,Executive Presence,7.2,1.5,1.322,2021-04-13,No Flag,Above Range,Calibration adjusted after group review.
CAL-8738,EMP-6738,Barbara Miller,Operations,VP,Operations,New York NY,EMP-5036,Q3 2026 Annual,2026,3 - Meets Expectations,3,2 - Partially Meets,Improved,High Potential,Emerging Talent,Medium,2.05,Ready Now,Calibration Complete,3 - Meets Expectations,No,No Change,2.82,5.74,No,No,Collaboration,Team Building,Delegation,16.3,0.7,1.271,2021-11-21,Gender Minority,Below Range,New to role - calibration advisory only.
CAL-8739,EMP-6739,Mark Thomas,Product,Individual Contributor,Product,Atlanta GA,EMP-5011,Q1 2026 Mid-Year,2026,3 - Meets Expectations,3,1 - Does Not Meet,Improved,Solid Performer,Backbone,Medium,2.66,Ready 1-2 Years,Finalized,4 - Exceeds Expectations,No,No Change,3.24,6.48,No,No,Communication,Stakeholder Mgmt,Prioritization,3.9,7.5,1.059,2025-07-19,Gender Minority,Above Range,High potential validated by skip-level.
CAL-8740,EMP-6740,Matthew Wilson,People & HR,Team Lead,People & HR,Chicago IL,EMP-5042,Q3 2026 Annual,2026,3 - Meets Expectations,3,3 - Meets Expectations,Stable,Growth Potential,Balanced Contributor,High,2.76,Ready Now,Calibration Complete,2 - Partially Meets,No,No Change,2.45,3.76,No,No,Innovation,Problem Solving,Communication Clarity,10.2,7.7,1.077,2022-06-01,No Flag,Above Range,Calibration adjusted after group review.
CAL-8741,EMP-6741,Matthew Martinez,Finance,Manager,Finance,Frisco TX,EMP-5022,Q1 2025 Mid-Year,2025,3 - Meets Expectations,3,4 - Exceeds Expectations,Declined,Needs Coaching,Balanced Contributor,High,2.69,Ready 3-5 Years,Pending Manager Review,2 - Partially Meets,No,Upward,2.59,4.85,No,No,Collaboration,Project Delivery,Communication Clarity,0.6,1.4,0.879,2019-01-25,Gender Minority,Within Range,Flagged for retention risk.
CAL-8742,EMP-6742,Robert Martinez,Operations,VP,Operations,Atlanta GA,EMP-5038,Q3 2025 Annual,2025,4 - Exceeds Expectations,4,2 - Partially Meets,Improved,Needs Coaching,Balanced Contributor,Medium,7.74,Ready 1-2 Years,Calibration Complete,4 - Exceeds Expectations,No,No Change,4.9,12.16,No,No,Customer Focus,Results Orientation,Delegation,11.5,6.8,0.755,2022-12-10,Gender Minority,Below Range,PIP recommended post calibration.
CAL-8743,EMP-6743,William Hernandez,People & HR,Individual Contributor,People & HR,Frisco TX,EMP-5015,Q3 2025 Annual,2025,3 - Meets Expectations,3,2 - Partially Meets,Improved,Growth Potential,Balanced Contributor,Medium,4.3,Ready 3-5 Years,Finalized,3 - Meets Expectations,No,Upward,3.28,6.42,No,No,Communication,Process Improvement,Delegation,4.2,4.7,1.304,2019-07-14,Person with Disability,Below Range,
CAL-8744,EMP-6744,Barbara Johnson,Customer Experience,Manager,Customer Experience,Seattle WA,EMP-5041,Q3 2026 Annual,2026,3 - Meets Expectations,3,3 - Meets Expectations,Stable,Growth Potential,Balanced Contributor,Low,4.52,Ready 3-5 Years,Calibration Complete,5 - Exceptional,No,No Change,2.67,5.73,No,No,Innovation,Project Delivery,Technical Depth,1.3,3.2,1.303,2018-12-31,URM,Below Range,New to role - calibration advisory only.
CAL-8745,EMP-6745,Barbara Johnson,Legal & Compliance,Individual Contributor,Legal & Compliance,Chicago IL,EMP-5044,Q3 2026 Annual,2026,2 - Partially Meets,2,2 - Partially Meets,Stable,High Potential,Balanced Contributor,High,9.57,Ready Now,Finalized,3 - Meets Expectations,No,No Change,0.87,1.94,No,No,Adaptability,Team Building,Delegation,6.6,0.9,1.025,2020-06-20,No Flag,Above Range,
CAL-8746,EMP-6746,Jessica Garcia,Sales,Manager,Sales,Chicago IL,EMP-5041,Q3 2025 Annual,2025,1 - Does Not Meet,1,4 - Exceeds Expectations,Declined,High Potential,Balanced Contributor,Low,9.65,Ready 3-5 Years,Pending Manager Review,3 - Meets Expectations,No,No Change,0.0,0.0,No,Yes,Collaboration,Problem Solving,Technical Depth,12.3,7.9,1.205,2021-07-15,No Flag,Within Range,Strong calibration supported by peers.
CAL-8747,EMP-6747,John Brown,Operations,Team Lead,Operations,New York NY,EMP-5022,Q1 2026 Mid-Year,2026,3 - Meets Expectations,3,5 - Exceptional,Declined,Growth Potential,Balanced Contributor,Low,3.91,Ready Now,Finalized,4 - Exceeds Expectations,No,Upward,3.24,7.52,No,No,Collaboration,Team Building,Prioritization,1.0,4.5,0.805,2023-12-04,URM,Below Range,Consistent performer over 3 cycles.
CAL-8748,EMP-6748,Sandra Williams,Customer Experience,Individual Contributor,Customer Experience,Seattle WA,EMP-5015,Q3 2026 Annual,2026,4 - Exceeds Expectations,4,5 - Exceptional,Declined,Needs Coaching,Balanced Contributor,Low,5.74,Ready 1-2 Years,Pending Manager Review,3 - Meets Expectations,No,No Change,3.87,6.3,Yes,No,Technical Excellence,Team Building,People Management,7.7,2.0,1.232,2018-07-03,No Flag,Within Range,
CAL-8749,EMP-6749,Thomas Rodriguez,Engineering,Individual Contributor,Engineering,San Francisco CA,EMP-5030,Q3 2026 Annual,2026,4 - Exceeds Expectations,4,1 - Does Not Meet,Improved,Solid Performer,Balanced Contributor,Medium,7.94,Ready Now,Finalized,3 - Meets Expectations,Yes,No Change,3.92,3.91,Yes,No,Technical Excellence,Problem Solving,Delegation,19.2,0.9,0.984,2018-03-11,Gender Minority,Within Range,
CAL-8750,EMP-6750,Karen Gonzalez,Finance,Individual Contributor,Finance,Remote,EMP-5042,Q1 2025 Mid-Year,2025,3 - Meets Expectations,3,3 - Meets Expectations,Stable,Watch List,Balanced Contributor,Low,6.24,Not Applicable,Finalized,3 - Meets Expectations,No,No Change,2.29,3.6,No,No,Strategic Thinking,Results Orientation,Executive Presence,1.8,9.3,0.978,2018-01-14,No Flag,Above Range,Calibration adjusted after group review.
CAL-8751,EMP-6751,Jessica Moore,Customer Experience,VP,Customer Experience,Atlanta GA,EMP-5044,Q3 2026 Annual,2026,3 - Meets Expectations,3,3 - Meets Expectations,Stable,Needs Coaching,Balanced Contributor,Medium,8.45,Ready 3-5 Years,Finalized,2 - Partially Meets,No,No Change,2.69,5.16,No,No,Leadership,Stakeholder Mgmt,Strategic Vision,15.0,1.3,1.121,2020-12-13,Veteran,Within Range,High potential validated by skip-level.
CAL-8752,EMP-6752,Michael Martin,Customer Experience,Manager,Customer Experience,Frisco TX,EMP-5022,Q3 2025 Annual,2025,3 - Meets Expectations,3,4 - Exceeds Expectations,Declined,Growth Potential,Balanced Contributor,High,5.35,Ready Now,Finalized,5 - Exceptional,No,No Change,3.43,8.13,No,No,Collaboration,Mentoring,Cross-Functional Collaboration,11.5,1.9,1.295,2021-02-12,No Flag,Above Range,Flagged for retention risk.
CAL-8753,EMP-6753,Charles Johnson,Legal & Compliance,Manager,Legal & Compliance,Austin TX,EMP-5028,Q3 2026 Annual,2026,3 - Meets Expectations,3,3 - Meets Expectations,Stable,Solid Performer,Backbone,Low,6.2,Ready 1-2 Years,Pending Manager Review,2 - Partially Meets,No,No Change,3.0,5.52,No,No,Execution,Process Improvement,Technical Depth,19.2,2.3,1.216,2018-11-13,Veteran,Below Range,Consistent performer over 3 cycles.
CAL-8754,EMP-6754,Elizabeth Garcia,Marketing,Manager,Marketing,Austin TX,EMP-5022,Q3 2026 Annual,2026,3 - Meets Expectations,3,2 - Partially Meets,Improved,Solid Performer,Backbone,Low,9.75,Ready 3-5 Years,Finalized,3 - Meets Expectations,Yes,No Change,2.72,6.26,No,No,Analytical Rigor,Stakeholder Mgmt,Technical Depth,7.5,2.6,0.992,2018-10-30,Person with Disability,Above Range,Calibration adjusted after group review.
CAL-8755,EMP-6755,Patricia Gonzalez,Finance,Manager,Finance,Chicago IL,EMP-5046,Q1 2026 Mid-Year,2026,4 - Exceeds Expectations,4,3 - Meets Expectations,Improved,High Potential,Future Leader,Low,6.5,Ready Now,Finalized,3 - Meets Expectations,No,No Change,5.14,10.71,Yes,No,Strategic Thinking,Mentoring,Technical Depth,1.8,4.0,0.974,2024-07-19,Person with Disability,Within Range,New to role - calibration advisory only.
CAL-8756,EMP-6756,Christopher Jones,Legal & Compliance,Individual Contributor,Legal & Compliance,Boston MA,EMP-5045,Q1 2025 Mid-Year,2025,3 - Meets Expectations,3,3 - Meets Expectations,Stable,Needs Coaching,Balanced Contributor,Medium,5.62,Ready 1-2 Years,Calibration Complete,3 - Meets Expectations,No,No Change,2.38,3.62,No,No,Leadership,Results Orientation,Cross-Functional Collaboration,5.9,4.2,0.96,2019-08-25,Veteran,Above Range,
CAL-8757,EMP-6757,William Smith,Data Science,Individual Contributor,Data Science,Denver CO,EMP-5018,Q3 2026 Annual,2026,3 - Meets Expectations,3,1 - Does Not Meet,Improved,Solid Performer,Backbone,Low,2.93,Ready 3-5 Years,Finalized,2 - Partially Meets,No,Downward,3.46,6.3,No,No,Communication,Results Orientation,Delegation,16.4,1.9,1.238,2019-07-08,URM,Below Range,Consistent performer over 3 cycles.
CAL-8758,EMP-6758,Nancy Taylor,Customer Experience,Manager,Customer Experience,Atlanta GA,EMP-5039,Q3 2026 Annual,2026,1 - Does Not Meet,1,3 - Meets Expectations,Declined,Solid Performer,Balanced Contributor,High,8.05,Ready Now,Finalized,2 - Partially Meets,No,Downward,0.0,0.0,No,Yes,Collaboration,Stakeholder Mgmt,Executive Presence,5.0,7.4,1.252,2024-04-24,Veteran,Within Range,New to role - calibration advisory only.
CAL-8759,EMP-6759,Maria Johnson,Operations,Director,Operations,Atlanta GA,EMP-5010,Q3 2026 Annual,2026,4 - Exceeds Expectations,4,4 - Exceeds Expectations,Stable,High Potential,Future Leader,Low,4.49,Not Applicable,Finalized,3 - Meets Expectations,Yes,No Change,4.35,7.39,No,No,Customer Focus,Mentoring,Technical Depth,8.1,2.4,0.999,2020-05-09,No Flag,Below Range,Consistent performer over 3 cycles.
CAL-8760,EMP-6760,Barbara Williams,Finance,Individual Contributor,Finance,New York NY,EMP-5013,Q1 2026 Mid-Year,2026,4 - Exceeds Expectations,4,4 - Exceeds Expectations,Stable,Solid Performer,Balanced Contributor,Medium,2.21,Ready 3-5 Years,Calibration Complete,4 - Exceeds Expectations,Yes,No Change,5.32,13.02,No,No,Execution,Mentoring,Communication Clarity,12.8,7.9,0.841,2025-09-26,URM,Within Range,
CAL-8761,EMP-6761,Nancy Jackson,Marketing,Team Lead,Marketing,Frisco TX,EMP-5008,Q3 2026 Annual,2026,3 - Meets Expectations,3,4 - Exceeds Expectations,Declined,Solid Performer,Backbone,High,8.92,Not Applicable,Finalized,4 - Exceeds Expectations,No,No Change,3.06,6.49,No,No,Execution,Team Building,Strategic Vision,9.7,10.0,0.857,2024-08-28,Gender Minority,Above Range,PIP recommended post calibration.
CAL-8762,EMP-6762,Anthony Lopez,Engineering,Individual Contributor,Engineering,Denver CO,EMP-5015,Q1 2026 Mid-Year,2026,3 - Meets Expectations,3,3 - Meets Expectations,Stable,Solid Performer,Backbone,High,9.2,Not Applicable,Calibration Complete,3 - Meets Expectations,No,No Change,2.08,2.97,No,No,Technical Excellence,Stakeholder Mgmt,Strategic Vision,5.0,0.9,0.76,2023-08-27,Person with Disability,Within Range,
CAL-8763,EMP-6763,Margaret Moore,Finance,Manager,Finance,New York NY,EMP-5048,Q1 2025 Mid-Year,2025,4 - Exceeds Expectations,4,5 - Exceptional,Declined,Solid Performer,Balanced Contributor,High,9.97,Ready 1-2 Years,Finalized,3 - Meets Expectations,No,Upward,4.41,6.57,No,No,Innovation,Problem Solving,Prioritization,10.0,8.7,1.11,2025-11-26,URM,Within Range,Strong calibration supported by peers.
CAL-8764,EMP-6764,Anthony Martinez,Marketing,Senior Manager,Marketing,Austin TX,EMP-5031,Q3 2025 Annual,2025,5 - Exceptional,5,2 - Partially Meets,Improved,Growth Potential,High Performer,High,5.28,Ready 3-5 Years,Finalized,5 - Exceptional,No,No Change,7.26,15.39,No,No,Customer Focus,Data-Driven,People Management,1.8,8.0,1.2,2021-09-06,Veteran,Below Range,
CAL-8765,EMP-6765,Charles Taylor,Data Science,Manager,Data Science,Atlanta GA,EMP-5046,Q1 2025 Mid-Year,2025,5 - Exceptional,5,1 - Does Not Meet,Improved,Growth Potential,High Performer,Low,5.4,Ready 1-2 Years,Finalized,3 - Meets Expectations,Yes,Downward,6.18,7.36,No,No,Innovation,Results Orientation,Technical Depth,3.6,9.2,1.062,2022-12-20,URM,Below Range,High potential validated by skip-level.
CAL-8766,EMP-6766,Karen Davis,Customer Experience,Manager,Customer Experience,Denver CO,EMP-5008,Q1 2025 Mid-Year,2025,4 - Exceeds Expectations,4,3 - Meets Expectations,Improved,Solid Performer,Balanced Contributor,High,2.63,Not Applicable,Finalized,3 - Meets Expectations,Yes,No Change,3.84,7.3,Yes,No,Technical Excellence,Stakeholder Mgmt,People Management,5.0,8.7,1.055,2023-07-25,Person with Disability,Below Range,
CAL-8767,EMP-6767,Sarah Gonzalez,Data Science,Individual Contributor,Data Science,Atlanta GA,EMP-5016,Q1 2025 Mid-Year,2025,4 - Exceeds Expectations,4,3 - Meets Expectations,Improved,Needs Coaching,Balanced Contributor,Low,5.41,Ready 1-2 Years,Pending Manager Review,2 - Partially Meets,No,Downward,5.05,7.36,No,No,Execution,Data-Driven,Communication Clarity,14.1,6.8,1.241,2023-12-27,Veteran,Below Range,Strong calibration supported by peers.
CAL-8768,EMP-6768,Daniel Lopez,Finance,SVP,Finance,Atlanta GA,EMP-5018,Q3 2025 Annual,2025,4 - Exceeds Expectations,4,1 - Does Not Meet,Improved,High Potential,Future Leader,High,2.18,Ready 3-5 Years,Finalized,4 - Exceeds Expectations,No,No Change,3.62,6.8,No,No,Analytical Rigor,Problem Solving,Strategic Vision,17.2,7.8,0.801,2019-09-09,Veteran,Within Range,New to role - calibration advisory only.
CAL-8769,EMP-6769,Mark Wilson,Engineering,Senior Manager,Engineering,New York NY,EMP-5004,Q1 2026 Mid-Year,2026,5 - Exceptional,5,3 - Meets Expectations,Improved,Needs Coaching,Balanced Contributor,High,4.3,Not Applicable,Calibration Complete,4 - Exceeds Expectations,No,No Change,5.94,10.76,Yes,No,Analytical Rigor,Problem Solving,Technical Depth,17.0,4.0,1.043,2023-03-26,Person with Disability,Above Range,PIP recommended post calibration.
CAL-8770,EMP-6770,Thomas Martin,Product,Individual Contributor,Product,San Francisco CA,EMP-5013,Q3 2025 Annual,2025,1 - Does Not Meet,1,4 - Exceeds Expectations,Declined,Solid Performer,Balanced Contributor,Low,2.27,Not Applicable,Finalized,2 - Partially Meets,No,Downward,0.0,0.0,No,No,Collaboration,Process Improvement,Delegation,5.0,5.1,0.833,2022-03-16,URM,Below Range,Strong calibration supported by peers.
CAL-8771,EMP-6771,Barbara Jones,Customer Experience,Individual Contributor,Customer Experience,Atlanta GA,EMP-5026,Q1 2026 Mid-Year,2026,2 - Partially Meets,2,4 - Exceeds Expectations,Declined,Watch List,Balanced Contributor,High,6.58,Ready 3-5 Years,Calibration Complete,3 - Meets Expectations,Yes,No Change,1.03,1.95,No,No,Analytical Rigor,Project Delivery,Prioritization,4.6,2.6,0.995,2023-05-08,Person with Disability,Below Range,Flagged for retention risk.
CAL-8772,EMP-6772,Jessica Brown,Engineering,SVP,Engineering,Seattle WA,EMP-5008,Q3 2026 Annual,2026,4 - Exceeds Expectations,4,4 - Exceeds Expectations,Stable,High Potential,Future Leader,Low,4.9,Not Applicable,Calibration Complete,3 - Meets Expectations,Yes,Upward,4.02,8.58,Yes,No,Execution,Stakeholder Mgmt,Cross-Functional Collaboration,11.6,9.1,1.333,2025-01-05,Veteran,Within Range,High potential validated by skip-level.
CAL-8773,EMP-6773,John Martinez,People & HR,Individual Contributor,People & HR,Atlanta GA,EMP-5015,Q3 2025 Annual,2025,4 - Exceeds Expectations,4,3 - Meets Expectations,Improved,Solid Performer,Balanced Contributor,Medium,7.39,Ready 1-2 Years,Finalized,2 - Partially Meets,No,Downward,4.33,4.09,Yes,No,Technical Excellence,Mentoring,Executive Presence,16.9,8.2,1.289,2022-01-25,No Flag,Below Range,Calibration adjusted after group review.
CAL-8774,EMP-6774,Nancy Martin,Sales,Individual Contributor,Sales,San Francisco CA,EMP-5047,Q3 2026 Annual,2026,5 - Exceptional,5,3 - Meets Expectations,Improved,Solid Performer,Balanced Contributor,Low,9.72,Not Applicable,Pending Manager Review,3 - Meets Expectations,No,No Change,6.67,10.19,No,No,Technical Excellence,Results Orientation,People Management,15.8,7.0,1.145,2020-07-17,No Flag,Above Range,High potential validated by skip-level.
CAL-8775,EMP-6775,John Smith,Marketing,Individual Contributor,Marketing,Seattle WA,EMP-5047,Q3 2026 Annual,2026,4 - Exceeds Expectations,4,4 - Exceeds Expectations,Stable,Growth Potential,Core Contributor,Low,4.11,Ready 1-2 Years,Calibration Complete,5 - Exceptional,No,No Change,5.18,4.98,No,No,Customer Focus,Mentoring,Prioritization,3.3,0.8,1.01,2024-11-10,Gender Minority,Within Range,Flagged for retention risk.
CAL-8776,EMP-6776,Barbara Smith,People & HR,Team Lead,People & HR,Seattle WA,EMP-5032,Q1 2026 Mid-Year,2026,4 - Exceeds Expectations,4,3 - Meets Expectations,Improved,Needs Coaching,Balanced Contributor,High,5.65,Ready 3-5 Years,Calibration Complete,4 - Exceeds Expectations,No,No Change,3.52,5.14,No,No,Adaptability,Problem Solving,Prioritization,1.2,7.8,1.041,2018-12-08,Veteran,Above Range,Consistent performer over 3 cycles.
CAL-8777,EMP-6777,Sandra Miller,Operations,Manager,Operations,Remote,EMP-5020,Q1 2025 Mid-Year,2025,2 - Partially Meets,2,3 - Meets Expectations,Declined,Solid Performer,Balanced Contributor,High,4.47,Not Applicable,Calibration Complete,1 - Does Not Meet,No,No Change,1.57,1.98,No,No,Execution,Stakeholder Mgmt,Prioritization,10.1,3.5,1.302,2023-09-30,Gender Minority,Above Range,Calibration adjusted after group review.
CAL-8778,EMP-6778,Anthony Garcia,Customer Experience,Senior Manager,Customer Experience,Remote,EMP-5028,Q1 2025 Mid-Year,2025,3 - Meets Expectations,3,5 - Exceptional,Declined,Solid Performer,Backbone,Low,6.86,Ready Now,Calibration Complete,4 - Exceeds Expectations,No,Downward,3.46,4.97,No,No,Innovation,Stakeholder Mgmt,Cross-Functional Collaboration,6.3,2.7,0.878,2023-02-06,Veteran,Below Range,Consistent performer over 3 cycles.
CAL-8779,EMP-6779,James Hernandez,Legal & Compliance,Director,Legal & Compliance,San Francisco CA,EMP-5000,Q1 2025 Mid-Year,2025,3 - Meets Expectations,3,4 - Exceeds Expectations,Declined,High Potential,Emerging Talent,High,4.72,Ready 3-5 Years,Finalized,3 - Meets Expectations,No,No Change,3.22,5.59,No,No,Analytical Rigor,Process Improvement,People Management,11.4,1.1,0.904,2022-07-15,Gender Minority,Below Range,
CAL-8780,EMP-6780,Jennifer Jackson,Operations,Director,Operations,Seattle WA,EMP-5004,Q1 2026 Mid-Year,2026,5 - Exceptional,5,3 - Meets Expectations,Improved,Solid Performer,Balanced Contributor,Low,9.16,Ready 3-5 Years,Pending Manager Review,3 - Meets Expectations,Yes,No Change,7.1,14.34,No,No,Strategic Thinking,Problem Solving,Strategic Vision,12.6,9.7,0.876,2018-09-01,URM,Below Range,Calibration adjusted after group review.
CAL-8781,EMP-6781,Robert Davis,Engineering,Senior Manager,Engineering,Remote,EMP-5040,Q1 2026 Mid-Year,2026,3 - Meets Expectations,3,2 - Partially Meets,Improved,Growth Potential,Balanced Contributor,High,6.61,Ready 3-5 Years,Calibration Complete,4 - Exceeds Expectations,No,No Change,3.2,3.74,No,No,Analytical Rigor,Process Improvement,Strategic Vision,5.4,3.1,1.04,2025-11-18,Person with Disability,Below Range,Flagged for retention risk.
CAL-8782,EMP-6782,Nancy Hernandez,Finance,Manager,Finance,Atlanta GA,EMP-5027,Q1 2025 Mid-Year,2025,4 - Exceeds Expectations,4,3 - Meets Expectations,Improved,Watch List,Balanced Contributor,High,4.23,Ready Now,Finalized,5 - Exceptional,Yes,Upward,4.02,4.91,No,No,Innovation,Results Orientation,Technical Depth,0.9,4.3,1.142,2025-03-30,Person with Disability,Above Range,PIP recommended post calibration.
CAL-8783,EMP-6783,William Thomas,People & HR,Team Lead,People & HR,Austin TX,EMP-5013,Q1 2025 Mid-Year,2025,2 - Partially Meets,2,5 - Exceptional,Declined,High Potential,Balanced Contributor,Low,3.29,Ready Now,Finalized,4 - Exceeds Expectations,No,No Change,0.29,0.7,No,No,Analytical Rigor,Data-Driven,Executive Presence,13.6,9.4,1.342,2023-05-07,URM,Within Range,New to role - calibration advisory only.
CAL-8784,EMP-6784,William Jackson,Product,Manager,Product,San Francisco CA,EMP-5026,Q1 2026 Mid-Year,2026,4 - Exceeds Expectations,4,2 - Partially Meets,Improved,Growth Potential,Core Contributor,Low,9.42,Ready 1-2 Years,Finalized,4 - Exceeds Expectations,No,Upward,4.22,8.99,No,No,Leadership,Team Building,Strategic Vision,7.7,2.5,1.288,2024-01-18,Person with Disability,Within Range,Strong calibration supported by peers.
CAL-8785,EMP-6785,Sarah Hernandez,Customer Experience,Individual Contributor,Customer Experience,Frisco TX,EMP-5011,Q1 2025 Mid-Year,2025,3 - Meets Expectations,3,3 - Meets Expectations,Stable,Needs Coaching,Balanced Contributor,Medium,5.32,Not Applicable,Calibration Complete,3 - Meets Expectations,No,No Change,3.08,6.94,No,No,Communication,Team Building,People Management,0.6,4.8,0.773,2024-06-27,No Flag,Below Range,Calibration adjusted after group review.
CAL-8786,EMP-6786,Susan Martinez,Sales,Manager,Sales,Denver CO,EMP-5038,Q1 2026 Mid-Year,2026,4 - Exceeds Expectations,4,3 - Meets Expectations,Improved,Growth Potential,Core Contributor,Medium,9.23,Not Applicable,Finalized,3 - Meets Expectations,No,Downward,3.63,7.24,No,No,Customer Focus,Results Orientation,Strategic Vision,17.8,1.3,1.253,2024-02-14,URM,Above Range,PIP recommended post calibration.
CAL-8787,EMP-6787,Sandra Smith,Operations,Manager,Operations,New York NY,EMP-5025,Q3 2026 Annual,2026,3 - Meets Expectations,3,2 - Partially Meets,Improved,Needs Coaching,Balanced Contributor,High,2.14,Ready 3-5 Years,Finalized,2 - Partially Meets,No,No Change,2.8,3.25,No,No,Adaptability,Stakeholder Mgmt,Cross-Functional Collaboration,6.3,3.7,0.943,2021-04-07,Gender Minority,Above Range,Calibration adjusted after group review.
CAL-8788,EMP-6788,Susan Brown,Sales,Individual Contributor,Sales,Frisco TX,EMP-5032,Q1 2026 Mid-Year,2026,4 - Exceeds Expectations,4,2 - Partially Meets,Improved,Solid Performer,Balanced Contributor,Medium,1.69,Ready 3-5 Years,Pending Manager Review,3 - Meets Expectations,No,No Change,5.33,9.77,No,No,Strategic Thinking,Process Improvement,Communication Clarity,3.1,8.5,1.072,2023-05-16,Gender Minority,Below Range,Consistent performer over 3 cycles.
CAL-8789,EMP-6789,Susan Jackson,Legal & Compliance,Individual Contributor,Legal & Compliance,Remote,EMP-5030,Q1 2026 Mid-Year,2026,3 - Meets Expectations,3,2 - Partially Meets,Improved,Solid Performer,Backbone,Low,3.82,Ready 1-2 Years,Finalized,4 - Exceeds Expectations,No,Upward,3.24,5.71,No,No,Execution,Data-Driven,Communication Clarity,14.3,4.7,0.9,2020-07-06,No Flag,Within Range,
CAL-8790,EMP-6790,Maria Gonzalez,Operations,Director,Operations,New York NY,EMP-5028,Q3 2026 Annual,2026,3 - Meets Expectations,3,4 - Exceeds Expectations,Declined,Solid Performer,Backbone,Low,6.04,Not Applicable,Calibration Complete,4 - Exceeds Expectations,Yes,Downward,3.49,3.48,No,No,Communication,Team Building,Cross-Functional Collaboration,2.6,4.9,1.062,2022-07-22,URM,Within Range,Calibration adjusted after group review.
CAL-8791,EMP-6791,Anthony Brown,Product,Manager,Product,Atlanta GA,EMP-5032,Q1 2026 Mid-Year,2026,3 - Meets Expectations,3,4 - Exceeds Expectations,Declined,Solid Performer,Backbone,High,8.41,Not Applicable,Calibration Complete,5 - Exceptional,No,No Change,2.08,4.62,No,No,Technical Excellence,Team Building,Delegation,3.8,5.3,1.116,2021-01-19,URM,Below Range,Strong calibration supported by peers.
CAL-8792,EMP-6792,Patricia Lopez,Engineering,Team Lead,Engineering,Denver CO,EMP-5005,Q1 2025 Mid-Year,2025,4 - Exceeds Expectations,4,1 - Does Not Meet,Improved,Solid Performer,Balanced Contributor,Low,7.75,Ready 1-2 Years,Pending Manager Review,3 - Meets Expectations,No,No Change,3.82,6.53,Yes,No,Analytical Rigor,Team Building,Cross-Functional Collaboration,14.0,5.1,0.951,2021-07-07,URM,Below Range,Strong calibration supported by peers.
CAL-8793,EMP-6793,Michael Martinez,Sales,Individual Contributor,Sales,Seattle WA,EMP-5019,Q1 2025 Mid-Year,2025,3 - Meets Expectations,3,5 - Exceptional,Declined,Solid Performer,Backbone,Low,8.01,Ready Now,Finalized,2 - Partially Meets,Yes,No Change,2.17,2.91,No,No,Technical Excellence,Data-Driven,Technical Depth,12.8,8.2,0.789,2018-08-27,No Flag,Below Range,New to role - calibration advisory only.
CAL-8794,EMP-6794,Elizabeth Thomas,Customer Experience,Manager,Customer Experience,San Francisco CA,EMP-5029,Q3 2026 Annual,2026,5 - Exceptional,5,1 - Does Not Meet,Improved,Solid Performer,Balanced Contributor,Low,9.04,Not Applicable,Finalized,5 - Exceptional,No,No Change,7.94,12.06,No,No,Communication,Mentoring,Communication Clarity,7.4,7.5,0.771,2023-04-22,Person with Disability,Above Range,New to role - calibration advisory only.
CAL-8795,EMP-6795,Thomas Miller,Finance,VP,Finance,Boston MA,EMP-5008,Q3 2025 Annual,2025,1 - Does Not Meet,1,3 - Meets Expectations,Declined,Growth Potential,Balanced Contributor,Medium,6.39,Not Applicable,Calibration Complete,3 - Meets Expectations,No,Downward,0.0,0.0,No,No,Communication,Data-Driven,Delegation,7.7,6.9,1.301,2019-07-15,Gender Minority,Above Range,Strong calibration supported by peers.
CAL-8796,EMP-6796,Richard Moore,Product,Manager,Product,Denver CO,EMP-5033,Q1 2026 Mid-Year,2026,4 - Exceeds Expectations,4,3 - Meets Expectations,Improved,Solid Performer,Balanced Contributor,Low,8.27,Not Applicable,Pending Manager Review,3 - Meets Expectations,No,No Change,4.35,7.75,No,No,Strategic Thinking,Results Orientation,Delegation,7.0,1.5,0.884,2021-11-23,Veteran,Above Range,
CAL-8797,EMP-6797,Thomas Brown,Sales,Individual Contributor,Sales,Boston MA,EMP-5026,Q3 2025 Annual,2025,3 - Meets Expectations,3,1 - Does Not Meet,Improved,Growth Potential,Balanced Contributor,Low,7.92,Not Applicable,Pending Manager Review,5 - Exceptional,Yes,No Change,3.18,6.92,No,No,Strategic Thinking,Stakeholder Mgmt,Strategic Vision,17.9,4.7,0.902,2019-02-27,Gender Minority,Above Range,High potential validated by skip-level.
CAL-8798,EMP-6798,Barbara Smith,Data Science,Individual Contributor,Data Science,Atlanta GA,EMP-5025,Q1 2026 Mid-Year,2026,4 - Exceeds Expectations,4,1 - Does Not Meet,Improved,High Potential,Future Leader,High,7.43,Ready Now,Calibration Complete,3 - Meets Expectations,No,No Change,3.72,3.92,No,No,Collaboration,Mentoring,Communication Clarity,16.8,8.5,0.753,2021-02-25,URM,Below Range,
CAL-8799,EMP-6799,Jennifer Lopez,People & HR,Manager,People & HR,San Francisco CA,EMP-5007,Q1 2025 Mid-Year,2025,4 - Exceeds Expectations,4,3 - Meets Expectations,Improved,Growth Potential,Core Contributor,Medium,1.95,Ready Now,Finalized,3 - Meets Expectations,Yes,Downward,4.18,6.66,No,No,Collaboration,Results Orientation,Cross-Functional Collaboration,4.9,7.1,0.838,2022-09-16,No Flag,Below Range,Flagged for retention risk.
