Skill_ID,Skill_Name,Skill_Category,Skill_Subcategory,Proficiency_Level_Required,Proficiency_Level_Average_Workforce,Demand_Trend,Criticality_Score,Supply_Gap_Score,Primary_Job_Families,Preferred_Learning_Method,Avg_Time_To_Proficiency_Months,Certification_Available,Certification_Name,Adjacent_Skills,Taxonomy_Version,Last_Updated,Owned_By_Function,Active
SKL-1000,Python,Technical,Core,Foundational,Proficient,Stable,3.01,2.36,Legal & Compliance,Mentoring,3,Yes,Google Cloud Prof.,SQL; Spark; TensorFlow; Databricks,v2.4,2026-03-01,L&D,Yes
SKL-1001,SQL,Technical,Foundational,Developing,Advanced,Decreasing,8.28,-4.94,Product; Operations,Self-Study,6,Yes,CFA,Python; Power BI; Snowflake; dbt,v2.4,2026-01-24,Talent Management,Yes
SKL-1002,Machine Learning,Technical,Specialized,Proficient,Expert,Decreasing,8.26,2.3,Product,On-the-Job,19,No,CFA,Python; TensorFlow; NLP; Statistical Modeling,v2.4,2026-01-12,People Analytics,Yes
SKL-1003,Data Engineering,Technical,Core,Developing,Foundational,Emerging,3.5,1.36,People & HR; Operations; Customer Experience,Formal Training,23,No,Google Cloud Prof.,Spark; Airflow; dbt; SQL; Databricks,v2.4,2026-02-11,Talent Management,No
SKL-1004,Cloud Architecture,Technical,Specialized,Expert,Developing,Decreasing,8.59,2.76,Engineering; Operations,Mentoring,10,Yes,PHR,AWS; Azure; GCP; Kubernetes; DevOps,v2.4,2026-04-12,Talent Management,Yes
SKL-1005,API Development,Technical,Specialized,Developing,Developing,Decreasing,7.72,-0.72,Operations; Finance; People & HR; Marketing,Mentoring,4,Yes,Google Cloud Prof.,SQL; Cloud Architecture; Machine Learning,v2.4,2026-04-19,L&D,No
SKL-1006,DevOps,Technical,Foundational,Expert,Advanced,Decreasing,9.74,3.61,Data Science,Stretch Assignment,19,No,CFA,Python; Machine Learning; Data Engineering,v2.4,2026-02-10,Talent Management,Yes
SKL-1007,Cybersecurity,Technical,Specialized,Expert,Developing,Increasing,8.83,-2.02,People & HR; Operations,External Course,7,Yes,CFA,Data Engineering; Python; API Development,v2.4,2026-04-03,HRBP,Yes
SKL-1008,Tableau,Technical,Core,Developing,Expert,Increasing,1.77,-0.14,Customer Experience,External Course,6,Yes,Databricks Certified,Machine Learning; Cybersecurity; Cloud Architecture,v2.4,2026-06-05,Talent Management,Yes
SKL-1009,Power BI,Technical,Emerging,Proficient,Advanced,Decreasing,4.94,0.18,Finance,Formal Training,4,No,AWS Certified,Tableau; Data Engineering; Cloud Architecture,v2.4,2026-02-26,L&D,Yes
SKL-1010,Spark,Technical,Core,Developing,Foundational,Increasing,8.74,-4.29,Marketing; Sales,Formal Training,19,Yes,Databricks Certified,Data Engineering; Cybersecurity; DevOps,v2.4,2026-02-18,L&D,Yes
SKL-1011,Kubernetes,Technical,Foundational,Proficient,Advanced,Emerging,5.2,2.29,Engineering,Mentoring,12,Yes,PHR,Data Engineering; Spark; Tableau,v2.4,2026-04-25,People Analytics,No
SKL-1012,TensorFlow,Technical,Emerging,Proficient,Advanced,Stable,8.87,-4.25,Engineering,Stretch Assignment,19,Yes,Google Cloud Prof.,Data Engineering; Machine Learning; DevOps,v2.4,2026-05-05,Talent Management,Yes
SKL-1013,React,Technical,Foundational,Foundational,Developing,Emerging,1.02,-1.1,Marketing; Product; Sales; Data Science,Formal Training,11,Yes,AWS Certified,Power BI; Kubernetes; Tableau,v2.4,2026-01-16,HRBP,Yes
SKL-1014,Java,Technical,Core,Expert,Advanced,Stable,1.51,0.08,Data Science; Legal & Compliance,Stretch Assignment,9,No,Google Cloud Prof.,Power BI; Data Engineering; React,v2.4,2026-06-02,L&D,Yes
SKL-1015,Scala,Technical,Foundational,Expert,Expert,Decreasing,9.41,-2.96,Finance; Marketing; Product,Formal Training,23,No,Databricks Certified,API Development; TensorFlow; SQL,v2.4,2026-01-03,Talent Management,Yes
SKL-1016,R,Technical,Core,Expert,Developing,Decreasing,2.19,-1.51,Finance,Self-Study,11,Yes,Databricks Certified,Power BI; Scala; TensorFlow,v2.4,2026-06-17,L&D,Yes
SKL-1017,Azure,Technical,Core,Developing,Proficient,Increasing,9.01,2.42,Marketing; Legal & Compliance,Certification,8,No,PHR,Tableau; Scala; Cloud Architecture,v2.4,2026-01-14,L&D,No
SKL-1018,AWS,Technical,Specialized,Foundational,Foundational,Decreasing,7.94,1.37,People & HR; Sales; Product,Certification,2,Yes,Google Cloud Prof.,Cloud Architecture; SQL; Kubernetes,v2.4,2026-05-30,People Analytics,No
SKL-1019,GCP,Technical,Emerging,Foundational,Proficient,Decreasing,9.09,2.96,Operations,Formal Training,23,Yes,Google Cloud Prof.,Kubernetes; Azure; React,v2.4,2026-06-08,People Analytics,Yes
SKL-1020,Databricks,Technical,Emerging,Developing,Advanced,Increasing,2.61,4.24,Finance; Marketing; People & HR; Product,Stretch Assignment,5,No,AWS Certified,Scala; Cybersecurity; DevOps,v2.4,2026-04-28,HRBP,Yes
SKL-1021,Snowflake,Technical,Emerging,Developing,Foundational,Stable,4.59,-2.21,Marketing,Self-Study,22,No,Azure Data Engineer,Spark; Python; Data Engineering,v2.4,2026-03-08,People Analytics,Yes
SKL-1022,dbt,Technical,Core,Foundational,Expert,Emerging,4.11,2.86,Legal & Compliance; Customer Experience; Data Science; Finance,Certification,8,No,AWS Certified,React; Python; R,v2.4,2026-05-18,People Analytics,Yes
SKL-1023,Airflow,Technical,Foundational,Foundational,Proficient,Decreasing,6.97,-3.75,Customer Experience; Marketing; Product,Self-Study,14,No,Azure Data Engineer,Cloud Architecture; DevOps; React,v2.4,2026-06-20,Talent Management,Yes
SKL-1024,NLP,Technical,Specialized,Advanced,Expert,Increasing,3.73,-2.9,Sales; Legal & Compliance; Customer Experience,Stretch Assignment,8,No,PMP,Snowflake; Machine Learning; Power BI,v2.4,2026-05-12,HRBP,Yes
SKL-1025,Statistical Modeling,Analytical,Emerging,Proficient,Developing,Stable,2.33,-4.54,Legal & Compliance; Data Science; Sales; Finance,Stretch Assignment,20,Yes,None,Scala; TensorFlow; Cybersecurity,v2.4,2026-02-07,L&D,Yes
SKL-1026,A/B Testing,Analytical,Foundational,Developing,Developing,Emerging,1.45,-2.51,Sales,Formal Training,16,No,Databricks Certified,GCP; Airflow; R,v2.4,2026-04-20,Talent Management,Yes
SKL-1027,Forecasting,Analytical,Foundational,Advanced,Proficient,Stable,8.56,-2.23,Finance; Marketing; Sales; Engineering,Stretch Assignment,11,Yes,CPA,Spark; Azure; Machine Learning,v2.4,2026-02-05,People Analytics,Yes
SKL-1028,Data Visualization,Analytical,Foundational,Developing,Developing,Increasing,4.73,-1.69,Product; Engineering; Finance; Legal & Compliance,Mentoring,14,Yes,None,Scala; Python; Kubernetes,v2.4,2026-03-18,Talent Management,No
SKL-1029,Business Intelligence,Analytical,Emerging,Advanced,Developing,Decreasing,4.92,-4.71,Product; People & HR; Sales,Formal Training,21,Yes,None,AWS; Snowflake; Python,v2.4,2026-01-22,Talent Management,Yes
SKL-1030,Root Cause Analysis,Analytical,Foundational,Developing,Foundational,Decreasing,4.41,-2.88,Operations; Product; Marketing,External Course,15,No,Google Cloud Prof.,Scala; Python; Airflow,v2.4,2026-05-19,L&D,Yes
SKL-1031,Quantitative Research,Analytical,Emerging,Foundational,Foundational,Increasing,9.55,-3.01,Legal & Compliance,Formal Training,9,Yes,Databricks Certified,Snowflake; Data Engineering; AWS,v2.4,2026-02-25,Talent Management,Yes
SKL-1032,Predictive Analytics,Analytical,Specialized,Developing,Expert,Increasing,8.0,-3.36,Data Science; Engineering; Marketing,Certification,23,No,None,TensorFlow; Cloud Architecture; Scala,v2.4,2026-01-27,HRBP,Yes
SKL-1033,Experimentation Design,Analytical,Core,Proficient,Expert,Emerging,6.95,-4.31,Engineering; Product; Sales,On-the-Job,15,No,Databricks Certified,Power BI; Forecasting; Kubernetes,v2.4,2026-05-14,HRBP,No
SKL-1034,Financial Modeling,Analytical,Foundational,Advanced,Expert,Decreasing,3.9,-2.55,Marketing,Mentoring,9,No,None,Snowflake; SQL; Quantitative Research,v2.4,2026-03-25,People Analytics,No
SKL-1035,Strategic Planning,Leadership,Emerging,Proficient,Proficient,Decreasing,3.52,0.96,Customer Experience; Engineering; Finance,On-the-Job,9,No,Databricks Certified,Executive Presence; Change Management; Decision Making,v2.4,2026-04-25,L&D,Yes
SKL-1036,Executive Presence,Leadership,Specialized,Developing,Advanced,Stable,3.76,0.82,Customer Experience; Legal & Compliance; Operations; Finance,Stretch Assignment,19,No,CFA,Business Intelligence; Azure; GCP,v2.4,2026-03-06,People Analytics,Yes
SKL-1037,Change Management,Leadership,Emerging,Proficient,Foundational,Stable,2.72,2.39,Legal & Compliance; Customer Experience; Marketing,On-the-Job,8,No,PHR,Airflow; Kubernetes; GCP,v2.4,2026-01-04,People Analytics,Yes
SKL-1038,Organizational Design,Leadership,Core,Foundational,Expert,Decreasing,7.28,-3.74,Data Science; Engineering; Marketing; Finance,Mentoring,16,No,PMP,Data Engineering; R; Root Cause Analysis,v2.4,2026-01-30,L&D,No
SKL-1039,Stakeholder Management,Leadership,Foundational,Foundational,Expert,Increasing,2.37,3.11,Data Science; Finance; Legal & Compliance,Certification,15,Yes,Azure Data Engineer,NLP; Data Visualization; GCP,v2.4,2026-05-31,Talent Management,Yes
SKL-1040,Decision Making,Leadership,Core,Expert,Foundational,Stable,6.63,-2.35,People & HR,Formal Training,7,Yes,PMP,Python; A/B Testing; Data Visualization,v2.4,2026-06-26,Talent Management,Yes
SKL-1041,Coaching & Mentoring,Leadership,Core,Developing,Proficient,Decreasing,7.33,-0.46,Marketing; Finance,Mentoring,5,Yes,PMP,Talent Development; Communication; Empathy,v2.4,2026-01-16,People Analytics,Yes
SKL-1042,Board Communication,Leadership,Specialized,Advanced,Foundational,Emerging,7.2,2.0,Customer Experience; Legal & Compliance; Sales,Mentoring,4,Yes,None,Databricks; Organizational Design; R,v2.4,2026-01-07,L&D,Yes
SKL-1043,P&L Ownership,Leadership,Core,Proficient,Expert,Increasing,7.87,-3.25,Marketing; People & HR; Product; Operations,External Course,17,Yes,Databricks Certified,dbt; A/B Testing; Snowflake,v2.4,2026-03-24,L&D,Yes
SKL-1044,Talent Development,Leadership,Specialized,Advanced,Advanced,Decreasing,6.96,-1.0,Sales,On-the-Job,12,No,CFA,Cybersecurity; Statistical Modeling; Predictive Analytics,v2.4,2026-01-01,Talent Management,No
SKL-1045,Talent Acquisition,Functional,Core,Developing,Expert,Decreasing,6.6,-0.02,Engineering; Finance; Marketing; Sales,Formal Training,11,No,Databricks Certified,HRBP; People Analytics; Learning & Development,v2.4,2026-06-05,People Analytics,Yes
SKL-1046,Compensation & Benefits,Functional,Specialized,Expert,Foundational,Emerging,1.84,4.92,Sales,On-the-Job,22,Yes,Databricks Certified,Talent Acquisition; AWS; Predictive Analytics,v2.4,2026-06-30,HRBP,No
SKL-1047,People Analytics,Functional,Foundational,Advanced,Developing,Emerging,5.96,-1.16,Data Science; Marketing,External Course,15,No,Azure Data Engineer,Azure; Python; AWS,v2.4,2026-03-18,Talent Management,Yes
SKL-1048,Learning & Development,Functional,Foundational,Expert,Advanced,Decreasing,3.99,2.63,Sales; Operations; Finance; Customer Experience,Formal Training,20,No,PHR,A/B Testing; Machine Learning; Databricks,v2.4,2026-05-02,Talent Management,No
SKL-1049,HRBP,Functional,Emerging,Advanced,Foundational,Stable,5.52,0.9,Sales,On-the-Job,18,No,AWS Certified,Compensation & Benefits; Power BI; A/B Testing,v2.4,2026-06-17,People Analytics,Yes
SKL-1050,Supply Chain,Functional,Foundational,Proficient,Proficient,Emerging,6.85,3.52,Operations; Sales; Engineering; Marketing,On-the-Job,9,No,PHR,People Analytics; API Development; Forecasting,v2.4,2026-01-26,L&D,No
SKL-1051,Marketing Analytics,Functional,Emerging,Proficient,Foundational,Increasing,3.92,-4.44,Operations; Product; People & HR,Formal Training,18,No,PMP,Spark; Kubernetes; API Development,v2.4,2026-06-06,Talent Management,Yes
SKL-1052,Customer Success,Functional,Foundational,Expert,Developing,Stable,5.15,-2.46,Engineering; Sales; Marketing,Stretch Assignment,19,Yes,Google Cloud Prof.,Data Visualization; dbt; Change Management,v2.4,2026-03-18,Talent Management,Yes
SKL-1053,Sales Operations,Functional,Foundational,Proficient,Developing,Emerging,8.68,-3.93,Legal & Compliance; Operations; Marketing; Customer Experience,Self-Study,2,No,CPA,Python; Executive Presence; P&L Ownership,v2.4,2026-01-13,Talent Management,Yes
SKL-1054,Finance Business Partnering,Functional,Emerging,Expert,Proficient,Stable,6.73,1.21,Data Science; Engineering,Self-Study,16,Yes,CFA,Compensation & Benefits; Tableau; API Development,v2.4,2026-03-17,HRBP,No
SKL-1055,Communication,Interpersonal,Emerging,Developing,Developing,Decreasing,5.78,4.13,Marketing; Sales,External Course,11,No,Google Cloud Prof.,Business Intelligence; Cloud Architecture; Power BI,v2.4,2026-02-27,Talent Management,Yes
SKL-1056,Collaboration,Interpersonal,Core,Advanced,Foundational,Decreasing,5.83,-0.45,Legal & Compliance; Product; Operations,On-the-Job,23,Yes,Databricks Certified,SQL; Stakeholder Management; Strategic Planning,v2.4,2026-03-25,People Analytics,Yes
SKL-1057,Conflict Resolution,Interpersonal,Foundational,Proficient,Advanced,Increasing,2.26,4.46,Sales; Data Science; Customer Experience,Formal Training,19,Yes,None,Business Intelligence; Airflow; Board Communication,v2.4,2026-06-28,Talent Management,Yes
SKL-1058,Negotiation,Interpersonal,Foundational,Foundational,Advanced,Emerging,9.45,-2.2,Finance; Sales; Customer Experience,Formal Training,13,Yes,CFA,Financial Modeling; Conflict Resolution; Coaching & Mentoring,v2.4,2026-04-02,L&D,No
SKL-1059,Empathy,Interpersonal,Specialized,Developing,Foundational,Emerging,1.83,-2.88,Engineering,External Course,12,Yes,PMP,Supply Chain; Executive Presence; React,v2.4,2026-01-18,People Analytics,Yes
SKL-1060,Active Listening,Interpersonal,Emerging,Proficient,Developing,Increasing,3.5,4.84,Customer Experience; Marketing,External Course,7,Yes,AWS Certified,Tableau; Python; dbt,v2.4,2026-03-02,HRBP,Yes
SKL-1061,Presentation Skills,Interpersonal,Emerging,Proficient,Foundational,Stable,7.68,0.26,Sales,Mentoring,13,Yes,Databricks Certified,Predictive Analytics; Java; Active Listening,v2.4,2026-06-07,L&D,Yes
SKL-1062,Written Communication,Interpersonal,Foundational,Foundational,Foundational,Emerging,8.63,-0.74,Sales,Stretch Assignment,16,Yes,Google Cloud Prof.,Databricks; Organizational Design; Power BI,v2.4,2026-01-17,People Analytics,Yes
SKL-1063,Facilitation,Interpersonal,Specialized,Advanced,Expert,Decreasing,5.08,1.05,Data Science,External Course,22,Yes,None,Data Visualization; Collaboration; Java,v2.4,2026-04-16,HRBP,No
SKL-1064,Influence Without Authority,Interpersonal,Foundational,Advanced,Foundational,Decreasing,4.84,1.65,People & HR; Sales; Data Science,On-the-Job,4,Yes,None,TensorFlow; People Analytics; R,v2.4,2026-05-23,L&D,Yes
SKL-1065,Retail Banking,Domain,Core,Advanced,Proficient,Emerging,8.81,2.21,Legal & Compliance; Marketing; Operations,On-the-Job,20,Yes,PMP,Presentation Skills; Data Visualization; React,v2.4,2026-03-31,HRBP,Yes
SKL-1066,Consumer Packaged Goods,Domain,Specialized,Expert,Developing,Emerging,8.61,4.75,Legal & Compliance,Stretch Assignment,24,No,AWS Certified,Airflow; Financial Modeling; Stakeholder Management,v2.4,2026-03-28,HRBP,Yes
SKL-1067,Healthcare Analytics,Domain,Emerging,Developing,Expert,Emerging,1.63,2.41,Data Science,Stretch Assignment,18,Yes,None,Sales Operations; Negotiation; P&L Ownership,v2.4,2026-02-10,HRBP,Yes
SKL-1068,FinTech,Domain,Specialized,Expert,Expert,Increasing,8.95,-3.44,Data Science,Self-Study,16,No,Databricks Certified,Collaboration; Sales Operations; Financial Modeling,v2.4,2026-02-25,L&D,Yes
SKL-1069,E-Commerce,Domain,Foundational,Foundational,Proficient,Emerging,5.74,-1.92,Product; Engineering,On-the-Job,8,No,PHR,Azure; Predictive Analytics; Change Management,v2.4,2026-03-25,L&D,Yes
SKL-1070,Manufacturing Ops,Domain,Foundational,Advanced,Developing,Stable,4.42,2.04,Data Science; Product; Engineering,Mentoring,2,No,Google Cloud Prof.,Decision Making; Finance Business Partnering; Marketing Analytics,v2.4,2026-06-13,Talent Management,Yes
SKL-1071,SaaS GTM,Domain,Core,Advanced,Foundational,Decreasing,2.55,4.48,Operations; Data Science; Product; Sales,On-the-Job,9,No,None,Healthcare Analytics; Spark; Supply Chain,v2.4,2026-03-21,HRBP,Yes
SKL-1072,Digital Transformation,Domain,Specialized,Developing,Foundational,Increasing,5.78,-3.06,Operations; People & HR; Finance,On-the-Job,6,No,PHR,dbt; GCP; Power BI,v2.4,2026-02-15,Talent Management,No
SKL-1073,Regulatory Compliance,Domain,Foundational,Expert,Expert,Decreasing,8.78,1.27,Sales; Data Science,Mentoring,16,No,CPA,Cybersecurity; Talent Acquisition; Influence Without Authority,v2.4,2026-01-19,HRBP,No
SKL-1074,ESG Reporting,Domain,Foundational,Foundational,Foundational,Decreasing,8.49,-4.23,Legal & Compliance,Certification,18,No,Databricks Certified,Manufacturing Ops; API Development; Conflict Resolution,v2.4,2026-05-27,People Analytics,Yes
SKL-1071,SaaS GTM,Domain,Core,Proficient,Proficient,Emerging,2.93,1.12,Finance; Data Science; People & HR; Product,On-the-Job,16,Yes,Databricks Certified,Kubernetes; Decision Making; Talent Development,v2.4,2026-01-17,HRBP,Yes
SKL-1020,Databricks,Technical,Emerging,Proficient,Expert,Stable,2.09,-2.99,Finance; Sales,On-the-Job,13,No,Databricks Certified,Manufacturing Ops; R; Kubernetes,v2.4,2026-01-17,HRBP,No
SKL-1061,Presentation Skills,Interpersonal,Foundational,Advanced,Expert,Increasing,2.13,-1.83,Sales,Mentoring,23,No,PMP,Manufacturing Ops; Airflow; R,v2.4,2026-04-21,L&D,Yes
SKL-1066,Consumer Packaged Goods,Domain,Emerging,Proficient,Developing,Stable,3.9,2.09,Customer Experience; Marketing; Data Science,Self-Study,8,No,PMP,Organizational Design; FinTech; Kubernetes,v2.4,2026-05-09,People Analytics,Yes
SKL-1021,Snowflake,Technical,Specialized,Expert,Foundational,Increasing,1.73,4.49,Finance; Product; Engineering,Mentoring,22,No,CPA,Presentation Skills; Quantitative Research; Marketing Analytics,v2.4,2026-03-18,Talent Management,Yes
SKL-1007,Cybersecurity,Technical,Emerging,Advanced,Advanced,Emerging,5.18,-1.6,Operations; Legal & Compliance,Stretch Assignment,13,No,PMP,People Analytics; Retail Banking; SaaS GTM,v2.4,2026-01-28,HRBP,Yes
SKL-1059,Empathy,Interpersonal,Core,Proficient,Advanced,Stable,2.27,-4.49,Legal & Compliance; Product; Finance; Customer Experience,Formal Training,12,No,PHR,Databricks; Facilitation; Retail Banking,v2.4,2026-04-30,Talent Management,Yes
SKL-1063,Facilitation,Interpersonal,Core,Foundational,Advanced,Emerging,9.7,-2.85,Engineering; Legal & Compliance; Marketing,Mentoring,21,No,CPA,FinTech; SQL; React,v2.4,2026-04-21,People Analytics,Yes
SKL-1046,Compensation & Benefits,Functional,Foundational,Proficient,Foundational,Emerging,1.46,0.62,Customer Experience; Marketing; Data Science,Mentoring,18,No,Azure Data Engineer,Strategic Planning; Scala; R,v2.4,2026-01-25,Talent Management,Yes
SKL-1043,P&L Ownership,Leadership,Specialized,Developing,Developing,Emerging,5.5,-4.55,Operations; Sales,Certification,16,Yes,Azure Data Engineer,Azure; Coaching & Mentoring; Decision Making,v2.4,2026-02-11,Talent Management,Yes
SKL-1043,P&L Ownership,Leadership,Foundational,Expert,Proficient,Emerging,8.34,-1.32,Product,Certification,11,Yes,Databricks Certified,Experimentation Design; ESG Reporting; Regulatory Compliance,v2.4,2026-02-28,L&D,No
SKL-1021,Snowflake,Technical,Foundational,Developing,Developing,Increasing,6.15,2.01,Engineering; Sales,Self-Study,15,Yes,None,A/B Testing; Customer Success; Influence Without Authority,v2.4,2026-06-06,Talent Management,Yes
SKL-1017,Azure,Technical,Emerging,Expert,Proficient,Emerging,5.73,-1.86,Sales; Customer Experience,Self-Study,19,No,CPA,Presentation Skills; NLP; Quantitative Research,v2.4,2026-03-13,HRBP,Yes
SKL-1038,Organizational Design,Leadership,Specialized,Developing,Advanced,Decreasing,5.32,0.6,Marketing; Data Science; Product,Mentoring,13,Yes,CPA,API Development; Executive Presence; Spark,v2.4,2026-03-30,Talent Management,Yes
SKL-1061,Presentation Skills,Interpersonal,Emerging,Developing,Expert,Decreasing,9.4,1.96,Data Science; Finance,Formal Training,3,Yes,PHR,DevOps; TensorFlow; Customer Success,v2.4,2026-03-26,Talent Management,Yes
SKL-1017,Azure,Technical,Core,Expert,Developing,Emerging,6.88,3.81,Sales; Finance; Marketing; People & HR,Self-Study,22,Yes,Google Cloud Prof.,Regulatory Compliance; Business Intelligence; FinTech,v2.4,2026-01-10,People Analytics,No
SKL-1022,dbt,Technical,Core,Advanced,Advanced,Stable,9.43,4.62,Engineering; Legal & Compliance; Marketing,Certification,21,Yes,CFA,Executive Presence; Negotiation; E-Commerce,v2.4,2026-05-15,Talent Management,Yes
SKL-1064,Influence Without Authority,Interpersonal,Foundational,Proficient,Developing,Increasing,3.98,2.31,People & HR; Engineering; Operations,External Course,11,Yes,PMP,Marketing Analytics; Finance Business Partnering; Retail Banking,v2.4,2026-03-25,L&D,No
SKL-1012,TensorFlow,Technical,Emerging,Developing,Advanced,Decreasing,9.42,-4.93,Finance; Sales; Marketing; People & HR,Self-Study,20,Yes,CPA,Compensation & Benefits; Root Cause Analysis; Cybersecurity,v2.4,2026-06-20,L&D,No
SKL-1039,Stakeholder Management,Leadership,Emerging,Advanced,Expert,Decreasing,7.21,1.39,Operations; Finance; Customer Experience,Formal Training,17,Yes,Databricks Certified,People Analytics; Sales Operations; Manufacturing Ops,v2.4,2026-05-01,People Analytics,Yes
SKL-1010,Spark,Technical,Foundational,Expert,Proficient,Increasing,9.26,-3.88,Legal & Compliance; Customer Experience,Formal Training,7,No,Azure Data Engineer,Collaboration; Java; A/B Testing,v2.4,2026-05-30,Talent Management,Yes
SKL-1065,Retail Banking,Domain,Foundational,Foundational,Advanced,Stable,5.62,-0.43,Customer Experience,Mentoring,23,No,AWS Certified,Supply Chain; Predictive Analytics; Python,v2.4,2026-02-25,L&D,Yes
SKL-1054,Finance Business Partnering,Functional,Specialized,Foundational,Expert,Increasing,9.41,-4.31,Engineering; Marketing; Product; Data Science,External Course,6,No,CFA,Learning & Development; Conflict Resolution; Spark,v2.4,2026-06-24,People Analytics,Yes
SKL-1015,Scala,Technical,Emerging,Expert,Advanced,Stable,7.55,-2.77,Engineering,Self-Study,16,No,Azure Data Engineer,Learning & Development; Business Intelligence; Quantitative Research,v2.4,2026-04-28,HRBP,Yes
SKL-1035,Strategic Planning,Leadership,Emerging,Foundational,Foundational,Emerging,6.53,4.36,Finance,Formal Training,4,Yes,AWS Certified,Conflict Resolution; DevOps; Quantitative Research,v2.4,2026-01-12,Talent Management,No
SKL-1029,Business Intelligence,Analytical,Emerging,Foundational,Developing,Decreasing,3.11,4.16,Legal & Compliance; Operations; Finance,Self-Study,6,Yes,None,Organizational Design; Strategic Planning; Cybersecurity,v2.4,2026-05-23,People Analytics,No
SKL-1071,SaaS GTM,Domain,Foundational,Foundational,Proficient,Emerging,8.07,-1.81,Product; People & HR; Marketing; Finance,Formal Training,19,No,PHR,Data Visualization; Organizational Design; AWS,v2.4,2026-04-29,L&D,No
SKL-1053,Sales Operations,Functional,Emerging,Advanced,Developing,Decreasing,2.83,1.47,Operations; Data Science; Finance; Engineering,Self-Study,14,Yes,Google Cloud Prof.,NLP; SaaS GTM; Forecasting,v2.4,2026-05-03,People Analytics,Yes
SKL-1038,Organizational Design,Leadership,Core,Developing,Developing,Increasing,7.72,2.54,Legal & Compliance; Finance,Mentoring,9,No,CPA,Learning & Development; Empathy; FinTech,v2.4,2026-06-16,HRBP,Yes
SKL-1033,Experimentation Design,Analytical,Specialized,Expert,Advanced,Emerging,1.89,4.81,Operations; Finance; Legal & Compliance; People & HR,Mentoring,3,Yes,PMP,Machine Learning; Experimentation Design; Manufacturing Ops,v2.4,2026-05-30,Talent Management,Yes
SKL-1019,GCP,Technical,Emerging,Proficient,Developing,Emerging,6.13,-2.54,Marketing; Sales; Customer Experience,Mentoring,7,No,PMP,Azure; E-Commerce; Written Communication,v2.4,2026-02-17,L&D,Yes
SKL-1009,Power BI,Technical,Core,Foundational,Advanced,Stable,8.58,-2.69,Engineering; Finance,Certification,16,No,AWS Certified,Presentation Skills; Written Communication; Machine Learning,v2.4,2026-01-02,Talent Management,Yes
SKL-1002,Machine Learning,Technical,Specialized,Expert,Proficient,Increasing,5.52,1.98,People & HR; Data Science; Customer Experience; Marketing,Formal Training,9,Yes,Azure Data Engineer,Predictive Analytics; Talent Acquisition; Financial Modeling,v2.4,2026-04-12,L&D,Yes
SKL-1051,Marketing Analytics,Functional,Foundational,Expert,Developing,Stable,3.7,3.28,Engineering,On-the-Job,14,No,None,Manufacturing Ops; Active Listening; Cybersecurity,v2.4,2026-06-13,L&D,Yes
SKL-1010,Spark,Technical,Foundational,Advanced,Proficient,Increasing,9.05,4.19,Finance; Sales,Self-Study,3,Yes,CPA,E-Commerce; Digital Transformation; Cloud Architecture,v2.4,2026-02-15,HRBP,Yes
SKL-1026,A/B Testing,Analytical,Emerging,Advanced,Foundational,Decreasing,2.46,-2.6,Customer Experience; Operations; Product; Sales,Stretch Assignment,6,Yes,Azure Data Engineer,Talent Development; DevOps; TensorFlow,v2.4,2026-04-22,People Analytics,Yes
SKL-1043,P&L Ownership,Leadership,Foundational,Proficient,Foundational,Decreasing,8.05,-0.49,Operations; Customer Experience,Mentoring,15,Yes,None,Spark; Change Management; Quantitative Research,v2.4,2026-01-19,L&D,Yes
SKL-1019,GCP,Technical,Foundational,Developing,Advanced,Decreasing,4.25,-4.08,Sales; Operations; Marketing,On-the-Job,6,Yes,PMP,Communication; Conflict Resolution; SaaS GTM,v2.4,2026-05-23,Talent Management,Yes
SKL-1003,Data Engineering,Technical,Core,Proficient,Expert,Increasing,6.37,2.84,Engineering; Marketing; Product; Finance,External Course,4,Yes,Azure Data Engineer,Snowflake; Learning & Development; Azure,v2.4,2026-03-10,HRBP,Yes
SKL-1063,Facilitation,Interpersonal,Emerging,Foundational,Developing,Emerging,3.48,-2.0,Operations,Self-Study,9,No,PHR,Negotiation; React; Azure,v2.4,2026-03-19,L&D,No
SKL-1042,Board Communication,Leadership,Foundational,Proficient,Advanced,Decreasing,4.88,3.24,Marketing; Operations,Certification,24,Yes,Databricks Certified,Decision Making; dbt; Supply Chain,v2.4,2026-03-23,HRBP,No
SKL-1073,Regulatory Compliance,Domain,Emerging,Proficient,Advanced,Decreasing,8.35,-1.07,Legal & Compliance,Formal Training,20,Yes,Azure Data Engineer,Data Engineering; Empathy; A/B Testing,v2.4,2026-04-23,HRBP,Yes
SKL-1052,Customer Success,Functional,Foundational,Developing,Proficient,Stable,3.27,-3.46,Product; Data Science; Sales; Marketing,Mentoring,20,No,Azure Data Engineer,Influence Without Authority; Sales Operations; E-Commerce,v2.4,2026-01-10,HRBP,Yes
SKL-1013,React,Technical,Emerging,Proficient,Developing,Increasing,6.07,1.45,Operations; Product; Data Science; Engineering,On-the-Job,10,Yes,Azure Data Engineer,Consumer Packaged Goods; SaaS GTM; ESG Reporting,v2.4,2026-06-26,People Analytics,No
SKL-1047,People Analytics,Functional,Foundational,Advanced,Expert,Stable,4.1,-4.75,Marketing,Mentoring,4,Yes,PMP,Talent Development; Stakeholder Management; P&L Ownership,v2.4,2026-04-27,People Analytics,No
SKL-1044,Talent Development,Leadership,Foundational,Foundational,Advanced,Emerging,3.87,-2.0,Engineering,External Course,12,Yes,PMP,Quantitative Research; Consumer Packaged Goods; dbt,v2.4,2026-05-22,People Analytics,Yes
SKL-1071,SaaS GTM,Domain,Foundational,Advanced,Developing,Emerging,6.67,-3.14,Product; Engineering; Finance; Sales,Certification,15,No,AWS Certified,Forecasting; A/B Testing; Strategic Planning,v2.4,2026-06-30,L&D,Yes
SKL-1068,FinTech,Domain,Emerging,Proficient,Proficient,Stable,5.12,-2.38,Customer Experience; Operations; Product; Marketing,Mentoring,20,Yes,CFA,Talent Acquisition; Negotiation; dbt,v2.4,2026-06-22,HRBP,Yes
SKL-1017,Azure,Technical,Specialized,Foundational,Developing,Decreasing,2.05,-1.27,Customer Experience; Product,Mentoring,21,Yes,None,Finance Business Partnering; Airflow; Written Communication,v2.4,2026-06-12,People Analytics,Yes
SKL-1062,Written Communication,Interpersonal,Specialized,Developing,Developing,Decreasing,8.58,1.19,Engineering; Sales; People & HR,Formal Training,14,No,None,Written Communication; Sales Operations; Collaboration,v2.4,2026-05-06,People Analytics,Yes
SKL-1072,Digital Transformation,Domain,Core,Developing,Proficient,Increasing,3.47,0.38,Sales; Legal & Compliance,Certification,18,Yes,Google Cloud Prof.,Financial Modeling; E-Commerce; Compensation & Benefits,v2.4,2026-05-19,L&D,No
SKL-1069,E-Commerce,Domain,Emerging,Advanced,Foundational,Stable,3.68,4.99,Marketing; Operations; Data Science; Finance,External Course,5,Yes,PHR,Talent Development; Finance Business Partnering; Snowflake,v2.4,2026-06-07,People Analytics,Yes
SKL-1026,A/B Testing,Analytical,Core,Expert,Proficient,Decreasing,6.37,-3.32,Marketing; Legal & Compliance; Data Science,Formal Training,15,Yes,CPA,R; Quantitative Research; AWS,v2.4,2026-03-24,People Analytics,No
SKL-1062,Written Communication,Interpersonal,Emerging,Expert,Proficient,Emerging,4.38,-4.24,Product,Certification,10,No,Databricks Certified,Written Communication; Coaching & Mentoring; ESG Reporting,v2.4,2026-01-01,L&D,No
SKL-1045,Talent Acquisition,Functional,Core,Expert,Advanced,Stable,9.71,3.25,Marketing; Operations; Legal & Compliance; People & HR,Certification,20,Yes,Databricks Certified,P&L Ownership; DevOps; API Development,v2.4,2026-01-26,Talent Management,Yes
SKL-1015,Scala,Technical,Emerging,Advanced,Advanced,Increasing,9.93,-0.72,Marketing; People & HR,External Course,10,Yes,CFA,Predictive Analytics; Spark; People Analytics,v2.4,2026-06-20,People Analytics,Yes
SKL-1050,Supply Chain,Functional,Specialized,Developing,Advanced,Increasing,7.33,-4.99,Data Science; People & HR; Finance; Marketing,Stretch Assignment,16,Yes,AWS Certified,P&L Ownership; Scala; Finance Business Partnering,v2.4,2026-06-27,People Analytics,No
SKL-1009,Power BI,Technical,Emerging,Advanced,Foundational,Increasing,1.93,-1.32,People & HR; Product; Legal & Compliance,Stretch Assignment,23,Yes,Google Cloud Prof.,Healthcare Analytics; Digital Transformation; SQL,v2.4,2026-06-06,People Analytics,No
SKL-1044,Talent Development,Leadership,Emerging,Developing,Advanced,Emerging,8.74,-4.13,People & HR,External Course,5,No,CFA,Finance Business Partnering; Decision Making; Azure,v2.4,2026-03-05,HRBP,Yes
SKL-1031,Quantitative Research,Analytical,Specialized,Foundational,Proficient,Stable,5.66,0.1,Marketing; Engineering; Finance; Sales,Mentoring,5,Yes,Databricks Certified,Power BI; Healthcare Analytics; SQL,v2.4,2026-04-03,HRBP,Yes
SKL-1049,HRBP,Functional,Foundational,Proficient,Expert,Stable,7.86,4.54,Engineering,Certification,4,Yes,CPA,Forecasting; API Development; Cybersecurity,v2.4,2026-04-12,HRBP,No
SKL-1054,Finance Business Partnering,Functional,Foundational,Foundational,Expert,Stable,3.5,-1.9,People & HR; Customer Experience,Self-Study,14,Yes,CPA,Communication; Root Cause Analysis; Cybersecurity,v2.4,2026-03-04,L&D,No
SKL-1014,Java,Technical,Foundational,Expert,Expert,Increasing,3.78,2.42,Data Science; Engineering,Stretch Assignment,6,Yes,PMP,Facilitation; Talent Development; Consumer Packaged Goods,v2.4,2026-05-13,HRBP,Yes
SKL-1047,People Analytics,Functional,Emerging,Proficient,Foundational,Increasing,4.02,-0.71,Marketing,Stretch Assignment,20,Yes,Databricks Certified,Negotiation; Retail Banking; Compensation & Benefits,v2.4,2026-01-15,Talent Management,Yes
SKL-1047,People Analytics,Functional,Emerging,Proficient,Foundational,Increasing,3.06,0.09,Engineering,Formal Training,3,No,CFA,HRBP; GCP; dbt,v2.4,2026-01-10,Talent Management,Yes
SKL-1041,Coaching & Mentoring,Leadership,Emerging,Advanced,Proficient,Decreasing,8.43,0.72,Customer Experience,Stretch Assignment,3,Yes,PHR,Consumer Packaged Goods; API Development; Marketing Analytics,v2.4,2026-01-18,Talent Management,Yes
SKL-1039,Stakeholder Management,Leadership,Specialized,Foundational,Expert,Emerging,1.07,-2.99,Legal & Compliance; Finance; Sales,Self-Study,20,No,PHR,E-Commerce; Quantitative Research; GCP,v2.4,2026-01-02,Talent Management,Yes
SKL-1029,Business Intelligence,Analytical,Specialized,Foundational,Proficient,Increasing,7.83,-1.24,Data Science; Finance; Customer Experience,Mentoring,17,Yes,PMP,Strategic Planning; Kubernetes; API Development,v2.4,2026-03-01,Talent Management,Yes
SKL-1058,Negotiation,Interpersonal,Core,Expert,Foundational,Stable,6.73,-1.06,Product,Stretch Assignment,6,Yes,CPA,Experimentation Design; Decision Making; Supply Chain,v2.4,2026-06-29,HRBP,Yes
SKL-1057,Conflict Resolution,Interpersonal,Specialized,Developing,Foundational,Stable,2.23,2.7,People & HR,On-the-Job,7,No,Databricks Certified,Decision Making; Customer Success; Scala,v2.4,2026-05-18,HRBP,Yes
SKL-1057,Conflict Resolution,Interpersonal,Specialized,Advanced,Proficient,Increasing,1.81,3.08,Legal & Compliance; Engineering; Finance,External Course,12,Yes,Google Cloud Prof.,Quantitative Research; Talent Acquisition; Supply Chain,v2.4,2026-05-12,L&D,Yes
SKL-1033,Experimentation Design,Analytical,Emerging,Foundational,Advanced,Emerging,6.0,0.5,Sales,On-the-Job,6,Yes,AWS Certified,Cybersecurity; Data Visualization; R,v2.4,2026-02-20,Talent Management,Yes
SKL-1010,Spark,Technical,Specialized,Foundational,Foundational,Increasing,2.78,1.46,Data Science; Operations,On-the-Job,3,No,AWS Certified,Snowflake; Regulatory Compliance; Communication,v2.4,2026-04-12,Talent Management,Yes
SKL-1048,Learning & Development,Functional,Foundational,Developing,Proficient,Stable,9.17,-2.25,People & HR; Engineering; Finance; Operations,Self-Study,17,No,Azure Data Engineer,Presentation Skills; Cybersecurity; Kubernetes,v2.4,2026-03-13,Talent Management,Yes
SKL-1053,Sales Operations,Functional,Emerging,Expert,Developing,Increasing,9.9,2.82,Sales; Customer Experience; Legal & Compliance,Self-Study,20,No,None,Financial Modeling; Airflow; Data Engineering,v2.4,2026-03-23,People Analytics,Yes
SKL-1035,Strategic Planning,Leadership,Core,Advanced,Expert,Decreasing,7.9,5.0,Data Science; Finance,Stretch Assignment,9,No,Azure Data Engineer,Cybersecurity; Data Visualization; Regulatory Compliance,v2.4,2026-04-10,HRBP,Yes
SKL-1022,dbt,Technical,Emerging,Expert,Proficient,Decreasing,9.23,-4.72,Legal & Compliance; People & HR; Finance,External Course,17,No,PMP,Written Communication; Cloud Architecture; Kubernetes,v2.4,2026-01-15,People Analytics,Yes
SKL-1002,Machine Learning,Technical,Foundational,Foundational,Proficient,Stable,8.26,-1.59,Operations; Engineering,On-the-Job,6,Yes,Google Cloud Prof.,Healthcare Analytics; Compensation & Benefits; Power BI,v2.4,2026-04-06,Talent Management,Yes
SKL-1043,P&L Ownership,Leadership,Specialized,Proficient,Developing,Stable,7.59,-0.63,Operations; People & HR; Legal & Compliance; Data Science,Stretch Assignment,20,Yes,None,Stakeholder Management; Change Management; R,v2.4,2026-02-15,L&D,No
SKL-1072,Digital Transformation,Domain,Core,Developing,Expert,Decreasing,9.29,4.68,Legal & Compliance; Data Science,Mentoring,6,No,Google Cloud Prof.,Root Cause Analysis; Talent Development; Decision Making,v2.4,2026-02-12,L&D,Yes
SKL-1057,Conflict Resolution,Interpersonal,Core,Proficient,Developing,Stable,7.24,-1.5,Engineering,On-the-Job,14,No,None,Snowflake; Customer Success; Facilitation,v2.4,2026-04-07,HRBP,No
SKL-1012,TensorFlow,Technical,Foundational,Expert,Developing,Stable,5.06,2.99,Marketing,On-the-Job,12,No,Google Cloud Prof.,Power BI; P&L Ownership; Snowflake,v2.4,2026-04-07,People Analytics,Yes
SKL-1070,Manufacturing Ops,Domain,Core,Proficient,Expert,Emerging,7.34,-0.69,Legal & Compliance; Product,Formal Training,3,Yes,CFA,A/B Testing; NLP; Customer Success,v2.4,2026-06-28,HRBP,Yes
SKL-1038,Organizational Design,Leadership,Emerging,Foundational,Foundational,Emerging,6.15,3.4,Engineering; Operations,On-the-Job,15,Yes,CPA,Presentation Skills; Statistical Modeling; TensorFlow,v2.4,2026-01-07,People Analytics,Yes
SKL-1037,Change Management,Leadership,Core,Advanced,Foundational,Decreasing,8.06,-0.29,Data Science; Customer Experience; Product,Formal Training,13,No,CFA,Airflow; Conflict Resolution; API Development,v2.4,2026-03-09,Talent Management,No
SKL-1033,Experimentation Design,Analytical,Emerging,Proficient,Expert,Increasing,2.36,1.96,Data Science,Stretch Assignment,13,No,PHR,Manufacturing Ops; Cybersecurity; HRBP,v2.4,2026-05-14,Talent Management,No
SKL-1073,Regulatory Compliance,Domain,Emerging,Advanced,Proficient,Increasing,4.55,3.54,Customer Experience,Certification,18,Yes,Google Cloud Prof.,Conflict Resolution; dbt; Snowflake,v2.4,2026-02-24,People Analytics,Yes
SKL-1005,API Development,Technical,Foundational,Foundational,Advanced,Stable,9.98,1.27,Operations; Data Science; Customer Experience,Mentoring,19,No,Azure Data Engineer,Coaching & Mentoring; Strategic Planning; Consumer Packaged Goods,v2.4,2026-04-28,L&D,No
SKL-1014,Java,Technical,Foundational,Developing,Developing,Increasing,9.32,0.63,Marketing,External Course,19,No,None,Experimentation Design; HRBP; Written Communication,v2.4,2026-05-27,Talent Management,Yes
SKL-1022,dbt,Technical,Specialized,Advanced,Developing,Emerging,1.35,3.9,Finance; Engineering; Sales,Self-Study,13,Yes,CFA,Organizational Design; Stakeholder Management; Strategic Planning,v2.4,2026-05-06,L&D,Yes
SKL-1017,Azure,Technical,Specialized,Advanced,Proficient,Decreasing,7.56,1.05,Finance,Mentoring,8,No,Databricks Certified,Consumer Packaged Goods; People Analytics; Cybersecurity,v2.4,2026-05-12,People Analytics,Yes
SKL-1039,Stakeholder Management,Leadership,Foundational,Developing,Expert,Increasing,2.56,3.75,Engineering; Finance,On-the-Job,16,Yes,CFA,Statistical Modeling; Strategic Planning; People Analytics,v2.4,2026-04-29,Talent Management,Yes
SKL-1003,Data Engineering,Technical,Emerging,Proficient,Advanced,Emerging,2.6,3.7,Operations; People & HR; Marketing,Stretch Assignment,24,Yes,CPA,Data Engineering; HRBP; DevOps,v2.4,2026-02-11,People Analytics,Yes
SKL-1028,Data Visualization,Analytical,Emerging,Proficient,Advanced,Increasing,8.78,4.67,Sales,Formal Training,22,Yes,AWS Certified,Data Visualization; Predictive Analytics; Stakeholder Management,v2.4,2026-06-14,HRBP,No
SKL-1048,Learning & Development,Functional,Specialized,Advanced,Proficient,Stable,5.2,1.77,Legal & Compliance; Data Science; Engineering; Marketing,Stretch Assignment,13,No,CPA,React; Presentation Skills; Tableau,v2.4,2026-03-28,HRBP,Yes
SKL-1035,Strategic Planning,Leadership,Specialized,Proficient,Developing,Stable,5.66,-2.6,Legal & Compliance,Mentoring,23,No,PMP,Data Engineering; Facilitation; Change Management,v2.4,2026-03-08,Talent Management,No
SKL-1049,HRBP,Functional,Core,Expert,Expert,Stable,4.09,2.13,Operations; Customer Experience; Marketing; Product,Formal Training,23,Yes,CPA,TensorFlow; Active Listening; R,v2.4,2026-03-08,People Analytics,Yes
SKL-1011,Kubernetes,Technical,Emerging,Proficient,Developing,Decreasing,4.78,3.87,Marketing; Legal & Compliance; Sales,External Course,5,No,AWS Certified,ESG Reporting; Power BI; Active Listening,v2.4,2026-02-19,L&D,No
SKL-1067,Healthcare Analytics,Domain,Specialized,Advanced,Foundational,Stable,2.24,-3.0,Legal & Compliance; Sales; People & HR; Customer Experience,External Course,24,Yes,Google Cloud Prof.,Written Communication; Board Communication; dbt,v2.4,2026-03-22,L&D,Yes
SKL-1057,Conflict Resolution,Interpersonal,Specialized,Developing,Developing,Stable,5.41,2.64,People & HR,Certification,15,No,None,Finance Business Partnering; Presentation Skills; HRBP,v2.4,2026-01-02,L&D,Yes
SKL-1047,People Analytics,Functional,Core,Proficient,Expert,Stable,1.16,-4.96,Finance; Operations,Self-Study,6,Yes,None,Influence Without Authority; Stakeholder Management; Snowflake,v2.4,2026-01-17,L&D,Yes
SKL-1037,Change Management,Leadership,Foundational,Expert,Expert,Decreasing,4.9,1.87,Operations; Sales,Self-Study,8,Yes,None,Machine Learning; Business Intelligence; Data Visualization,v2.4,2026-02-03,People Analytics,Yes
SKL-1064,Influence Without Authority,Interpersonal,Emerging,Foundational,Proficient,Increasing,4.38,1.4,Legal & Compliance,On-the-Job,23,Yes,AWS Certified,DevOps; Java; Sales Operations,v2.4,2026-04-24,Talent Management,Yes
SKL-1070,Manufacturing Ops,Domain,Specialized,Advanced,Developing,Stable,7.26,1.3,Product; Data Science; Marketing,Certification,21,Yes,None,React; Retail Banking; Scala,v2.4,2026-03-14,L&D,Yes
SKL-1063,Facilitation,Interpersonal,Emerging,Expert,Developing,Decreasing,8.48,4.73,Product; Marketing; People & HR,On-the-Job,19,No,PHR,Presentation Skills; Board Communication; Root Cause Analysis,v2.4,2026-01-01,L&D,Yes
SKL-1014,Java,Technical,Foundational,Developing,Foundational,Increasing,7.51,-3.99,Finance; Sales; Marketing,Self-Study,16,Yes,Google Cloud Prof.,dbt; API Development; Change Management,v2.4,2026-04-03,HRBP,No
SKL-1014,Java,Technical,Core,Foundational,Foundational,Stable,6.97,-3.29,Sales; Marketing; Data Science,Self-Study,12,Yes,Google Cloud Prof.,Marketing Analytics; Negotiation; Financial Modeling,v2.4,2026-04-09,Talent Management,No
SKL-1021,Snowflake,Technical,Core,Developing,Foundational,Stable,1.93,4.11,Legal & Compliance; Sales; People & HR; Marketing,Mentoring,13,Yes,PMP,Presentation Skills; Written Communication; Java,v2.4,2026-04-16,Talent Management,Yes
SKL-1008,Tableau,Technical,Specialized,Proficient,Foundational,Stable,9.8,1.7,Customer Experience; Legal & Compliance; Data Science,Mentoring,23,Yes,Databricks Certified,Talent Development; HRBP; GCP,v2.4,2026-05-23,L&D,Yes
SKL-1020,Databricks,Technical,Foundational,Advanced,Developing,Increasing,7.76,-1.79,Marketing; Engineering; Finance,Certification,22,No,None,Root Cause Analysis; Spark; Negotiation,v2.4,2026-04-24,Talent Management,Yes
SKL-1063,Facilitation,Interpersonal,Foundational,Proficient,Foundational,Emerging,7.71,-4.82,Product; Engineering; Customer Experience; Legal & Compliance,On-the-Job,21,No,Azure Data Engineer,SaaS GTM; A/B Testing; Negotiation,v2.4,2026-03-29,HRBP,Yes
SKL-1028,Data Visualization,Analytical,Foundational,Proficient,Expert,Emerging,7.45,-1.37,Data Science; Legal & Compliance; Finance; Engineering,Self-Study,13,No,Azure Data Engineer,Consumer Packaged Goods; People Analytics; React,v2.4,2026-01-12,People Analytics,No
SKL-1017,Azure,Technical,Foundational,Foundational,Proficient,Stable,2.69,4.3,Finance; Sales; Legal & Compliance; Operations,Self-Study,5,No,AWS Certified,Scala; Conflict Resolution; Negotiation,v2.4,2026-06-18,People Analytics,No
SKL-1000,Python,Technical,Core,Expert,Advanced,Emerging,9.32,2.81,Legal & Compliance; People & HR,Stretch Assignment,6,Yes,None,Coaching & Mentoring; Influence Without Authority; HRBP,v2.4,2026-04-18,People Analytics,Yes
SKL-1050,Supply Chain,Functional,Specialized,Proficient,Advanced,Stable,2.24,1.03,Customer Experience; Operations; Finance,Formal Training,8,No,CFA,R; dbt; Influence Without Authority,v2.4,2026-05-19,HRBP,Yes
SKL-1045,Talent Acquisition,Functional,Foundational,Expert,Expert,Emerging,7.07,3.94,Product; Engineering; Data Science,On-the-Job,14,Yes,AWS Certified,Cybersecurity; Statistical Modeling; Financial Modeling,v2.4,2026-02-11,HRBP,Yes
SKL-1018,AWS,Technical,Core,Proficient,Developing,Increasing,4.23,-0.47,Customer Experience; Product,Formal Training,18,No,AWS Certified,Learning & Development; HRBP; Sales Operations,v2.4,2026-06-25,HRBP,Yes
SKL-1001,SQL,Technical,Specialized,Developing,Expert,Emerging,8.47,4.11,Legal & Compliance; Customer Experience; Finance,External Course,8,No,Databricks Certified,dbt; Power BI; Airflow,v2.4,2026-02-14,L&D,No
SKL-1005,API Development,Technical,Foundational,Proficient,Expert,Decreasing,2.17,0.84,Engineering; Operations; Sales,Stretch Assignment,6,Yes,PMP,Coaching & Mentoring; DevOps; Organizational Design,v2.4,2026-05-06,HRBP,Yes
SKL-1040,Decision Making,Leadership,Emerging,Developing,Expert,Increasing,8.08,-3.41,Data Science; Operations; Finance; Legal & Compliance,Stretch Assignment,12,No,CFA,Change Management; Forecasting; Healthcare Analytics,v2.4,2026-05-02,L&D,Yes
SKL-1044,Talent Development,Leadership,Foundational,Developing,Expert,Stable,9.63,1.83,Product; Data Science; Legal & Compliance,Self-Study,19,No,AWS Certified,Consumer Packaged Goods; People Analytics; Retail Banking,v2.4,2026-05-11,Talent Management,No
SKL-1005,API Development,Technical,Specialized,Developing,Proficient,Increasing,9.53,-3.33,Data Science,Formal Training,23,Yes,None,React; A/B Testing; FinTech,v2.4,2026-06-29,Talent Management,Yes
SKL-1019,GCP,Technical,Core,Advanced,Proficient,Increasing,1.79,-4.46,Customer Experience; Data Science; Finance,Self-Study,15,No,Databricks Certified,Marketing Analytics; Communication; Decision Making,v2.4,2026-01-05,Talent Management,Yes
SKL-1068,FinTech,Domain,Core,Expert,Foundational,Increasing,7.31,-4.27,Marketing,External Course,23,No,Google Cloud Prof.,Executive Presence; Collaboration; Learning & Development,v2.4,2026-04-12,L&D,No
SKL-1020,Databricks,Technical,Emerging,Developing,Advanced,Decreasing,9.64,-3.56,Engineering; Customer Experience; People & HR,On-the-Job,3,Yes,None,FinTech; Manufacturing Ops; Spark,v2.4,2026-03-20,People Analytics,Yes
SKL-1027,Forecasting,Analytical,Foundational,Expert,Developing,Stable,2.66,1.17,Finance; Data Science; People & HR,Stretch Assignment,20,Yes,Azure Data Engineer,Empathy; Manufacturing Ops; Power BI,v2.4,2026-03-16,L&D,Yes
SKL-1012,TensorFlow,Technical,Emerging,Expert,Advanced,Decreasing,4.21,1.71,Data Science; Marketing,Certification,4,Yes,CFA,Written Communication; Conflict Resolution; Board Communication,v2.4,2026-06-07,HRBP,Yes
SKL-1072,Digital Transformation,Domain,Specialized,Proficient,Advanced,Stable,1.04,-2.54,Product; Marketing,External Course,13,Yes,CFA,Presentation Skills; Empathy; Conflict Resolution,v2.4,2026-04-02,HRBP,No
SKL-1070,Manufacturing Ops,Domain,Core,Developing,Expert,Increasing,8.58,3.59,Customer Experience; Finance,Self-Study,22,Yes,Google Cloud Prof.,Machine Learning; Influence Without Authority; Data Engineering,v2.4,2026-05-29,Talent Management,Yes
SKL-1004,Cloud Architecture,Technical,Specialized,Expert,Expert,Emerging,6.89,-3.51,Finance; Marketing; People & HR; Legal & Compliance,Certification,18,Yes,None,Compensation & Benefits; Influence Without Authority; SQL,v2.4,2026-06-19,People Analytics,Yes
SKL-1065,Retail Banking,Domain,Emerging,Advanced,Developing,Stable,6.1,0.66,Sales; Operations,On-the-Job,9,No,PHR,Tableau; Experimentation Design; People Analytics,v2.4,2026-03-01,L&D,Yes
SKL-1066,Consumer Packaged Goods,Domain,Specialized,Advanced,Advanced,Emerging,8.93,-4.6,Data Science; Customer Experience; Marketing,External Course,10,Yes,None,Learning & Development; Compensation & Benefits; Power BI,v2.4,2026-05-13,HRBP,No
SKL-1028,Data Visualization,Analytical,Foundational,Proficient,Proficient,Emerging,8.13,3.87,Customer Experience,Formal Training,16,Yes,PHR,Power BI; Retail Banking; Strategic Planning,v2.4,2026-02-24,People Analytics,Yes
SKL-1020,Databricks,Technical,Specialized,Expert,Foundational,Stable,4.73,-1.7,Sales,Stretch Assignment,17,No,PHR,Databricks; Customer Success; Machine Learning,v2.4,2026-03-04,L&D,Yes
SKL-1073,Regulatory Compliance,Domain,Emerging,Developing,Expert,Increasing,9.02,-3.53,Marketing; People & HR,Certification,14,Yes,CPA,Spark; Forecasting; Conflict Resolution,v2.4,2026-06-05,Talent Management,No
SKL-1021,Snowflake,Technical,Emerging,Advanced,Expert,Stable,8.15,3.2,Legal & Compliance; Customer Experience,Self-Study,7,No,Databricks Certified,Tableau; Business Intelligence; Learning & Development,v2.4,2026-04-09,People Analytics,Yes
SKL-1002,Machine Learning,Technical,Emerging,Expert,Expert,Emerging,8.44,1.06,Sales; Engineering,External Course,19,Yes,Google Cloud Prof.,Presentation Skills; R; E-Commerce,v2.4,2026-01-01,Talent Management,No
SKL-1047,People Analytics,Functional,Core,Expert,Advanced,Stable,9.45,-0.18,Operations; Data Science; Product; Customer Experience,Self-Study,17,Yes,Google Cloud Prof.,Executive Presence; E-Commerce; Customer Success,v2.4,2026-03-07,People Analytics,Yes
SKL-1000,Python,Technical,Core,Expert,Foundational,Emerging,6.89,1.88,Product; Operations; Data Science,Formal Training,15,No,CPA,FinTech; Finance Business Partnering; Digital Transformation,v2.4,2026-04-04,HRBP,No
SKL-1026,A/B Testing,Analytical,Foundational,Expert,Expert,Emerging,2.61,0.59,Marketing; Legal & Compliance; Operations; Product,Stretch Assignment,14,Yes,Google Cloud Prof.,Business Intelligence; Conflict Resolution; Databricks,v2.4,2026-01-26,People Analytics,No
SKL-1043,P&L Ownership,Leadership,Core,Developing,Advanced,Increasing,8.24,3.23,Legal & Compliance; Product; Data Science; Engineering,Self-Study,9,No,Google Cloud Prof.,Cloud Architecture; HRBP; Marketing Analytics,v2.4,2026-06-07,HRBP,Yes
SKL-1022,dbt,Technical,Foundational,Advanced,Foundational,Stable,8.66,4.31,Finance; Engineering; Legal & Compliance,Certification,7,Yes,CFA,Root Cause Analysis; Python; Databricks,v2.4,2026-01-23,HRBP,No
SKL-1045,Talent Acquisition,Functional,Foundational,Advanced,Expert,Stable,5.66,2.37,Data Science,Certification,11,No,CFA,Strategic Planning; Data Visualization; NLP,v2.4,2026-04-27,Talent Management,Yes
SKL-1033,Experimentation Design,Analytical,Emerging,Advanced,Expert,Increasing,6.03,0.03,Data Science; Customer Experience; Marketing,Certification,20,No,Databricks Certified,Learning & Development; Digital Transformation; Presentation Skills,v2.4,2026-03-04,HRBP,No
SKL-1058,Negotiation,Interpersonal,Core,Advanced,Foundational,Decreasing,1.61,1.34,Finance; Operations,Mentoring,13,Yes,CPA,Quantitative Research; Executive Presence; Kubernetes,v2.4,2026-04-13,HRBP,Yes
SKL-1070,Manufacturing Ops,Domain,Emerging,Advanced,Proficient,Decreasing,2.97,0.74,Finance; Sales,Stretch Assignment,8,Yes,PHR,Experimentation Design; A/B Testing; Business Intelligence,v2.4,2026-02-21,People Analytics,Yes
SKL-1019,GCP,Technical,Core,Foundational,Foundational,Emerging,6.52,2.64,Sales,Self-Study,21,No,Databricks Certified,Regulatory Compliance; Strategic Planning; Written Communication,v2.4,2026-02-16,HRBP,No
SKL-1028,Data Visualization,Analytical,Emerging,Foundational,Expert,Emerging,5.3,0.41,Product; People & HR; Sales,On-the-Job,24,No,CFA,SQL; A/B Testing; Learning & Development,v2.4,2026-05-29,L&D,Yes
SKL-1046,Compensation & Benefits,Functional,Specialized,Developing,Expert,Decreasing,3.13,-0.29,Operations; People & HR; Sales,Mentoring,8,No,CFA,Compensation & Benefits; Marketing Analytics; Strategic Planning,v2.4,2026-04-26,People Analytics,Yes
SKL-1073,Regulatory Compliance,Domain,Emerging,Foundational,Proficient,Stable,6.0,3.56,People & HR; Legal & Compliance,Mentoring,2,Yes,None,Facilitation; Azure; Consumer Packaged Goods,v2.4,2026-05-17,HRBP,No
SKL-1038,Organizational Design,Leadership,Specialized,Expert,Expert,Increasing,4.59,1.91,Finance,External Course,10,No,Google Cloud Prof.,Conflict Resolution; Board Communication; Experimentation Design,v2.4,2026-04-03,HRBP,Yes
SKL-1044,Talent Development,Leadership,Core,Advanced,Foundational,Decreasing,8.81,4.63,Legal & Compliance; Customer Experience,Formal Training,11,No,CFA,Retail Banking; Written Communication; Conflict Resolution,v2.4,2026-01-21,Talent Management,Yes
SKL-1059,Empathy,Interpersonal,Emerging,Developing,Proficient,Emerging,6.68,0.72,Data Science,Formal Training,12,Yes,CFA,Decision Making; Change Management; Financial Modeling,v2.4,2026-06-04,Talent Management,Yes
SKL-1056,Collaboration,Interpersonal,Specialized,Expert,Expert,Emerging,4.73,-3.16,People & HR,Stretch Assignment,9,No,Google Cloud Prof.,A/B Testing; Snowflake; Supply Chain,v2.4,2026-01-27,L&D,Yes
SKL-1060,Active Listening,Interpersonal,Core,Foundational,Advanced,Increasing,1.94,1.18,Product,Self-Study,9,Yes,CPA,Collaboration; R; Healthcare Analytics,v2.4,2026-02-13,L&D,Yes
SKL-1045,Talent Acquisition,Functional,Specialized,Advanced,Advanced,Decreasing,5.94,-3.65,Legal & Compliance; Sales,Stretch Assignment,22,No,Azure Data Engineer,FinTech; Stakeholder Management; Talent Development,v2.4,2026-05-04,People Analytics,Yes
SKL-1056,Collaboration,Interpersonal,Specialized,Proficient,Advanced,Decreasing,2.4,-4.89,Operations; Marketing,Mentoring,19,Yes,Databricks Certified,Presentation Skills; Organizational Design; SQL,v2.4,2026-04-21,HRBP,Yes
SKL-1000,Python,Technical,Specialized,Developing,Advanced,Emerging,4.55,-3.37,Product; Finance; Marketing; Engineering,Mentoring,22,Yes,Azure Data Engineer,Financial Modeling; Executive Presence; FinTech,v2.4,2026-03-10,Talent Management,Yes
SKL-1008,Tableau,Technical,Emerging,Developing,Proficient,Increasing,6.73,1.18,Legal & Compliance; Sales; Finance,Self-Study,2,Yes,AWS Certified,FinTech; Machine Learning; Airflow,v2.4,2026-01-27,HRBP,Yes
SKL-1016,R,Technical,Foundational,Foundational,Developing,Increasing,2.36,-0.06,Product; Marketing; Sales,Self-Study,16,Yes,CFA,Spark; AWS; Cybersecurity,v2.4,2026-03-10,Talent Management,Yes
SKL-1069,E-Commerce,Domain,Foundational,Developing,Developing,Decreasing,8.36,3.28,Finance,Mentoring,16,Yes,AWS Certified,Statistical Modeling; Negotiation; TensorFlow,v2.4,2026-05-14,People Analytics,No
SKL-1049,HRBP,Functional,Specialized,Proficient,Developing,Increasing,7.7,0.5,Marketing,Mentoring,22,No,PHR,Compensation & Benefits; DevOps; Forecasting,v2.4,2026-01-29,People Analytics,No
SKL-1041,Coaching & Mentoring,Leadership,Core,Developing,Proficient,Increasing,4.56,-2.57,Legal & Compliance,External Course,24,No,PMP,People Analytics; Kubernetes; Quantitative Research,v2.4,2026-02-10,Talent Management,Yes
SKL-1043,P&L Ownership,Leadership,Core,Foundational,Proficient,Stable,7.31,2.91,Sales; Finance,Self-Study,19,No,Databricks Certified,NLP; Machine Learning; Learning & Development,v2.4,2026-04-02,People Analytics,Yes
SKL-1005,API Development,Technical,Foundational,Advanced,Expert,Decreasing,5.88,-0.1,Customer Experience; Operations,Self-Study,16,No,Azure Data Engineer,Databricks; Tableau; Healthcare Analytics,v2.4,2026-02-09,Talent Management,Yes
SKL-1033,Experimentation Design,Analytical,Specialized,Advanced,Foundational,Emerging,7.6,3.83,Legal & Compliance; Finance; Operations,Stretch Assignment,4,No,PHR,Healthcare Analytics; Facilitation; Manufacturing Ops,v2.4,2026-02-09,HRBP,Yes
SKL-1052,Customer Success,Functional,Specialized,Foundational,Foundational,Increasing,1.39,4.38,Engineering; Finance,On-the-Job,17,Yes,Google Cloud Prof.,Cloud Architecture; Regulatory Compliance; HRBP,v2.4,2026-06-18,Talent Management,Yes
SKL-1006,DevOps,Technical,Specialized,Developing,Expert,Increasing,1.12,4.21,Data Science; Sales; Engineering; People & HR,Certification,15,No,AWS Certified,Financial Modeling; Healthcare Analytics; API Development,v2.4,2026-01-19,HRBP,Yes
SKL-1027,Forecasting,Analytical,Core,Foundational,Developing,Emerging,2.71,0.26,Legal & Compliance; People & HR,Certification,19,No,Google Cloud Prof.,Regulatory Compliance; Talent Acquisition; Negotiation,v2.4,2026-06-29,Talent Management,Yes
SKL-1021,Snowflake,Technical,Emerging,Expert,Advanced,Decreasing,6.92,0.34,Operations; Legal & Compliance; Customer Experience; Product,Self-Study,15,No,CFA,Root Cause Analysis; Digital Transformation; E-Commerce,v2.4,2026-02-24,Talent Management,Yes
SKL-1046,Compensation & Benefits,Functional,Foundational,Advanced,Advanced,Increasing,7.54,4.83,Customer Experience,Formal Training,11,Yes,CPA,Data Visualization; Forecasting; Decision Making,v2.4,2026-01-06,HRBP,Yes
SKL-1012,TensorFlow,Technical,Core,Advanced,Proficient,Stable,2.25,-1.33,Finance; Marketing,External Course,11,Yes,None,Digital Transformation; Forecasting; Power BI,v2.4,2026-03-25,Talent Management,Yes
SKL-1062,Written Communication,Interpersonal,Core,Expert,Proficient,Increasing,7.58,0.76,Engineering,External Course,12,No,None,Sales Operations; Scala; Business Intelligence,v2.4,2026-06-17,L&D,No
SKL-1006,DevOps,Technical,Specialized,Expert,Foundational,Decreasing,5.86,-3.5,People & HR; Engineering,Stretch Assignment,14,No,Azure Data Engineer,Kubernetes; Data Visualization; Communication,v2.4,2026-03-16,Talent Management,Yes
SKL-1016,R,Technical,Specialized,Foundational,Advanced,Increasing,5.93,-2.37,Customer Experience; Product; People & HR; Legal & Compliance,Formal Training,17,Yes,Databricks Certified,Supply Chain; Regulatory Compliance; Statistical Modeling,v2.4,2026-05-24,People Analytics,Yes
SKL-1009,Power BI,Technical,Specialized,Advanced,Proficient,Increasing,2.01,-0.86,Operations; Finance; Legal & Compliance,Self-Study,21,Yes,CPA,Snowflake; Talent Development; Collaboration,v2.4,2026-06-09,People Analytics,No
SKL-1005,API Development,Technical,Emerging,Developing,Proficient,Stable,7.82,3.53,Engineering,Formal Training,21,Yes,CPA,SQL; P&L Ownership; Java,v2.4,2026-03-20,Talent Management,No
SKL-1002,Machine Learning,Technical,Specialized,Developing,Expert,Stable,2.83,0.23,Customer Experience; Sales; People & HR,Stretch Assignment,24,Yes,None,ESG Reporting; Healthcare Analytics; API Development,v2.4,2026-03-07,People Analytics,Yes
SKL-1036,Executive Presence,Leadership,Emerging,Expert,Proficient,Increasing,5.18,4.45,Product,Stretch Assignment,10,No,Google Cloud Prof.,Machine Learning; Change Management; HRBP,v2.4,2026-03-01,Talent Management,Yes
SKL-1040,Decision Making,Leadership,Foundational,Expert,Expert,Increasing,2.68,0.01,Customer Experience; Engineering; Legal & Compliance; Data Science,Certification,11,No,Databricks Certified,Supply Chain; Databricks; Machine Learning,v2.4,2026-03-30,HRBP,Yes
SKL-1038,Organizational Design,Leadership,Emerging,Expert,Proficient,Increasing,6.63,3.79,Customer Experience,Self-Study,9,Yes,CFA,Supply Chain; Azure; Kubernetes,v2.4,2026-04-08,People Analytics,No
SKL-1030,Root Cause Analysis,Analytical,Emerging,Advanced,Proficient,Decreasing,5.04,-3.68,Legal & Compliance; Customer Experience,Stretch Assignment,8,Yes,CPA,Healthcare Analytics; Azure; Communication,v2.4,2026-02-07,People Analytics,Yes
SKL-1008,Tableau,Technical,Core,Developing,Proficient,Stable,7.54,2.65,Product; Marketing; Sales; Operations,External Course,22,No,PMP,NLP; React; R,v2.4,2026-02-17,L&D,Yes
SKL-1072,Digital Transformation,Domain,Emerging,Expert,Developing,Stable,7.19,-1.41,People & HR; Customer Experience; Sales; Operations,Stretch Assignment,13,Yes,None,Written Communication; Active Listening; Azure,v2.4,2026-02-11,People Analytics,Yes
SKL-1004,Cloud Architecture,Technical,Foundational,Foundational,Proficient,Emerging,3.0,1.71,Finance; Data Science,Formal Training,16,No,CFA,Negotiation; Quantitative Research; Finance Business Partnering,v2.4,2026-04-14,L&D,No
SKL-1040,Decision Making,Leadership,Foundational,Expert,Expert,Increasing,5.69,-0.48,Finance,Certification,19,No,AWS Certified,SaaS GTM; HRBP; Consumer Packaged Goods,v2.4,2026-06-11,L&D,Yes
SKL-1037,Change Management,Leadership,Foundational,Advanced,Proficient,Decreasing,5.15,-0.78,Customer Experience,Formal Training,16,No,Google Cloud Prof.,Influence Without Authority; Java; Airflow,v2.4,2026-05-30,People Analytics,No
SKL-1052,Customer Success,Functional,Specialized,Advanced,Foundational,Stable,5.08,3.97,Sales; Data Science,Self-Study,12,Yes,Google Cloud Prof.,Kubernetes; Java; Conflict Resolution,v2.4,2026-06-12,HRBP,Yes
SKL-1067,Healthcare Analytics,Domain,Foundational,Expert,Expert,Stable,4.41,-1.19,Operations; People & HR,Formal Training,6,Yes,AWS Certified,Sales Operations; Stakeholder Management; Conflict Resolution,v2.4,2026-03-15,People Analytics,Yes
SKL-1016,R,Technical,Emerging,Foundational,Expert,Decreasing,1.11,-0.02,Customer Experience; Engineering; Sales; Data Science,Formal Training,20,No,Databricks Certified,Customer Success; Collaboration; Spark,v2.4,2026-06-03,L&D,Yes
SKL-1070,Manufacturing Ops,Domain,Specialized,Expert,Expert,Stable,1.44,-3.52,Engineering; People & HR; Legal & Compliance,Stretch Assignment,20,No,CFA,Kubernetes; DevOps; React,v2.4,2026-04-17,People Analytics,Yes
SKL-1036,Executive Presence,Leadership,Emerging,Advanced,Expert,Decreasing,9.38,-4.07,Operations; Legal & Compliance; Product,External Course,4,No,Azure Data Engineer,Tableau; Change Management; Active Listening,v2.4,2026-02-04,L&D,Yes
SKL-1042,Board Communication,Leadership,Foundational,Expert,Developing,Stable,6.51,-3.91,Sales,Stretch Assignment,24,No,None,Decision Making; Experimentation Design; Healthcare Analytics,v2.4,2026-05-28,HRBP,Yes
SKL-1072,Digital Transformation,Domain,Foundational,Expert,Advanced,Emerging,8.27,3.84,Marketing; Finance,On-the-Job,5,Yes,Databricks Certified,Scala; A/B Testing; Sales Operations,v2.4,2026-04-16,L&D,Yes
SKL-1044,Talent Development,Leadership,Emerging,Foundational,Developing,Decreasing,3.29,-4.32,Customer Experience; Legal & Compliance; Operations,External Course,2,Yes,CFA,P&L Ownership; Supply Chain; Digital Transformation,v2.4,2026-06-07,L&D,Yes
SKL-1024,NLP,Technical,Specialized,Proficient,Advanced,Emerging,8.18,1.46,People & HR; Sales; Operations; Finance,External Course,15,Yes,Azure Data Engineer,Organizational Design; Digital Transformation; Decision Making,v2.4,2026-05-23,L&D,Yes
SKL-1073,Regulatory Compliance,Domain,Specialized,Proficient,Foundational,Stable,3.52,-4.69,Customer Experience; People & HR; Product; Data Science,Certification,5,No,CFA,Cloud Architecture; Financial Modeling; Customer Success,v2.4,2026-01-23,Talent Management,Yes
SKL-1047,People Analytics,Functional,Foundational,Proficient,Developing,Decreasing,2.58,-1.26,Finance,On-the-Job,16,Yes,Databricks Certified,Influence Without Authority; GCP; NLP,v2.4,2026-03-29,Talent Management,Yes
SKL-1041,Coaching & Mentoring,Leadership,Emerging,Foundational,Expert,Stable,2.85,-4.63,Customer Experience; Data Science; Engineering; People & HR,On-the-Job,23,Yes,CFA,Empathy; API Development; React,v2.4,2026-05-14,HRBP,Yes
SKL-1073,Regulatory Compliance,Domain,Specialized,Developing,Proficient,Stable,2.73,-2.23,Sales; Data Science; Marketing,Formal Training,7,No,Google Cloud Prof.,SQL; SaaS GTM; Retail Banking,v2.4,2026-01-27,People Analytics,Yes
SKL-1070,Manufacturing Ops,Domain,Specialized,Proficient,Developing,Decreasing,6.17,-3.29,Legal & Compliance; Operations; Sales,On-the-Job,6,Yes,Databricks Certified,DevOps; React; HRBP,v2.4,2026-01-14,L&D,No
SKL-1050,Supply Chain,Functional,Emerging,Expert,Expert,Emerging,6.55,-1.88,Customer Experience; Data Science,External Course,16,Yes,Google Cloud Prof.,Empathy; TensorFlow; Negotiation,v2.4,2026-03-21,Talent Management,No
SKL-1029,Business Intelligence,Analytical,Emerging,Developing,Expert,Decreasing,9.22,-1.08,Operations; Sales; Customer Experience,On-the-Job,4,No,Google Cloud Prof.,Talent Development; Presentation Skills; Empathy,v2.4,2026-02-13,HRBP,Yes
SKL-1073,Regulatory Compliance,Domain,Emerging,Expert,Foundational,Emerging,8.36,2.97,Customer Experience; Data Science; Marketing,Certification,16,No,None,Root Cause Analysis; Quantitative Research; Manufacturing Ops,v2.4,2026-02-10,Talent Management,No
SKL-1008,Tableau,Technical,Specialized,Developing,Expert,Emerging,8.06,-0.65,Customer Experience; Finance; People & HR,Stretch Assignment,23,Yes,Databricks Certified,Java; Empathy; Coaching & Mentoring,v2.4,2026-05-23,L&D,No
SKL-1022,dbt,Technical,Specialized,Advanced,Foundational,Increasing,7.17,0.96,Operations; Sales; Engineering; Customer Experience,Formal Training,6,Yes,PMP,GCP; Conflict Resolution; FinTech,v2.4,2026-03-16,Talent Management,No
SKL-1025,Statistical Modeling,Analytical,Emerging,Proficient,Proficient,Decreasing,9.27,4.37,Data Science; Engineering; Product,External Course,6,No,AWS Certified,People Analytics; Manufacturing Ops; DevOps,v2.4,2026-01-01,HRBP,Yes
SKL-1036,Executive Presence,Leadership,Core,Developing,Advanced,Emerging,6.63,2.12,Product; Legal & Compliance; Finance; Operations,Formal Training,17,Yes,PHR,SaaS GTM; HRBP; Compensation & Benefits,v2.4,2026-04-17,People Analytics,Yes
SKL-1016,R,Technical,Emerging,Foundational,Foundational,Increasing,2.3,3.85,People & HR; Data Science; Legal & Compliance; Operations,External Course,15,No,None,Airflow; Negotiation; Retail Banking,v2.4,2026-04-19,Talent Management,No
SKL-1045,Talent Acquisition,Functional,Emerging,Developing,Advanced,Increasing,6.2,3.47,Customer Experience; Marketing,Mentoring,19,No,AWS Certified,Cloud Architecture; Digital Transformation; Presentation Skills,v2.4,2026-06-30,HRBP,Yes
SKL-1074,ESG Reporting,Domain,Foundational,Foundational,Developing,Decreasing,5.18,-4.22,Finance,Mentoring,22,Yes,Azure Data Engineer,ESG Reporting; Stakeholder Management; DevOps,v2.4,2026-03-29,L&D,No
SKL-1058,Negotiation,Interpersonal,Foundational,Expert,Proficient,Emerging,4.18,4.78,Marketing; People & HR; Engineering,Stretch Assignment,21,No,CPA,Cybersecurity; Active Listening; ESG Reporting,v2.4,2026-02-13,L&D,Yes
SKL-1003,Data Engineering,Technical,Specialized,Advanced,Foundational,Stable,5.55,3.51,Marketing; People & HR; Legal & Compliance,Self-Study,10,Yes,Google Cloud Prof.,dbt; GCP; Conflict Resolution,v2.4,2026-04-05,People Analytics,Yes
SKL-1030,Root Cause Analysis,Analytical,Foundational,Developing,Expert,Increasing,4.09,-4.16,Legal & Compliance; People & HR,External Course,17,No,None,Root Cause Analysis; Collaboration; Snowflake,v2.4,2026-02-23,HRBP,Yes
SKL-1033,Experimentation Design,Analytical,Core,Foundational,Developing,Emerging,4.59,-1.99,Product; Legal & Compliance,Mentoring,10,Yes,Azure Data Engineer,Communication; SQL; Executive Presence,v2.4,2026-04-25,Talent Management,Yes
SKL-1067,Healthcare Analytics,Domain,Core,Foundational,Expert,Decreasing,9.61,-0.68,Operations; Marketing; Customer Experience,External Course,5,No,None,Empathy; Root Cause Analysis; NLP,v2.4,2026-05-14,HRBP,Yes
SKL-1040,Decision Making,Leadership,Core,Foundational,Foundational,Increasing,4.7,0.25,Operations; Finance; Marketing; People & HR,Formal Training,3,Yes,Google Cloud Prof.,Cybersecurity; Forecasting; Scala,v2.4,2026-01-31,L&D,Yes
SKL-1048,Learning & Development,Functional,Emerging,Foundational,Developing,Decreasing,3.65,1.6,Sales,Self-Study,15,No,CPA,Databricks; Power BI; Strategic Planning,v2.4,2026-01-16,Talent Management,No
SKL-1042,Board Communication,Leadership,Core,Proficient,Proficient,Stable,4.97,-0.08,Legal & Compliance; Product,Formal Training,22,No,Google Cloud Prof.,AWS; E-Commerce; Communication,v2.4,2026-02-25,L&D,No
SKL-1033,Experimentation Design,Analytical,Core,Foundational,Foundational,Increasing,6.14,-2.49,Engineering; Sales; People & HR; Operations,Stretch Assignment,2,Yes,None,Financial Modeling; GCP; Board Communication,v2.4,2026-04-11,L&D,No
SKL-1061,Presentation Skills,Interpersonal,Foundational,Advanced,Foundational,Stable,1.03,4.54,Data Science; Customer Experience; Operations; People & HR,Stretch Assignment,11,No,AWS Certified,Kubernetes; Compensation & Benefits; FinTech,v2.4,2026-03-29,L&D,No
SKL-1037,Change Management,Leadership,Emerging,Developing,Expert,Increasing,9.71,1.61,Product; Data Science; Operations,Mentoring,4,No,PHR,Azure; Cloud Architecture; NLP,v2.4,2026-01-07,People Analytics,No
SKL-1049,HRBP,Functional,Core,Expert,Proficient,Emerging,5.81,3.34,Engineering; Legal & Compliance; Operations; Customer Experience,Self-Study,3,No,Google Cloud Prof.,Forecasting; Consumer Packaged Goods; Negotiation,v2.4,2026-06-23,People Analytics,Yes
SKL-1009,Power BI,Technical,Core,Developing,Advanced,Increasing,5.24,4.18,Finance,Stretch Assignment,22,Yes,AWS Certified,dbt; DevOps; Stakeholder Management,v2.4,2026-01-25,Talent Management,Yes
SKL-1008,Tableau,Technical,Core,Foundational,Advanced,Stable,1.57,-2.97,Product; Operations; Data Science,Stretch Assignment,20,Yes,CFA,Forecasting; API Development; dbt,v2.4,2026-03-27,L&D,Yes
SKL-1035,Strategic Planning,Leadership,Emerging,Advanced,Developing,Decreasing,5.98,-0.61,People & HR,On-the-Job,22,No,PMP,Machine Learning; Written Communication; Spark,v2.4,2026-01-02,L&D,Yes
SKL-1011,Kubernetes,Technical,Specialized,Advanced,Advanced,Stable,2.86,1.4,Product; Finance; People & HR; Marketing,Stretch Assignment,3,Yes,Databricks Certified,Kubernetes; Organizational Design; Talent Development,v2.4,2026-04-18,L&D,Yes
SKL-1024,NLP,Technical,Core,Expert,Foundational,Decreasing,8.76,4.87,Sales; Finance,Self-Study,3,Yes,Google Cloud Prof.,GCP; Active Listening; Facilitation,v2.4,2026-02-15,People Analytics,Yes
SKL-1006,DevOps,Technical,Specialized,Proficient,Developing,Emerging,3.26,1.17,Engineering; Data Science; Legal & Compliance; Marketing,Formal Training,7,Yes,Databricks Certified,Retail Banking; Java; Power BI,v2.4,2026-03-02,Talent Management,Yes
SKL-1053,Sales Operations,Functional,Emerging,Proficient,Developing,Increasing,3.94,-4.02,Finance; Product; Legal & Compliance; Engineering,Mentoring,20,No,AWS Certified,Communication; AWS; Forecasting,v2.4,2026-06-06,Talent Management,Yes
SKL-1049,HRBP,Functional,Specialized,Developing,Advanced,Stable,6.69,4.76,Operations; People & HR,On-the-Job,24,Yes,CPA,Azure; Java; Empathy,v2.4,2026-04-28,Talent Management,Yes
SKL-1043,P&L Ownership,Leadership,Emerging,Proficient,Expert,Stable,8.11,1.38,Legal & Compliance; Customer Experience,External Course,9,Yes,None,Consumer Packaged Goods; Written Communication; Forecasting,v2.4,2026-06-01,Talent Management,No
SKL-1035,Strategic Planning,Leadership,Core,Advanced,Developing,Stable,3.95,0.79,Legal & Compliance; Engineering,Mentoring,3,Yes,Databricks Certified,Influence Without Authority; Cloud Architecture; Finance Business Partnering,v2.4,2026-05-16,Talent Management,No
SKL-1012,TensorFlow,Technical,Foundational,Advanced,Developing,Increasing,6.03,-4.88,Finance; People & HR; Operations; Customer Experience,Formal Training,22,Yes,AWS Certified,Presentation Skills; Stakeholder Management; Databricks,v2.4,2026-06-30,Talent Management,Yes
SKL-1058,Negotiation,Interpersonal,Foundational,Developing,Advanced,Stable,8.11,-1.3,Engineering; Data Science; Product; Operations,Self-Study,18,Yes,CPA,Finance Business Partnering; Financial Modeling; E-Commerce,v2.4,2026-05-28,People Analytics,Yes
SKL-1042,Board Communication,Leadership,Core,Expert,Proficient,Increasing,2.0,-1.34,Operations,Self-Study,7,Yes,Azure Data Engineer,A/B Testing; Azure; Board Communication,v2.4,2026-03-03,L&D,No
SKL-1074,ESG Reporting,Domain,Emerging,Developing,Proficient,Decreasing,9.08,0.04,Marketing; Engineering; Data Science; People & HR,Self-Study,16,No,Azure Data Engineer,Healthcare Analytics; Scala; Active Listening,v2.4,2026-05-17,HRBP,No
SKL-1047,People Analytics,Functional,Core,Developing,Advanced,Increasing,1.72,3.98,Data Science; Legal & Compliance; People & HR,Self-Study,5,Yes,Databricks Certified,GCP; A/B Testing; Consumer Packaged Goods,v2.4,2026-06-10,L&D,Yes
SKL-1053,Sales Operations,Functional,Emerging,Advanced,Proficient,Emerging,4.99,1.45,Finance; Data Science; Engineering,External Course,9,No,None,ESG Reporting; P&L Ownership; Coaching & Mentoring,v2.4,2026-05-05,Talent Management,No
SKL-1038,Organizational Design,Leadership,Emerging,Proficient,Developing,Decreasing,3.04,-1.28,Engineering; People & HR; Operations,Self-Study,16,Yes,PMP,FinTech; Executive Presence; Airflow,v2.4,2026-02-14,People Analytics,Yes
SKL-1030,Root Cause Analysis,Analytical,Core,Foundational,Proficient,Stable,4.97,-1.3,Customer Experience; Engineering,Stretch Assignment,12,No,PMP,People Analytics; Conflict Resolution; E-Commerce,v2.4,2026-02-11,HRBP,Yes
SKL-1003,Data Engineering,Technical,Foundational,Advanced,Developing,Emerging,9.35,-3.44,Marketing; Sales; Legal & Compliance,External Course,20,Yes,Databricks Certified,P&L Ownership; Java; Presentation Skills,v2.4,2026-01-11,People Analytics,Yes
SKL-1039,Stakeholder Management,Leadership,Core,Advanced,Expert,Stable,5.01,-4.08,Legal & Compliance,Stretch Assignment,8,Yes,CPA,Statistical Modeling; Machine Learning; Spark,v2.4,2026-05-18,Talent Management,Yes
SKL-1065,Retail Banking,Domain,Foundational,Developing,Advanced,Decreasing,6.43,0.12,Operations,Mentoring,6,No,CFA,HRBP; People Analytics; SQL,v2.4,2026-03-14,HRBP,Yes
SKL-1039,Stakeholder Management,Leadership,Foundational,Expert,Foundational,Stable,7.55,-0.56,Sales; Marketing; People & HR; Product,Stretch Assignment,15,No,PMP,Kubernetes; AWS; A/B Testing,v2.4,2026-03-19,Talent Management,Yes
SKL-1008,Tableau,Technical,Foundational,Foundational,Foundational,Emerging,6.75,-2.27,Customer Experience; Sales,Stretch Assignment,20,Yes,PHR,Airflow; Learning & Development; Change Management,v2.4,2026-05-22,Talent Management,Yes
SKL-1038,Organizational Design,Leadership,Specialized,Advanced,Expert,Emerging,3.02,2.91,Marketing; Legal & Compliance,Stretch Assignment,22,No,Google Cloud Prof.,Executive Presence; Sales Operations; dbt,v2.4,2026-05-06,People Analytics,Yes
SKL-1015,Scala,Technical,Specialized,Advanced,Foundational,Decreasing,6.23,0.66,Sales; Data Science; Operations,Certification,20,Yes,CPA,Databricks; ESG Reporting; Cybersecurity,v2.4,2026-02-07,HRBP,No
SKL-1017,Azure,Technical,Specialized,Developing,Foundational,Decreasing,4.25,1.36,Engineering; Marketing; Customer Experience,Certification,22,Yes,Azure Data Engineer,NLP; Airflow; TensorFlow,v2.4,2026-06-03,People Analytics,Yes
SKL-1040,Decision Making,Leadership,Specialized,Proficient,Proficient,Increasing,5.81,-1.48,Engineering; People & HR,Certification,11,No,Databricks Certified,Customer Success; P&L Ownership; Databricks,v2.4,2026-01-27,People Analytics,Yes
SKL-1064,Influence Without Authority,Interpersonal,Emerging,Developing,Expert,Increasing,4.76,4.16,People & HR,On-the-Job,17,No,CPA,Compensation & Benefits; Azure; Collaboration,v2.4,2026-06-02,HRBP,Yes
SKL-1038,Organizational Design,Leadership,Core,Foundational,Developing,Stable,8.71,-3.58,Marketing; People & HR,Formal Training,6,Yes,None,Java; Power BI; Machine Learning,v2.4,2026-05-04,Talent Management,Yes
SKL-1025,Statistical Modeling,Analytical,Core,Foundational,Expert,Increasing,5.22,4.09,Data Science,Self-Study,23,Yes,Google Cloud Prof.,Scala; A/B Testing; Statistical Modeling,v2.4,2026-02-17,HRBP,Yes
SKL-1011,Kubernetes,Technical,Emerging,Proficient,Expert,Decreasing,4.17,3.55,Customer Experience; Data Science,On-the-Job,20,Yes,Azure Data Engineer,Forecasting; NLP; Executive Presence,v2.4,2026-02-13,L&D,Yes
SKL-1027,Forecasting,Analytical,Foundational,Proficient,Expert,Stable,4.96,4.58,Operations; Product,Mentoring,8,Yes,None,Java; Decision Making; Scala,v2.4,2026-04-30,L&D,Yes
SKL-1063,Facilitation,Interpersonal,Specialized,Proficient,Expert,Increasing,1.74,-0.06,Marketing; Sales; Legal & Compliance; Operations,External Course,16,Yes,Azure Data Engineer,Customer Success; Change Management; Finance Business Partnering,v2.4,2026-02-18,L&D,No
SKL-1047,People Analytics,Functional,Emerging,Foundational,Advanced,Increasing,4.57,0.23,Data Science,Formal Training,14,No,Google Cloud Prof.,Snowflake; Tableau; Compensation & Benefits,v2.4,2026-02-20,HRBP,Yes
SKL-1051,Marketing Analytics,Functional,Core,Developing,Advanced,Emerging,3.51,2.13,Product; Operations; Sales,Stretch Assignment,21,No,Databricks Certified,Retail Banking; Strategic Planning; AWS,v2.4,2026-04-27,L&D,Yes
SKL-1032,Predictive Analytics,Analytical,Foundational,Advanced,Developing,Stable,1.27,2.38,Sales,Stretch Assignment,2,Yes,None,Coaching & Mentoring; GCP; Organizational Design,v2.4,2026-06-09,L&D,Yes
SKL-1066,Consumer Packaged Goods,Domain,Foundational,Advanced,Developing,Decreasing,6.96,-0.1,Customer Experience; Operations; Engineering,External Course,3,No,Google Cloud Prof.,HRBP; Conflict Resolution; Decision Making,v2.4,2026-04-07,Talent Management,No
SKL-1004,Cloud Architecture,Technical,Core,Developing,Expert,Decreasing,8.96,-3.36,People & HR; Marketing; Product; Finance,External Course,5,No,Azure Data Engineer,E-Commerce; Regulatory Compliance; Active Listening,v2.4,2026-05-02,People Analytics,Yes
SKL-1050,Supply Chain,Functional,Specialized,Advanced,Expert,Emerging,6.55,-1.47,Operations; Engineering; Customer Experience,Certification,3,Yes,CFA,Talent Development; ESG Reporting; Data Engineering,v2.4,2026-06-10,HRBP,No
SKL-1012,TensorFlow,Technical,Foundational,Proficient,Proficient,Emerging,4.16,1.61,Finance; Marketing,Certification,4,Yes,CPA,Java; P&L Ownership; Snowflake,v2.4,2026-01-06,HRBP,Yes
SKL-1058,Negotiation,Interpersonal,Foundational,Expert,Expert,Emerging,3.4,1.96,Operations,Mentoring,20,No,CFA,Regulatory Compliance; TensorFlow; Written Communication,v2.4,2026-01-26,People Analytics,Yes
SKL-1063,Facilitation,Interpersonal,Specialized,Developing,Expert,Decreasing,4.27,-0.64,Data Science; Customer Experience; Finance; People & HR,Self-Study,3,No,None,Data Visualization; Kubernetes; ESG Reporting,v2.4,2026-01-25,HRBP,Yes
SKL-1008,Tableau,Technical,Foundational,Advanced,Developing,Decreasing,8.16,1.52,Customer Experience; Marketing; Product,Stretch Assignment,19,No,PHR,Sales Operations; Marketing Analytics; Predictive Analytics,v2.4,2026-06-09,Talent Management,Yes
SKL-1002,Machine Learning,Technical,Emerging,Expert,Advanced,Stable,6.95,3.24,Marketing; Customer Experience; Product; Legal & Compliance,Stretch Assignment,22,Yes,Azure Data Engineer,Statistical Modeling; Compensation & Benefits; Empathy,v2.4,2026-02-07,People Analytics,Yes
SKL-1038,Organizational Design,Leadership,Foundational,Advanced,Proficient,Increasing,6.71,3.46,Marketing; People & HR; Legal & Compliance,Stretch Assignment,21,Yes,None,Root Cause Analysis; Java; GCP,v2.4,2026-02-19,L&D,Yes
SKL-1039,Stakeholder Management,Leadership,Foundational,Advanced,Expert,Emerging,4.8,4.06,People & HR; Marketing,Formal Training,2,No,CPA,Manufacturing Ops; dbt; API Development,v2.4,2026-05-05,L&D,Yes
SKL-1010,Spark,Technical,Specialized,Expert,Proficient,Increasing,9.11,-0.93,Data Science; Product; People & HR,Formal Training,5,Yes,Azure Data Engineer,ESG Reporting; Healthcare Analytics; Predictive Analytics,v2.4,2026-05-08,L&D,Yes
SKL-1015,Scala,Technical,Specialized,Proficient,Expert,Emerging,8.25,2.44,Finance; People & HR; Data Science; Sales,Formal Training,10,No,None,Predictive Analytics; Cybersecurity; Written Communication,v2.4,2026-05-17,HRBP,Yes
SKL-1040,Decision Making,Leadership,Foundational,Advanced,Developing,Decreasing,8.91,4.37,Sales; Operations; Marketing,On-the-Job,22,Yes,AWS Certified,Root Cause Analysis; Predictive Analytics; Manufacturing Ops,v2.4,2026-04-09,HRBP,Yes
SKL-1015,Scala,Technical,Emerging,Advanced,Advanced,Increasing,9.19,-1.07,Marketing; Data Science; Finance,Self-Study,8,Yes,Databricks Certified,Decision Making; Customer Success; Cloud Architecture,v2.4,2026-03-12,L&D,No
SKL-1060,Active Listening,Interpersonal,Foundational,Proficient,Advanced,Increasing,8.42,1.98,Operations,Mentoring,21,No,Databricks Certified,Data Engineering; DevOps; Airflow,v2.4,2026-06-11,Talent Management,Yes
SKL-1000,Python,Technical,Foundational,Developing,Proficient,Decreasing,6.18,-3.89,Customer Experience; People & HR,External Course,21,No,CFA,Conflict Resolution; Presentation Skills; Azure,v2.4,2026-03-08,People Analytics,Yes
SKL-1036,Executive Presence,Leadership,Emerging,Foundational,Advanced,Decreasing,2.64,3.76,Engineering; Legal & Compliance,Certification,22,Yes,Google Cloud Prof.,Empathy; Statistical Modeling; Experimentation Design,v2.4,2026-06-29,People Analytics,Yes
SKL-1051,Marketing Analytics,Functional,Foundational,Expert,Proficient,Stable,1.8,-1.32,Engineering,Stretch Assignment,18,No,Databricks Certified,Facilitation; Scala; Data Visualization,v2.4,2026-02-22,People Analytics,Yes
SKL-1036,Executive Presence,Leadership,Foundational,Advanced,Developing,Emerging,8.71,1.0,Finance; Product; People & HR,Mentoring,6,Yes,CPA,Experimentation Design; Root Cause Analysis; Conflict Resolution,v2.4,2026-03-05,HRBP,No
SKL-1010,Spark,Technical,Core,Advanced,Developing,Decreasing,9.77,-1.02,Product; Legal & Compliance,Stretch Assignment,21,No,Google Cloud Prof.,TensorFlow; SaaS GTM; Cybersecurity,v2.4,2026-01-14,HRBP,Yes
SKL-1060,Active Listening,Interpersonal,Specialized,Expert,Expert,Increasing,1.05,0.05,Marketing; Product; Operations; Data Science,Certification,3,Yes,CPA,Snowflake; Influence Without Authority; Facilitation,v2.4,2026-03-28,Talent Management,Yes
SKL-1011,Kubernetes,Technical,Specialized,Expert,Advanced,Stable,3.34,-1.87,Sales; Marketing,Stretch Assignment,13,No,CPA,Experimentation Design; Consumer Packaged Goods; Decision Making,v2.4,2026-04-22,People Analytics,Yes
SKL-1062,Written Communication,Interpersonal,Emerging,Expert,Advanced,Increasing,2.7,-4.45,Engineering; Sales,Self-Study,7,No,None,Java; Facilitation; API Development,v2.4,2026-04-24,HRBP,No
SKL-1058,Negotiation,Interpersonal,Foundational,Foundational,Developing,Increasing,4.15,-2.96,People & HR; Legal & Compliance; Marketing,Certification,23,Yes,AWS Certified,Healthcare Analytics; Regulatory Compliance; Airflow,v2.4,2026-04-17,L&D,Yes
SKL-1063,Facilitation,Interpersonal,Core,Proficient,Foundational,Decreasing,7.13,1.81,Operations; Data Science; Legal & Compliance; Customer Experience,On-the-Job,4,No,Databricks Certified,Negotiation; Financial Modeling; Python,v2.4,2026-03-26,L&D,No
SKL-1041,Coaching & Mentoring,Leadership,Emerging,Developing,Foundational,Decreasing,3.91,-4.44,Customer Experience,Certification,14,Yes,None,Predictive Analytics; dbt; Root Cause Analysis,v2.4,2026-04-13,L&D,Yes
SKL-1026,A/B Testing,Analytical,Emerging,Advanced,Advanced,Decreasing,6.82,4.54,Data Science; Marketing,Mentoring,15,No,PMP,Talent Acquisition; TensorFlow; People Analytics,v2.4,2026-05-12,People Analytics,No
SKL-1057,Conflict Resolution,Interpersonal,Foundational,Advanced,Proficient,Emerging,1.81,-0.77,Legal & Compliance; People & HR; Product,Stretch Assignment,15,Yes,AWS Certified,Retail Banking; P&L Ownership; Empathy,v2.4,2026-06-23,People Analytics,Yes
SKL-1063,Facilitation,Interpersonal,Core,Proficient,Advanced,Emerging,1.71,3.02,People & HR; Legal & Compliance; Marketing,External Course,9,No,CPA,Digital Transformation; DevOps; Manufacturing Ops,v2.4,2026-01-20,L&D,Yes
SKL-1065,Retail Banking,Domain,Foundational,Advanced,Foundational,Emerging,6.95,0.68,Operations; Marketing; Data Science,External Course,18,Yes,Google Cloud Prof.,Empathy; dbt; Airflow,v2.4,2026-04-11,L&D,Yes
SKL-1053,Sales Operations,Functional,Specialized,Proficient,Expert,Emerging,7.82,-0.5,Operations; People & HR; Finance,Formal Training,4,No,Google Cloud Prof.,Communication; FinTech; Machine Learning,v2.4,2026-01-02,Talent Management,Yes
SKL-1001,SQL,Technical,Emerging,Advanced,Advanced,Emerging,8.82,4.66,Marketing; Operations; Product; Sales,Self-Study,4,Yes,PMP,SQL; NLP; Java,v2.4,2026-01-05,People Analytics,Yes
SKL-1026,A/B Testing,Analytical,Foundational,Developing,Developing,Emerging,8.58,3.58,Data Science; Marketing,External Course,16,Yes,Databricks Certified,Finance Business Partnering; Machine Learning; Java,v2.4,2026-02-12,People Analytics,No
SKL-1062,Written Communication,Interpersonal,Foundational,Foundational,Advanced,Stable,2.81,0.69,Engineering; Operations; Legal & Compliance; Sales,Stretch Assignment,24,No,None,Facilitation; ESG Reporting; Manufacturing Ops,v2.4,2026-03-16,L&D,No
SKL-1051,Marketing Analytics,Functional,Foundational,Expert,Expert,Emerging,3.09,-4.39,Product,Certification,12,Yes,CPA,Sales Operations; Active Listening; Java,v2.4,2026-05-07,HRBP,No
SKL-1055,Communication,Interpersonal,Core,Developing,Proficient,Stable,5.22,-0.62,Legal & Compliance; Operations,Certification,24,No,PMP,Change Management; HRBP; Sales Operations,v2.4,2026-06-22,HRBP,No
SKL-1020,Databricks,Technical,Emerging,Proficient,Foundational,Emerging,2.16,-3.01,Data Science; Product; Sales; People & HR,Formal Training,8,Yes,AWS Certified,Talent Acquisition; Experimentation Design; Databricks,v2.4,2026-02-14,L&D,Yes
SKL-1043,P&L Ownership,Leadership,Foundational,Foundational,Expert,Stable,2.09,-2.76,Operations; Legal & Compliance; Engineering,External Course,19,No,PMP,Retail Banking; React; DevOps,v2.4,2026-04-23,Talent Management,Yes
SKL-1013,React,Technical,Core,Expert,Foundational,Increasing,2.5,-3.82,Operations; People & HR,Stretch Assignment,11,No,Azure Data Engineer,Facilitation; TensorFlow; GCP,v2.4,2026-06-15,HRBP,Yes
SKL-1017,Azure,Technical,Core,Developing,Advanced,Emerging,7.92,-4.93,Operations; Marketing; People & HR; Engineering,Self-Study,13,No,CFA,Quantitative Research; GCP; Healthcare Analytics,v2.4,2026-04-18,People Analytics,Yes
SKL-1054,Finance Business Partnering,Functional,Foundational,Advanced,Advanced,Decreasing,9.49,-0.57,Customer Experience,On-the-Job,4,No,CFA,Marketing Analytics; Snowflake; Communication,v2.4,2026-01-16,Talent Management,Yes
SKL-1019,GCP,Technical,Core,Expert,Proficient,Emerging,4.62,1.81,Operations; Legal & Compliance; Engineering,External Course,10,Yes,None,Conflict Resolution; A/B Testing; E-Commerce,v2.4,2026-06-09,Talent Management,Yes
SKL-1051,Marketing Analytics,Functional,Emerging,Proficient,Foundational,Increasing,5.84,-1.1,Customer Experience; Legal & Compliance,Self-Study,8,Yes,Azure Data Engineer,Manufacturing Ops; Stakeholder Management; Consumer Packaged Goods,v2.4,2026-03-29,People Analytics,Yes
SKL-1003,Data Engineering,Technical,Specialized,Developing,Proficient,Emerging,9.88,-3.9,Operations,Self-Study,22,No,Google Cloud Prof.,DevOps; Scala; Conflict Resolution,v2.4,2026-03-18,L&D,No
SKL-1043,P&L Ownership,Leadership,Emerging,Expert,Expert,Stable,4.15,-2.15,Product; Customer Experience,Stretch Assignment,9,Yes,CFA,Consumer Packaged Goods; ESG Reporting; NLP,v2.4,2026-04-03,Talent Management,Yes
SKL-1018,AWS,Technical,Foundational,Advanced,Foundational,Increasing,1.56,3.89,Finance; Sales; Data Science; People & HR,Stretch Assignment,18,No,Azure Data Engineer,Consumer Packaged Goods; Supply Chain; Experimentation Design,v2.4,2026-05-30,Talent Management,No
SKL-1056,Collaboration,Interpersonal,Foundational,Advanced,Developing,Stable,5.55,-0.15,People & HR; Customer Experience; Data Science; Operations,Formal Training,16,No,AWS Certified,Databricks; SaaS GTM; People Analytics,v2.4,2026-01-31,Talent Management,Yes
SKL-1015,Scala,Technical,Specialized,Expert,Proficient,Increasing,5.7,-3.82,Operations; Marketing; Customer Experience,Mentoring,2,Yes,PMP,Sales Operations; DevOps; Stakeholder Management,v2.4,2026-03-14,People Analytics,Yes
SKL-1062,Written Communication,Interpersonal,Core,Foundational,Expert,Decreasing,1.61,-4.55,Legal & Compliance; Marketing; Sales; People & HR,External Course,14,No,PMP,Azure; Influence Without Authority; Negotiation,v2.4,2026-04-26,Talent Management,Yes
SKL-1041,Coaching & Mentoring,Leadership,Core,Expert,Expert,Emerging,4.49,4.0,Customer Experience; Engineering; Sales,Stretch Assignment,10,Yes,PMP,Data Engineering; Regulatory Compliance; Stakeholder Management,v2.4,2026-05-24,L&D,Yes
SKL-1024,NLP,Technical,Core,Expert,Expert,Stable,7.76,0.03,Data Science,Stretch Assignment,19,Yes,AWS Certified,Strategic Planning; A/B Testing; Quantitative Research,v2.4,2026-06-30,Talent Management,Yes
SKL-1068,FinTech,Domain,Specialized,Advanced,Expert,Increasing,5.42,4.34,Product; People & HR; Legal & Compliance,On-the-Job,18,No,None,Predictive Analytics; Kubernetes; Java,v2.4,2026-01-26,People Analytics,Yes
SKL-1018,AWS,Technical,Emerging,Proficient,Foundational,Stable,3.76,-0.93,Engineering; Operations,Formal Training,2,Yes,CPA,HRBP; TensorFlow; Decision Making,v2.4,2026-02-06,Talent Management,Yes
SKL-1033,Experimentation Design,Analytical,Foundational,Foundational,Foundational,Stable,3.16,0.97,Sales; Customer Experience,External Course,18,No,Google Cloud Prof.,Financial Modeling; Cybersecurity; Decision Making,v2.4,2026-04-29,Talent Management,Yes
SKL-1061,Presentation Skills,Interpersonal,Core,Advanced,Developing,Increasing,3.42,4.63,Finance,External Course,19,Yes,CPA,Digital Transformation; Customer Success; Conflict Resolution,v2.4,2026-01-22,People Analytics,Yes
SKL-1047,People Analytics,Functional,Emerging,Developing,Expert,Emerging,9.65,0.55,Engineering,External Course,16,No,PMP,Python; Cybersecurity; Presentation Skills,v2.4,2026-03-11,HRBP,No
SKL-1044,Talent Development,Leadership,Emerging,Expert,Expert,Decreasing,1.41,2.39,Marketing,On-the-Job,14,Yes,PMP,SaaS GTM; Strategic Planning; Communication,v2.4,2026-02-23,HRBP,Yes
SKL-1033,Experimentation Design,Analytical,Foundational,Proficient,Developing,Decreasing,4.07,-0.4,Engineering; People & HR; Legal & Compliance,Certification,17,Yes,AWS Certified,dbt; Customer Success; SaaS GTM,v2.4,2026-06-28,Talent Management,No
SKL-1068,FinTech,Domain,Core,Foundational,Expert,Increasing,9.03,3.16,Data Science; Operations; Product; Sales,Certification,13,No,PMP,SQL; Scala; Empathy,v2.4,2026-04-05,People Analytics,No
SKL-1001,SQL,Technical,Emerging,Foundational,Proficient,Decreasing,2.72,3.16,Finance; Legal & Compliance; Sales,Self-Study,3,No,Databricks Certified,A/B Testing; Python; Statistical Modeling,v2.4,2026-06-13,Talent Management,Yes
SKL-1035,Strategic Planning,Leadership,Foundational,Developing,Expert,Stable,6.94,0.66,Data Science; People & HR,Stretch Assignment,4,Yes,CPA,Digital Transformation; Business Intelligence; Consumer Packaged Goods,v2.4,2026-03-12,People Analytics,Yes
SKL-1068,FinTech,Domain,Specialized,Expert,Advanced,Increasing,9.44,1.41,Operations,Mentoring,15,No,Google Cloud Prof.,Consumer Packaged Goods; Empathy; Facilitation,v2.4,2026-04-03,L&D,Yes
SKL-1006,DevOps,Technical,Specialized,Advanced,Expert,Emerging,3.85,-1.08,Data Science; Engineering; Finance,Stretch Assignment,15,Yes,PHR,Statistical Modeling; Snowflake; Board Communication,v2.4,2026-03-21,L&D,Yes
SKL-1003,Data Engineering,Technical,Foundational,Advanced,Foundational,Decreasing,8.56,-2.53,Finance; Operations; Engineering; Product,Self-Study,18,Yes,Google Cloud Prof.,Collaboration; TensorFlow; Conflict Resolution,v2.4,2026-05-29,L&D,Yes
SKL-1007,Cybersecurity,Technical,Core,Advanced,Proficient,Increasing,8.04,-4.38,Engineering; Marketing; Product; Legal & Compliance,On-the-Job,23,Yes,Azure Data Engineer,DevOps; Change Management; Learning & Development,v2.4,2026-04-13,L&D,No
SKL-1029,Business Intelligence,Analytical,Core,Advanced,Advanced,Emerging,8.16,3.8,Operations,Stretch Assignment,23,Yes,Databricks Certified,Consumer Packaged Goods; Board Communication; NLP,v2.4,2026-01-28,L&D,Yes
SKL-1008,Tableau,Technical,Emerging,Expert,Developing,Decreasing,4.2,-0.19,People & HR; Finance; Legal & Compliance; Product,On-the-Job,3,Yes,CPA,ESG Reporting; Communication; Retail Banking,v2.4,2026-06-16,HRBP,Yes
SKL-1074,ESG Reporting,Domain,Emerging,Developing,Advanced,Decreasing,6.43,-2.09,Customer Experience,Certification,23,Yes,AWS Certified,Root Cause Analysis; Influence Without Authority; SaaS GTM,v2.4,2026-01-14,Talent Management,Yes
SKL-1025,Statistical Modeling,Analytical,Emerging,Developing,Foundational,Decreasing,2.7,-0.24,Legal & Compliance; Operations; Customer Experience; Marketing,Self-Study,15,No,PMP,React; Negotiation; API Development,v2.4,2026-05-07,People Analytics,Yes
SKL-1028,Data Visualization,Analytical,Emerging,Advanced,Expert,Stable,3.15,2.35,Product; Finance; Legal & Compliance,Formal Training,2,No,AWS Certified,Power BI; Talent Acquisition; Data Engineering,v2.4,2026-05-23,L&D,Yes
SKL-1037,Change Management,Leadership,Foundational,Developing,Expert,Decreasing,1.4,-4.7,Marketing; People & HR,Formal Training,10,Yes,CFA,Manufacturing Ops; Quantitative Research; dbt,v2.4,2026-02-20,L&D,Yes
SKL-1033,Experimentation Design,Analytical,Core,Foundational,Developing,Emerging,6.89,3.85,Finance; Marketing; Sales,Formal Training,13,No,PMP,Healthcare Analytics; Communication; Tableau,v2.4,2026-01-31,People Analytics,Yes
SKL-1024,NLP,Technical,Emerging,Expert,Advanced,Decreasing,3.86,-0.7,Engineering; Finance,External Course,19,No,PMP,Coaching & Mentoring; Quantitative Research; DevOps,v2.4,2026-06-11,HRBP,Yes
SKL-1065,Retail Banking,Domain,Foundational,Developing,Foundational,Emerging,8.12,1.15,Customer Experience; Product,External Course,22,No,Databricks Certified,Consumer Packaged Goods; Empathy; dbt,v2.4,2026-03-24,HRBP,No
SKL-1063,Facilitation,Interpersonal,Foundational,Proficient,Expert,Emerging,6.74,2.91,Finance,Formal Training,8,No,PHR,Supply Chain; Forecasting; Stakeholder Management,v2.4,2026-04-19,Talent Management,Yes
SKL-1047,People Analytics,Functional,Specialized,Expert,Foundational,Stable,7.76,-2.05,Finance; Engineering; Sales,Certification,21,No,None,Conflict Resolution; Empathy; Communication,v2.4,2026-04-15,HRBP,No
SKL-1040,Decision Making,Leadership,Specialized,Advanced,Foundational,Stable,4.98,-2.34,Operations,On-the-Job,11,Yes,CPA,Business Intelligence; TensorFlow; Scala,v2.4,2026-01-19,HRBP,Yes
SKL-1069,E-Commerce,Domain,Emerging,Proficient,Developing,Decreasing,3.25,2.45,Finance; People & HR; Marketing,On-the-Job,11,No,CFA,Marketing Analytics; ESG Reporting; SQL,v2.4,2026-05-01,People Analytics,No
SKL-1029,Business Intelligence,Analytical,Emerging,Developing,Advanced,Stable,5.64,2.86,Sales; Operations; Data Science; People & HR,External Course,8,No,None,A/B Testing; Collaboration; Conflict Resolution,v2.4,2026-05-23,L&D,Yes
SKL-1017,Azure,Technical,Emerging,Proficient,Foundational,Emerging,8.29,3.34,Finance; Product; Customer Experience,Stretch Assignment,14,No,CFA,Machine Learning; Digital Transformation; Cloud Architecture,v2.4,2026-02-05,People Analytics,Yes
SKL-1072,Digital Transformation,Domain,Foundational,Advanced,Developing,Emerging,1.57,-1.14,Data Science; Operations; Sales; Customer Experience,Self-Study,4,Yes,Google Cloud Prof.,Manufacturing Ops; dbt; Cloud Architecture,v2.4,2026-06-26,Talent Management,Yes
SKL-1023,Airflow,Technical,Emerging,Foundational,Advanced,Decreasing,2.85,-2.09,Sales,On-the-Job,13,Yes,PMP,Coaching & Mentoring; Customer Success; Supply Chain,v2.4,2026-02-10,L&D,Yes
SKL-1068,FinTech,Domain,Foundational,Advanced,Foundational,Emerging,9.6,3.66,Finance; Marketing,Mentoring,24,No,PMP,Regulatory Compliance; Stakeholder Management; Statistical Modeling,v2.4,2026-05-09,Talent Management,Yes
SKL-1025,Statistical Modeling,Analytical,Core,Developing,Advanced,Increasing,8.42,1.05,Customer Experience; Operations,Certification,17,No,Databricks Certified,Regulatory Compliance; API Development; Kubernetes,v2.4,2026-03-15,Talent Management,Yes
SKL-1038,Organizational Design,Leadership,Foundational,Expert,Developing,Emerging,3.24,4.0,Sales; Product; People & HR; Operations,Certification,5,No,AWS Certified,Root Cause Analysis; Databricks; Strategic Planning,v2.4,2026-06-10,HRBP,Yes
SKL-1027,Forecasting,Analytical,Foundational,Advanced,Expert,Increasing,9.96,-4.23,Customer Experience,External Course,12,No,Databricks Certified,Snowflake; Predictive Analytics; A/B Testing,v2.4,2026-05-10,L&D,No
SKL-1003,Data Engineering,Technical,Core,Advanced,Advanced,Decreasing,7.71,3.56,Engineering; Legal & Compliance; Marketing; Customer Experience,Stretch Assignment,6,No,Databricks Certified,Written Communication; Empathy; Tableau,v2.4,2026-01-22,People Analytics,No
SKL-1017,Azure,Technical,Foundational,Proficient,Developing,Stable,8.55,1.07,Marketing; Data Science,Certification,14,Yes,Google Cloud Prof.,SQL; Financial Modeling; GCP,v2.4,2026-04-23,HRBP,Yes
SKL-1027,Forecasting,Analytical,Core,Expert,Developing,Emerging,7.27,3.37,Product,Stretch Assignment,11,No,AWS Certified,Python; DevOps; Learning & Development,v2.4,2026-02-21,People Analytics,Yes
SKL-1030,Root Cause Analysis,Analytical,Emerging,Foundational,Foundational,Emerging,1.25,-4.85,Data Science; Finance,On-the-Job,23,Yes,PMP,API Development; Sales Operations; Retail Banking,v2.4,2026-01-28,HRBP,Yes
SKL-1071,SaaS GTM,Domain,Emerging,Expert,Developing,Emerging,9.45,-3.79,Data Science; Operations,Self-Study,7,Yes,None,Decision Making; SQL; HRBP,v2.4,2026-02-24,Talent Management,Yes
SKL-1008,Tableau,Technical,Specialized,Expert,Proficient,Increasing,1.61,-2.81,Legal & Compliance; Sales; Data Science,Stretch Assignment,19,Yes,CPA,TensorFlow; Coaching & Mentoring; HRBP,v2.4,2026-06-23,People Analytics,Yes
SKL-1022,dbt,Technical,Specialized,Advanced,Foundational,Decreasing,1.16,4.12,Product; Customer Experience; Finance; Marketing,Certification,24,Yes,PHR,Machine Learning; Scala; Stakeholder Management,v2.4,2026-03-02,Talent Management,Yes
SKL-1010,Spark,Technical,Core,Developing,Proficient,Emerging,3.67,-3.48,Engineering; Finance,Stretch Assignment,21,No,CFA,Azure; Strategic Planning; Decision Making,v2.4,2026-06-14,L&D,No
SKL-1036,Executive Presence,Leadership,Core,Developing,Proficient,Decreasing,3.18,0.39,Finance; Product,Certification,12,Yes,Databricks Certified,Python; Tableau; Written Communication,v2.4,2026-01-18,People Analytics,Yes
SKL-1018,AWS,Technical,Emerging,Developing,Foundational,Stable,6.33,3.31,Finance; Customer Experience,On-the-Job,15,No,CPA,Snowflake; Statistical Modeling; Quantitative Research,v2.4,2026-04-19,People Analytics,Yes
SKL-1038,Organizational Design,Leadership,Specialized,Expert,Advanced,Stable,3.45,2.81,Operations,Mentoring,14,Yes,Databricks Certified,Collaboration; Finance Business Partnering; Influence Without Authority,v2.4,2026-06-06,Talent Management,Yes
SKL-1061,Presentation Skills,Interpersonal,Core,Advanced,Advanced,Increasing,7.83,4.22,Customer Experience; People & HR,Self-Study,14,No,CPA,Negotiation; Executive Presence; Learning & Development,v2.4,2026-05-24,Talent Management,Yes
SKL-1042,Board Communication,Leadership,Emerging,Advanced,Developing,Stable,9.25,-4.96,Sales; Product; Customer Experience,Mentoring,13,No,Databricks Certified,Stakeholder Management; Power BI; Customer Success,v2.4,2026-01-10,L&D,No
SKL-1072,Digital Transformation,Domain,Emerging,Developing,Advanced,Decreasing,7.94,2.52,Customer Experience; Sales; Operations,Stretch Assignment,3,No,None,Quantitative Research; Presentation Skills; Cloud Architecture,v2.4,2026-04-03,L&D,Yes
SKL-1033,Experimentation Design,Analytical,Foundational,Developing,Proficient,Stable,6.42,4.52,Engineering; Data Science,External Course,4,No,None,Spark; Consumer Packaged Goods; NLP,v2.4,2026-04-19,People Analytics,No
SKL-1032,Predictive Analytics,Analytical,Specialized,Expert,Expert,Emerging,6.27,2.34,Data Science,Stretch Assignment,20,No,PMP,Financial Modeling; A/B Testing; Supply Chain,v2.4,2026-06-28,HRBP,Yes
SKL-1021,Snowflake,Technical,Foundational,Foundational,Foundational,Increasing,7.96,-0.82,Marketing; Product; People & HR; Data Science,Self-Study,7,Yes,PHR,Written Communication; Airflow; Influence Without Authority,v2.4,2026-01-29,Talent Management,Yes
SKL-1023,Airflow,Technical,Emerging,Foundational,Developing,Stable,3.33,4.02,Sales; Data Science; People & HR; Engineering,Self-Study,4,No,Google Cloud Prof.,Strategic Planning; Tableau; P&L Ownership,v2.4,2026-01-08,People Analytics,No
SKL-1062,Written Communication,Interpersonal,Core,Foundational,Foundational,Decreasing,7.77,-4.93,Data Science,Formal Training,18,Yes,None,Consumer Packaged Goods; Financial Modeling; Written Communication,v2.4,2026-05-02,HRBP,No
SKL-1043,P&L Ownership,Leadership,Specialized,Proficient,Proficient,Stable,9.47,1.65,Legal & Compliance; Engineering; Operations; Product,Self-Study,5,Yes,Databricks Certified,Marketing Analytics; Azure; Data Engineering,v2.4,2026-06-04,L&D,Yes
SKL-1031,Quantitative Research,Analytical,Specialized,Advanced,Expert,Emerging,5.63,1.6,Operations,On-the-Job,22,No,AWS Certified,Coaching & Mentoring; Collaboration; Business Intelligence,v2.4,2026-06-05,Talent Management,No
SKL-1010,Spark,Technical,Specialized,Advanced,Advanced,Increasing,7.61,-2.06,People & HR; Customer Experience,Certification,24,Yes,PMP,Facilitation; Kubernetes; Organizational Design,v2.4,2026-06-22,Talent Management,Yes
SKL-1057,Conflict Resolution,Interpersonal,Core,Advanced,Expert,Stable,3.19,-3.3,Data Science,Mentoring,24,Yes,PMP,Coaching & Mentoring; HRBP; Strategic Planning,v2.4,2026-02-26,HRBP,No
SKL-1015,Scala,Technical,Emerging,Expert,Advanced,Increasing,8.16,-1.67,Legal & Compliance; Data Science,Stretch Assignment,12,No,None,SaaS GTM; Communication; Business Intelligence,v2.4,2026-02-27,HRBP,Yes
SKL-1037,Change Management,Leadership,Core,Foundational,Foundational,Decreasing,7.67,4.37,Legal & Compliance,Self-Study,6,No,None,Regulatory Compliance; Python; Stakeholder Management,v2.4,2026-01-16,People Analytics,No
SKL-1054,Finance Business Partnering,Functional,Specialized,Proficient,Developing,Stable,1.96,-4.91,Operations; People & HR; Marketing; Product,Formal Training,17,No,PMP,Executive Presence; AWS; Cloud Architecture,v2.4,2026-06-03,HRBP,Yes
SKL-1064,Influence Without Authority,Interpersonal,Core,Proficient,Expert,Emerging,6.68,-2.84,Product; Engineering; Operations,Formal Training,24,Yes,PHR,DevOps; dbt; Written Communication,v2.4,2026-04-11,HRBP,Yes
SKL-1002,Machine Learning,Technical,Foundational,Proficient,Advanced,Emerging,9.91,2.58,Data Science; Customer Experience; Marketing; People & HR,Stretch Assignment,8,No,Google Cloud Prof.,R; Coaching & Mentoring; ESG Reporting,v2.4,2026-01-14,HRBP,No
SKL-1020,Databricks,Technical,Emerging,Advanced,Advanced,Decreasing,9.07,-2.9,Engineering; Operations,Stretch Assignment,20,Yes,PMP,Learning & Development; Finance Business Partnering; Snowflake,v2.4,2026-01-15,L&D,Yes
SKL-1060,Active Listening,Interpersonal,Emerging,Foundational,Foundational,Decreasing,6.34,4.7,Finance; Engineering; Data Science; Sales,Mentoring,17,No,PMP,Learning & Development; Kubernetes; Empathy,v2.4,2026-06-16,Talent Management,Yes
SKL-1056,Collaboration,Interpersonal,Specialized,Foundational,Foundational,Increasing,1.74,-0.11,Engineering; Sales,Self-Study,24,Yes,PMP,HRBP; Presentation Skills; Communication,v2.4,2026-03-18,People Analytics,Yes
SKL-1041,Coaching & Mentoring,Leadership,Core,Expert,Developing,Emerging,8.32,-4.8,Data Science; Customer Experience; Legal & Compliance; Product,External Course,8,Yes,PMP,Airflow; Python; SaaS GTM,v2.4,2026-04-25,HRBP,Yes
SKL-1005,API Development,Technical,Emerging,Expert,Developing,Stable,1.79,-2.43,Data Science,On-the-Job,18,No,CFA,E-Commerce; Snowflake; Finance Business Partnering,v2.4,2026-06-18,L&D,Yes
SKL-1038,Organizational Design,Leadership,Core,Expert,Proficient,Emerging,2.26,-0.1,Customer Experience; Operations; Finance,Stretch Assignment,5,Yes,PHR,Cloud Architecture; NLP; AWS,v2.4,2026-03-18,People Analytics,Yes
SKL-1070,Manufacturing Ops,Domain,Emerging,Expert,Proficient,Decreasing,2.16,1.22,Customer Experience,Self-Study,10,No,PMP,Marketing Analytics; Negotiation; Spark,v2.4,2026-03-07,Talent Management,Yes
SKL-1068,FinTech,Domain,Emerging,Foundational,Proficient,Stable,7.43,0.64,Product; People & HR,Self-Study,15,No,AWS Certified,Quantitative Research; Power BI; Financial Modeling,v2.4,2026-02-01,L&D,No
SKL-1008,Tableau,Technical,Specialized,Foundational,Proficient,Decreasing,8.0,-3.54,Marketing; Engineering,On-the-Job,14,Yes,None,React; Scala; dbt,v2.4,2026-05-15,HRBP,No
SKL-1012,TensorFlow,Technical,Specialized,Expert,Proficient,Decreasing,6.47,3.97,Operations; Product,Formal Training,13,No,Databricks Certified,R; Experimentation Design; SQL,v2.4,2026-06-25,People Analytics,Yes
SKL-1018,AWS,Technical,Foundational,Expert,Proficient,Increasing,9.27,1.39,Finance; Product; Sales,Formal Training,16,No,Databricks Certified,Influence Without Authority; Executive Presence; Strategic Planning,v2.4,2026-04-20,People Analytics,Yes
SKL-1011,Kubernetes,Technical,Specialized,Advanced,Proficient,Increasing,6.71,-4.23,Data Science; People & HR,Certification,3,Yes,CPA,Manufacturing Ops; Facilitation; SQL,v2.4,2026-04-19,People Analytics,No
SKL-1063,Facilitation,Interpersonal,Core,Advanced,Foundational,Stable,9.2,2.46,Customer Experience; Operations; Finance; Legal & Compliance,Stretch Assignment,18,Yes,Databricks Certified,Snowflake; Healthcare Analytics; Data Visualization,v2.4,2026-02-14,L&D,Yes
SKL-1017,Azure,Technical,Specialized,Foundational,Advanced,Emerging,4.41,-1.27,Operations,Stretch Assignment,9,Yes,CPA,Organizational Design; Presentation Skills; Change Management,v2.4,2026-03-09,People Analytics,Yes
SKL-1072,Digital Transformation,Domain,Foundational,Developing,Proficient,Increasing,9.42,3.92,Engineering; Operations; Legal & Compliance; Marketing,Mentoring,12,No,CFA,React; Python; Talent Development,v2.4,2026-02-17,Talent Management,Yes
SKL-1001,SQL,Technical,Core,Advanced,Advanced,Stable,1.76,0.14,Product; Data Science,Mentoring,2,Yes,CPA,Data Visualization; Active Listening; Supply Chain,v2.4,2026-04-06,HRBP,Yes
SKL-1054,Finance Business Partnering,Functional,Emerging,Expert,Proficient,Increasing,9.9,1.56,People & HR; Legal & Compliance; Operations; Sales,Mentoring,2,No,PHR,Java; NLP; Executive Presence,v2.4,2026-01-11,People Analytics,No
SKL-1053,Sales Operations,Functional,Specialized,Foundational,Developing,Stable,9.54,4.6,Data Science; Product; Sales,Certification,17,Yes,CFA,Marketing Analytics; Influence Without Authority; HRBP,v2.4,2026-02-03,L&D,Yes
SKL-1002,Machine Learning,Technical,Emerging,Developing,Proficient,Increasing,7.91,-2.63,Product; Engineering; Legal & Compliance,Mentoring,11,No,Databricks Certified,Spark; Finance Business Partnering; Quantitative Research,v2.4,2026-06-08,People Analytics,Yes
SKL-1031,Quantitative Research,Analytical,Specialized,Foundational,Proficient,Stable,7.0,-0.71,Data Science; Customer Experience; People & HR; Legal & Compliance,External Course,20,Yes,PHR,Scala; R; Marketing Analytics,v2.4,2026-01-10,HRBP,Yes
SKL-1018,AWS,Technical,Foundational,Foundational,Expert,Stable,1.82,-4.49,Customer Experience; Marketing; Finance; Data Science,Self-Study,15,No,AWS Certified,Retail Banking; Finance Business Partnering; DevOps,v2.4,2026-03-19,L&D,Yes
SKL-1046,Compensation & Benefits,Functional,Specialized,Proficient,Advanced,Stable,3.88,-4.52,Engineering,On-the-Job,23,No,PHR,Executive Presence; Active Listening; Strategic Planning,v2.4,2026-06-05,L&D,No
SKL-1023,Airflow,Technical,Specialized,Advanced,Proficient,Decreasing,3.74,-4.03,Customer Experience,External Course,6,No,CFA,Compensation & Benefits; Healthcare Analytics; People Analytics,v2.4,2026-03-02,HRBP,Yes
SKL-1074,ESG Reporting,Domain,Foundational,Foundational,Foundational,Stable,6.67,1.02,Legal & Compliance,Stretch Assignment,8,Yes,Databricks Certified,TensorFlow; Power BI; E-Commerce,v2.4,2026-06-08,HRBP,Yes
SKL-1060,Active Listening,Interpersonal,Emerging,Expert,Developing,Increasing,2.15,-0.82,Customer Experience; Operations; Legal & Compliance,Mentoring,22,Yes,None,Tableau; Presentation Skills; Sales Operations,v2.4,2026-05-15,L&D,Yes
SKL-1035,Strategic Planning,Leadership,Emerging,Proficient,Foundational,Increasing,8.15,1.94,Sales; Customer Experience; Data Science; Legal & Compliance,Mentoring,18,No,Azure Data Engineer,HRBP; Marketing Analytics; Financial Modeling,v2.4,2026-02-22,People Analytics,Yes
SKL-1020,Databricks,Technical,Emerging,Expert,Foundational,Emerging,5.53,2.21,Marketing; Finance; Legal & Compliance,Stretch Assignment,10,Yes,PMP,Data Visualization; API Development; FinTech,v2.4,2026-03-02,HRBP,Yes
SKL-1018,AWS,Technical,Specialized,Developing,Proficient,Increasing,6.78,-2.51,Customer Experience; Data Science,On-the-Job,22,No,CFA,Coaching & Mentoring; Spark; Manufacturing Ops,v2.4,2026-03-09,People Analytics,No
SKL-1037,Change Management,Leadership,Specialized,Foundational,Foundational,Decreasing,2.97,4.65,Marketing; Engineering,Certification,23,Yes,None,Predictive Analytics; Manufacturing Ops; A/B Testing,v2.4,2026-04-24,People Analytics,Yes
SKL-1034,Financial Modeling,Analytical,Emerging,Expert,Advanced,Stable,5.01,2.3,Operations; People & HR; Sales; Engineering,Mentoring,7,No,PMP,dbt; NLP; Digital Transformation,v2.4,2026-05-06,People Analytics,Yes
SKL-1002,Machine Learning,Technical,Specialized,Developing,Developing,Emerging,7.19,-3.12,Data Science; Product,Formal Training,16,No,Google Cloud Prof.,Healthcare Analytics; Azure; SQL,v2.4,2026-06-04,L&D,No
SKL-1049,HRBP,Functional,Core,Foundational,Foundational,Increasing,2.19,2.7,People & HR; Engineering; Customer Experience,External Course,5,No,Google Cloud Prof.,Statistical Modeling; Azure; Presentation Skills,v2.4,2026-05-25,Talent Management,Yes
SKL-1039,Stakeholder Management,Leadership,Specialized,Advanced,Developing,Stable,1.5,1.92,Engineering,External Course,3,Yes,Azure Data Engineer,Change Management; React; Retail Banking,v2.4,2026-04-17,People Analytics,Yes
SKL-1028,Data Visualization,Analytical,Core,Developing,Advanced,Emerging,2.33,1.55,Product; Data Science,Mentoring,7,Yes,PHR,React; Executive Presence; Talent Acquisition,v2.4,2026-01-20,HRBP,Yes
SKL-1046,Compensation & Benefits,Functional,Core,Foundational,Expert,Stable,2.6,0.3,Product; People & HR,Stretch Assignment,23,No,CPA,Talent Development; React; Financial Modeling,v2.4,2026-05-08,HRBP,Yes
SKL-1009,Power BI,Technical,Core,Developing,Developing,Decreasing,2.33,-0.53,Data Science; Legal & Compliance; Product; Operations,Self-Study,6,Yes,CFA,R; Airflow; HRBP,v2.4,2026-04-01,HRBP,No
SKL-1054,Finance Business Partnering,Functional,Foundational,Advanced,Expert,Decreasing,2.24,4.44,Product; Legal & Compliance,Certification,17,No,Azure Data Engineer,FinTech; Business Intelligence; HRBP,v2.4,2026-01-22,Talent Management,Yes
SKL-1011,Kubernetes,Technical,Emerging,Proficient,Foundational,Stable,9.95,-4.83,People & HR; Data Science; Engineering; Legal & Compliance,Self-Study,6,No,Databricks Certified,AWS; Manufacturing Ops; Sales Operations,v2.4,2026-03-04,People Analytics,Yes
SKL-1007,Cybersecurity,Technical,Emerging,Foundational,Developing,Emerging,7.6,1.96,Operations; Engineering; Data Science; Legal & Compliance,Certification,4,No,PMP,Data Engineering; AWS; Compensation & Benefits,v2.4,2026-02-06,L&D,Yes
SKL-1009,Power BI,Technical,Core,Expert,Advanced,Stable,7.89,-0.3,Customer Experience; Marketing,Mentoring,15,No,Databricks Certified,SQL; Executive Presence; Java,v2.4,2026-02-09,L&D,Yes
SKL-1022,dbt,Technical,Emerging,Foundational,Advanced,Emerging,7.12,3.76,Legal & Compliance; Customer Experience; Marketing,Stretch Assignment,9,No,PMP,Financial Modeling; Kubernetes; Consumer Packaged Goods,v2.4,2026-04-07,People Analytics,Yes
SKL-1051,Marketing Analytics,Functional,Core,Developing,Advanced,Stable,8.4,4.76,Sales,Mentoring,12,No,None,Snowflake; DevOps; People Analytics,v2.4,2026-06-15,Talent Management,Yes
SKL-1034,Financial Modeling,Analytical,Core,Foundational,Foundational,Decreasing,6.43,3.47,Finance,Self-Study,7,Yes,Google Cloud Prof.,Forecasting; SQL; Stakeholder Management,v2.4,2026-02-18,People Analytics,Yes
SKL-1030,Root Cause Analysis,Analytical,Specialized,Foundational,Expert,Increasing,6.07,2.9,Engineering,Self-Study,4,No,AWS Certified,Talent Acquisition; Executive Presence; Supply Chain,v2.4,2026-05-09,People Analytics,Yes
SKL-1050,Supply Chain,Functional,Specialized,Developing,Foundational,Decreasing,4.67,2.41,Customer Experience,External Course,6,Yes,None,Presentation Skills; Cloud Architecture; Change Management,v2.4,2026-02-11,People Analytics,No
SKL-1010,Spark,Technical,Core,Developing,Developing,Stable,7.92,-3.39,Sales; People & HR; Operations,Self-Study,13,No,AWS Certified,HRBP; Root Cause Analysis; A/B Testing,v2.4,2026-06-06,L&D,Yes
SKL-1072,Digital Transformation,Domain,Foundational,Foundational,Foundational,Stable,7.9,-1.9,Sales,On-the-Job,16,No,PMP,Change Management; Databricks; Tableau,v2.4,2026-03-13,HRBP,Yes
SKL-1011,Kubernetes,Technical,Core,Developing,Advanced,Decreasing,9.88,4.78,People & HR; Data Science; Sales; Engineering,Self-Study,11,No,None,R; Collaboration; Compensation & Benefits,v2.4,2026-05-12,HRBP,Yes
SKL-1010,Spark,Technical,Foundational,Expert,Advanced,Decreasing,8.9,4.91,Legal & Compliance,Stretch Assignment,3,Yes,Azure Data Engineer,SQL; GCP; React,v2.4,2026-03-16,Talent Management,Yes
SKL-1072,Digital Transformation,Domain,Foundational,Foundational,Developing,Emerging,8.87,1.69,Sales; Legal & Compliance; Customer Experience,On-the-Job,4,Yes,Google Cloud Prof.,Supply Chain; Communication; Statistical Modeling,v2.4,2026-04-13,HRBP,Yes
SKL-1040,Decision Making,Leadership,Specialized,Expert,Advanced,Stable,7.32,-0.24,Sales; Engineering; People & HR,Mentoring,6,Yes,CFA,Digital Transformation; Cloud Architecture; Learning & Development,v2.4,2026-01-16,HRBP,No
SKL-1060,Active Listening,Interpersonal,Emerging,Foundational,Developing,Increasing,9.57,1.84,Marketing; People & HR; Data Science,Formal Training,4,No,None,Spark; Organizational Design; Conflict Resolution,v2.4,2026-04-18,People Analytics,Yes
SKL-1023,Airflow,Technical,Core,Foundational,Advanced,Decreasing,9.67,-2.03,Operations; Product,Mentoring,17,Yes,None,Talent Acquisition; Regulatory Compliance; HRBP,v2.4,2026-01-03,People Analytics,Yes
SKL-1074,ESG Reporting,Domain,Emerging,Proficient,Proficient,Increasing,2.35,-0.41,Sales; Operations,On-the-Job,23,No,CPA,Consumer Packaged Goods; Python; Conflict Resolution,v2.4,2026-02-02,Talent Management,Yes
SKL-1004,Cloud Architecture,Technical,Emerging,Developing,Advanced,Stable,6.41,-2.84,Finance; Engineering,Self-Study,13,Yes,CPA,Stakeholder Management; Influence Without Authority; Scala,v2.4,2026-06-29,Talent Management,No
SKL-1052,Customer Success,Functional,Foundational,Proficient,Proficient,Emerging,5.71,2.65,People & HR,Mentoring,15,No,PMP,Manufacturing Ops; Databricks; E-Commerce,v2.4,2026-04-22,Talent Management,Yes
SKL-1055,Communication,Interpersonal,Specialized,Expert,Foundational,Increasing,8.25,-3.96,Legal & Compliance,Mentoring,5,No,Azure Data Engineer,TensorFlow; Collaboration; Influence Without Authority,v2.4,2026-05-29,L&D,Yes
SKL-1053,Sales Operations,Functional,Emerging,Developing,Advanced,Emerging,2.03,3.56,Operations,External Course,16,No,None,Python; People Analytics; Data Visualization,v2.4,2026-05-10,HRBP,Yes
SKL-1033,Experimentation Design,Analytical,Specialized,Advanced,Developing,Increasing,9.1,-0.85,Engineering,Formal Training,13,No,CFA,Snowflake; Regulatory Compliance; Communication,v2.4,2026-03-03,Talent Management,Yes
SKL-1050,Supply Chain,Functional,Core,Expert,Advanced,Stable,9.45,-1.1,Product; Operations,Certification,7,No,PHR,TensorFlow; R; Influence Without Authority,v2.4,2026-01-31,Talent Management,Yes
SKL-1070,Manufacturing Ops,Domain,Emerging,Proficient,Developing,Increasing,1.84,-0.63,Engineering; Customer Experience,On-the-Job,20,No,AWS Certified,R; Negotiation; Talent Acquisition,v2.4,2026-02-17,People Analytics,Yes
SKL-1038,Organizational Design,Leadership,Emerging,Expert,Developing,Emerging,7.93,1.59,Data Science; People & HR; Engineering,Stretch Assignment,20,Yes,Google Cloud Prof.,Negotiation; Scala; React,v2.4,2026-02-06,HRBP,Yes
SKL-1023,Airflow,Technical,Core,Foundational,Advanced,Decreasing,9.21,-2.92,Sales,External Course,2,No,Google Cloud Prof.,Written Communication; Power BI; A/B Testing,v2.4,2026-06-25,Talent Management,No
SKL-1040,Decision Making,Leadership,Foundational,Developing,Developing,Decreasing,1.09,-3.21,Data Science,Self-Study,13,No,Azure Data Engineer,Python; Databricks; Consumer Packaged Goods,v2.4,2026-03-07,L&D,Yes
SKL-1003,Data Engineering,Technical,Core,Expert,Expert,Stable,2.95,-1.35,Engineering; Operations,Formal Training,9,Yes,PMP,Financial Modeling; Strategic Planning; Presentation Skills,v2.4,2026-02-21,L&D,Yes
SKL-1070,Manufacturing Ops,Domain,Specialized,Advanced,Advanced,Emerging,5.61,-1.0,Marketing; People & HR,Formal Training,23,No,None,React; ESG Reporting; Stakeholder Management,v2.4,2026-02-12,People Analytics,No
SKL-1055,Communication,Interpersonal,Foundational,Advanced,Expert,Decreasing,8.34,1.23,Product; Finance; Operations; People & HR,Stretch Assignment,4,No,PMP,Cloud Architecture; Retail Banking; Predictive Analytics,v2.4,2026-05-31,Talent Management,Yes
SKL-1067,Healthcare Analytics,Domain,Specialized,Advanced,Foundational,Increasing,2.62,-1.77,Operations; Finance,On-the-Job,8,No,CFA,AWS; Decision Making; Scala,v2.4,2026-01-03,HRBP,Yes
SKL-1042,Board Communication,Leadership,Emerging,Advanced,Expert,Decreasing,9.09,0.62,Marketing; Finance; Customer Experience; Engineering,Certification,10,Yes,None,Communication; Decision Making; Statistical Modeling,v2.4,2026-02-20,L&D,No
SKL-1063,Facilitation,Interpersonal,Core,Proficient,Advanced,Increasing,2.12,-3.29,Legal & Compliance; Product; Finance,Certification,2,No,AWS Certified,Regulatory Compliance; Python; Empathy,v2.4,2026-03-14,People Analytics,No
SKL-1004,Cloud Architecture,Technical,Core,Proficient,Foundational,Increasing,5.23,3.3,Marketing; Legal & Compliance; Operations; Product,Self-Study,14,Yes,Azure Data Engineer,Decision Making; Facilitation; DevOps,v2.4,2026-04-11,HRBP,No
SKL-1063,Facilitation,Interpersonal,Core,Proficient,Expert,Increasing,1.26,-4.52,People & HR,On-the-Job,12,No,PHR,Snowflake; Kubernetes; NLP,v2.4,2026-04-05,L&D,Yes
SKL-1033,Experimentation Design,Analytical,Core,Foundational,Foundational,Decreasing,1.68,-1.71,Marketing; People & HR; Customer Experience; Legal & Compliance,Mentoring,5,Yes,CFA,AWS; ESG Reporting; Customer Success,v2.4,2026-06-13,Talent Management,Yes
SKL-1066,Consumer Packaged Goods,Domain,Emerging,Expert,Advanced,Emerging,9.79,-1.78,Finance; Data Science; Marketing; Product,Self-Study,24,Yes,CFA,SaaS GTM; Quantitative Research; A/B Testing,v2.4,2026-06-27,L&D,Yes
SKL-1063,Facilitation,Interpersonal,Core,Developing,Foundational,Stable,5.21,-1.15,Data Science; Operations; Finance; Product,Certification,18,No,CPA,Negotiation; GCP; Influence Without Authority,v2.4,2026-01-28,People Analytics,Yes
SKL-1046,Compensation & Benefits,Functional,Foundational,Advanced,Expert,Stable,8.02,-3.12,Product; People & HR; Marketing,External Course,20,Yes,PMP,Empathy; React; Java,v2.4,2026-03-03,L&D,No
SKL-1023,Airflow,Technical,Specialized,Foundational,Advanced,Emerging,4.17,-3.82,Operations,Mentoring,8,Yes,None,Influence Without Authority; Communication; Retail Banking,v2.4,2026-03-27,L&D,No
SKL-1034,Financial Modeling,Analytical,Specialized,Foundational,Foundational,Emerging,7.59,-0.77,Finance; Product; People & HR,Certification,10,No,Azure Data Engineer,Communication; React; DevOps,v2.4,2026-06-15,People Analytics,Yes
SKL-1028,Data Visualization,Analytical,Core,Foundational,Foundational,Decreasing,3.15,0.32,Finance; Product; Customer Experience,Mentoring,5,Yes,CPA,Facilitation; A/B Testing; Snowflake,v2.4,2026-02-22,HRBP,Yes
SKL-1036,Executive Presence,Leadership,Core,Foundational,Developing,Emerging,7.65,3.53,People & HR; Operations,Stretch Assignment,4,Yes,PMP,Board Communication; Negotiation; AWS,v2.4,2026-01-04,Talent Management,No
SKL-1042,Board Communication,Leadership,Core,Developing,Proficient,Increasing,2.54,2.6,Legal & Compliance,Self-Study,17,Yes,Databricks Certified,Quantitative Research; Active Listening; Java,v2.4,2026-01-12,L&D,Yes
SKL-1029,Business Intelligence,Analytical,Emerging,Developing,Foundational,Increasing,3.74,2.36,Sales; Operations; Marketing; Customer Experience,Mentoring,10,No,Databricks Certified,SQL; Talent Acquisition; Organizational Design,v2.4,2026-03-27,Talent Management,Yes
SKL-1034,Financial Modeling,Analytical,Core,Developing,Advanced,Stable,6.93,-3.58,Engineering; Finance; Product; People & HR,Formal Training,4,Yes,None,React; Strategic Planning; E-Commerce,v2.4,2026-04-26,People Analytics,Yes
SKL-1044,Talent Development,Leadership,Specialized,Advanced,Expert,Emerging,9.51,-2.24,Engineering; Customer Experience,Stretch Assignment,12,Yes,None,Negotiation; Digital Transformation; Talent Development,v2.4,2026-03-15,L&D,Yes
SKL-1063,Facilitation,Interpersonal,Emerging,Advanced,Developing,Decreasing,6.61,1.64,Sales; Marketing; Data Science,External Course,11,Yes,Databricks Certified,API Development; Forecasting; Executive Presence,v2.4,2026-06-01,L&D,Yes
SKL-1062,Written Communication,Interpersonal,Specialized,Foundational,Advanced,Decreasing,6.94,-4.99,People & HR; Operations; Marketing,External Course,18,Yes,Google Cloud Prof.,Financial Modeling; AWS; Statistical Modeling,v2.4,2026-04-21,L&D,Yes
SKL-1028,Data Visualization,Analytical,Core,Advanced,Proficient,Stable,8.31,1.37,Product; Data Science; Marketing; People & HR,Certification,11,Yes,None,Coaching & Mentoring; ESG Reporting; Azure,v2.4,2026-06-24,People Analytics,Yes
SKL-1017,Azure,Technical,Foundational,Expert,Developing,Decreasing,3.74,-2.03,Customer Experience; People & HR; Product; Sales,External Course,15,Yes,PMP,Healthcare Analytics; Collaboration; Decision Making,v2.4,2026-05-09,HRBP,No
SKL-1045,Talent Acquisition,Functional,Foundational,Advanced,Advanced,Emerging,5.15,4.13,Product,On-the-Job,6,No,PHR,ESG Reporting; Retail Banking; People Analytics,v2.4,2026-02-02,HRBP,Yes
SKL-1050,Supply Chain,Functional,Emerging,Advanced,Foundational,Emerging,8.27,3.75,Engineering; Data Science; Legal & Compliance; People & HR,External Course,22,Yes,CFA,TensorFlow; Change Management; Digital Transformation,v2.4,2026-05-04,HRBP,Yes
SKL-1015,Scala,Technical,Core,Developing,Expert,Stable,6.06,4.67,Finance; People & HR,Self-Study,22,No,AWS Certified,Written Communication; Statistical Modeling; Java,v2.4,2026-01-18,L&D,Yes
SKL-1015,Scala,Technical,Core,Developing,Developing,Increasing,5.26,3.33,Product; Engineering; Data Science; People & HR,Mentoring,17,Yes,PHR,E-Commerce; Experimentation Design; Collaboration,v2.4,2026-06-18,L&D,No
SKL-1018,AWS,Technical,Core,Developing,Developing,Stable,2.54,2.42,Sales; Legal & Compliance,Self-Study,11,Yes,Databricks Certified,People Analytics; Strategic Planning; Supply Chain,v2.4,2026-04-09,L&D,No
SKL-1053,Sales Operations,Functional,Foundational,Developing,Foundational,Decreasing,5.11,0.64,Legal & Compliance,Self-Study,3,No,AWS Certified,Talent Acquisition; Azure; Empathy,v2.4,2026-04-28,HRBP,Yes
SKL-1020,Databricks,Technical,Specialized,Expert,Expert,Stable,4.14,2.06,Customer Experience; Data Science; People & HR; Operations,Formal Training,13,No,Databricks Certified,Azure; Strategic Planning; Organizational Design,v2.4,2026-04-11,L&D,No
SKL-1048,Learning & Development,Functional,Foundational,Expert,Developing,Decreasing,2.16,-1.76,Legal & Compliance; Product; Data Science,On-the-Job,2,Yes,PHR,TensorFlow; React; Facilitation,v2.4,2026-06-23,Talent Management,Yes
SKL-1029,Business Intelligence,Analytical,Emerging,Foundational,Developing,Emerging,7.8,-0.8,Engineering,Certification,10,Yes,AWS Certified,Power BI; Collaboration; People Analytics,v2.4,2026-06-05,L&D,Yes
SKL-1041,Coaching & Mentoring,Leadership,Core,Advanced,Advanced,Stable,9.9,0.74,Finance; Marketing,Mentoring,16,No,PHR,Statistical Modeling; Databricks; Communication,v2.4,2026-05-16,People Analytics,Yes
SKL-1074,ESG Reporting,Domain,Core,Foundational,Developing,Increasing,8.29,3.93,Product; Customer Experience; Data Science,Self-Study,7,No,PHR,A/B Testing; Regulatory Compliance; Active Listening,v2.4,2026-05-09,HRBP,Yes
SKL-1071,SaaS GTM,Domain,Emerging,Foundational,Advanced,Emerging,6.63,3.74,People & HR,External Course,18,No,Google Cloud Prof.,Scala; Facilitation; Business Intelligence,v2.4,2026-01-14,HRBP,Yes
SKL-1028,Data Visualization,Analytical,Specialized,Proficient,Advanced,Decreasing,1.61,3.71,Data Science; Customer Experience; Finance,External Course,18,No,None,Cybersecurity; E-Commerce; Java,v2.4,2026-05-30,Talent Management,Yes
SKL-1003,Data Engineering,Technical,Core,Proficient,Advanced,Decreasing,2.8,3.88,People & HR,Formal Training,19,No,AWS Certified,Root Cause Analysis; Facilitation; Power BI,v2.4,2026-05-25,L&D,Yes
SKL-1009,Power BI,Technical,Foundational,Expert,Expert,Increasing,8.99,-0.21,Marketing; Engineering,On-the-Job,3,No,Azure Data Engineer,Data Visualization; Talent Development; Communication,v2.4,2026-05-03,HRBP,Yes
SKL-1002,Machine Learning,Technical,Core,Foundational,Developing,Emerging,7.14,2.38,Engineering; Product; Customer Experience; Operations,Formal Training,15,No,Azure Data Engineer,Azure; Java; Collaboration,v2.4,2026-01-31,HRBP,Yes
SKL-1024,NLP,Technical,Specialized,Advanced,Foundational,Stable,3.09,0.89,Product; Customer Experience,Certification,3,Yes,PHR,Cybersecurity; Power BI; R,v2.4,2026-04-23,People Analytics,Yes
SKL-1005,API Development,Technical,Specialized,Proficient,Expert,Stable,9.98,-3.7,Sales; Data Science; Customer Experience; Engineering,Self-Study,19,Yes,Databricks Certified,Talent Acquisition; Data Visualization; Collaboration,v2.4,2026-03-19,HRBP,Yes
SKL-1031,Quantitative Research,Analytical,Specialized,Proficient,Expert,Increasing,1.49,4.0,Marketing; Data Science; Finance; Customer Experience,External Course,18,Yes,CPA,Manufacturing Ops; A/B Testing; Scala,v2.4,2026-04-06,People Analytics,Yes
SKL-1030,Root Cause Analysis,Analytical,Foundational,Advanced,Foundational,Increasing,5.49,-4.66,Legal & Compliance; Product; Marketing,External Course,4,Yes,CPA,HRBP; Facilitation; Machine Learning,v2.4,2026-04-08,Talent Management,No
SKL-1005,API Development,Technical,Emerging,Developing,Advanced,Stable,6.94,0.32,Engineering; Customer Experience; Operations,On-the-Job,21,No,CPA,Forecasting; Data Engineering; P&L Ownership,v2.4,2026-06-09,Talent Management,No
SKL-1007,Cybersecurity,Technical,Core,Expert,Advanced,Decreasing,8.73,4.38,Product; Customer Experience; Marketing; Data Science,Mentoring,16,Yes,PMP,SQL; Strategic Planning; Spark,v2.4,2026-03-05,HRBP,Yes
SKL-1073,Regulatory Compliance,Domain,Foundational,Foundational,Expert,Decreasing,4.26,1.59,Data Science,Self-Study,20,No,CPA,dbt; Collaboration; Empathy,v2.4,2026-01-05,Talent Management,Yes
SKL-1059,Empathy,Interpersonal,Core,Proficient,Advanced,Stable,4.68,0.8,Marketing,Certification,19,No,Google Cloud Prof.,Collaboration; Airflow; Experimentation Design,v2.4,2026-03-12,HRBP,No
SKL-1016,R,Technical,Emerging,Developing,Developing,Increasing,3.09,1.55,Customer Experience; Sales,Certification,12,Yes,Azure Data Engineer,Business Intelligence; Cybersecurity; Experimentation Design,v2.4,2026-03-07,L&D,Yes
SKL-1069,E-Commerce,Domain,Core,Expert,Developing,Decreasing,1.98,0.07,Customer Experience,On-the-Job,9,Yes,CFA,Regulatory Compliance; People Analytics; Sales Operations,v2.4,2026-01-19,Talent Management,Yes
SKL-1018,AWS,Technical,Core,Proficient,Expert,Decreasing,4.01,-0.92,Sales; Marketing; Engineering,Formal Training,13,Yes,CPA,GCP; Data Engineering; React,v2.4,2026-06-05,People Analytics,Yes
SKL-1065,Retail Banking,Domain,Specialized,Developing,Advanced,Increasing,6.91,-3.5,Data Science,Formal Training,20,No,Azure Data Engineer,Scala; Healthcare Analytics; DevOps,v2.4,2026-06-05,Talent Management,No
SKL-1040,Decision Making,Leadership,Specialized,Developing,Expert,Decreasing,9.2,-1.71,Finance; Sales; Operations,Stretch Assignment,5,Yes,Databricks Certified,Customer Success; Compensation & Benefits; Spark,v2.4,2026-04-01,L&D,Yes
SKL-1061,Presentation Skills,Interpersonal,Emerging,Advanced,Advanced,Stable,6.12,3.27,Customer Experience; Finance,External Course,15,Yes,CPA,Executive Presence; P&L Ownership; Decision Making,v2.4,2026-01-31,L&D,No
SKL-1053,Sales Operations,Functional,Emerging,Expert,Advanced,Stable,9.1,3.76,People & HR,On-the-Job,15,No,Azure Data Engineer,Active Listening; TensorFlow; R,v2.4,2026-01-09,Talent Management,Yes
SKL-1021,Snowflake,Technical,Core,Developing,Expert,Emerging,9.14,-1.46,Customer Experience; Finance; Marketing; Engineering,Self-Study,12,Yes,AWS Certified,Power BI; Talent Acquisition; Conflict Resolution,v2.4,2026-04-15,Talent Management,No
SKL-1037,Change Management,Leadership,Foundational,Developing,Developing,Increasing,2.37,-4.92,Sales; Product; Operations,Mentoring,7,No,Google Cloud Prof.,Business Intelligence; Organizational Design; Facilitation,v2.4,2026-03-29,L&D,No
SKL-1036,Executive Presence,Leadership,Specialized,Advanced,Proficient,Stable,9.58,-4.58,Product; Customer Experience,Self-Study,20,No,Google Cloud Prof.,Talent Development; Executive Presence; Snowflake,v2.4,2026-01-31,HRBP,Yes
SKL-1062,Written Communication,Interpersonal,Foundational,Developing,Developing,Decreasing,9.45,-2.41,Finance,Stretch Assignment,10,Yes,Google Cloud Prof.,A/B Testing; Manufacturing Ops; Retail Banking,v2.4,2026-02-13,L&D,Yes
SKL-1069,E-Commerce,Domain,Emerging,Foundational,Advanced,Increasing,4.33,-2.18,Sales; Customer Experience; People & HR; Product,Mentoring,11,Yes,Google Cloud Prof.,Collaboration; Communication; Facilitation,v2.4,2026-03-09,L&D,Yes
SKL-1035,Strategic Planning,Leadership,Core,Proficient,Foundational,Stable,7.55,-1.73,Marketing; Sales; Data Science,Stretch Assignment,24,No,AWS Certified,Communication; TensorFlow; Consumer Packaged Goods,v2.4,2026-03-23,People Analytics,Yes
SKL-1001,SQL,Technical,Emerging,Developing,Expert,Emerging,8.85,-2.8,Marketing; Sales,Formal Training,17,Yes,Databricks Certified,Executive Presence; R; Statistical Modeling,v2.4,2026-06-12,L&D,Yes
SKL-1000,Python,Technical,Foundational,Foundational,Advanced,Stable,7.39,-4.61,Legal & Compliance; Product; Finance,Stretch Assignment,13,No,Azure Data Engineer,Airflow; Organizational Design; Business Intelligence,v2.4,2026-03-16,Talent Management,No
SKL-1050,Supply Chain,Functional,Specialized,Expert,Advanced,Decreasing,1.87,-3.88,Product; Sales; Operations,Formal Training,23,No,Google Cloud Prof.,dbt; Empathy; Decision Making,v2.4,2026-06-19,L&D,Yes
SKL-1050,Supply Chain,Functional,Emerging,Advanced,Advanced,Emerging,7.18,-4.71,Customer Experience; Finance; Product,On-the-Job,19,No,CPA,Decision Making; Customer Success; Supply Chain,v2.4,2026-04-24,Talent Management,No
SKL-1033,Experimentation Design,Analytical,Core,Proficient,Advanced,Stable,4.06,3.19,Sales; Product; Finance,Certification,7,Yes,Google Cloud Prof.,Board Communication; R; E-Commerce,v2.4,2026-01-06,L&D,No
SKL-1011,Kubernetes,Technical,Specialized,Proficient,Expert,Increasing,6.89,0.19,Customer Experience; Finance; People & HR,External Course,19,No,PHR,Change Management; Databricks; People Analytics,v2.4,2026-03-26,Talent Management,Yes
SKL-1070,Manufacturing Ops,Domain,Emerging,Foundational,Foundational,Increasing,7.8,0.27,Sales; Engineering; People & HR; Legal & Compliance,Self-Study,2,Yes,PHR,Cloud Architecture; Financial Modeling; Scala,v2.4,2026-04-07,Talent Management,Yes
SKL-1034,Financial Modeling,Analytical,Core,Foundational,Foundational,Emerging,1.18,2.43,Data Science; Product,Formal Training,21,No,CFA,Finance Business Partnering; Retail Banking; Machine Learning,v2.4,2026-03-19,HRBP,No
SKL-1025,Statistical Modeling,Analytical,Core,Proficient,Expert,Emerging,4.39,-0.7,Product; Customer Experience,Self-Study,17,No,Azure Data Engineer,Influence Without Authority; Quantitative Research; Learning & Development,v2.4,2026-01-05,Talent Management,No
SKL-1047,People Analytics,Functional,Core,Advanced,Developing,Increasing,4.58,-2.68,Sales; Data Science; Marketing,Self-Study,6,Yes,Google Cloud Prof.,SaaS GTM; Snowflake; A/B Testing,v2.4,2026-05-06,People Analytics,Yes
SKL-1018,AWS,Technical,Foundational,Expert,Advanced,Stable,1.53,-0.07,Marketing; Operations; People & HR; Engineering,Self-Study,24,No,AWS Certified,Financial Modeling; A/B Testing; SaaS GTM,v2.4,2026-05-06,Talent Management,Yes
SKL-1030,Root Cause Analysis,Analytical,Specialized,Advanced,Advanced,Increasing,9.29,-0.74,Product,Formal Training,2,Yes,Azure Data Engineer,Scala; Snowflake; Statistical Modeling,v2.4,2026-04-23,L&D,Yes
SKL-1054,Finance Business Partnering,Functional,Foundational,Developing,Expert,Emerging,2.26,3.74,Product; Engineering; Marketing; Customer Experience,Mentoring,11,No,Azure Data Engineer,Coaching & Mentoring; People Analytics; Digital Transformation,v2.4,2026-06-16,People Analytics,Yes
SKL-1037,Change Management,Leadership,Emerging,Expert,Proficient,Decreasing,5.25,-2.89,People & HR; Legal & Compliance; Sales,On-the-Job,12,No,PMP,GCP; Active Listening; Tableau,v2.4,2026-01-02,HRBP,Yes
SKL-1025,Statistical Modeling,Analytical,Core,Expert,Advanced,Decreasing,1.85,1.25,Data Science; Operations,Stretch Assignment,19,Yes,CFA,SQL; NLP; Strategic Planning,v2.4,2026-03-14,Talent Management,Yes
SKL-1047,People Analytics,Functional,Foundational,Proficient,Expert,Stable,1.7,-3.48,Marketing; People & HR,Self-Study,20,Yes,PMP,Consumer Packaged Goods; HRBP; Board Communication,v2.4,2026-05-28,HRBP,No
SKL-1026,A/B Testing,Analytical,Emerging,Foundational,Developing,Stable,1.82,3.03,People & HR; Legal & Compliance,Mentoring,2,No,Google Cloud Prof.,DevOps; Azure; Retail Banking,v2.4,2026-04-23,Talent Management,No
SKL-1041,Coaching & Mentoring,Leadership,Specialized,Expert,Foundational,Stable,6.04,-1.23,Sales; Operations; Marketing; Product,Certification,12,Yes,PHR,Snowflake; Strategic Planning; AWS,v2.4,2026-04-22,Talent Management,No
SKL-1032,Predictive Analytics,Analytical,Core,Expert,Advanced,Decreasing,2.6,3.66,Operations; Product; Finance; Marketing,Certification,8,No,CFA,dbt; SQL; Statistical Modeling,v2.4,2026-04-24,HRBP,Yes
SKL-1000,Python,Technical,Specialized,Proficient,Foundational,Decreasing,9.24,0.03,Legal & Compliance,Self-Study,3,No,Databricks Certified,Supply Chain; API Development; Predictive Analytics,v2.4,2026-03-12,L&D,Yes
SKL-1060,Active Listening,Interpersonal,Foundational,Advanced,Developing,Emerging,7.75,1.48,Engineering,Self-Study,2,Yes,PMP,R; Spark; Sales Operations,v2.4,2026-01-31,L&D,No
SKL-1007,Cybersecurity,Technical,Specialized,Foundational,Expert,Decreasing,9.85,-3.06,Operations,External Course,23,No,PMP,Compensation & Benefits; Consumer Packaged Goods; SQL,v2.4,2026-06-20,Talent Management,No
SKL-1007,Cybersecurity,Technical,Core,Developing,Expert,Stable,7.56,-4.16,Engineering; Marketing; Finance; Operations,Certification,15,Yes,AWS Certified,Stakeholder Management; Strategic Planning; SaaS GTM,v2.4,2026-03-31,L&D,Yes
SKL-1059,Empathy,Interpersonal,Core,Expert,Advanced,Increasing,2.05,-4.09,People & HR,Self-Study,20,Yes,PMP,SQL; Forecasting; People Analytics,v2.4,2026-04-28,L&D,Yes
SKL-1039,Stakeholder Management,Leadership,Emerging,Developing,Proficient,Increasing,4.41,-2.13,People & HR; Operations; Product,Formal Training,8,No,PHR,dbt; Change Management; Experimentation Design,v2.4,2026-06-28,Talent Management,Yes
SKL-1011,Kubernetes,Technical,Foundational,Proficient,Expert,Decreasing,4.14,1.42,People & HR; Engineering; Product; Data Science,Certification,20,Yes,None,Talent Development; Executive Presence; A/B Testing,v2.4,2026-03-29,HRBP,Yes
SKL-1065,Retail Banking,Domain,Emerging,Proficient,Developing,Emerging,3.35,4.22,Sales; People & HR,Mentoring,20,No,CFA,Digital Transformation; Learning & Development; Cloud Architecture,v2.4,2026-03-24,L&D,Yes
SKL-1001,SQL,Technical,Emerging,Advanced,Advanced,Decreasing,4.03,4.03,Operations; Marketing,Formal Training,16,Yes,AWS Certified,Collaboration; Negotiation; Regulatory Compliance,v2.4,2026-06-27,Talent Management,No
SKL-1060,Active Listening,Interpersonal,Emerging,Proficient,Proficient,Decreasing,5.34,-0.99,Finance,External Course,18,Yes,None,Finance Business Partnering; Financial Modeling; Regulatory Compliance,v2.4,2026-04-13,L&D,Yes
SKL-1065,Retail Banking,Domain,Emerging,Proficient,Expert,Stable,9.56,0.68,People & HR; Operations,External Course,3,Yes,CPA,AWS; Talent Development; Negotiation,v2.4,2026-04-12,People Analytics,No
SKL-1000,Python,Technical,Emerging,Developing,Developing,Decreasing,3.77,-3.15,Product; Data Science,Stretch Assignment,9,Yes,Azure Data Engineer,People Analytics; Python; Presentation Skills,v2.4,2026-02-10,HRBP,Yes
SKL-1060,Active Listening,Interpersonal,Foundational,Developing,Advanced,Emerging,8.48,2.06,Product,Formal Training,12,Yes,None,Coaching & Mentoring; Executive Presence; Finance Business Partnering,v2.4,2026-06-02,Talent Management,Yes
SKL-1044,Talent Development,Leadership,Foundational,Expert,Foundational,Stable,8.97,-3.22,Operations; Legal & Compliance,Self-Study,18,Yes,None,Power BI; Business Intelligence; Azure,v2.4,2026-05-08,People Analytics,Yes
SKL-1027,Forecasting,Analytical,Specialized,Advanced,Foundational,Decreasing,4.46,-3.2,Marketing; Legal & Compliance,Mentoring,23,No,AWS Certified,Experimentation Design; Sales Operations; dbt,v2.4,2026-02-11,Talent Management,Yes
SKL-1059,Empathy,Interpersonal,Core,Proficient,Foundational,Emerging,8.23,-4.88,People & HR; Customer Experience; Product,Stretch Assignment,16,Yes,Databricks Certified,Marketing Analytics; Finance Business Partnering; DevOps,v2.4,2026-03-19,Talent Management,Yes
SKL-1014,Java,Technical,Foundational,Expert,Proficient,Emerging,7.41,3.44,Data Science; People & HR; Product,Certification,14,Yes,PMP,Python; P&L Ownership; Experimentation Design,v2.4,2026-02-20,Talent Management,No
SKL-1006,DevOps,Technical,Foundational,Proficient,Foundational,Increasing,8.81,-0.4,Legal & Compliance,Stretch Assignment,13,No,None,P&L Ownership; Change Management; Data Engineering,v2.4,2026-05-19,HRBP,Yes
SKL-1037,Change Management,Leadership,Specialized,Advanced,Foundational,Emerging,3.92,1.36,Operations,Stretch Assignment,3,No,PHR,dbt; Spark; FinTech,v2.4,2026-01-25,People Analytics,Yes
SKL-1063,Facilitation,Interpersonal,Foundational,Proficient,Proficient,Emerging,7.2,-2.56,Engineering; Data Science; Operations; People & HR,On-the-Job,6,Yes,None,Retail Banking; Spark; P&L Ownership,v2.4,2026-06-13,HRBP,No
SKL-1051,Marketing Analytics,Functional,Core,Developing,Proficient,Increasing,8.53,-0.67,Finance,Certification,10,No,Azure Data Engineer,E-Commerce; Quantitative Research; DevOps,v2.4,2026-04-06,Talent Management,Yes
SKL-1055,Communication,Interpersonal,Specialized,Developing,Proficient,Increasing,6.44,4.1,Marketing; Engineering; Product,Formal Training,2,No,PMP,Strategic Planning; Financial Modeling; Empathy,v2.4,2026-06-03,HRBP,Yes
SKL-1028,Data Visualization,Analytical,Emerging,Foundational,Proficient,Stable,1.57,-2.12,Legal & Compliance; Product; Operations; Marketing,Mentoring,17,Yes,CFA,P&L Ownership; Decision Making; Talent Development,v2.4,2026-04-24,People Analytics,No
SKL-1063,Facilitation,Interpersonal,Emerging,Expert,Developing,Emerging,3.3,-4.68,Sales,Certification,13,Yes,PHR,Healthcare Analytics; People Analytics; Organizational Design,v2.4,2026-03-16,HRBP,No
SKL-1059,Empathy,Interpersonal,Core,Developing,Expert,Stable,6.62,0.65,Engineering; Marketing; Sales; Data Science,Mentoring,19,Yes,None,Scala; TensorFlow; Supply Chain,v2.4,2026-02-25,People Analytics,Yes
SKL-1073,Regulatory Compliance,Domain,Specialized,Developing,Developing,Emerging,5.95,-1.48,Product; Marketing,Self-Study,13,Yes,CFA,Influence Without Authority; FinTech; Supply Chain,v2.4,2026-02-27,Talent Management,No
SKL-1059,Empathy,Interpersonal,Specialized,Advanced,Developing,Stable,4.6,-4.97,Sales; People & HR; Data Science,Mentoring,20,No,None,Customer Success; NLP; Data Engineering,v2.4,2026-06-08,People Analytics,Yes
SKL-1064,Influence Without Authority,Interpersonal,Core,Expert,Expert,Emerging,9.51,-1.75,People & HR; Sales,Stretch Assignment,4,No,AWS Certified,HRBP; Manufacturing Ops; Retail Banking,v2.4,2026-02-19,People Analytics,No
SKL-1047,People Analytics,Functional,Emerging,Developing,Advanced,Stable,3.9,-2.07,Finance,Certification,16,No,PHR,Collaboration; Root Cause Analysis; dbt,v2.4,2026-04-29,L&D,Yes
SKL-1020,Databricks,Technical,Emerging,Advanced,Foundational,Increasing,7.74,1.82,Customer Experience; Sales; Product; Engineering,External Course,15,No,Azure Data Engineer,Scala; FinTech; Data Engineering,v2.4,2026-04-23,Talent Management,Yes
SKL-1037,Change Management,Leadership,Foundational,Foundational,Proficient,Emerging,7.45,0.12,Product; Data Science; Customer Experience; Sales,External Course,10,Yes,PMP,Compensation & Benefits; Customer Success; P&L Ownership,v2.4,2026-02-06,People Analytics,No
SKL-1026,A/B Testing,Analytical,Specialized,Foundational,Proficient,Increasing,5.12,2.09,Marketing; Operations,Self-Study,24,No,CFA,Conflict Resolution; Experimentation Design; Digital Transformation,v2.4,2026-03-12,L&D,Yes
SKL-1018,AWS,Technical,Specialized,Foundational,Developing,Decreasing,6.07,2.14,People & HR; Marketing; Sales,Stretch Assignment,16,No,PMP,R; AWS; Change Management,v2.4,2026-04-09,HRBP,Yes
SKL-1003,Data Engineering,Technical,Emerging,Expert,Proficient,Stable,6.26,-2.41,Sales; People & HR; Operations; Legal & Compliance,Formal Training,20,No,Azure Data Engineer,People Analytics; Learning & Development; Written Communication,v2.4,2026-06-15,People Analytics,No
SKL-1022,dbt,Technical,Foundational,Advanced,Foundational,Increasing,4.08,-1.91,People & HR; Marketing,Certification,5,Yes,CFA,Facilitation; Negotiation; Digital Transformation,v2.4,2026-06-13,L&D,Yes
SKL-1025,Statistical Modeling,Analytical,Specialized,Foundational,Advanced,Increasing,9.57,0.07,Customer Experience; Legal & Compliance; Data Science,External Course,3,No,Azure Data Engineer,Quantitative Research; Predictive Analytics; Airflow,v2.4,2026-06-26,People Analytics,Yes
SKL-1058,Negotiation,Interpersonal,Emerging,Foundational,Expert,Decreasing,5.97,-4.09,Data Science; People & HR,Certification,11,Yes,PHR,Business Intelligence; Quantitative Research; ESG Reporting,v2.4,2026-05-29,Talent Management,No
SKL-1012,TensorFlow,Technical,Core,Proficient,Foundational,Stable,5.3,-0.58,Finance; Data Science; Legal & Compliance; Marketing,Mentoring,11,Yes,None,Java; Collaboration; NLP,v2.4,2026-05-31,Talent Management,Yes
SKL-1032,Predictive Analytics,Analytical,Foundational,Expert,Proficient,Emerging,6.68,-1.71,Customer Experience; Marketing; Legal & Compliance; People & HR,External Course,19,Yes,CFA,Strategic Planning; SaaS GTM; Influence Without Authority,v2.4,2026-03-21,Talent Management,Yes
SKL-1023,Airflow,Technical,Foundational,Foundational,Proficient,Emerging,5.46,-3.21,Marketing; Data Science; Sales; People & HR,Stretch Assignment,23,Yes,PHR,React; Business Intelligence; Forecasting,v2.4,2026-03-20,HRBP,Yes
SKL-1067,Healthcare Analytics,Domain,Foundational,Foundational,Proficient,Stable,6.14,-3.45,Finance; Product,External Course,7,Yes,PMP,Coaching & Mentoring; Consumer Packaged Goods; Active Listening,v2.4,2026-06-17,Talent Management,Yes
SKL-1029,Business Intelligence,Analytical,Specialized,Advanced,Proficient,Decreasing,2.3,-1.66,Operations; Sales; Marketing,Mentoring,20,No,None,Python; Marketing Analytics; Cybersecurity,v2.4,2026-04-15,HRBP,Yes
SKL-1058,Negotiation,Interpersonal,Specialized,Foundational,Developing,Stable,6.96,-2.44,Engineering; Operations; Product,External Course,14,No,Azure Data Engineer,SaaS GTM; Statistical Modeling; Forecasting,v2.4,2026-06-08,Talent Management,Yes
SKL-1013,React,Technical,Core,Developing,Developing,Decreasing,7.51,4.41,Engineering; Product; Sales; Data Science,Self-Study,21,No,AWS Certified,TensorFlow; Cybersecurity; P&L Ownership,v2.4,2026-03-12,HRBP,No
SKL-1036,Executive Presence,Leadership,Core,Advanced,Developing,Increasing,3.92,2.75,People & HR; Legal & Compliance; Marketing; Sales,Formal Training,19,Yes,Databricks Certified,Quantitative Research; Coaching & Mentoring; Regulatory Compliance,v2.4,2026-05-20,HRBP,Yes
SKL-1002,Machine Learning,Technical,Emerging,Foundational,Proficient,Decreasing,9.15,-0.54,People & HR; Operations,Mentoring,9,No,CFA,Board Communication; Statistical Modeling; Experimentation Design,v2.4,2026-03-07,L&D,Yes
SKL-1015,Scala,Technical,Foundational,Advanced,Advanced,Emerging,8.18,3.32,Customer Experience,Self-Study,2,No,AWS Certified,Influence Without Authority; Coaching & Mentoring; FinTech,v2.4,2026-05-06,HRBP,Yes
SKL-1008,Tableau,Technical,Core,Expert,Foundational,Increasing,5.79,2.99,Legal & Compliance,Mentoring,21,Yes,Google Cloud Prof.,Communication; Strategic Planning; Empathy,v2.4,2026-04-26,People Analytics,Yes
SKL-1009,Power BI,Technical,Emerging,Expert,Proficient,Emerging,5.75,1.93,Engineering; Product; Marketing; Legal & Compliance,Certification,14,Yes,AWS Certified,Data Visualization; Coaching & Mentoring; Finance Business Partnering,v2.4,2026-02-08,HRBP,Yes
SKL-1074,ESG Reporting,Domain,Specialized,Expert,Advanced,Stable,7.93,0.74,Legal & Compliance; People & HR; Finance,External Course,6,Yes,CPA,Airflow; TensorFlow; Data Engineering,v2.4,2026-05-17,L&D,Yes
SKL-1069,E-Commerce,Domain,Specialized,Foundational,Proficient,Decreasing,9.36,1.58,Marketing; People & HR,Mentoring,10,Yes,PHR,Talent Acquisition; Data Engineering; Azure,v2.4,2026-04-23,L&D,No
SKL-1003,Data Engineering,Technical,Foundational,Developing,Advanced,Increasing,5.02,-1.01,Product; Data Science,On-the-Job,7,Yes,PMP,A/B Testing; Scala; Written Communication,v2.4,2026-06-04,HRBP,Yes
SKL-1053,Sales Operations,Functional,Emerging,Developing,Foundational,Decreasing,5.3,0.09,Engineering; Legal & Compliance; Product; Sales,Mentoring,14,Yes,CFA,Compensation & Benefits; Stakeholder Management; Tableau,v2.4,2026-04-22,HRBP,Yes
SKL-1010,Spark,Technical,Foundational,Advanced,Foundational,Decreasing,7.57,3.97,People & HR,External Course,9,Yes,AWS Certified,R; Consumer Packaged Goods; GCP,v2.4,2026-02-05,Talent Management,Yes
SKL-1007,Cybersecurity,Technical,Emerging,Proficient,Proficient,Emerging,8.41,-0.81,Customer Experience; People & HR,Stretch Assignment,23,Yes,CFA,Java; Databricks; Data Engineering,v2.4,2026-05-08,People Analytics,Yes
SKL-1051,Marketing Analytics,Functional,Specialized,Proficient,Expert,Decreasing,1.26,-4.74,Sales,On-the-Job,6,No,AWS Certified,E-Commerce; Learning & Development; Healthcare Analytics,v2.4,2026-02-13,People Analytics,Yes
SKL-1001,SQL,Technical,Specialized,Developing,Foundational,Emerging,9.89,-3.88,Sales; Product; Legal & Compliance; Data Science,External Course,21,Yes,CPA,Active Listening; Predictive Analytics; R,v2.4,2026-03-24,HRBP,Yes
SKL-1061,Presentation Skills,Interpersonal,Foundational,Expert,Developing,Stable,2.97,-3.7,Finance; Data Science,Stretch Assignment,5,No,CPA,React; Quantitative Research; Data Visualization,v2.4,2026-03-06,People Analytics,Yes
SKL-1042,Board Communication,Leadership,Foundational,Expert,Expert,Decreasing,7.84,-3.68,Operations; People & HR; Engineering; Legal & Compliance,External Course,14,Yes,PHR,Airflow; SQL; AWS,v2.4,2026-06-12,L&D,Yes
SKL-1020,Databricks,Technical,Foundational,Proficient,Foundational,Emerging,5.35,-1.56,Sales; Finance; Legal & Compliance; Marketing,Self-Study,19,No,Google Cloud Prof.,Strategic Planning; Retail Banking; P&L Ownership,v2.4,2026-03-28,People Analytics,Yes
SKL-1043,P&L Ownership,Leadership,Foundational,Expert,Advanced,Increasing,7.01,-1.58,Data Science; Operations; Product,Stretch Assignment,2,Yes,Google Cloud Prof.,Business Intelligence; Negotiation; Java,v2.4,2026-01-31,HRBP,Yes
SKL-1044,Talent Development,Leadership,Specialized,Advanced,Advanced,Increasing,9.7,4.72,Product; Customer Experience,Formal Training,6,Yes,AWS Certified,Statistical Modeling; Talent Acquisition; Healthcare Analytics,v2.4,2026-06-03,People Analytics,Yes
SKL-1068,FinTech,Domain,Specialized,Expert,Developing,Stable,4.37,-4.0,Legal & Compliance; Finance,External Course,24,Yes,Azure Data Engineer,Finance Business Partnering; Statistical Modeling; Strategic Planning,v2.4,2026-01-13,Talent Management,Yes
SKL-1049,HRBP,Functional,Foundational,Advanced,Advanced,Decreasing,2.23,4.38,Data Science,Self-Study,24,No,PHR,Tableau; Cybersecurity; Customer Success,v2.4,2026-02-05,People Analytics,No
SKL-1020,Databricks,Technical,Emerging,Advanced,Developing,Emerging,4.52,-3.07,Data Science; Finance; Marketing,Formal Training,14,Yes,PMP,A/B Testing; Collaboration; AWS,v2.4,2026-06-22,HRBP,Yes
SKL-1001,SQL,Technical,Core,Expert,Proficient,Increasing,7.94,0.98,Sales; Marketing,External Course,5,No,PMP,Power BI; P&L Ownership; Financial Modeling,v2.4,2026-01-11,Talent Management,Yes
SKL-1014,Java,Technical,Foundational,Advanced,Expert,Stable,8.89,1.91,Marketing; Finance; Data Science; Engineering,Stretch Assignment,21,No,PHR,Facilitation; Communication; Sales Operations,v2.4,2026-01-15,L&D,Yes
SKL-1035,Strategic Planning,Leadership,Specialized,Expert,Proficient,Emerging,7.0,-2.49,Data Science; Engineering; Legal & Compliance,Stretch Assignment,17,Yes,Databricks Certified,Data Visualization; Communication; Financial Modeling,v2.4,2026-01-27,Talent Management,No
SKL-1066,Consumer Packaged Goods,Domain,Foundational,Foundational,Expert,Increasing,6.31,2.94,Legal & Compliance,On-the-Job,5,Yes,CFA,ESG Reporting; Sales Operations; Supply Chain,v2.4,2026-01-11,HRBP,No
SKL-1058,Negotiation,Interpersonal,Core,Advanced,Advanced,Increasing,2.94,-3.19,Data Science; Marketing; Product,External Course,2,No,CPA,Talent Acquisition; Talent Development; Quantitative Research,v2.4,2026-03-12,Talent Management,Yes
SKL-1041,Coaching & Mentoring,Leadership,Foundational,Proficient,Developing,Stable,6.03,3.63,Product; Operations; People & HR,External Course,17,Yes,CFA,Talent Acquisition; FinTech; Business Intelligence,v2.4,2026-03-23,HRBP,Yes
SKL-1011,Kubernetes,Technical,Foundational,Proficient,Expert,Emerging,6.76,2.57,Marketing; Sales,Self-Study,12,No,CFA,Databricks; Snowflake; Coaching & Mentoring,v2.4,2026-01-05,L&D,Yes
SKL-1074,ESG Reporting,Domain,Specialized,Expert,Expert,Decreasing,7.81,0.38,Legal & Compliance; Data Science; Finance; Engineering,On-the-Job,24,No,CPA,AWS; P&L Ownership; FinTech,v2.4,2026-04-01,Talent Management,Yes
SKL-1049,HRBP,Functional,Core,Proficient,Expert,Increasing,3.91,-2.75,Finance,Certification,6,No,AWS Certified,Facilitation; Data Visualization; Quantitative Research,v2.4,2026-02-27,Talent Management,Yes
SKL-1018,AWS,Technical,Core,Proficient,Developing,Increasing,8.72,-0.17,Product; Customer Experience; Finance; Sales,Formal Training,18,No,None,Experimentation Design; Compensation & Benefits; Communication,v2.4,2026-04-05,HRBP,Yes
SKL-1040,Decision Making,Leadership,Specialized,Foundational,Developing,Decreasing,8.74,4.86,Customer Experience; People & HR,On-the-Job,18,No,Azure Data Engineer,Decision Making; React; Business Intelligence,v2.4,2026-03-31,People Analytics,No
SKL-1034,Financial Modeling,Analytical,Core,Advanced,Expert,Emerging,5.47,-0.64,Engineering; Customer Experience,Mentoring,19,Yes,CFA,Presentation Skills; AWS; Tableau,v2.4,2026-06-24,HRBP,Yes
SKL-1035,Strategic Planning,Leadership,Specialized,Foundational,Expert,Emerging,4.88,2.64,Product; Finance,Stretch Assignment,16,No,Azure Data Engineer,Organizational Design; Board Communication; Business Intelligence,v2.4,2026-05-26,Talent Management,Yes
SKL-1069,E-Commerce,Domain,Specialized,Foundational,Expert,Increasing,7.41,-1.42,Data Science,Certification,4,No,PMP,NLP; Quantitative Research; dbt,v2.4,2026-02-16,L&D,No
SKL-1015,Scala,Technical,Specialized,Foundational,Foundational,Emerging,6.17,4.49,Product; Legal & Compliance; Sales; Data Science,External Course,12,Yes,Google Cloud Prof.,Stakeholder Management; Talent Acquisition; dbt,v2.4,2026-04-21,HRBP,No
SKL-1011,Kubernetes,Technical,Emerging,Proficient,Advanced,Stable,3.04,4.86,Operations,Mentoring,5,No,AWS Certified,Cybersecurity; SaaS GTM; People Analytics,v2.4,2026-01-25,People Analytics,Yes
SKL-1067,Healthcare Analytics,Domain,Core,Foundational,Proficient,Emerging,3.76,3.0,Data Science; People & HR; Finance,Stretch Assignment,21,No,PMP,FinTech; Forecasting; Talent Development,v2.4,2026-01-25,People Analytics,Yes
SKL-1073,Regulatory Compliance,Domain,Emerging,Advanced,Developing,Stable,8.33,-0.55,Customer Experience,External Course,5,No,CPA,React; Talent Development; Airflow,v2.4,2026-06-01,People Analytics,Yes
